element,gameweek,season,minutes,goals_scored,assists,clean_sheets,goals_conceded,own_goals,penalties_saved,penalties_missed,yellow_cards,red_cards,saves,bonus,bps,influence,creativity,threat,ict_index,clearances_blocks_interceptions,recoveries,tackles,defensive_contribution,starts,expected_goals,expected_assists,expected_goal_involvements,expected_goals_conceded,total_points,in_dreamteam,explain,modified
1,1,2025-26,90,0,0,1,0,0,0,0,1,0,7,3,38,49.2,0.0,0.0,4.9,1,13,0,0,1,0.00,0.00,0.00,1.52,10,True,"[{'fixture': 9, 'stats': [{'identifier': 'minutes', 'points': 2, 'value': 90, 'points_modification': 0}, {'identifier': 'clean_sheets', 'points': 4, 'value': 1, 'points_modification': 0}, {'identifier': 'yellow_cards', 'points': -1, 'value': 1, 'points_modification': 0}, {'identifier': 'saves', 'points': 2, 'value': 7, 'points_modification': 0}, {'identifier': 'bonus', 'points': 3, 'value': 3, 'points_modification': 0}]}]",False
2,1,2025-26,0,0,0,0,0,0,0,0,0,0,0,0,0,0.0,0.0,0.0,0.0,0,0,0,0,0,0.00,0.00,0.00,0.00,0,False,"[{'fixture': 9, 'stats': [{'identifier': 'minutes', 'points': 0, 'value': 0, 'points_modification': 0}]}]",False
3,1,2025-26,0,0,0,0,0,0,0,0,0,0,0,0,0,0.0,0.0,0.0,0.0,0,0,0,0,0,0.00,0.00,0.00,0.00,0,False,"[{'fixture': 9, 'stats': [{'identifier': 'minutes', 'points': 0, 'value': 0, 'points_modification': 0}]}]",False
4,1,2025-26,0,0,0,0,0,0,0,0,0,0,0,0,0,0.0,0.0,0.0,0.0,0,0,0,0,0,0.00,0.00,0.00,0.00,0,False,"[{'fixture': 9, 'stats': [{'identifier': 'minutes', 'points': 0, 'value': 0, 'points_modification': 0}]}]",False
5,1,2025-26,90,0,0,1,0,0,0,0,0,0,0,0,23,22.8,0.3,4.0,2.7,6,1,1,7,1,0.00,0.00,0.00,1.52,6,False,"[{'fixture': 9, 'stats': [{'identifier': 'minutes', 'points': 2, 'value': 90, 'points_modification': 0}, {'identifier': 'clean_sheets', 'points': 4, 'value': 1, 'points_modification': 0}]}]",False
6,1,2025-26,90,0,0,1,0,0,0,0,0,0,0,1,25,31.4,0.1,0.0,3.2,10,3,4,14,1,0.00,0.00,0.00,1.52,9,False,"[{'fixture': 9, 'stats': [{'identifier': 'minutes', 'points': 2, 'value': 90, 'points_modification': 0}, {'identifier': 'clean_sheets', 'points': 4, 'value': 1, 'points_modification': 0}, {'identifier': 'bonus', 'points': 1, 'value': 1, 'points_modification': 0}, {'identifier': 'defensive_contribution', 'points': 2, 'value': 14, 'points_modification': 0}]}]",False
7,1,2025-26,71,1,0,1,0,0,0,0,1,0,0,2,33,36.2,2.1,35.0,7.3,3,5,1,4,1,0.91,0.01,0.92,0.87,13,True,"[{'fixture': 9, 'stats': [{'identifier': 'minutes', 'points': 2, 'value': 71, 'points_modification': 0}, {'identifier': 'goals_scored', 'points': 6, 'value': 1, 'points_modification': 0}, {'identifier': 'clean_sheets', 'points': 4, 'value': 1, 'points_modification': 0}, {'identifier': 'yellow_cards', 'points': -1, 'value': 1, 'points_modification': 0}, {'identifier': 'bonus', 'points': 2, 'value': 2, 'points_modification': 0}]}]",False
8,1,2025-26,19,0,0,0,0,0,0,0,1,0,0,0,-3,3.0,0.3,0.0,0.3,1,1,2,3,0,0.00,0.00,0.00,0.66,0,False,"[{'fixture': 9, 'stats': [{'identifier': 'minutes', 'points': 1, 'value': 19, 'points_modification': 0}, {'identifier': 'yellow_cards', 'points': -1, 'value': 1, 'points_modification': 0}]}]",False
9,1,2025-26,0,0,0,0,0,0,0,0,0,0,0,0,0,0.0,0.0,0.0,0.0,0,0,0,0,0,0.00,0.00,0.00,0.00,0,False,"[{'fixture': 9, 'stats': [{'identifier': 'minutes', 'points': 0, 'value': 0, 'points_modification': 0}]}]",False
10,1,2025-26,18,0,0,0,0,0,0,0,1,0,0,0,-1,0.2,0.0,0.0,0.0,1,0,0,1,0,0.00,0.00,0.00,0.66,0,False,"[{'fixture': 9, 'stats': [{'identifier': 'minutes', 'points': 1, 'value': 18, 'points_modification': 0}, {'identifier': 'yellow_cards', 'points': -1, 'value': 1, 'points_modification': 0}]}]",False
11,1,2025-26,70,0,0,1,0,0,0,0,0,0,0,0,23,15.4,11.3,1.0,2.8,6,4,2,8,1,0.01,0.01,0.02,0.87,6,False,"[{'fixture': 9, 'stats': [{'identifier': 'minutes', 'points': 2, 'value': 70, 'points_modification': 0}, {'identifier': 'clean_sheets', 'points': 4, 'value': 1, 'points_modification': 0}]}]",False
12,1,2025-26,0,0,0,0,0,0,0,0,0,0,0,0,0,0.0,0.0,0.0,0.0,0,0,0,0,0,0.00,0.00,0.00,0.00,0,False,"[{'fixture': 9, 'stats': [{'identifier': 'minutes', 'points': 0, 'value': 0, 'points_modification': 0}]}]",False
13,1,2025-26,0,0,0,0,0,0,0,0,0,0,0,0,0,0.0,0.0,0.0,0.0,0,0,0,0,0,0.00,0.00,0.00,0.00,0,False,"[{'fixture': 9, 'stats': [{'identifier': 'minutes', 'points': 0, 'value': 0, 'points_modification': 0}]}]",False
14,1,2025-26,0,0,0,0,0,0,0,0,0,0,0,0,0,0.0,0.0,0.0,0.0,0,0,0,0,0,0.00,0.00,0.00,0.00,0,False,"[{'fixture': 9, 'stats': [{'identifier': 'minutes', 'points': 0, 'value': 0, 'points_modification': 0}]}]",False
15,1,2025-26,0,0,0,0,0,0,0,0,0,0,0,0,0,0.0,0.0,0.0,0.0,0,0,0,0,0,0.00,0.00,0.00,0.00,0,False,"[{'fixture': 9, 'stats': [{'identifier': 'minutes', 'points': 0, 'value': 0, 'points_modification': 0}]}]",False
16,1,2025-26,90,0,0,1,0,0,0,0,0,0,0,0,7,12.0,16.4,7.0,3.5,0,2,3,5,1,0.15,0.09,0.24,1.52,3,False,"[{'fixture': 9, 'stats': [{'identifier': 'minutes', 'points': 2, 'value': 90, 'points_modification': 0}, {'identifier': 'clean_sheets', 'points': 1, 'value': 1, 'points_modification': 0}]}]",False
17,1,2025-26,90,0,0,1,0,0,0,0,0,0,0,0,16,17.8,20.3,17.0,5.5,6,7,1,14,1,0.09,0.29,0.38,1.52,5,False,"[{'fixture': 9, 'stats': [{'identifier': 'minutes', 'points': 2, 'value': 90, 'points_modification': 0}, {'identifier': 'clean_sheets', 'points': 1, 'value': 1, 'points_modification': 0}, {'identifier': 'defensive_contribution', 'points': 2, 'value': 14, 'points_modification': 0}]}]",False
18,1,2025-26,30,0,0,0,0,0,0,0,0,0,0,0,2,1.6,10.7,2.0,1.4,0,0,0,0,0,0.00,0.02,0.02,0.82,1,False,"[{'fixture': 9, 'stats': [{'identifier': 'minutes', 'points': 1, 'value': 30, 'points_modification': 0}]}]",False
19,1,2025-26,59,0,0,0,0,0,0,0,0,0,0,0,8,6.2,10.3,21.0,3.8,0,3,1,4,1,0.02,0.01,0.03,0.70,1,False,"[{'fixture': 9, 'stats': [{'identifier': 'minutes', 'points': 1, 'value': 59, 'points_modification': 0}]}]",False
20,1,2025-26,0,0,0,0,0,0,0,0,0,0,0,0,0,0.0,0.0,0.0,0.0,0,0,0,0,0,0.00,0.00,0.00,0.00,0,False,"[{'fixture': 9, 'stats': [{'identifier': 'minutes', 'points': 0, 'value': 0, 'points_modification': 0}]}]",False
21,1,2025-26,82,0,1,1,0,0,0,0,0,0,0,0,14,2.6,1.3,8.0,1.2,1,3,0,4,1,0.13,0.01,0.14,1.04,6,False,"[{'fixture': 9, 'stats': [{'identifier': 'minutes', 'points': 2, 'value': 82, 'points_modification': 0}, {'identifier': 'assists', 'points': 3, 'value': 1, 'points_modification': 0}, {'identifier': 'clean_sheets', 'points': 1, 'value': 1, 'points_modification': 0}]}]",False
22,1,2025-26,7,0,0,0,0,0,0,0,0,0,0,0,2,1.2,0.0,0.0,0.1,1,0,0,1,0,0.00,0.00,0.00,0.49,1,False,"[{'fixture': 9, 'stats': [{'identifier': 'minutes', 'points': 1, 'value': 7, 'points_modification': 0}]}]",False
23,1,2025-26,0,0,0,0,0,0,0,0,0,0,0,0,0,0.0,0.0,0.0,0.0,0,0,0,0,0,0.00,0.00,0.00,0.00,0,False,"[{'fixture': 9, 'stats': [{'identifier': 'minutes', 'points': 0, 'value': 0, 'points_modification': 0}]}]",False
24,1,2025-26,0,0,0,0,0,0,0,0,0,0,0,0,0,0.0,0.0,0.0,0.0,0,0,0,0,0,0.00,0.00,0.00,0.00,0,False,"[{'fixture': 9, 'stats': [{'identifier': 'minutes', 'points': 0, 'value': 0, 'points_modification': 0}]}]",False
25,1,2025-26,0,0,0,0,0,0,0,0,0,0,0,0,0,0.0,0.0,0.0,0.0,0,0,0,0,0,0.00,0.00,0.00,0.00,0,False,"[{'fixture': 9, 'stats': [{'identifier': 'minutes', 'points': 0, 'value': 0, 'points_modification': 0}]}]",False
26,1,2025-26,90,0,0,1,0,0,0,0,0,0,0,0,15,16.0,1.9,2.0,2.0,4,5,3,12,1,0.00,0.01,0.01,1.52,5,False,"[{'fixture': 9, 'stats': [{'identifier': 'minutes', 'points': 2, 'value': 90, 'points_modification': 0}, {'identifier': 'clean_sheets', 'points': 1, 'value': 1, 'points_modification': 0}, {'identifier': 'defensive_contribution', 'points': 2, 'value': 12, 'points_modification': 0}]}]",False
27,1,2025-26,0,0,0,0,0,0,0,0,0,0,0,0,0,0.0,0.0,0.0,0.0,0,0,0,0,0,0.00,0.00,0.00,0.00,0,False,"[{'fixture': 9, 'stats': [{'identifier': 'minutes', 'points': 0, 'value': 0, 'points_modification': 0}]}]",False
28,1,2025-26,0,0,0,0,0,0,0,0,0,0,0,0,0,0.0,0.0,0.0,0.0,0,0,0,0,0,0.00,0.00,0.00,0.00,0,False,"[{'fixture': 9, 'stats': [{'identifier': 'minutes', 'points': 0, 'value': 0, 'points_modification': 0}]}]",False
29,1,2025-26,0,0,0,0,0,0,0,0,0,0,0,0,0,0.0,0.0,0.0,0.0,0,0,0,0,0,0.00,0.00,0.00,0.00,0,False,"[{'fixture': 9, 'stats': [{'identifier': 'minutes', 'points': 0, 'value': 0, 'points_modification': 0}]}]",False
30,1,2025-26,30,0,0,0,0,0,0,0,0,0,0,0,4,2.8,0.8,2.0,0.6,1,2,0,3,0,0.00,0.01,0.01,0.82,1,False,"[{'fixture': 9, 'stats': [{'identifier': 'minutes', 'points': 1, 'value': 30, 'points_modification': 0}]}]",False
31,1,2025-26,0,0,0,0,0,0,0,0,0,0,0,0,0,0.0,0.0,0.0,0.0,0,0,0,0,0,0.00,0.00,0.00,0.00,0,False,"[{'fixture': 9, 'stats': [{'identifier': 'minutes', 'points': 0, 'value': 0, 'points_modification': 0}]}]",False
32,1,2025-26,0,0,0,0,0,0,0,0,0,0,0,0,0,0.0,0.0,0.0,0.0,0,0,0,0,0,0.00,0.00,0.00,0.00,0,False,"[{'fixture': 2, 'stats': [{'identifier': 'minutes', 'points': 0, 'value': 0, 'points_modification': 0}]}]",False
33,1,2025-26,90,0,0,1,0,0,0,0,0,0,3,0,29,19.6,0.0,0.0,2.0,1,12,0,0,1,0.00,0.00,0.00,1.43,7,False,"[{'fixture': 2, 'stats': [{'identifier': 'minutes', 'points': 2, 'value': 90, 'points_modification': 0}, {'identifier': 'clean_sheets', 'points': 4, 'value': 1, 'points_modification': 0}, {'identifier': 'saves', 'points': 1, 'value': 3, 'points_modification': 0}]}]",False
34,1,2025-26,0,0,0,0,0,0,0,0,0,0,0,0,0,0.0,0.0,0.0,0.0,0,0,0,0,0,0.00,0.00,0.00,0.00,0,False,"[{'fixture': 2, 'stats': [{'identifier': 'minutes', 'points': 0, 'value': 0, 'points_modification': 0}]}]",False
35,1,2025-26,0,0,0,0,0,0,0,0,0,0,0,0,0,0.0,0.0,0.0,0.0,0,0,0,0,0,0.00,0.00,0.00,0.00,0,False,"[{'fixture': 2, 'stats': [{'identifier': 'minutes', 'points': 0, 'value': 0, 'points_modification': 0}]}]",False
36,1,2025-26,90,0,0,1,0,0,0,0,0,0,0,0,25,37.6,1.1,2.0,4.1,9,2,2,11,1,0.00,0.00,0.00,1.43,8,False,"[{'fixture': 2, 'stats': [{'identifier': 'minutes', 'points': 2, 'value': 90, 'points_modification': 0}, {'identifier': 'clean_sheets', 'points': 4, 'value': 1, 'points_modification': 0}, {'identifier': 'defensive_contribution', 'points': 2, 'value': 11, 'points_modification': 0}]}]",False
37,1,2025-26,90,0,0,1,0,0,0,0,0,0,0,0,22,11.6,5.8,0.0,1.7,5,3,2,7,1,0.00,0.01,0.01,1.43,6,False,"[{'fixture': 2, 'stats': [{'identifier': 'minutes', 'points': 2, 'value': 90, 'points_modification': 0}, {'identifier': 'clean_sheets', 'points': 4, 'value': 1, 'points_modification': 0}]}]",False
38,1,2025-26,65,0,0,1,0,0,0,0,0,1,0,0,15,1.8,1.1,0.0,0.3,3,1,0,3,1,0.00,0.01,0.01,1.11,3,False,"[{'fixture': 2, 'stats': [{'identifier': 'minutes', 'points': 2, 'value': 65, 'points_modification': 0}, {'identifier': 'clean_sheets', 'points': 4, 'value': 1, 'points_modification': 0}, {'identifier': 'red_cards', 'points': -3, 'value': 1, 'points_modification': 0}]}]",False
39,1,2025-26,0,0,0,0,0,0,0,0,0,0,0,0,0,0.0,0.0,0.0,0.0,0,0,0,0,0,0.00,0.00,0.00,0.00,0,False,"[{'fixture': 2, 'stats': [{'identifier': 'minutes', 'points': 0, 'value': 0, 'points_modification': 0}]}]",False
40,1,2025-26,90,0,0,1,0,0,0,0,0,0,0,0,25,13.0,3.7,0.0,1.7,5,2,0,5,1,0.00,0.00,0.00,1.43,6,False,"[{'fixture': 2, 'stats': [{'identifier': 'minutes', 'points': 2, 'value': 90, 'points_modification': 0}, {'identifier': 'clean_sheets', 'points': 4, 'value': 1, 'points_modification': 0}]}]",False
41,1,2025-26,0,0,0,0,0,0,0,0,0,0,0,0,0,0.0,0.0,0.0,0.0,0,0,0,0,0,0.00,0.00,0.00,0.00,0,False,"[{'fixture': 2, 'stats': [{'identifier': 'minutes', 'points': 0, 'value': 0, 'points_modification': 0}]}]",False
42,1,2025-26,0,0,0,0,0,0,0,0,0,0,0,0,0,0.0,0.0,0.0,0.0,0,0,0,0,0,0.00,0.00,0.00,0.00,0,False,"[{'fixture': 2, 'stats': [{'identifier': 'minutes', 'points': 0, 'value': 0, 'points_modification': 0}]}]",False
43,1,2025-26,0,0,0,0,0,0,0,0,0,0,0,0,0,0.0,0.0,0.0,0.0,0,0,0,0,0,0.00,0.00,0.00,0.00,0,False,"[{'fixture': 2, 'stats': [{'identifier': 'minutes', 'points': 0, 'value': 0, 'points_modification': 0}]}]",False
44,1,2025-26,0,0,0,0,0,0,0,0,0,0,0,0,0,0.0,0.0,0.0,0.0,0,0,0,0,0,0.00,0.00,0.00,0.00,0,False,"[{'fixture': 2, 'stats': [{'identifier': 'minutes', 'points': 0, 'value': 0, 'points_modification': 0}]}]",False
45,1,2025-26,0,0,0,0,0,0,0,0,0,0,0,0,0,0.0,0.0,0.0,0.0,0,0,0,0,0,0.00,0.00,0.00,0.00,0,False,"[{'fixture': 2, 'stats': [{'identifier': 'minutes', 'points': 0, 'value': 0, 'points_modification': 0}]}]",False
46,1,2025-26,0,0,0,0,0,0,0,0,0,0,0,0,0,0.0,0.0,0.0,0.0,0,0,0,0,0,0.00,0.00,0.00,0.00,0,False,"[{'fixture': 2, 'stats': [{'identifier': 'minutes', 'points': 0, 'value': 0, 'points_modification': 0}]}]",False
47,1,2025-26,90,0,0,1,0,0,0,0,0,0,0,0,7,7.2,20.1,4.0,3.1,1,5,1,7,1,0.00,0.05,0.05,1.43,3,False,"[{'fixture': 2, 'stats': [{'identifier': 'minutes', 'points': 2, 'value': 90, 'points_modification': 0}, {'identifier': 'clean_sheets', 'points': 1, 'value': 1, 'points_modification': 0}]}]",False
48,1,2025-26,90,0,0,1,0,0,0,0,0,0,0,0,5,4.0,1.1,0.0,0.5,3,2,2,7,1,0.00,0.01,0.01,1.43,3,False,"[{'fixture': 2, 'stats': [{'identifier': 'minutes', 'points': 2, 'value': 90, 'points_modification': 0}, {'identifier': 'clean_sheets', 'points': 1, 'value': 1, 'points_modification': 0}]}]",False
49,1,2025-26,0,0,0,0,0,0,0,0,0,0,0,0,0,0.0,0.0,0.0,0.0,0,0,0,0,0,0.00,0.00,0.00,0.00,0,False,"[{'fixture': 2, 'stats': [{'identifier': 'minutes', 'points': 0, 'value': 0, 'points_modification': 0}]}]",False
50,1,2025-26,0,0,0,0,0,0,0,0,0,0,0,0,0,0.0,0.0,0.0,0.0,0,0,0,0,0,0.00,0.00,0.00,0.00,0,False,"[{'fixture': 2, 'stats': [{'identifier': 'minutes', 'points': 0, 'value': 0, 'points_modification': 0}]}]",False
51,1,2025-26,0,0,0,0,0,0,0,0,0,0,0,0,0,0.0,0.0,0.0,0.0,0,0,0,0,0,0.00,0.00,0.00,0.00,0,False,"[{'fixture': 2, 'stats': [{'identifier': 'minutes', 'points': 0, 'value': 0, 'points_modification': 0}]}]",False
52,1,2025-26,0,0,0,0,0,0,0,0,0,0,0,0,0,0.0,0.0,0.0,0.0,0,0,0,0,0,0.00,0.00,0.00,0.00,0,False,"[{'fixture': 2, 'stats': [{'identifier': 'minutes', 'points': 0, 'value': 0, 'points_modification': 0}]}]",False
53,1,2025-26,6,0,0,0,0,0,0,0,0,0,0,0,4,3.0,0.0,17.0,2.0,0,0,0,0,0,0.03,0.00,0.03,0.10,1,False,"[{'fixture': 2, 'stats': [{'identifier': 'minutes', 'points': 1, 'value': 6, 'points_modification': 0}]}]",False
54,1,2025-26,83,0,0,1,0,0,0,0,0,0,0,0,10,5.0,19.3,6.0,3.0,0,7,0,7,1,0.00,0.09,0.09,1.33,3,False,"[{'fixture': 2, 'stats': [{'identifier': 'minutes', 'points': 2, 'value': 83, 'points_modification': 0}, {'identifier': 'clean_sheets', 'points': 1, 'value': 1, 'points_modification': 0}]}]",False
55,1,2025-26,0,0,0,0,0,0,0,0,0,0,0,0,0,0.0,0.0,0.0,0.0,0,0,0,0,0,0.00,0.00,0.00,0.00,0,False,"[{'fixture': 2, 'stats': [{'identifier': 'minutes', 'points': 0, 'value': 0, 'points_modification': 0}]}]",False
56,1,2025-26,0,0,0,0,0,0,0,0,0,0,0,0,0,0.0,0.0,0.0,0.0,0,0,0,0,0,0.00,0.00,0.00,0.00,0,False,"[{'fixture': 2, 'stats': [{'identifier': 'minutes', 'points': 0, 'value': 0, 'points_modification': 0}]}]",False
57,1,2025-26,0,0,0,0,0,0,0,0,0,0,0,0,0,0.0,0.0,0.0,0.0,0,0,0,0,0,0.00,0.00,0.00,0.00,0,False,"[{'fixture': 2, 'stats': [{'identifier': 'minutes', 'points': 0, 'value': 0, 'points_modification': 0}]}]",False
58,1,2025-26,90,0,0,1,0,0,0,0,1,0,0,0,13,13.8,2.2,17.0,3.3,3,6,2,11,1,0.05,0.03,0.08,1.43,2,False,"[{'fixture': 2, 'stats': [{'identifier': 'minutes', 'points': 2, 'value': 90, 'points_modification': 0}, {'identifier': 'clean_sheets', 'points': 1, 'value': 1, 'points_modification': 0}, {'identifier': 'yellow_cards', 'points': -1, 'value': 1, 'points_modification': 0}]}]",False
59,1,2025-26,90,0,0,1,0,0,0,0,0,0,0,0,19,19.4,3.0,0.0,2.2,5,7,2,14,1,0.00,0.01,0.01,1.43,5,False,"[{'fixture': 2, 'stats': [{'identifier': 'minutes', 'points': 2, 'value': 90, 'points_modification': 0}, {'identifier': 'clean_sheets', 'points': 1, 'value': 1, 'points_modification': 0}, {'identifier': 'defensive_contribution', 'points': 2, 'value': 14, 'points_modification': 0}]}]",False
60,1,2025-26,0,0,0,0,0,0,0,0,0,0,0,0,0,0.0,0.0,0.0,0.0,0,0,0,0,0,0.00,0.00,0.00,0.00,0,False,"[{'fixture': 2, 'stats': [{'identifier': 'minutes', 'points': 0, 'value': 0, 'points_modification': 0}]}]",False
61,1,2025-26,0,0,0,0,0,0,0,0,0,0,0,0,0,0.0,0.0,0.0,0.0,0,0,0,0,0,0.00,0.00,0.00,0.00,0,False,"[{'fixture': 2, 'stats': [{'identifier': 'minutes', 'points': 0, 'value': 0, 'points_modification': 0}]}]",False
62,1,2025-26,0,0,0,0,0,0,0,0,0,0,0,0,0,0.0,0.0,0.0,0.0,0,0,0,0,0,0.00,0.00,0.00,0.00,0,False,"[{'fixture': 2, 'stats': [{'identifier': 'minutes', 'points': 0, 'value': 0, 'points_modification': 0}]}]",False
63,1,2025-26,0,0,0,0,0,0,0,0,0,0,0,0,0,0.0,0.0,0.0,0.0,0,0,0,0,0,0.00,0.00,0.00,0.00,0,False,"[{'fixture': 2, 'stats': [{'identifier': 'minutes', 'points': 0, 'value': 0, 'points_modification': 0}]}]",False
64,1,2025-26,90,0,0,1,0,0,0,0,0,0,0,0,12,10.6,12.2,27.0,5.0,2,3,0,5,1,0.12,0.01,0.13,1.43,2,False,"[{'fixture': 2, 'stats': [{'identifier': 'minutes', 'points': 2, 'value': 90, 'points_modification': 0}]}]",False
65,1,2025-26,0,0,0,0,0,0,0,0,0,0,0,0,0,0.0,0.0,0.0,0.0,0,0,0,0,0,0.00,0.00,0.00,0.00,0,False,"[{'fixture': 2, 'stats': [{'identifier': 'minutes', 'points': 0, 'value': 0, 'points_modification': 0}]}]",False
66,1,2025-26,0,0,0,0,0,0,0,0,0,0,0,0,0,0.0,0.0,0.0,0.0,0,0,0,0,0,0.00,0.00,0.00,0.00,0,False,"[{'fixture': 1, 'stats': [{'identifier': 'minutes', 'points': 0, 'value': 0, 'points_modification': 0}]}]",False
67,1,2025-26,90,0,0,0,4,0,0,0,0,0,6,0,10,47.8,0.0,0.0,4.8,4,8,0,0,1,0.00,0.00,0.00,2.21,2,False,"[{'fixture': 1, 'stats': [{'identifier': 'minutes', 'points': 2, 'value': 90, 'points_modification': 0}, {'identifier': 'goals_conceded', 'points': -2, 'value': 4, 'points_modification': 0}, {'identifier': 'saves', 'points': 2, 'value': 6, 'points_modification': 0}]}]",False
68,1,2025-26,0,0,0,0,0,0,0,0,0,0,0,0,0,0.0,0.0,0.0,0.0,0,0,0,0,0,0.00,0.00,0.00,0.00,0,False,"[{'fixture': 1, 'stats': [{'identifier': 'minutes', 'points': 0, 'value': 0, 'points_modification': 0}]}]",False
69,1,2025-26,0,0,0,0,0,0,0,0,0,0,0,0,0,0.0,0.0,0.0,0.0,0,0,0,0,0,0.00,0.00,0.00,0.00,0,False,"[{'fixture': 1, 'stats': [{'identifier': 'minutes', 'points': 0, 'value': 0, 'points_modification': 0}]}]",False
70,1,2025-26,0,0,0,0,0,0,0,0,0,0,0,0,0,0.0,0.0,0.0,0.0,0,0,0,0,0,0.00,0.00,0.00,0.00,0,False,"[{'fixture': 1, 'stats': [{'identifier': 'minutes', 'points': 0, 'value': 0, 'points_modification': 0}]}]",False
71,1,2025-26,0,0,0,0,0,0,0,0,0,0,0,0,0,0.0,0.0,0.0,0.0,0,0,0,0,0,0.00,0.00,0.00,0.00,0,False,"[{'fixture': 1, 'stats': [{'identifier': 'minutes', 'points': 0, 'value': 0, 'points_modification': 0}]}]",False
72,1,2025-26,90,0,0,0,4,0,0,0,0,0,0,0,1,26.6,14.6,2.0,4.3,12,2,3,15,1,0.00,0.05,0.05,2.21,2,False,"[{'fixture': 1, 'stats': [{'identifier': 'minutes', 'points': 2, 'value': 90, 'points_modification': 0}, {'identifier': 'goals_conceded', 'points': -2, 'value': 4, 'points_modification': 0}, {'identifier': 'defensive_contribution', 'points': 2, 'value': 15, 'points_modification': 0}]}]",False
73,1,2025-26,89,0,0,0,3,0,0,0,0,0,0,0,2,12.2,10.5,4.0,2.7,8,2,1,9,1,0.00,0.08,0.08,2.10,1,False,"[{'fixture': 1, 'stats': [{'identifier': 'minutes', 'points': 2, 'value': 89, 'points_modification': 0}, {'identifier': 'goals_conceded', 'points': -1, 'value': 3, 'points_modification': 0}]}]",False
74,1,2025-26,90,0,0,0,4,0,0,0,0,0,0,0,-1,18.2,19.1,0.0,3.7,4,4,2,6,1,0.00,0.13,0.13,2.21,0,False,"[{'fixture': 1, 'stats': [{'identifier': 'minutes', 'points': 2, 'value': 90, 'points_modification': 0}, {'identifier': 'goals_conceded', 'points': -2, 'value': 4, 'points_modification': 0}]}]",False
75,1,2025-26,0,0,0,0,0,0,0,0,0,0,0,0,0,0.0,0.0,0.0,0.0,0,0,0,0,0,0.00,0.00,0.00,0.00,0,False,"[{'fixture': 1, 'stats': [{'identifier': 'minutes', 'points': 0, 'value': 0, 'points_modification': 0}]}]",False
76,1,2025-26,0,0,0,0,0,0,0,0,0,0,0,0,0,0.0,0.0,0.0,0.0,0,0,0,0,0,0.00,0.00,0.00,0.00,0,False,"[{'fixture': 1, 'stats': [{'identifier': 'minutes', 'points': 0, 'value': 0, 'points_modification': 0}]}]",False
77,1,2025-26,1,0,0,0,1,0,0,0,0,0,0,0,0,3.0,0.1,0.0,0.3,2,0,0,2,0,0.00,0.00,0.00,0.11,1,False,"[{'fixture': 1, 'stats': [{'identifier': 'minutes', 'points': 1, 'value': 1, 'points_modification': 0}]}]",False
78,1,2025-26,0,0,0,0,0,0,0,0,0,0,0,0,0,0.0,0.0,0.0,0.0,0,0,0,0,0,0.00,0.00,0.00,0.00,0,False,"[{'fixture': 1, 'stats': [{'identifier': 'minutes', 'points': 0, 'value': 0, 'points_modification': 0}]}]",False
79,1,2025-26,0,0,0,0,0,0,0,0,0,0,0,0,0,0.0,0.0,0.0,0.0,0,0,0,0,0,0.00,0.00,0.00,0.00,0,False,"[{'fixture': 1, 'stats': [{'identifier': 'minutes', 'points': 0, 'value': 0, 'points_modification': 0}]}]",False
80,1,2025-26,0,0,0,0,0,0,0,0,0,0,0,0,0,0.0,0.0,0.0,0.0,0,0,0,0,0,0.00,0.00,0.00,0.00,0,False,"[{'fixture': 1, 'stats': [{'identifier': 'minutes', 'points': 0, 'value': 0, 'points_modification': 0}]}]",False
81,1,2025-26,0,0,0,0,0,0,0,0,0,0,0,0,0,0.0,0.0,0.0,0.0,0,0,0,0,0,0.00,0.00,0.00,0.00,0,False,"[{'fixture': 1, 'stats': [{'identifier': 'minutes', 'points': 0, 'value': 0, 'points_modification': 0}]}]",False
82,1,2025-26,90,2,0,0,4,0,0,0,0,0,0,3,42,66.4,1.3,32.0,10.0,1,3,1,5,1,0.91,0.02,0.93,2.21,15,True,"[{'fixture': 1, 'stats': [{'identifier': 'minutes', 'points': 2, 'value': 90, 'points_modification': 0}, {'identifier': 'goals_scored', 'points': 10, 'value': 2, 'points_modification': 0}, {'identifier': 'bonus', 'points': 3, 'value': 3, 'points_modification': 0}]}]",False
83,1,2025-26,0,0,0,0,0,0,0,0,0,0,0,0,0,0.0,0.0,0.0,0.0,0,0,0,0,0,0.00,0.00,0.00,0.00,0,False,"[{'fixture': 1, 'stats': [{'identifier': 'minutes', 'points': 0, 'value': 0, 'points_modification': 0}]}]",False
84,1,2025-26,90,0,0,0,4,0,0,0,0,0,0,0,20,24.6,14.1,33.0,7.2,7,10,3,20,1,0.32,0.06,0.38,2.21,4,False,"[{'fixture': 1, 'stats': [{'identifier': 'minutes', 'points': 2, 'value': 90, 'points_modification': 0}, {'identifier': 'defensive_contribution', 'points': 2, 'value': 20, 'points_modification': 0}]}]",False
85,1,2025-26,90,0,0,0,3,0,0,0,0,0,0,0,11,21.6,1.7,4.0,2.7,8,6,5,19,1,0.00,0.10,0.10,2.10,4,False,"[{'fixture': 1, 'stats': [{'identifier': 'minutes', 'points': 2, 'value': 90, 'points_modification': 0}, {'identifier': 'defensive_contribution', 'points': 2, 'value': 19, 'points_modification': 0}]}]",False
86,1,2025-26,83,0,1,0,2,0,0,0,1,0,0,0,23,27.2,40.3,18.0,8.6,0,5,2,7,1,0.19,0.19,0.38,1.90,4,False,"[{'fixture': 1, 'stats': [{'identifier': 'minutes', 'points': 2, 'value': 83, 'points_modification': 0}, {'identifier': 'assists', 'points': 3, 'value': 1, 'points_modification': 0}, {'identifier': 'yellow_cards', 'points': -1, 'value': 1, 'points_modification': 0}]}]",False
87,1,2025-26,0,0,0,0,0,0,0,0,0,0,0,0,0,0.0,0.0,0.0,0.0,0,0,0,0,0,0.00,0.00,0.00,0.00,0,False,"[{'fixture': 1, 'stats': [{'identifier': 'minutes', 'points': 0, 'value': 0, 'points_modification': 0}]}]",False
88,1,2025-26,0,0,0,0,0,0,0,0,0,0,0,0,0,0.0,0.0,0.0,0.0,0,0,0,0,0,0.00,0.00,0.00,0.00,0,False,"[{'fixture': 1, 'stats': [{'identifier': 'minutes', 'points': 0, 'value': 0, 'points_modification': 0}]}]",False
89,1,2025-26,0,0,0,0,0,0,0,0,0,0,0,0,0,0.0,0.0,0.0,0.0,0,0,0,0,0,0.00,0.00,0.00,0.00,0,False,"[{'fixture': 1, 'stats': [{'identifier': 'minutes', 'points': 0, 'value': 0, 'points_modification': 0}]}]",False
90,1,2025-26,73,0,0,0,2,0,0,0,0,0,0,0,7,2.0,2.1,2.0,0.6,1,2,0,3,1,0.00,0.00,0.00,1.81,2,False,"[{'fixture': 1, 'stats': [{'identifier': 'minutes', 'points': 2, 'value': 73, 'points_modification': 0}]}]",False
91,1,2025-26,0,0,0,0,0,0,0,0,0,0,0,0,0,0.0,0.0,0.0,0.0,0,0,0,0,0,0.00,0.00,0.00,0.00,0,False,"[{'fixture': 1, 'stats': [{'identifier': 'minutes', 'points': 0, 'value': 0, 'points_modification': 0}]}]",False
92,1,2025-26,0,0,0,0,0,0,0,0,0,0,0,0,0,0.0,0.0,0.0,0.0,0,0,0,0,0,0.00,0.00,0.00,0.00,0,False,"[{'fixture': 1, 'stats': [{'identifier': 'minutes', 'points': 0, 'value': 0, 'points_modification': 0}]}]",False
93,1,2025-26,16,0,1,0,2,0,0,0,0,0,0,0,12,21.2,10.0,0.0,3.1,1,2,1,4,0,0.00,0.00,0.00,0.40,4,False,"[{'fixture': 1, 'stats': [{'identifier': 'minutes', 'points': 1, 'value': 16, 'points_modification': 0}, {'identifier': 'assists', 'points': 3, 'value': 1, 'points_modification': 0}]}]",False
94,1,2025-26,0,0,0,0,0,0,0,0,0,0,0,0,0,0.0,0.0,0.0,0.0,0,0,0,0,0,0.00,0.00,0.00,0.00,0,False,"[{'fixture': 1, 'stats': [{'identifier': 'minutes', 'points': 0, 'value': 0, 'points_modification': 0}]}]",False
95,1,2025-26,0,0,0,0,0,0,0,0,0,0,0,0,0,0.0,0.0,0.0,0.0,0,0,0,0,0,0.00,0.00,0.00,0.00,0,False,"[{'fixture': 1, 'stats': [{'identifier': 'minutes', 'points': 0, 'value': 0, 'points_modification': 0}]}]",False
96,1,2025-26,6,0,0,0,2,0,0,0,0,0,0,0,3,0.0,0.0,0.0,0.0,0,0,0,0,0,0.00,0.00,0.00,0.31,1,False,"[{'fixture': 1, 'stats': [{'identifier': 'minutes', 'points': 1, 'value': 6, 'points_modification': 0}]}]",False
97,1,2025-26,90,0,0,0,4,0,0,0,1,0,0,0,-1,0.0,0.6,17.0,1.6,3,2,0,5,1,0.29,0.00,0.29,2.21,1,False,"[{'fixture': 1, 'stats': [{'identifier': 'minutes', 'points': 2, 'value': 90, 'points_modification': 0}, {'identifier': 'yellow_cards', 'points': -1, 'value': 1, 'points_modification': 0}]}]",False
98,1,2025-26,0,0,0,0,0,0,0,0,0,0,0,0,0,0.0,0.0,0.0,0.0,0,0,0,0,0,0.00,0.00,0.00,0.00,0,False,"[{'fixture': 1, 'stats': [{'identifier': 'minutes', 'points': 0, 'value': 0, 'points_modification': 0}]}]",False
99,1,2025-26,0,0,0,0,0,0,0,0,0,0,0,0,0,0.0,0.0,0.0,0.0,0,0,0,0,0,0.00,0.00,0.00,0.00,0,False,"[{'fixture': 1, 'stats': [{'identifier': 'minutes', 'points': 0, 'value': 0, 'points_modification': 0}]}]",False
100,1,2025-26,1,0,0,0,1,0,0,0,0,0,0,0,2,0.0,0.0,0.0,0.0,0,0,0,0,0,0.00,0.00,0.00,0.11,1,False,"[{'fixture': 1, 'stats': [{'identifier': 'minutes', 'points': 1, 'value': 1, 'points_modification': 0}]}]",False
101,1,2025-26,90,0,0,0,3,0,0,0,0,0,2,0,4,11.8,0.0,0.0,1.2,4,14,0,0,1,0.00,0.00,0.00,1.86,1,False,"[{'fixture': 4, 'stats': [{'identifier': 'minutes', 'points': 2, 'value': 90, 'points_modification': 0}, {'identifier': 'goals_conceded', 'points': -1, 'value': 3, 'points_modification': 0}]}]",False
102,1,2025-26,0,0,0,0,0,0,0,0,0,0,0,0,0,0.0,0.0,0.0,0.0,0,0,0,0,0,0.00,0.00,0.00,0.00,0,False,"[{'fixture': 4, 'stats': [{'identifier': 'minutes', 'points': 0, 'value': 0, 'points_modification': 0}]}]",False
103,1,2025-26,0,0,0,0,0,0,0,0,0,0,0,0,0,0.0,0.0,0.0,0.0,0,0,0,0,0,0.00,0.00,0.00,0.00,0,False,"[{'fixture': 4, 'stats': [{'identifier': 'minutes', 'points': 0, 'value': 0, 'points_modification': 0}]}]",False
104,1,2025-26,0,0,0,0,0,0,0,0,0,0,0,0,0,0.0,0.0,0.0,0.0,0,0,0,0,0,0.00,0.00,0.00,0.00,0,False,"[{'fixture': 4, 'stats': [{'identifier': 'minutes', 'points': 0, 'value': 0, 'points_modification': 0}]}]",False
105,1,2025-26,0,0,0,0,0,0,0,0,0,0,0,0,0,0.0,0.0,0.0,0.0,0,0,0,0,0,0.00,0.00,0.00,0.00,0,False,"[{'fixture': 4, 'stats': [{'identifier': 'minutes', 'points': 0, 'value': 0, 'points_modification': 0}]}]",False
106,1,2025-26,90,0,0,0,3,0,0,0,1,0,0,0,0,9.8,0.2,5.0,1.5,5,5,0,5,1,0.02,0.00,0.02,1.86,0,False,"[{'fixture': 4, 'stats': [{'identifier': 'minutes', 'points': 2, 'value': 90, 'points_modification': 0}, {'identifier': 'goals_conceded', 'points': -1, 'value': 3, 'points_modification': 0}, {'identifier': 'yellow_cards', 'points': -1, 'value': 1, 'points_modification': 0}]}]",False
107,1,2025-26,68,0,0,0,3,0,0,0,0,0,0,0,-8,5.4,4.5,7.0,1.7,3,2,2,5,1,0.12,0.00,0.12,1.86,1,False,"[{'fixture': 4, 'stats': [{'identifier': 'minutes', 'points': 2, 'value': 68, 'points_modification': 0}, {'identifier': 'goals_conceded', 'points': -1, 'value': 3, 'points_modification': 0}]}]",False
108,1,2025-26,0,0,0,0,0,0,0,0,0,0,0,0,0,0.0,0.0,0.0,0.0,0,0,0,0,0,0.00,0.00,0.00,0.00,0,False,"[{'fixture': 4, 'stats': [{'identifier': 'minutes', 'points': 0, 'value': 0, 'points_modification': 0}]}]",False
109,1,2025-26,87,0,0,0,3,0,0,0,0,0,0,0,1,8.6,11.5,6.0,2.6,2,2,1,3,1,0.00,0.04,0.04,1.86,1,False,"[{'fixture': 4, 'stats': [{'identifier': 'minutes', 'points': 2, 'value': 87, 'points_modification': 0}, {'identifier': 'goals_conceded', 'points': -1, 'value': 3, 'points_modification': 0}]}]",False
110,1,2025-26,90,0,0,0,3,0,0,0,0,0,0,0,3,17.8,20.5,0.0,3.8,4,2,2,6,1,0.00,0.08,0.08,1.86,1,False,"[{'fixture': 4, 'stats': [{'identifier': 'minutes', 'points': 2, 'value': 90, 'points_modification': 0}, {'identifier': 'goals_conceded', 'points': -1, 'value': 3, 'points_modification': 0}]}]",False
111,1,2025-26,0,0,0,0,0,0,0,0,0,0,0,0,0,0.0,0.0,0.0,0.0,0,0,0,0,0,0.00,0.00,0.00,0.00,0,False,"[{'fixture': 4, 'stats': [{'identifier': 'minutes', 'points': 0, 'value': 0, 'points_modification': 0}]}]",False
112,1,2025-26,0,0,0,0,0,0,0,0,0,0,0,0,0,0.0,0.0,0.0,0.0,0,0,0,0,0,0.00,0.00,0.00,0.00,0,False,"[{'fixture': 4, 'stats': [{'identifier': 'minutes', 'points': 0, 'value': 0, 'points_modification': 0}]}]",False
113,1,2025-26,90,0,0,0,3,0,0,0,0,0,0,0,6,34.4,0.6,24.0,5.9,12,4,2,14,1,0.21,0.00,0.21,1.86,3,False,"[{'fixture': 4, 'stats': [{'identifier': 'minutes', 'points': 2, 'value': 90, 'points_modification': 0}, {'identifier': 'goals_conceded', 'points': -1, 'value': 3, 'points_modification': 0}, {'identifier': 'defensive_contribution', 'points': 2, 'value': 14, 'points_modification': 0}]}]",False
114,1,2025-26,0,0,0,0,0,0,0,0,0,0,0,0,0,0.0,0.0,0.0,0.0,0,0,0,0,0,0.00,0.00,0.00,0.00,0,False,"[{'fixture': 4, 'stats': [{'identifier': 'minutes', 'points': 0, 'value': 0, 'points_modification': 0}]}]",False
115,1,2025-26,0,0,0,0,0,0,0,0,0,0,0,0,0,0.0,0.0,0.0,0.0,0,0,0,0,0,0.00,0.00,0.00,0.00,0,False,"[{'fixture': 4, 'stats': [{'identifier': 'minutes', 'points': 0, 'value': 0, 'points_modification': 0}]}]",False
116,1,2025-26,2,0,0,0,0,0,0,0,1,0,0,0,1,2.0,0.0,0.0,0.2,1,0,1,2,0,0.00,0.00,0.00,0.00,0,False,"[{'fixture': 4, 'stats': [{'identifier': 'minutes', 'points': 1, 'value': 2, 'points_modification': 0}, {'identifier': 'yellow_cards', 'points': -1, 'value': 1, 'points_modification': 0}]}]",False
117,1,2025-26,0,0,0,0,0,0,0,0,0,0,0,0,0,0.0,0.0,0.0,0.0,0,0,0,0,0,0.00,0.00,0.00,0.00,0,False,"[{'fixture': 4, 'stats': [{'identifier': 'minutes', 'points': 0, 'value': 0, 'points_modification': 0}]}]",False
118,1,2025-26,0,0,0,0,0,0,0,0,0,0,0,0,0,0.0,0.0,0.0,0.0,0,0,0,0,0,0.00,0.00,0.00,0.00,0,False,"[{'fixture': 4, 'stats': [{'identifier': 'minutes', 'points': 0, 'value': 0, 'points_modification': 0}]}]",False
119,1,2025-26,90,0,0,0,1,0,0,0,0,0,0,0,17,10.6,21.4,49.0,8.1,1,5,0,6,1,0.42,0.05,0.47,1.31,2,False,"[{'fixture': 9, 'stats': [{'identifier': 'minutes', 'points': 2, 'value': 90, 'points_modification': 0}]}]",False
120,1,2025-26,45,0,0,0,0,0,0,0,0,0,0,0,1,4.6,0.9,6.0,1.2,2,3,2,7,0,0.00,0.04,0.04,0.37,1,False,"[{'fixture': 4, 'stats': [{'identifier': 'minutes', 'points': 1, 'value': 45, 'points_modification': 0}]}]",False
121,1,2025-26,0,0,0,0,0,0,0,0,0,0,0,0,0,0.0,0.0,0.0,0.0,0,0,0,0,0,0.00,0.00,0.00,0.00,0,False,"[{'fixture': 4, 'stats': [{'identifier': 'minutes', 'points': 0, 'value': 0, 'points_modification': 0}]}]",False
122,1,2025-26,45,0,0,0,3,0,0,0,0,0,0,0,5,4.0,1.8,0.0,0.6,0,2,2,4,1,0.00,0.01,0.01,1.49,1,False,"[{'fixture': 4, 'stats': [{'identifier': 'minutes', 'points': 1, 'value': 45, 'points_modification': 0}]}]",False
123,1,2025-26,90,0,0,0,3,0,0,0,0,0,0,0,7,5.4,5.0,3.0,1.3,0,4,3,7,1,0.03,0.03,0.06,1.86,2,False,"[{'fixture': 4, 'stats': [{'identifier': 'minutes', 'points': 2, 'value': 90, 'points_modification': 0}]}]",False
124,1,2025-26,21,0,0,0,0,0,0,0,0,0,0,0,2,0.0,1.1,0.0,0.1,0,3,0,3,0,0.00,0.00,0.00,0.00,1,False,"[{'fixture': 4, 'stats': [{'identifier': 'minutes', 'points': 1, 'value': 21, 'points_modification': 0}]}]",False
125,1,2025-26,0,0,0,0,0,0,0,0,0,0,0,0,0,0.0,0.0,0.0,0.0,0,0,0,0,0,0.00,0.00,0.00,0.00,0,False,"[{'fixture': 4, 'stats': [{'identifier': 'minutes', 'points': 0, 'value': 0, 'points_modification': 0}]}]",False
126,1,2025-26,68,0,0,0,3,0,0,0,0,0,0,0,10,9.0,25.4,8.0,4.2,2,1,2,5,1,0.13,0.03,0.16,1.86,2,False,"[{'fixture': 4, 'stats': [{'identifier': 'minutes', 'points': 2, 'value': 68, 'points_modification': 0}]}]",False
127,1,2025-26,0,0,0,0,0,0,0,0,0,0,0,0,0,0.0,0.0,0.0,0.0,0,0,0,0,0,0.00,0.00,0.00,0.00,0,False,"[{'fixture': 4, 'stats': [{'identifier': 'minutes', 'points': 0, 'value': 0, 'points_modification': 0}]}]",False
128,1,2025-26,21,0,1,0,0,0,0,0,0,0,0,0,9,0.0,0.1,2.0,0.1,0,1,0,1,0,0.00,0.00,0.00,0.00,4,False,"[{'fixture': 4, 'stats': [{'identifier': 'minutes', 'points': 1, 'value': 21, 'points_modification': 0}, {'identifier': 'assists', 'points': 3, 'value': 1, 'points_modification': 0}]}]",False
129,1,2025-26,90,0,0,0,3,0,0,0,0,0,0,0,10,3.6,10.8,7.0,2.1,0,9,0,9,1,0.08,0.01,0.09,1.86,2,False,"[{'fixture': 4, 'stats': [{'identifier': 'minutes', 'points': 2, 'value': 90, 'points_modification': 0}]}]",False
130,1,2025-26,0,0,0,0,0,0,0,0,0,0,0,0,0,0.0,0.0,0.0,0.0,0,0,0,0,0,0.00,0.00,0.00,0.00,0,False,"[{'fixture': 4, 'stats': [{'identifier': 'minutes', 'points': 0, 'value': 0, 'points_modification': 0}]}]",False
131,1,2025-26,0,0,0,0,0,0,0,0,0,0,0,0,0,0.0,0.0,0.0,0.0,0,0,0,0,0,0.00,0.00,0.00,0.00,0,False,"[{'fixture': 4, 'stats': [{'identifier': 'minutes', 'points': 0, 'value': 0, 'points_modification': 0}]}]",False
132,1,2025-26,0,0,0,0,0,0,0,0,0,0,0,0,0,0.0,0.0,0.0,0.0,0,0,0,0,0,0.00,0.00,0.00,0.00,0,False,"[{'fixture': 4, 'stats': [{'identifier': 'minutes', 'points': 0, 'value': 0, 'points_modification': 0}]}]",False
133,1,2025-26,0,0,0,0,0,0,0,0,0,0,0,0,0,0.0,0.0,0.0,0.0,0,0,0,0,0,0.00,0.00,0.00,0.00,0,False,"[{'fixture': 4, 'stats': [{'identifier': 'minutes', 'points': 0, 'value': 0, 'points_modification': 0}]}]",False
134,1,2025-26,0,0,0,0,0,0,0,0,0,0,0,0,0,0.0,0.0,0.0,0.0,0,0,0,0,0,0.00,0.00,0.00,0.00,0,False,"[{'fixture': 4, 'stats': [{'identifier': 'minutes', 'points': 0, 'value': 0, 'points_modification': 0}]}]",False
135,1,2025-26,0,0,0,0,0,0,0,0,0,0,0,0,0,0.0,0.0,0.0,0.0,0,0,0,0,0,0.00,0.00,0.00,0.00,0,False,"[{'fixture': 4, 'stats': [{'identifier': 'minutes', 'points': 0, 'value': 0, 'points_modification': 0}]}]",False
136,1,2025-26,90,1,0,0,3,0,0,0,0,0,0,0,17,36.4,10.7,22.0,6.9,1,0,1,2,1,0.91,0.01,0.92,1.86,6,False,"[{'fixture': 4, 'stats': [{'identifier': 'minutes', 'points': 2, 'value': 90, 'points_modification': 0}, {'identifier': 'goals_scored', 'points': 4, 'value': 1, 'points_modification': 0}]}]",False
137,1,2025-26,0,0,0,0,0,0,0,0,0,0,0,0,0,0.0,0.0,0.0,0.0,0,0,0,0,0,0.00,0.00,0.00,0.00,0,False,"[{'fixture': 4, 'stats': [{'identifier': 'minutes', 'points': 0, 'value': 0, 'points_modification': 0}]}]",False
138,1,2025-26,0,0,0,0,0,0,0,0,0,0,0,0,0,0.0,0.0,0.0,0.0,0,0,0,0,0,0.00,0.00,0.00,0.00,0,False,"[{'fixture': 3, 'stats': [{'identifier': 'minutes', 'points': 0, 'value': 0, 'points_modification': 0}]}]",False
139,1,2025-26,90,0,0,0,1,0,0,0,0,0,1,0,9,14.4,0.0,0.0,1.4,1,6,0,0,1,0.00,0.00,0.00,0.76,2,False,"[{'fixture': 3, 'stats': [{'identifier': 'minutes', 'points': 2, 'value': 90, 'points_modification': 0}]}]",False
140,1,2025-26,0,0,0,0,0,0,0,0,0,0,0,0,0,0.0,0.0,0.0,0.0,0,0,0,0,0,0.00,0.00,0.00,0.00,0,False,"[{'fixture': 3, 'stats': [{'identifier': 'minutes', 'points': 0, 'value': 0, 'points_modification': 0}]}]",False
141,1,2025-26,0,0,0,0,0,0,0,0,0,0,0,0,0,0.0,0.0,0.0,0.0,0,0,0,0,0,0.00,0.00,0.00,0.00,0,False,"[{'fixture': 3, 'stats': [{'identifier': 'minutes', 'points': 0, 'value': 0, 'points_modification': 0}]}]",False
142,1,2025-26,0,0,0,0,0,0,0,0,0,0,0,0,0,0.0,0.0,0.0,0.0,0,0,0,0,0,0.00,0.00,0.00,0.00,0,False,"[{'fixture': 3, 'stats': [{'identifier': 'minutes', 'points': 0, 'value': 0, 'points_modification': 0}]}]",False
143,1,2025-26,0,0,0,0,0,0,0,0,0,0,0,0,0,0.0,0.0,0.0,0.0,0,0,0,0,0,0.00,0.00,0.00,0.00,0,False,"[{'fixture': 3, 'stats': [{'identifier': 'minutes', 'points': 0, 'value': 0, 'points_modification': 0}]}]",False
144,1,2025-26,0,0,0,0,0,0,0,0,0,0,0,0,0,0.0,0.0,0.0,0.0,0,0,0,0,0,0.00,0.00,0.00,0.00,0,False,"[{'fixture': 3, 'stats': [{'identifier': 'minutes', 'points': 0, 'value': 0, 'points_modification': 0}]}]",False
145,1,2025-26,90,0,0,0,1,0,0,0,0,0,0,0,8,15.0,26.7,4.0,4.6,4,3,2,6,1,0.00,0.09,0.09,0.76,2,False,"[{'fixture': 3, 'stats': [{'identifier': 'minutes', 'points': 2, 'value': 90, 'points_modification': 0}]}]",False
146,1,2025-26,90,0,0,0,1,0,0,0,0,0,0,0,16,16.6,1.8,7.0,2.5,7,5,1,8,1,0.09,0.00,0.09,0.76,2,False,"[{'fixture': 3, 'stats': [{'identifier': 'minutes', 'points': 2, 'value': 90, 'points_modification': 0}]}]",False
147,1,2025-26,0,0,0,0,0,0,0,0,0,0,0,0,0,0.0,0.0,0.0,0.0,0,0,0,0,0,0.00,0.00,0.00,0.00,0,False,"[{'fixture': 3, 'stats': [{'identifier': 'minutes', 'points': 0, 'value': 0, 'points_modification': 0}]}]",False
148,1,2025-26,21,0,0,0,1,0,0,0,1,0,0,0,-5,0.0,1.3,0.0,0.1,1,0,0,1,0,0.00,0.00,0.00,0.24,0,False,"[{'fixture': 3, 'stats': [{'identifier': 'minutes', 'points': 1, 'value': 21, 'points_modification': 0}, {'identifier': 'yellow_cards', 'points': -1, 'value': 1, 'points_modification': 0}]}]",False
149,1,2025-26,0,0,0,0,0,0,0,0,0,0,0,0,0,0.0,0.0,0.0,0.0,0,0,0,0,0,0.00,0.00,0.00,0.00,0,False,"[{'fixture': 3, 'stats': [{'identifier': 'minutes', 'points': 0, 'value': 0, 'points_modification': 0}]}]",False
150,1,2025-26,0,0,0,0,0,0,0,0,0,0,0,0,0,0.0,0.0,0.0,0.0,0,0,0,0,0,0.00,0.00,0.00,0.00,0,False,"[{'fixture': 3, 'stats': [{'identifier': 'minutes', 'points': 0, 'value': 0, 'points_modification': 0}]}]",False
151,1,2025-26,90,0,0,0,1,0,0,0,0,0,0,0,15,28.0,1.3,0.0,2.9,7,4,1,8,1,0.00,0.13,0.13,0.76,2,False,"[{'fixture': 3, 'stats': [{'identifier': 'minutes', 'points': 2, 'value': 90, 'points_modification': 0}]}]",False
152,1,2025-26,0,0,0,0,0,0,0,0,0,0,0,0,0,0.0,0.0,0.0,0.0,0,0,0,0,0,0.00,0.00,0.00,0.00,0,False,"[{'fixture': 3, 'stats': [{'identifier': 'minutes', 'points': 0, 'value': 0, 'points_modification': 0}]}]",False
153,1,2025-26,0,0,0,0,0,0,0,0,0,0,0,0,0,0.0,0.0,0.0,0.0,0,0,0,0,0,0.00,0.00,0.00,0.00,0,False,"[{'fixture': 3, 'stats': [{'identifier': 'minutes', 'points': 0, 'value': 0, 'points_modification': 0}]}]",False
154,1,2025-26,0,0,0,0,0,0,0,0,0,0,0,0,0,0.0,0.0,0.0,0.0,0,0,0,0,0,0.00,0.00,0.00,0.00,0,False,"[{'fixture': 3, 'stats': [{'identifier': 'minutes', 'points': 0, 'value': 0, 'points_modification': 0}]}]",False
155,1,2025-26,0,0,0,0,0,0,0,0,0,0,0,0,0,0.0,0.0,0.0,0.0,0,0,0,0,0,0.00,0.00,0.00,0.00,0,False,"[{'fixture': 3, 'stats': [{'identifier': 'minutes', 'points': 0, 'value': 0, 'points_modification': 0}]}]",False
156,1,2025-26,0,0,0,0,0,0,0,0,0,0,0,0,0,0.0,0.0,0.0,0.0,0,0,0,0,0,0.00,0.00,0.00,0.00,0,False,"[{'fixture': 3, 'stats': [{'identifier': 'minutes', 'points': 0, 'value': 0, 'points_modification': 0}]}]",False
157,1,2025-26,82,0,0,1,0,0,0,0,1,0,0,0,-2,0.0,2.4,8.0,0.6,0,0,0,0,1,0.07,0.04,0.11,0.52,2,False,"[{'fixture': 3, 'stats': [{'identifier': 'minutes', 'points': 2, 'value': 82, 'points_modification': 0}, {'identifier': 'clean_sheets', 'points': 1, 'value': 1, 'points_modification': 0}, {'identifier': 'yellow_cards', 'points': -1, 'value': 1, 'points_modification': 0}]}]",False
158,1,2025-26,68,0,1,1,0,0,0,0,0,0,0,0,15,2.2,1.2,15.0,1.8,0,1,1,2,1,0.07,0.00,0.07,0.52,6,False,"[{'fixture': 3, 'stats': [{'identifier': 'minutes', 'points': 2, 'value': 68, 'points_modification': 0}, {'identifier': 'assists', 'points': 3, 'value': 1, 'points_modification': 0}, {'identifier': 'clean_sheets', 'points': 1, 'value': 1, 'points_modification': 0}]}]",False
159,1,2025-26,0,0,0,0,0,0,0,0,0,0,0,0,0,0.0,0.0,0.0,0.0,0,0,0,0,0,0.00,0.00,0.00,0.00,0,False,"[{'fixture': 3, 'stats': [{'identifier': 'minutes', 'points': 0, 'value': 0, 'points_modification': 0}]}]",False
160,1,2025-26,68,0,0,1,0,0,0,0,0,0,0,0,7,0.4,2.9,12.0,1.5,1,3,0,4,1,0.09,0.02,0.11,0.52,3,False,"[{'fixture': 3, 'stats': [{'identifier': 'minutes', 'points': 2, 'value': 68, 'points_modification': 0}, {'identifier': 'clean_sheets', 'points': 1, 'value': 1, 'points_modification': 0}]}]",False
161,1,2025-26,0,0,0,0,0,0,0,0,0,0,0,0,0,0.0,0.0,0.0,0.0,0,0,0,0,0,0.00,0.00,0.00,0.00,0,False,"[{'fixture': 3, 'stats': [{'identifier': 'minutes', 'points': 0, 'value': 0, 'points_modification': 0}]}]",False
162,1,2025-26,7,0,0,0,1,0,0,0,0,0,0,0,-2,0.2,0.3,4.0,0.5,0,1,1,2,0,0.31,0.00,0.31,0.24,1,False,"[{'fixture': 3, 'stats': [{'identifier': 'minutes', 'points': 1, 'value': 7, 'points_modification': 0}]}]",False
163,1,2025-26,0,0,0,0,0,0,0,0,0,0,0,0,0,0.0,0.0,0.0,0.0,0,0,0,0,0,0.00,0.00,0.00,0.00,0,False,"[{'fixture': 3, 'stats': [{'identifier': 'minutes', 'points': 0, 'value': 0, 'points_modification': 0}]}]",False
164,1,2025-26,87,1,0,1,0,0,0,0,0,0,0,2,24,45.8,44.3,25.0,11.5,0,0,3,3,1,0.79,0.14,0.93,0.52,10,True,"[{'fixture': 3, 'stats': [{'identifier': 'minutes', 'points': 2, 'value': 87, 'points_modification': 0}, {'identifier': 'goals_scored', 'points': 5, 'value': 1, 'points_modification': 0}, {'identifier': 'clean_sheets', 'points': 1, 'value': 1, 'points_modification': 0}, {'identifier': 'bonus', 'points': 2, 'value': 2, 'points_modification': 0}]}]",False
165,1,2025-26,0,0,0,0,0,0,0,0,0,0,0,0,0,0.0,0.0,0.0,0.0,0,0,0,0,0,0.00,0.00,0.00,0.00,0,False,"[{'fixture': 3, 'stats': [{'identifier': 'minutes', 'points': 0, 'value': 0, 'points_modification': 0}]}]",False
166,1,2025-26,90,0,0,0,1,0,0,0,0,0,0,1,20,7.2,3.2,2.0,1.2,3,6,1,10,1,0.00,0.12,0.12,0.76,3,False,"[{'fixture': 3, 'stats': [{'identifier': 'minutes', 'points': 2, 'value': 90, 'points_modification': 0}, {'identifier': 'bonus', 'points': 1, 'value': 1, 'points_modification': 0}]}]",False
167,1,2025-26,68,0,0,1,0,0,0,0,0,0,0,0,10,4.0,11.9,1.0,1.7,4,6,1,11,1,0.02,0.01,0.03,0.52,3,False,"[{'fixture': 3, 'stats': [{'identifier': 'minutes', 'points': 2, 'value': 68, 'points_modification': 0}, {'identifier': 'clean_sheets', 'points': 1, 'value': 1, 'points_modification': 0}]}]",False
168,1,2025-26,0,0,0,0,0,0,0,0,0,0,0,0,0,0.0,0.0,0.0,0.0,0,0,0,0,0,0.00,0.00,0.00,0.00,0,False,"[{'fixture': 3, 'stats': [{'identifier': 'minutes', 'points': 0, 'value': 0, 'points_modification': 0}]}]",False
169,1,2025-26,21,0,0,0,1,0,0,0,1,0,0,0,7,7.6,11.3,7.0,2.6,1,2,2,5,0,0.03,0.03,0.06,0.24,0,False,"[{'fixture': 3, 'stats': [{'identifier': 'minutes', 'points': 1, 'value': 21, 'points_modification': 0}, {'identifier': 'yellow_cards', 'points': -1, 'value': 1, 'points_modification': 0}]}]",False
170,1,2025-26,2,0,0,0,1,0,0,0,0,0,0,0,3,0.0,0.1,0.0,0.0,0,0,0,0,0,0.00,0.00,0.00,0.24,1,False,"[{'fixture': 3, 'stats': [{'identifier': 'minutes', 'points': 1, 'value': 2, 'points_modification': 0}]}]",False
171,1,2025-26,0,0,0,0,0,0,0,0,0,0,0,0,0,0.0,0.0,0.0,0.0,0,0,0,0,0,0.00,0.00,0.00,0.00,0,False,"[{'fixture': 3, 'stats': [{'identifier': 'minutes', 'points': 0, 'value': 0, 'points_modification': 0}]}]",False
172,1,2025-26,0,0,0,0,0,0,0,0,0,0,0,0,0,0.0,0.0,0.0,0.0,0,0,0,0,0,0.00,0.00,0.00,0.00,0,False,"[{'fixture': 3, 'stats': [{'identifier': 'minutes', 'points': 0, 'value': 0, 'points_modification': 0}]}]",False
173,1,2025-26,90,0,0,0,1,0,0,0,0,0,0,0,17,24.8,2.8,21.0,4.9,8,5,5,18,1,0.02,0.02,0.04,0.76,4,False,"[{'fixture': 3, 'stats': [{'identifier': 'minutes', 'points': 2, 'value': 90, 'points_modification': 0}, {'identifier': 'defensive_contribution', 'points': 2, 'value': 18, 'points_modification': 0}]}]",False
174,1,2025-26,0,0,0,0,0,0,0,0,0,0,0,0,0,0.0,0.0,0.0,0.0,0,0,0,0,0,0.00,0.00,0.00,0.00,0,False,"[{'fixture': 3, 'stats': [{'identifier': 'minutes', 'points': 0, 'value': 0, 'points_modification': 0}]}]",False
175,1,2025-26,0,0,0,0,0,0,0,0,0,0,0,0,0,0.0,0.0,0.0,0.0,0,0,0,0,0,0.00,0.00,0.00,0.00,0,False,"[{'fixture': 3, 'stats': [{'identifier': 'minutes', 'points': 0, 'value': 0, 'points_modification': 0}]}]",False
176,1,2025-26,0,0,0,0,0,0,0,0,0,0,0,0,0,0.0,0.0,0.0,0.0,0,0,0,0,0,0.00,0.00,0.00,0.00,0,False,"[{'fixture': 3, 'stats': [{'identifier': 'minutes', 'points': 0, 'value': 0, 'points_modification': 0}]}]",False
177,1,2025-26,0,0,0,0,0,0,0,0,0,0,0,0,0,0.0,0.0,0.0,0.0,0,0,0,0,0,0.00,0.00,0.00,0.00,0,False,"[{'fixture': 3, 'stats': [{'identifier': 'minutes', 'points': 0, 'value': 0, 'points_modification': 0}]}]",False
178,1,2025-26,21,0,0,0,1,0,0,0,0,0,0,0,3,2.2,0.6,2.0,0.5,0,0,1,1,0,0.00,0.00,0.00,0.24,1,False,"[{'fixture': 3, 'stats': [{'identifier': 'minutes', 'points': 1, 'value': 21, 'points_modification': 0}]}]",False
179,1,2025-26,0,0,0,0,0,0,0,0,0,0,0,0,0,0.0,0.0,0.0,0.0,0,0,0,0,0,0.00,0.00,0.00,0.00,0,False,"[{'fixture': 3, 'stats': [{'identifier': 'minutes', 'points': 0, 'value': 0, 'points_modification': 0}]}]",False
180,1,2025-26,0,0,0,0,0,0,0,0,0,0,0,0,0,0.0,0.0,0.0,0.0,0,0,0,0,0,0.00,0.00,0.00,0.00,0,False,"[{'fixture': 3, 'stats': [{'identifier': 'minutes', 'points': 0, 'value': 0, 'points_modification': 0}]}]",False
181,1,2025-26,0,0,0,0,0,0,0,0,0,0,0,0,0,0.0,0.0,0.0,0.0,0,0,0,0,0,0.00,0.00,0.00,0.00,0,False,"[{'fixture': 3, 'stats': [{'identifier': 'minutes', 'points': 0, 'value': 0, 'points_modification': 0}]}]",False
182,1,2025-26,90,0,0,1,0,0,0,0,0,0,3,0,31,28.8,0.0,0.0,2.9,2,10,0,0,1,0.00,0.00,0.00,0.56,7,False,"[{'fixture': 7, 'stats': [{'identifier': 'minutes', 'points': 2, 'value': 90, 'points_modification': 0}, {'identifier': 'clean_sheets', 'points': 4, 'value': 1, 'points_modification': 0}, {'identifier': 'saves', 'points': 1, 'value': 3, 'points_modification': 0}]}]",False
183,1,2025-26,0,0,0,0,0,0,0,0,0,0,0,0,0,0.0,0.0,0.0,0.0,0,0,0,0,0,0.00,0.00,0.00,0.00,0,False,"[{'fixture': 6, 'stats': [{'identifier': 'minutes', 'points': 0, 'value': 0, 'points_modification': 0}]}]",False
184,1,2025-26,0,0,0,0,0,0,0,0,0,0,0,0,0,0.0,0.0,0.0,0.0,0,0,0,0,0,0.00,0.00,0.00,0.00,0,False,"[{'fixture': 6, 'stats': [{'identifier': 'minutes', 'points': 0, 'value': 0, 'points_modification': 0}]}]",False
185,1,2025-26,0,0,0,0,0,0,0,0,0,0,0,0,0,0.0,0.0,0.0,0.0,0,0,0,0,0,0.00,0.00,0.00,0.00,0,False,"[{'fixture': 6, 'stats': [{'identifier': 'minutes', 'points': 0, 'value': 0, 'points_modification': 0}]}]",False
186,1,2025-26,0,0,0,0,0,0,0,0,0,0,0,0,0,0.0,0.0,0.0,0.0,0,0,0,0,0,0.00,0.00,0.00,0.00,0,False,"[{'fixture': 6, 'stats': [{'identifier': 'minutes', 'points': 0, 'value': 0, 'points_modification': 0}]}]",False
187,1,2025-26,90,0,0,0,3,0,0,0,0,0,0,0,-3,8.2,0.9,1.0,1.0,5,4,0,5,1,0.01,0.02,0.03,2.32,1,False,"[{'fixture': 6, 'stats': [{'identifier': 'minutes', 'points': 2, 'value': 90, 'points_modification': 0}, {'identifier': 'goals_conceded', 'points': -1, 'value': 3, 'points_modification': 0}]}]",False
188,1,2025-26,0,0,0,0,0,0,0,0,0,0,0,0,0,0.0,0.0,0.0,0.0,0,0,0,0,0,0.00,0.00,0.00,0.00,0,False,"[{'fixture': 6, 'stats': [{'identifier': 'minutes', 'points': 0, 'value': 0, 'points_modification': 0}]}]",False
189,1,2025-26,0,0,0,0,0,0,0,0,0,0,0,0,0,0.0,0.0,0.0,0.0,0,0,0,0,0,0.00,0.00,0.00,0.00,0,False,"[{'fixture': 6, 'stats': [{'identifier': 'minutes', 'points': 0, 'value': 0, 'points_modification': 0}]}]",False
190,1,2025-26,90,0,0,0,3,0,0,0,0,0,0,0,-5,9.8,0.5,8.0,1.8,5,1,0,5,1,0.00,0.00,0.00,2.32,1,False,"[{'fixture': 6, 'stats': [{'identifier': 'minutes', 'points': 2, 'value': 90, 'points_modification': 0}, {'identifier': 'goals_conceded', 'points': -1, 'value': 3, 'points_modification': 0}]}]",False
191,1,2025-26,90,0,0,0,3,0,0,0,0,0,0,0,0,19.4,0.5,17.0,3.7,8,2,0,8,1,0.05,0.00,0.05,2.32,1,False,"[{'fixture': 6, 'stats': [{'identifier': 'minutes', 'points': 2, 'value': 90, 'points_modification': 0}, {'identifier': 'goals_conceded', 'points': -1, 'value': 3, 'points_modification': 0}]}]",False
192,1,2025-26,90,0,0,0,3,0,0,0,0,0,0,0,-2,13.4,11.7,2.0,2.7,5,2,1,6,1,0.00,0.04,0.04,2.32,1,False,"[{'fixture': 6, 'stats': [{'identifier': 'minutes', 'points': 2, 'value': 90, 'points_modification': 0}, {'identifier': 'goals_conceded', 'points': -1, 'value': 3, 'points_modification': 0}]}]",False
193,1,2025-26,0,0,0,0,0,0,0,0,0,0,0,0,0,0.0,0.0,0.0,0.0,0,0,0,0,0,0.00,0.00,0.00,0.00,0,False,"[{'fixture': 6, 'stats': [{'identifier': 'minutes', 'points': 0, 'value': 0, 'points_modification': 0}]}]",False
194,1,2025-26,0,0,0,0,0,0,0,0,0,0,0,0,0,0.0,0.0,0.0,0.0,0,0,0,0,0,0.00,0.00,0.00,0.00,0,False,"[{'fixture': 6, 'stats': [{'identifier': 'minutes', 'points': 0, 'value': 0, 'points_modification': 0}]}]",False
195,1,2025-26,0,0,0,0,0,0,0,0,0,0,0,0,0,0.0,0.0,0.0,0.0,0,0,0,0,0,0.00,0.00,0.00,0.00,0,False,"[{'fixture': 6, 'stats': [{'identifier': 'minutes', 'points': 0, 'value': 0, 'points_modification': 0}]}]",False
196,1,2025-26,0,0,0,0,0,0,0,0,0,0,0,0,0,0.0,0.0,0.0,0.0,0,0,0,0,0,0.00,0.00,0.00,0.00,0,False,"[{'fixture': 6, 'stats': [{'identifier': 'minutes', 'points': 0, 'value': 0, 'points_modification': 0}]}]",False
197,1,2025-26,73,0,0,0,3,0,0,0,0,0,0,0,-4,4.6,15.9,6.0,2.7,0,1,0,0,1,0.03,0.08,0.11,2.09,1,False,"[{'fixture': 6, 'stats': [{'identifier': 'minutes', 'points': 2, 'value': 73, 'points_modification': 0}, {'identifier': 'goals_conceded', 'points': -1, 'value': 3, 'points_modification': 0}]}]",False
198,1,2025-26,0,0,0,0,0,0,0,0,0,0,0,0,0,0.0,0.0,0.0,0.0,0,0,0,0,0,0.00,0.00,0.00,0.00,0,False,"[{'fixture': 6, 'stats': [{'identifier': 'minutes', 'points': 0, 'value': 0, 'points_modification': 0}]}]",False
199,1,2025-26,0,0,0,0,0,0,0,0,0,0,0,0,0,0.0,0.0,0.0,0.0,0,0,0,0,0,0.00,0.00,0.00,0.00,0,False,"[{'fixture': 6, 'stats': [{'identifier': 'minutes', 'points': 0, 'value': 0, 'points_modification': 0}]}]",False
200,1,2025-26,84,0,0,0,3,0,0,0,0,0,0,0,9,7.0,26.2,32.0,6.5,0,4,0,4,1,0.44,0.36,0.80,2.32,2,False,"[{'fixture': 6, 'stats': [{'identifier': 'minutes', 'points': 2, 'value': 84, 'points_modification': 0}]}]",False
201,1,2025-26,0,0,0,0,0,0,0,0,0,0,0,0,0,0.0,0.0,0.0,0.0,0,0,0,0,0,0.00,0.00,0.00,0.00,0,False,"[{'fixture': 6, 'stats': [{'identifier': 'minutes', 'points': 0, 'value': 0, 'points_modification': 0}]}]",False
202,1,2025-26,27,0,0,0,1,0,0,0,0,0,0,0,2,3.6,0.7,8.0,1.2,1,1,0,2,0,0.00,0.01,0.01,0.91,1,False,"[{'fixture': 6, 'stats': [{'identifier': 'minutes', 'points': 1, 'value': 27, 'points_modification': 0}]}]",False
203,1,2025-26,0,0,0,0,0,0,0,0,0,0,0,0,0,0.0,0.0,0.0,0.0,0,0,0,0,0,0.00,0.00,0.00,0.00,0,False,"[{'fixture': 6, 'stats': [{'identifier': 'minutes', 'points': 0, 'value': 0, 'points_modification': 0}]}]",False
204,1,2025-26,0,0,0,0,0,0,0,0,0,0,0,0,0,0.0,0.0,0.0,0.0,0,0,0,0,0,0.00,0.00,0.00,0.00,0,False,"[{'fixture': 6, 'stats': [{'identifier': 'minutes', 'points': 0, 'value': 0, 'points_modification': 0}]}]",False
205,1,2025-26,90,0,0,0,3,0,0,0,0,0,0,0,21,23.8,59.4,0.0,8.3,5,4,3,12,1,0.00,0.28,0.28,2.32,4,False,"[{'fixture': 6, 'stats': [{'identifier': 'minutes', 'points': 2, 'value': 90, 'points_modification': 0}, {'identifier': 'defensive_contribution', 'points': 2, 'value': 12, 'points_modification': 0}]}]",False
206,1,2025-26,5,0,0,0,0,0,0,0,0,0,0,0,3,0.0,0.0,0.0,0.0,0,0,0,0,0,0.00,0.00,0.00,0.00,1,False,"[{'fixture': 6, 'stats': [{'identifier': 'minutes', 'points': 1, 'value': 5, 'points_modification': 0}]}]",False
207,1,2025-26,62,0,0,0,2,0,0,0,0,0,0,0,8,0.0,1.7,5.0,0.6,0,1,0,1,1,0.03,0.01,0.04,1.41,2,False,"[{'fixture': 6, 'stats': [{'identifier': 'minutes', 'points': 2, 'value': 62, 'points_modification': 0}]}]",False
208,1,2025-26,0,0,0,0,0,0,0,0,0,0,0,0,0,0.0,0.0,0.0,0.0,0,0,0,0,0,0.00,0.00,0.00,0.00,0,False,"[{'fixture': 6, 'stats': [{'identifier': 'minutes', 'points': 0, 'value': 0, 'points_modification': 0}]}]",False
209,1,2025-26,62,0,0,0,2,0,0,0,0,0,0,0,11,10.6,11.2,20.0,4.2,2,3,1,6,1,0.11,0.13,0.24,1.41,2,False,"[{'fixture': 6, 'stats': [{'identifier': 'minutes', 'points': 2, 'value': 62, 'points_modification': 0}]}]",False
210,1,2025-26,16,0,0,0,0,0,0,0,0,0,0,0,4,3.2,0.8,0.0,0.4,0,1,1,2,0,0.00,0.01,0.01,0.23,1,False,"[{'fixture': 6, 'stats': [{'identifier': 'minutes', 'points': 1, 'value': 16, 'points_modification': 0}]}]",False
211,1,2025-26,0,0,0,0,0,0,0,0,0,0,0,0,0,0.0,0.0,0.0,0.0,0,0,0,0,0,0.00,0.00,0.00,0.00,0,False,"[{'fixture': 6, 'stats': [{'identifier': 'minutes', 'points': 0, 'value': 0, 'points_modification': 0}]}]",False
212,1,2025-26,0,0,0,0,0,0,0,0,0,0,0,0,0,0.0,0.0,0.0,0.0,0,0,0,0,0,0.00,0.00,0.00,0.00,0,False,"[{'fixture': 6, 'stats': [{'identifier': 'minutes', 'points': 0, 'value': 0, 'points_modification': 0}]}]",False
213,1,2025-26,0,0,0,0,0,0,0,0,0,0,0,0,0,0.0,0.0,0.0,0.0,0,0,0,0,0,0.00,0.00,0.00,0.00,0,False,"[{'fixture': 6, 'stats': [{'identifier': 'minutes', 'points': 0, 'value': 0, 'points_modification': 0}]}]",False
214,1,2025-26,0,0,0,0,0,0,0,0,0,0,0,0,0,0.0,0.0,0.0,0.0,0,0,0,0,0,0.00,0.00,0.00,0.00,0,False,"[{'fixture': 6, 'stats': [{'identifier': 'minutes', 'points': 0, 'value': 0, 'points_modification': 0}]}]",False
215,1,2025-26,16,0,0,0,0,0,0,0,0,0,0,0,3,0.0,0.0,0.0,0.0,0,0,0,0,0,0.00,0.00,0.00,0.23,1,False,"[{'fixture': 6, 'stats': [{'identifier': 'minutes', 'points': 1, 'value': 16, 'points_modification': 0}]}]",False
216,1,2025-26,0,0,0,0,0,0,0,0,0,0,0,0,0,0.0,0.0,0.0,0.0,0,0,0,0,0,0.00,0.00,0.00,0.00,0,False,"[{'fixture': 6, 'stats': [{'identifier': 'minutes', 'points': 0, 'value': 0, 'points_modification': 0}]}]",False
217,1,2025-26,73,0,0,0,3,0,0,0,0,0,0,0,6,4.8,22.7,10.0,3.8,2,1,0,3,1,0.22,0.04,0.26,2.09,2,False,"[{'fixture': 6, 'stats': [{'identifier': 'minutes', 'points': 2, 'value': 73, 'points_modification': 0}]}]",False
218,1,2025-26,0,0,0,0,0,0,0,0,0,0,0,0,0,0.0,0.0,0.0,0.0,0,0,0,0,0,0.00,0.00,0.00,0.00,0,False,"[{'fixture': 6, 'stats': [{'identifier': 'minutes', 'points': 0, 'value': 0, 'points_modification': 0}]}]",False
219,1,2025-26,0,0,0,0,0,0,0,0,0,0,0,0,0,0.0,0.0,0.0,0.0,0,0,0,0,0,0.00,0.00,0.00,0.00,0,False,"[{'fixture': 6, 'stats': [{'identifier': 'minutes', 'points': 0, 'value': 0, 'points_modification': 0}]}]",False
220,1,2025-26,90,0,0,1,0,0,0,0,0,0,4,1,31,24.4,0.0,0.0,2.4,1,8,0,0,1,0.00,0.00,0.00,0.66,8,False,"[{'fixture': 8, 'stats': [{'identifier': 'minutes', 'points': 2, 'value': 90, 'points_modification': 0}, {'identifier': 'clean_sheets', 'points': 4, 'value': 1, 'points_modification': 0}, {'identifier': 'saves', 'points': 1, 'value': 4, 'points_modification': 0}, {'identifier': 'bonus', 'points': 1, 'value': 1, 'points_modification': 0}]}]",False
221,1,2025-26,0,0,0,0,0,0,0,0,0,0,0,0,0,0.0,0.0,0.0,0.0,0,0,0,0,0,0.00,0.00,0.00,0.00,0,False,"[{'fixture': 8, 'stats': [{'identifier': 'minutes', 'points': 0, 'value': 0, 'points_modification': 0}]}]",False
222,1,2025-26,0,0,0,0,0,0,0,0,0,0,0,0,0,0.0,0.0,0.0,0.0,0,0,0,0,0,0.00,0.00,0.00,0.00,0,False,"[{'fixture': 8, 'stats': [{'identifier': 'minutes', 'points': 0, 'value': 0, 'points_modification': 0}]}]",False
223,1,2025-26,0,0,0,0,0,0,0,0,0,0,0,0,0,0.0,0.0,0.0,0.0,0,0,0,0,0,0.00,0.00,0.00,0.00,0,False,"[{'fixture': 8, 'stats': [{'identifier': 'minutes', 'points': 0, 'value': 0, 'points_modification': 0}]}]",False
224,1,2025-26,90,0,0,1,0,0,0,0,0,0,0,2,34,11.6,15.8,13.0,4.0,2,4,2,4,1,0.11,0.10,0.21,0.66,8,False,"[{'fixture': 8, 'stats': [{'identifier': 'minutes', 'points': 2, 'value': 90, 'points_modification': 0}, {'identifier': 'clean_sheets', 'points': 4, 'value': 1, 'points_modification': 0}, {'identifier': 'bonus', 'points': 2, 'value': 2, 'points_modification': 0}]}]",False
225,1,2025-26,78,0,0,1,0,0,0,0,1,0,0,0,29,17.0,46.6,0.0,6.4,6,6,1,7,1,0.00,0.19,0.19,0.61,5,False,"[{'fixture': 8, 'stats': [{'identifier': 'minutes', 'points': 2, 'value': 78, 'points_modification': 0}, {'identifier': 'clean_sheets', 'points': 4, 'value': 1, 'points_modification': 0}, {'identifier': 'yellow_cards', 'points': -1, 'value': 1, 'points_modification': 0}]}]",False
226,1,2025-26,90,0,0,1,0,0,0,0,0,0,0,0,25,21.4,4.9,4.0,3.0,9,3,0,9,1,0.09,0.03,0.12,0.66,6,False,"[{'fixture': 8, 'stats': [{'identifier': 'minutes', 'points': 2, 'value': 90, 'points_modification': 0}, {'identifier': 'clean_sheets', 'points': 4, 'value': 1, 'points_modification': 0}]}]",False
227,1,2025-26,0,0,0,0,0,0,0,0,0,0,0,0,0,0.0,0.0,0.0,0.0,0,0,0,0,0,0.00,0.00,0.00,0.00,0,False,"[{'fixture': 8, 'stats': [{'identifier': 'minutes', 'points': 0, 'value': 0, 'points_modification': 0}]}]",False
228,1,2025-26,11,0,0,0,0,0,0,0,0,0,0,0,2,0.0,1.3,1.0,0.2,0,0,0,0,0,0.02,0.00,0.02,0.05,1,False,"[{'fixture': 8, 'stats': [{'identifier': 'minutes', 'points': 1, 'value': 11, 'points_modification': 0}]}]",False
229,1,2025-26,0,0,0,0,0,0,0,0,0,0,0,0,0,0.0,0.0,0.0,0.0,0,0,0,0,0,0.00,0.00,0.00,0.00,0,False,"[{'fixture': 8, 'stats': [{'identifier': 'minutes', 'points': 0, 'value': 0, 'points_modification': 0}]}]",False
230,1,2025-26,0,0,0,0,0,0,0,0,0,0,0,0,0,0.0,0.0,0.0,0.0,0,0,0,0,0,0.00,0.00,0.00,0.00,0,False,"[{'fixture': 8, 'stats': [{'identifier': 'minutes', 'points': 0, 'value': 0, 'points_modification': 0}]}]",False
231,1,2025-26,0,0,0,0,0,0,0,0,0,0,0,0,0,0.0,0.0,0.0,0.0,0,0,0,0,0,0.00,0.00,0.00,0.00,0,False,"[{'fixture': 8, 'stats': [{'identifier': 'minutes', 'points': 0, 'value': 0, 'points_modification': 0}]}]",False
232,1,2025-26,0,0,0,0,0,0,0,0,0,0,0,0,0,0.0,0.0,0.0,0.0,0,0,0,0,0,0.00,0.00,0.00,0.00,0,False,"[{'fixture': 8, 'stats': [{'identifier': 'minutes', 'points': 0, 'value': 0, 'points_modification': 0}]}]",False
233,1,2025-26,90,0,0,1,0,0,0,0,0,0,0,3,35,16.2,2.3,10.0,2.9,6,4,2,8,1,0.09,0.01,0.10,0.66,9,False,"[{'fixture': 8, 'stats': [{'identifier': 'minutes', 'points': 2, 'value': 90, 'points_modification': 0}, {'identifier': 'clean_sheets', 'points': 4, 'value': 1, 'points_modification': 0}, {'identifier': 'bonus', 'points': 3, 'value': 3, 'points_modification': 0}]}]",False
234,1,2025-26,0,0,0,0,0,0,0,0,0,0,0,0,0,0.0,0.0,0.0,0.0,0,0,0,0,0,0.00,0.00,0.00,0.00,0,False,"[{'fixture': 8, 'stats': [{'identifier': 'minutes', 'points': 0, 'value': 0, 'points_modification': 0}]}]",False
235,1,2025-26,90,0,0,1,0,0,0,0,0,0,0,0,10,4.8,16.9,23.0,4.5,0,4,1,5,1,0.17,0.03,0.20,0.66,3,False,"[{'fixture': 8, 'stats': [{'identifier': 'minutes', 'points': 2, 'value': 90, 'points_modification': 0}, {'identifier': 'clean_sheets', 'points': 1, 'value': 1, 'points_modification': 0}]}]",False
236,1,2025-26,90,0,0,1,0,0,0,0,0,0,0,0,18,13.8,37.7,10.0,6.2,1,4,1,6,1,0.03,0.36,0.39,0.66,3,False,"[{'fixture': 8, 'stats': [{'identifier': 'minutes', 'points': 2, 'value': 90, 'points_modification': 0}, {'identifier': 'clean_sheets', 'points': 1, 'value': 1, 'points_modification': 0}]}]",False
237,1,2025-26,78,0,0,1,0,0,0,0,0,0,0,0,11,3.6,16.5,2.0,2.2,0,0,0,0,1,0.00,0.10,0.10,0.61,3,False,"[{'fixture': 8, 'stats': [{'identifier': 'minutes', 'points': 2, 'value': 78, 'points_modification': 0}, {'identifier': 'clean_sheets', 'points': 1, 'value': 1, 'points_modification': 0}]}]",False
238,1,2025-26,36,0,0,0,0,0,0,0,1,0,0,0,-3,1.2,4.9,8.0,1.4,1,2,0,3,0,0.34,0.37,0.71,0.07,0,False,"[{'fixture': 8, 'stats': [{'identifier': 'minutes', 'points': 1, 'value': 36, 'points_modification': 0}, {'identifier': 'yellow_cards', 'points': -1, 'value': 1, 'points_modification': 0}]}]",False
239,1,2025-26,53,0,0,0,0,0,0,0,0,0,0,0,2,7.2,22.8,8.0,3.8,1,1,1,3,1,0.07,0.07,0.14,0.59,1,False,"[{'fixture': 8, 'stats': [{'identifier': 'minutes', 'points': 1, 'value': 53, 'points_modification': 0}]}]",False
240,1,2025-26,0,0,0,0,0,0,0,0,0,0,0,0,0,0.0,0.0,0.0,0.0,0,0,0,0,0,0.00,0.00,0.00,0.00,0,False,"[{'fixture': 8, 'stats': [{'identifier': 'minutes', 'points': 0, 'value': 0, 'points_modification': 0}]}]",False
241,1,2025-26,90,0,0,1,0,0,0,0,0,0,0,0,18,31.2,3.9,2.0,3.7,6,1,5,12,1,0.04,0.04,0.08,0.66,5,False,"[{'fixture': 8, 'stats': [{'identifier': 'minutes', 'points': 2, 'value': 90, 'points_modification': 0}, {'identifier': 'clean_sheets', 'points': 1, 'value': 1, 'points_modification': 0}, {'identifier': 'defensive_contribution', 'points': 2, 'value': 12, 'points_modification': 0}]}]",False
242,1,2025-26,90,0,0,0,1,0,0,0,0,0,0,0,15,12.6,27.4,2.0,4.2,2,2,2,6,1,0.00,0.24,0.24,2.07,2,False,"[{'fixture': 10, 'stats': [{'identifier': 'minutes', 'points': 2, 'value': 90, 'points_modification': 0}]}]",False
243,1,2025-26,0,0,0,0,0,0,0,0,0,0,0,0,0,0.0,0.0,0.0,0.0,0,0,0,0,0,0.00,0.00,0.00,0.00,0,False,"[{'fixture': 8, 'stats': [{'identifier': 'minutes', 'points': 0, 'value': 0, 'points_modification': 0}]}]",False
244,1,2025-26,0,0,0,0,0,0,0,0,0,0,0,0,0,0.0,0.0,0.0,0.0,0,0,0,0,0,0.00,0.00,0.00,0.00,0,False,"[{'fixture': 8, 'stats': [{'identifier': 'minutes', 'points': 0, 'value': 0, 'points_modification': 0}]}]",False
245,1,2025-26,0,0,0,0,0,0,0,0,0,0,0,0,0,0.0,0.0,0.0,0.0,0,0,0,0,0,0.00,0.00,0.00,0.00,0,False,"[{'fixture': 8, 'stats': [{'identifier': 'minutes', 'points': 0, 'value': 0, 'points_modification': 0}]}]",False
246,1,2025-26,11,0,0,0,0,0,0,0,0,0,0,0,1,0.4,0.3,21.0,2.2,0,0,0,0,0,0.31,0.00,0.31,0.05,1,False,"[{'fixture': 8, 'stats': [{'identifier': 'minutes', 'points': 1, 'value': 11, 'points_modification': 0}]}]",False
247,1,2025-26,0,0,0,0,0,0,0,0,0,0,0,0,0,0.0,0.0,0.0,0.0,0,0,0,0,0,0.00,0.00,0.00,0.00,0,False,"[{'fixture': 8, 'stats': [{'identifier': 'minutes', 'points': 0, 'value': 0, 'points_modification': 0}]}]",False
248,1,2025-26,0,0,0,0,0,0,0,0,0,0,0,0,0,0.0,0.0,0.0,0.0,0,0,0,0,0,0.00,0.00,0.00,0.00,0,False,"[{'fixture': 8, 'stats': [{'identifier': 'minutes', 'points': 0, 'value': 0, 'points_modification': 0}]}]",False
249,1,2025-26,72,0,0,1,0,0,0,0,0,0,0,0,3,0.0,5.1,16.0,1.9,0,1,0,1,1,0.28,0.02,0.30,0.60,2,False,"[{'fixture': 8, 'stats': [{'identifier': 'minutes', 'points': 2, 'value': 72, 'points_modification': 0}]}]",False
250,1,2025-26,17,0,0,0,0,0,0,0,0,0,0,0,4,5.4,1.3,19.0,2.6,1,1,0,2,0,0.05,0.01,0.06,0.05,1,False,"[{'fixture': 8, 'stats': [{'identifier': 'minutes', 'points': 1, 'value': 17, 'points_modification': 0}]}]",False
251,1,2025-26,0,0,0,0,0,0,0,0,0,0,0,0,0,0.0,0.0,0.0,0.0,0,0,0,0,0,0.00,0.00,0.00,0.00,0,False,"[{'fixture': 8, 'stats': [{'identifier': 'minutes', 'points': 0, 'value': 0, 'points_modification': 0}]}]",False
252,1,2025-26,0,0,0,0,0,0,0,0,0,0,0,0,0,0.0,0.0,0.0,0.0,0,0,0,0,0,0.00,0.00,0.00,0.00,0,False,"[{'fixture': 5, 'stats': [{'identifier': 'minutes', 'points': 0, 'value': 0, 'points_modification': 0}]}]",False
253,1,2025-26,90,0,0,1,0,0,0,0,0,0,2,0,27,22.4,10.0,0.0,3.2,2,5,0,0,1,0.00,0.00,0.00,1.60,6,False,"[{'fixture': 8, 'stats': [{'identifier': 'minutes', 'points': 2, 'value': 90, 'points_modification': 0}, {'identifier': 'clean_sheets', 'points': 4, 'value': 1, 'points_modification': 0}]}]",False
254,1,2025-26,0,0,0,0,0,0,0,0,0,0,0,0,0,0.0,0.0,0.0,0.0,0,0,0,0,0,0.00,0.00,0.00,0.00,0,False,"[{'fixture': 8, 'stats': [{'identifier': 'minutes', 'points': 0, 'value': 0, 'points_modification': 0}]}]",False
255,1,2025-26,0,0,0,0,0,0,0,0,0,0,0,0,0,0.0,0.0,0.0,0.0,0,0,0,0,0,0.00,0.00,0.00,0.00,0,False,"[{'fixture': 8, 'stats': [{'identifier': 'minutes', 'points': 0, 'value': 0, 'points_modification': 0}]}]",False
256,1,2025-26,90,0,0,1,0,0,0,0,1,0,0,0,17,10.0,0.4,6.0,1.6,6,2,2,8,1,0.05,0.00,0.05,1.60,5,False,"[{'fixture': 8, 'stats': [{'identifier': 'minutes', 'points': 2, 'value': 90, 'points_modification': 0}, {'identifier': 'clean_sheets', 'points': 4, 'value': 1, 'points_modification': 0}, {'identifier': 'yellow_cards', 'points': -1, 'value': 1, 'points_modification': 0}]}]",False
257,1,2025-26,90,0,0,1,0,0,0,0,0,0,0,0,25,30.8,0.1,0.0,3.1,13,2,3,16,1,0.00,0.00,0.00,1.60,8,False,"[{'fixture': 8, 'stats': [{'identifier': 'minutes', 'points': 2, 'value': 90, 'points_modification': 0}, {'identifier': 'clean_sheets', 'points': 4, 'value': 1, 'points_modification': 0}, {'identifier': 'defensive_contribution', 'points': 2, 'value': 16, 'points_modification': 0}]}]",False
258,1,2025-26,90,0,0,1,0,0,0,0,0,0,0,1,31,26.0,0.3,0.0,2.6,6,5,5,11,1,0.00,0.00,0.00,1.60,9,False,"[{'fixture': 8, 'stats': [{'identifier': 'minutes', 'points': 2, 'value': 90, 'points_modification': 0}, {'identifier': 'clean_sheets', 'points': 4, 'value': 1, 'points_modification': 0}, {'identifier': 'bonus', 'points': 1, 'value': 1, 'points_modification': 0}, {'identifier': 'defensive_contribution', 'points': 2, 'value': 11, 'points_modification': 0}]}]",False
259,1,2025-26,0,0,0,0,0,0,0,0,0,0,0,0,0,0.0,0.0,0.0,0.0,0,0,0,0,0,0.00,0.00,0.00,0.00,0,False,"[{'fixture': 8, 'stats': [{'identifier': 'minutes', 'points': 0, 'value': 0, 'points_modification': 0}]}]",False
260,1,2025-26,90,0,0,1,0,0,0,0,0,0,0,0,22,13.8,10.0,2.0,2.6,5,1,1,6,1,0.00,0.00,0.00,1.60,6,False,"[{'fixture': 8, 'stats': [{'identifier': 'minutes', 'points': 2, 'value': 90, 'points_modification': 0}, {'identifier': 'clean_sheets', 'points': 4, 'value': 1, 'points_modification': 0}]}]",False
261,1,2025-26,90,0,0,1,0,0,0,0,0,0,0,0,24,21.8,0.0,4.0,2.6,6,0,2,8,1,0.08,0.01,0.09,1.60,6,False,"[{'fixture': 8, 'stats': [{'identifier': 'minutes', 'points': 2, 'value': 90, 'points_modification': 0}, {'identifier': 'clean_sheets', 'points': 4, 'value': 1, 'points_modification': 0}]}]",False
262,1,2025-26,0,0,0,0,0,0,0,0,0,0,0,0,0,0.0,0.0,0.0,0.0,0,0,0,0,0,0.00,0.00,0.00,0.00,0,False,"[{'fixture': 8, 'stats': [{'identifier': 'minutes', 'points': 0, 'value': 0, 'points_modification': 0}]}]",False
263,1,2025-26,0,0,0,0,0,0,0,0,0,0,0,0,0,0.0,0.0,0.0,0.0,0,0,0,0,0,0.00,0.00,0.00,0.00,0,False,"[{'fixture': 8, 'stats': [{'identifier': 'minutes', 'points': 0, 'value': 0, 'points_modification': 0}]}]",False
264,1,2025-26,0,0,0,0,0,0,0,0,0,0,0,0,0,0.0,0.0,0.0,0.0,0,0,0,0,0,0.00,0.00,0.00,0.00,0,False,"[{'fixture': 8, 'stats': [{'identifier': 'minutes', 'points': 0, 'value': 0, 'points_modification': 0}]}]",False
265,1,2025-26,0,0,0,0,0,0,0,0,0,0,0,0,0,0.0,0.0,0.0,0.0,0,0,0,0,0,0.00,0.00,0.00,0.00,0,False,"[{'fixture': 8, 'stats': [{'identifier': 'minutes', 'points': 0, 'value': 0, 'points_modification': 0}]}]",False
266,1,2025-26,83,0,0,1,0,0,0,0,0,0,0,0,10,7.2,2.6,26.0,3.6,1,5,1,7,1,0.24,0.00,0.24,1.22,3,False,"[{'fixture': 8, 'stats': [{'identifier': 'minutes', 'points': 2, 'value': 83, 'points_modification': 0}, {'identifier': 'clean_sheets', 'points': 1, 'value': 1, 'points_modification': 0}]}]",False
267,1,2025-26,90,0,0,1,0,0,0,0,0,0,0,0,16,10.0,15.5,0.0,2.6,4,3,0,7,1,0.00,0.01,0.01,1.60,3,False,"[{'fixture': 8, 'stats': [{'identifier': 'minutes', 'points': 2, 'value': 90, 'points_modification': 0}, {'identifier': 'clean_sheets', 'points': 1, 'value': 1, 'points_modification': 0}]}]",False
268,1,2025-26,0,0,0,0,0,0,0,0,0,0,0,0,0,0.0,0.0,0.0,0.0,0,0,0,0,0,0.00,0.00,0.00,0.00,0,False,"[{'fixture': 8, 'stats': [{'identifier': 'minutes', 'points': 0, 'value': 0, 'points_modification': 0}]}]",False
269,1,2025-26,0,0,0,0,0,0,0,0,0,0,0,0,0,0.0,0.0,0.0,0.0,0,0,0,0,0,0.00,0.00,0.00,0.00,0,False,"[{'fixture': 8, 'stats': [{'identifier': 'minutes', 'points': 0, 'value': 0, 'points_modification': 0}]}]",False
270,1,2025-26,69,0,0,1,0,0,0,0,1,0,0,0,7,14.4,0.1,0.0,1.5,6,3,0,9,1,0.00,0.00,0.00,1.22,2,False,"[{'fixture': 8, 'stats': [{'identifier': 'minutes', 'points': 2, 'value': 69, 'points_modification': 0}, {'identifier': 'clean_sheets', 'points': 1, 'value': 1, 'points_modification': 0}, {'identifier': 'yellow_cards', 'points': -1, 'value': 1, 'points_modification': 0}]}]",False
271,1,2025-26,0,0,0,0,0,0,0,0,0,0,0,0,0,0.0,0.0,0.0,0.0,0,0,0,0,0,0.00,0.00,0.00,0.00,0,False,"[{'fixture': 8, 'stats': [{'identifier': 'minutes', 'points': 0, 'value': 0, 'points_modification': 0}]}]",False
272,1,2025-26,20,0,0,0,0,0,0,0,0,0,0,0,3,1.0,1.0,2.0,0.4,1,2,0,3,0,0.00,0.00,0.00,0.38,1,False,"[{'fixture': 8, 'stats': [{'identifier': 'minutes', 'points': 1, 'value': 20, 'points_modification': 0}]}]",False
273,1,2025-26,90,0,0,1,0,0,0,0,0,0,0,0,14,14.6,22.3,0.0,3.7,2,4,0,6,1,0.00,0.05,0.05,1.60,3,False,"[{'fixture': 8, 'stats': [{'identifier': 'minutes', 'points': 2, 'value': 90, 'points_modification': 0}, {'identifier': 'clean_sheets', 'points': 1, 'value': 1, 'points_modification': 0}]}]",False
274,1,2025-26,0,0,0,0,0,0,0,0,0,0,0,0,0,0.0,0.0,0.0,0.0,0,0,0,0,0,0.00,0.00,0.00,0.00,0,False,"[{'fixture': 8, 'stats': [{'identifier': 'minutes', 'points': 0, 'value': 0, 'points_modification': 0}]}]",False
275,1,2025-26,0,0,0,0,0,0,0,0,0,0,0,0,0,0.0,0.0,0.0,0.0,0,0,0,0,0,0.00,0.00,0.00,0.00,0,False,"[{'fixture': 8, 'stats': [{'identifier': 'minutes', 'points': 0, 'value': 0, 'points_modification': 0}]}]",False
276,1,2025-26,6,0,0,0,0,0,0,0,0,0,0,0,5,3.0,0.0,2.0,0.5,1,0,1,2,0,0.00,0.00,0.00,0.38,1,False,"[{'fixture': 8, 'stats': [{'identifier': 'minutes', 'points': 1, 'value': 6, 'points_modification': 0}]}]",False
277,1,2025-26,0,0,0,0,0,0,0,0,0,0,0,0,0,0.0,0.0,0.0,0.0,0,0,0,0,0,0.00,0.00,0.00,0.00,0,False,"[{'fixture': 8, 'stats': [{'identifier': 'minutes', 'points': 0, 'value': 0, 'points_modification': 0}]}]",False
278,1,2025-26,0,0,0,0,0,0,0,0,0,0,0,0,0,0.0,0.0,0.0,0.0,0,0,0,0,0,0.00,0.00,0.00,0.00,0,False,"[{'fixture': 8, 'stats': [{'identifier': 'minutes', 'points': 0, 'value': 0, 'points_modification': 0}]}]",False
279,1,2025-26,0,0,0,0,0,0,0,0,0,0,0,0,0,0.0,0.0,0.0,0.0,0,0,0,0,0,0.00,0.00,0.00,0.00,0,False,"[{'fixture': 8, 'stats': [{'identifier': 'minutes', 'points': 0, 'value': 0, 'points_modification': 0}]}]",False
280,1,2025-26,0,0,0,0,0,0,0,0,0,0,0,0,0,0.0,0.0,0.0,0.0,0,0,0,0,0,0.00,0.00,0.00,0.00,0,False,"[{'fixture': 8, 'stats': [{'identifier': 'minutes', 'points': 0, 'value': 0, 'points_modification': 0}]}]",False
281,1,2025-26,0,0,0,0,0,0,0,0,0,0,0,0,0,0.0,0.0,0.0,0.0,0,0,0,0,0,0.00,0.00,0.00,0.00,0,False,"[{'fixture': 8, 'stats': [{'identifier': 'minutes', 'points': 0, 'value': 0, 'points_modification': 0}]}]",False
282,1,2025-26,0,0,0,0,0,0,0,0,0,0,0,0,0,0.0,0.0,0.0,0.0,0,0,0,0,0,0.00,0.00,0.00,0.00,0,False,"[{'fixture': 8, 'stats': [{'identifier': 'minutes', 'points': 0, 'value': 0, 'points_modification': 0}]}]",False
283,1,2025-26,90,0,0,1,0,0,0,0,1,0,0,0,7,16.0,0.8,26.0,4.3,5,3,1,9,1,0.29,0.00,0.29,1.60,1,False,"[{'fixture': 8, 'stats': [{'identifier': 'minutes', 'points': 2, 'value': 90, 'points_modification': 0}, {'identifier': 'yellow_cards', 'points': -1, 'value': 1, 'points_modification': 0}]}]",False
284,1,2025-26,0,0,0,0,0,0,0,0,0,0,0,0,0,0.0,0.0,0.0,0.0,0,0,0,0,0,0.00,0.00,0.00,0.00,0,False,"[{'fixture': 8, 'stats': [{'identifier': 'minutes', 'points': 0, 'value': 0, 'points_modification': 0}]}]",False
285,1,2025-26,0,0,0,0,0,0,0,0,0,0,0,0,0,0.0,0.0,0.0,0.0,0,0,0,0,0,0.00,0.00,0.00,0.00,0,False,"[{'fixture': 8, 'stats': [{'identifier': 'minutes', 'points': 0, 'value': 0, 'points_modification': 0}]}]",False
286,1,2025-26,0,0,0,0,0,0,0,0,0,0,0,0,0,0.0,0.0,0.0,0.0,0,0,0,0,0,0.00,0.00,0.00,0.00,0,False,"[{'fixture': 8, 'stats': [{'identifier': 'minutes', 'points': 0, 'value': 0, 'points_modification': 0}]}]",False
287,1,2025-26,90,0,0,0,1,0,0,0,0,0,2,0,12,21.2,0.0,0.0,2.1,3,8,0,0,1,0.00,0.00,0.00,2.07,2,False,"[{'fixture': 10, 'stats': [{'identifier': 'minutes', 'points': 2, 'value': 90, 'points_modification': 0}]}]",False
288,1,2025-26,0,0,0,0,0,0,0,0,0,0,0,0,0,0.0,0.0,0.0,0.0,0,0,0,0,0,0.00,0.00,0.00,0.00,0,False,"[{'fixture': 10, 'stats': [{'identifier': 'minutes', 'points': 0, 'value': 0, 'points_modification': 0}]}]",False
289,1,2025-26,0,0,0,0,0,0,0,0,0,0,0,0,0,0.0,0.0,0.0,0.0,0,0,0,0,0,0.00,0.00,0.00,0.00,0,False,"[{'fixture': 10, 'stats': [{'identifier': 'minutes', 'points': 0, 'value': 0, 'points_modification': 0}]}]",False
290,1,2025-26,0,0,0,0,0,0,0,0,0,0,0,0,0,0.0,0.0,0.0,0.0,0,0,0,0,0,0.00,0.00,0.00,0.00,0,False,"[{'fixture': 10, 'stats': [{'identifier': 'minutes', 'points': 0, 'value': 0, 'points_modification': 0}]}]",False
291,1,2025-26,90,0,0,0,1,0,0,0,0,0,0,0,7,31.0,2.1,7.0,4.0,13,3,2,15,1,0.20,0.01,0.21,2.07,4,False,"[{'fixture': 10, 'stats': [{'identifier': 'minutes', 'points': 2, 'value': 90, 'points_modification': 0}, {'identifier': 'defensive_contribution', 'points': 2, 'value': 15, 'points_modification': 0}]}]",False
292,1,2025-26,0,0,0,0,0,0,0,0,0,0,0,0,0,0.0,0.0,0.0,0.0,0,0,0,0,0,0.00,0.00,0.00,0.00,0,False,"[{'fixture': 10, 'stats': [{'identifier': 'minutes', 'points': 0, 'value': 0, 'points_modification': 0}]}]",False
293,1,2025-26,90,0,0,0,1,0,0,0,0,0,0,0,0,4.2,1.0,7.0,1.2,2,5,2,4,1,0.17,0.01,0.18,2.07,2,False,"[{'fixture': 10, 'stats': [{'identifier': 'minutes', 'points': 2, 'value': 90, 'points_modification': 0}]}]",False
294,1,2025-26,0,0,0,0,0,0,0,0,0,0,0,0,0,0.0,0.0,0.0,0.0,0,0,0,0,0,0.00,0.00,0.00,0.00,0,False,"[{'fixture': 10, 'stats': [{'identifier': 'minutes', 'points': 0, 'value': 0, 'points_modification': 0}]}]",False
295,1,2025-26,90,0,0,0,1,0,0,0,0,0,0,0,10,19.8,0.4,4.0,2.4,7,4,0,7,1,0.00,0.00,0.00,2.07,2,False,"[{'fixture': 10, 'stats': [{'identifier': 'minutes', 'points': 2, 'value': 90, 'points_modification': 0}]}]",False
296,1,2025-26,0,0,0,0,0,0,0,0,0,0,0,0,0,0.0,0.0,0.0,0.0,0,0,0,0,0,0.00,0.00,0.00,0.00,0,False,"[{'fixture': 10, 'stats': [{'identifier': 'minutes', 'points': 0, 'value': 0, 'points_modification': 0}]}]",False
297,1,2025-26,0,0,0,0,0,0,0,0,0,0,0,0,0,0.0,0.0,0.0,0.0,0,0,0,0,0,0.00,0.00,0.00,0.00,0,False,"[{'fixture': 10, 'stats': [{'identifier': 'minutes', 'points': 0, 'value': 0, 'points_modification': 0}]}]",False
298,1,2025-26,0,0,0,0,0,0,0,0,0,0,0,0,0,0.0,0.0,0.0,0.0,0,0,0,0,0,0.00,0.00,0.00,0.00,0,False,"[{'fixture': 10, 'stats': [{'identifier': 'minutes', 'points': 0, 'value': 0, 'points_modification': 0}]}]",False
299,1,2025-26,90,0,0,0,1,0,0,0,0,0,0,0,11,12.6,12.1,2.0,2.7,1,6,2,9,1,0.00,0.02,0.02,2.07,2,False,"[{'fixture': 10, 'stats': [{'identifier': 'minutes', 'points': 2, 'value': 90, 'points_modification': 0}]}]",False
300,1,2025-26,0,0,0,0,0,0,0,0,0,0,0,0,0,0.0,0.0,0.0,0.0,0,0,0,0,0,0.00,0.00,0.00,0.00,0,False,"[{'fixture': 10, 'stats': [{'identifier': 'minutes', 'points': 0, 'value': 0, 'points_modification': 0}]}]",False
301,1,2025-26,85,0,0,0,1,0,0,0,1,0,0,0,8,7.6,2.4,21.0,3.1,1,4,1,6,1,0.03,0.01,0.04,1.87,1,False,"[{'fixture': 10, 'stats': [{'identifier': 'minutes', 'points': 2, 'value': 85, 'points_modification': 0}, {'identifier': 'yellow_cards', 'points': -1, 'value': 1, 'points_modification': 0}]}]",False
302,1,2025-26,90,0,0,0,1,0,0,0,0,0,0,0,12,7.2,19.6,3.0,3.0,0,4,1,5,1,0.06,0.12,0.18,2.07,2,False,"[{'fixture': 10, 'stats': [{'identifier': 'minutes', 'points': 2, 'value': 90, 'points_modification': 0}]}]",False
303,1,2025-26,90,0,0,0,1,0,0,0,0,0,0,0,16,16.4,3.2,2.0,2.2,4,3,2,9,1,0.03,0.01,0.04,2.07,2,False,"[{'fixture': 10, 'stats': [{'identifier': 'minutes', 'points': 2, 'value': 90, 'points_modification': 0}]}]",False
304,1,2025-26,70,0,0,1,0,0,0,0,1,0,0,0,5,12.0,1.1,0.0,1.3,3,3,3,9,1,0.00,0.00,0.00,0.93,2,False,"[{'fixture': 10, 'stats': [{'identifier': 'minutes', 'points': 2, 'value': 70, 'points_modification': 0}, {'identifier': 'clean_sheets', 'points': 1, 'value': 1, 'points_modification': 0}, {'identifier': 'yellow_cards', 'points': -1, 'value': 1, 'points_modification': 0}]}]",False
305,1,2025-26,0,0,0,0,0,0,0,0,0,0,0,0,0,0.0,0.0,0.0,0.0,0,0,0,0,0,0.00,0.00,0.00,0.00,0,False,"[{'fixture': 10, 'stats': [{'identifier': 'minutes', 'points': 0, 'value': 0, 'points_modification': 0}]}]",False
306,1,2025-26,0,0,0,0,0,0,0,0,0,0,0,0,0,0.0,0.0,0.0,0.0,0,0,0,0,0,0.00,0.00,0.00,0.00,0,False,"[{'fixture': 10, 'stats': [{'identifier': 'minutes', 'points': 0, 'value': 0, 'points_modification': 0}]}]",False
307,1,2025-26,0,0,0,0,0,0,0,0,0,0,0,0,0,0.0,0.0,0.0,0.0,0,0,0,0,0,0.00,0.00,0.00,0.00,0,False,"[{'fixture': 10, 'stats': [{'identifier': 'minutes', 'points': 0, 'value': 0, 'points_modification': 0}]}]",False
308,1,2025-26,0,0,0,0,0,0,0,0,0,0,0,0,0,0.0,0.0,0.0,0.0,0,0,0,0,0,0.00,0.00,0.00,0.00,0,False,"[{'fixture': 10, 'stats': [{'identifier': 'minutes', 'points': 0, 'value': 0, 'points_modification': 0}]}]",False
309,1,2025-26,0,0,0,0,0,0,0,0,0,0,0,0,0,0.0,0.0,0.0,0.0,0,0,0,0,0,0.00,0.00,0.00,0.00,0,False,"[{'fixture': 10, 'stats': [{'identifier': 'minutes', 'points': 0, 'value': 0, 'points_modification': 0}]}]",False
310,1,2025-26,4,0,0,0,0,0,0,0,0,0,0,0,3,0.0,1.0,2.0,0.3,0,0,0,0,0,0.00,0.00,0.00,0.20,1,False,"[{'fixture': 10, 'stats': [{'identifier': 'minutes', 'points': 1, 'value': 4, 'points_modification': 0}]}]",False
311,1,2025-26,90,0,0,0,1,0,0,0,0,0,0,0,7,10.2,2.8,7.0,2.0,3,1,1,5,1,0.06,0.01,0.07,2.07,2,False,"[{'fixture': 10, 'stats': [{'identifier': 'minutes', 'points': 2, 'value': 90, 'points_modification': 0}]}]",False
312,1,2025-26,0,0,0,0,0,0,0,0,0,0,0,0,0,0.0,0.0,0.0,0.0,0,0,0,0,0,0.00,0.00,0.00,0.00,0,False,"[{'fixture': 10, 'stats': [{'identifier': 'minutes', 'points': 0, 'value': 0, 'points_modification': 0}]}]",False
313,1,2025-26,0,0,0,0,0,0,0,0,0,0,0,0,0,0.0,0.0,0.0,0.0,0,0,0,0,0,0.00,0.00,0.00,0.00,0,False,"[{'fixture': 10, 'stats': [{'identifier': 'minutes', 'points': 0, 'value': 0, 'points_modification': 0}]}]",False
314,1,2025-26,90,0,0,0,1,0,0,0,0,0,3,0,15,23.6,0.0,0.0,2.4,1,10,0,0,1,0.00,0.00,0.00,1.48,3,False,"[{'fixture': 3, 'stats': [{'identifier': 'minutes', 'points': 2, 'value': 90, 'points_modification': 0}, {'identifier': 'saves', 'points': 1, 'value': 3, 'points_modification': 0}]}]",False
315,1,2025-26,0,0,0,0,0,0,0,0,0,0,0,0,0,0.0,0.0,0.0,0.0,0,0,0,0,0,0.00,0.00,0.00,0.00,0,False,"[{'fixture': 3, 'stats': [{'identifier': 'minutes', 'points': 0, 'value': 0, 'points_modification': 0}]}]",False
316,1,2025-26,0,0,0,0,0,0,0,0,0,0,0,0,0,0.0,0.0,0.0,0.0,0,0,0,0,0,0.00,0.00,0.00,0.00,0,False,"[{'fixture': 3, 'stats': [{'identifier': 'minutes', 'points': 0, 'value': 0, 'points_modification': 0}]}]",False
317,1,2025-26,90,0,0,0,1,0,0,0,0,0,0,0,14,16.4,1.0,4.0,2.1,5,1,3,8,1,0.00,0.01,0.01,1.48,2,False,"[{'fixture': 3, 'stats': [{'identifier': 'minutes', 'points': 2, 'value': 90, 'points_modification': 0}]}]",False
318,1,2025-26,90,0,0,0,1,0,0,0,1,0,0,0,3,12.4,1.6,0.0,1.4,2,4,2,4,1,0.00,0.01,0.01,1.48,1,False,"[{'fixture': 3, 'stats': [{'identifier': 'minutes', 'points': 2, 'value': 90, 'points_modification': 0}, {'identifier': 'yellow_cards', 'points': -1, 'value': 1, 'points_modification': 0}]}]",False
319,1,2025-26,6,0,0,0,0,0,0,0,0,0,0,0,3,0.2,0.7,2.0,0.3,0,0,0,0,0,0.00,0.00,0.00,0.40,1,False,"[{'fixture': 3, 'stats': [{'identifier': 'minutes', 'points': 1, 'value': 6, 'points_modification': 0}]}]",False
320,1,2025-26,0,0,0,0,0,0,0,0,0,0,0,0,0,0.0,0.0,0.0,0.0,0,0,0,0,0,0.00,0.00,0.00,0.00,0,False,"[{'fixture': 3, 'stats': [{'identifier': 'minutes', 'points': 0, 'value': 0, 'points_modification': 0}]}]",False
321,1,2025-26,83,0,0,0,1,0,0,0,0,0,0,0,10,9.6,1.2,4.0,1.5,2,4,1,3,1,0.00,0.01,0.01,1.07,2,False,"[{'fixture': 3, 'stats': [{'identifier': 'minutes', 'points': 2, 'value': 83, 'points_modification': 0}]}]",False
322,1,2025-26,90,0,0,0,1,0,0,0,0,0,0,0,17,13.0,1.7,0.0,1.5,4,5,3,7,1,0.00,0.01,0.01,1.48,2,False,"[{'fixture': 3, 'stats': [{'identifier': 'minutes', 'points': 2, 'value': 90, 'points_modification': 0}]}]",False
323,1,2025-26,0,0,0,0,0,0,0,0,0,0,0,0,0,0.0,0.0,0.0,0.0,0,0,0,0,0,0.00,0.00,0.00,0.00,0,False,"[{'fixture': 3, 'stats': [{'identifier': 'minutes', 'points': 0, 'value': 0, 'points_modification': 0}]}]",False
324,1,2025-26,65,0,0,0,1,0,0,0,0,0,0,0,10,9.6,40.5,1.0,5.1,0,2,0,2,1,0.01,0.28,0.29,1.05,2,False,"[{'fixture': 3, 'stats': [{'identifier': 'minutes', 'points': 2, 'value': 65, 'points_modification': 0}]}]",False
325,1,2025-26,13,0,0,0,0,0,0,0,0,0,0,0,2,0.2,2.0,2.0,0.4,0,0,0,0,0,0.09,0.00,0.09,0.40,1,False,"[{'fixture': 3, 'stats': [{'identifier': 'minutes', 'points': 1, 'value': 13, 'points_modification': 0}]}]",False
326,1,2025-26,24,0,0,0,0,0,0,0,0,0,0,0,1,0.0,0.8,0.0,0.0,0,0,0,0,0,0.00,0.00,0.00,0.43,1,False,"[{'fixture': 3, 'stats': [{'identifier': 'minutes', 'points': 1, 'value': 24, 'points_modification': 0}]}]",False
327,1,2025-26,0,0,0,0,0,0,0,0,0,0,0,0,0,0.0,0.0,0.0,0.0,0,0,0,0,0,0.00,0.00,0.00,0.00,0,False,"[{'fixture': 3, 'stats': [{'identifier': 'minutes', 'points': 0, 'value': 0, 'points_modification': 0}]}]",False
328,1,2025-26,0,0,0,0,0,0,0,0,0,0,0,0,0,0.0,0.0,0.0,0.0,0,0,0,0,0,0.00,0.00,0.00,0.00,0,False,"[{'fixture': 3, 'stats': [{'identifier': 'minutes', 'points': 0, 'value': 0, 'points_modification': 0}]}]",False
329,1,2025-26,90,0,1,0,1,0,0,0,0,0,0,0,16,3.0,5.4,13.0,2.1,1,4,1,6,1,0.07,0.02,0.09,1.48,5,False,"[{'fixture': 3, 'stats': [{'identifier': 'minutes', 'points': 2, 'value': 90, 'points_modification': 0}, {'identifier': 'assists', 'points': 3, 'value': 1, 'points_modification': 0}]}]",False
330,1,2025-26,65,0,0,0,1,0,0,0,0,0,0,0,3,1.2,0.7,0.0,0.2,1,0,1,2,1,0.00,0.01,0.01,1.05,2,False,"[{'fixture': 3, 'stats': [{'identifier': 'minutes', 'points': 2, 'value': 65, 'points_modification': 0}]}]",False
331,1,2025-26,24,0,0,0,0,0,0,0,1,0,0,0,-3,0.0,0.4,0.0,0.0,0,2,0,2,0,0.00,0.00,0.00,0.43,0,False,"[{'fixture': 3, 'stats': [{'identifier': 'minutes', 'points': 1, 'value': 24, 'points_modification': 0}, {'identifier': 'yellow_cards', 'points': -1, 'value': 1, 'points_modification': 0}]}]",False
332,1,2025-26,90,0,0,0,1,0,0,0,0,0,0,0,9,1.8,13.3,2.0,1.7,2,0,1,3,1,0.00,0.01,0.01,1.48,2,False,"[{'fixture': 3, 'stats': [{'identifier': 'minutes', 'points': 2, 'value': 90, 'points_modification': 0}]}]",False
333,1,2025-26,0,0,0,0,0,0,0,0,0,0,0,0,0,0.0,0.0,0.0,0.0,0,0,0,0,0,0.00,0.00,0.00,0.00,0,False,"[{'fixture': 3, 'stats': [{'identifier': 'minutes', 'points': 0, 'value': 0, 'points_modification': 0}]}]",False
334,1,2025-26,0,0,0,0,0,0,0,0,0,0,0,0,0,0.0,0.0,0.0,0.0,0,0,0,0,0,0.00,0.00,0.00,0.00,0,False,"[{'fixture': 3, 'stats': [{'identifier': 'minutes', 'points': 0, 'value': 0, 'points_modification': 0}]}]",False
335,1,2025-26,76,0,0,0,1,0,0,0,0,0,0,0,11,12.4,14.0,27.0,5.3,0,6,3,9,1,0.18,0.13,0.31,1.07,2,False,"[{'fixture': 3, 'stats': [{'identifier': 'minutes', 'points': 2, 'value': 76, 'points_modification': 0}]}]",False
336,1,2025-26,0,0,0,0,0,0,0,0,0,0,0,0,0,0.0,0.0,0.0,0.0,0,0,0,0,0,0.00,0.00,0.00,0.00,0,False,"[{'fixture': 3, 'stats': [{'identifier': 'minutes', 'points': 0, 'value': 0, 'points_modification': 0}]}]",False
337,1,2025-26,65,0,0,0,1,0,0,0,0,0,0,0,0,0.0,3.3,11.0,0.7,0,0,0,0,1,0.29,0.00,0.29,1.05,2,False,"[{'fixture': 3, 'stats': [{'identifier': 'minutes', 'points': 2, 'value': 65, 'points_modification': 0}]}]",False
338,1,2025-26,24,1,0,0,0,0,0,0,1,0,0,3,25,31.0,0.0,33.0,6.4,0,0,0,0,0,0.15,0.00,0.15,0.43,7,False,"[{'fixture': 3, 'stats': [{'identifier': 'minutes', 'points': 1, 'value': 24, 'points_modification': 0}, {'identifier': 'goals_scored', 'points': 4, 'value': 1, 'points_modification': 0}, {'identifier': 'yellow_cards', 'points': -1, 'value': 1, 'points_modification': 0}, {'identifier': 'bonus', 'points': 3, 'value': 3, 'points_modification': 0}]}]",False
339,1,2025-26,0,0,0,0,0,0,0,0,0,0,0,0,0,0.0,0.0,0.0,0.0,0,0,0,0,0,0.00,0.00,0.00,0.00,0,False,"[{'fixture': 10, 'stats': [{'identifier': 'minutes', 'points': 0, 'value': 0, 'points_modification': 0}]}]",False
340,1,2025-26,0,0,0,0,0,0,0,0,0,0,0,0,0,0.0,0.0,0.0,0.0,0,0,0,0,0,0.00,0.00,0.00,0.00,0,False,"[{'fixture': 10, 'stats': [{'identifier': 'minutes', 'points': 0, 'value': 0, 'points_modification': 0}]}]",False
341,1,2025-26,0,0,0,0,0,0,0,0,0,0,0,0,0,0.0,0.0,0.0,0.0,0,0,0,0,0,0.00,0.00,0.00,0.00,0,False,"[{'fixture': 10, 'stats': [{'identifier': 'minutes', 'points': 0, 'value': 0, 'points_modification': 0}]}]",False
342,1,2025-26,90,0,0,1,0,0,0,0,0,0,0,0,20,13.4,1.2,2.0,1.7,3,3,2,5,1,0.01,0.01,0.02,0.55,6,False,"[{'fixture': 10, 'stats': [{'identifier': 'minutes', 'points': 2, 'value': 90, 'points_modification': 0}, {'identifier': 'clean_sheets', 'points': 4, 'value': 1, 'points_modification': 0}]}]",False
343,1,2025-26,90,0,0,1,0,0,0,0,0,0,0,2,29,23.2,11.4,9.0,4.4,8,5,0,8,1,0.13,0.01,0.14,0.55,8,False,"[{'fixture': 10, 'stats': [{'identifier': 'minutes', 'points': 2, 'value': 90, 'points_modification': 0}, {'identifier': 'clean_sheets', 'points': 4, 'value': 1, 'points_modification': 0}, {'identifier': 'bonus', 'points': 2, 'value': 2, 'points_modification': 0}]}]",False
344,1,2025-26,0,0,0,0,0,0,0,0,0,0,0,0,0,0.0,0.0,0.0,0.0,0,0,0,0,0,0.00,0.00,0.00,0.00,0,False,"[{'fixture': 10, 'stats': [{'identifier': 'minutes', 'points': 0, 'value': 0, 'points_modification': 0}]}]",False
345,1,2025-26,0,0,0,0,0,0,0,0,0,0,0,0,0,0.0,0.0,0.0,0.0,0,0,0,0,0,0.00,0.00,0.00,0.00,0,False,"[{'fixture': 10, 'stats': [{'identifier': 'minutes', 'points': 0, 'value': 0, 'points_modification': 0}]}]",False
346,1,2025-26,0,0,0,0,0,0,0,0,0,0,0,0,0,0.0,0.0,0.0,0.0,0,0,0,0,0,0.00,0.00,0.00,0.00,0,False,"[{'fixture': 10, 'stats': [{'identifier': 'minutes', 'points': 0, 'value': 0, 'points_modification': 0}]}]",False
347,1,2025-26,90,0,0,1,0,0,0,0,0,0,0,3,35,30.4,33.6,17.0,8.1,7,6,1,8,1,0.17,0.14,0.31,0.55,9,False,"[{'fixture': 10, 'stats': [{'identifier': 'minutes', 'points': 2, 'value': 90, 'points_modification': 0}, {'identifier': 'clean_sheets', 'points': 4, 'value': 1, 'points_modification': 0}, {'identifier': 'bonus', 'points': 3, 'value': 3, 'points_modification': 0}]}]",False
348,1,2025-26,90,0,0,1,0,0,0,0,0,0,0,1,26,14.4,0.6,0.0,1.5,7,2,0,7,1,0.00,0.00,0.00,0.55,7,False,"[{'fixture': 10, 'stats': [{'identifier': 'minutes', 'points': 2, 'value': 90, 'points_modification': 0}, {'identifier': 'clean_sheets', 'points': 4, 'value': 1, 'points_modification': 0}, {'identifier': 'bonus', 'points': 1, 'value': 1, 'points_modification': 0}]}]",False
349,1,2025-26,0,0,0,0,0,0,0,0,0,0,0,0,0,0.0,0.0,0.0,0.0,0,0,0,0,0,0.00,0.00,0.00,0.00,0,False,"[{'fixture': 10, 'stats': [{'identifier': 'minutes', 'points': 0, 'value': 0, 'points_modification': 0}]}]",False
350,1,2025-26,23,0,0,0,0,0,0,0,0,0,0,0,10,9.2,24.9,6.0,4.0,0,0,2,2,0,0.00,0.21,0.21,0.47,1,False,"[{'fixture': 10, 'stats': [{'identifier': 'minutes', 'points': 1, 'value': 23, 'points_modification': 0}]}]",False
351,1,2025-26,66,0,0,1,0,0,0,0,0,0,0,0,12,6.6,6.3,11.0,2.4,2,1,4,7,1,0.14,0.01,0.15,0.08,3,False,"[{'fixture': 10, 'stats': [{'identifier': 'minutes', 'points': 2, 'value': 66, 'points_modification': 0}, {'identifier': 'clean_sheets', 'points': 1, 'value': 1, 'points_modification': 0}]}]",False
352,1,2025-26,12,0,0,0,0,0,0,0,0,0,0,0,3,2.2,1.3,2.0,0.6,0,0,1,1,0,0.00,0.00,0.00,0.28,1,False,"[{'fixture': 10, 'stats': [{'identifier': 'minutes', 'points': 1, 'value': 12, 'points_modification': 0}]}]",False
353,1,2025-26,77,0,0,1,0,0,0,0,0,0,0,0,6,6.2,15.7,11.0,3.3,1,1,0,2,1,0.14,0.05,0.19,0.28,3,False,"[{'fixture': 10, 'stats': [{'identifier': 'minutes', 'points': 2, 'value': 77, 'points_modification': 0}, {'identifier': 'clean_sheets', 'points': 1, 'value': 1, 'points_modification': 0}]}]",False
354,1,2025-26,77,0,0,1,0,0,0,0,0,0,0,0,12,10.8,4.9,2.0,1.8,2,3,3,8,1,0.00,0.02,0.02,0.28,3,False,"[{'fixture': 10, 'stats': [{'identifier': 'minutes', 'points': 2, 'value': 77, 'points_modification': 0}, {'identifier': 'clean_sheets', 'points': 1, 'value': 1, 'points_modification': 0}]}]",False
355,1,2025-26,0,0,0,0,0,0,0,0,0,0,0,0,0,0.0,0.0,0.0,0.0,0,0,0,0,0,0.00,0.00,0.00,0.00,0,False,"[{'fixture': 10, 'stats': [{'identifier': 'minutes', 'points': 0, 'value': 0, 'points_modification': 0}]}]",False
356,1,2025-26,12,0,0,0,0,0,0,0,0,0,0,0,3,1.6,0.3,0.0,0.2,1,0,0,1,0,0.00,0.00,0.00,0.28,1,False,"[{'fixture': 10, 'stats': [{'identifier': 'minutes', 'points': 1, 'value': 12, 'points_modification': 0}]}]",False
357,1,2025-26,0,0,0,0,0,0,0,0,0,0,0,0,0,0.0,0.0,0.0,0.0,0,0,0,0,0,0.00,0.00,0.00,0.00,0,False,"[{'fixture': 10, 'stats': [{'identifier': 'minutes', 'points': 0, 'value': 0, 'points_modification': 0}]}]",False
358,1,2025-26,90,0,0,1,0,0,0,0,0,0,0,0,13,2.2,24.3,9.0,3.6,1,6,0,7,1,0.09,0.03,0.12,0.55,3,False,"[{'fixture': 10, 'stats': [{'identifier': 'minutes', 'points': 2, 'value': 90, 'points_modification': 0}, {'identifier': 'clean_sheets', 'points': 1, 'value': 1, 'points_modification': 0}]}]",False
359,1,2025-26,0,0,0,0,0,0,0,0,0,0,0,0,0,0.0,0.0,0.0,0.0,0,0,0,0,0,0.00,0.00,0.00,0.00,0,False,"[{'fixture': 10, 'stats': [{'identifier': 'minutes', 'points': 0, 'value': 0, 'points_modification': 0}]}]",False
360,1,2025-26,0,0,0,0,0,0,0,0,0,0,0,0,0,0.0,0.0,0.0,0.0,0,0,0,0,0,0.00,0.00,0.00,0.00,0,False,"[{'fixture': 10, 'stats': [{'identifier': 'minutes', 'points': 0, 'value': 0, 'points_modification': 0}]}]",False
361,1,2025-26,0,0,0,0,0,0,0,0,0,0,0,0,0,0.0,0.0,0.0,0.0,0,0,0,0,0,0.00,0.00,0.00,0.00,0,False,"[{'fixture': 10, 'stats': [{'identifier': 'minutes', 'points': 0, 'value': 0, 'points_modification': 0}]}]",False
362,1,2025-26,77,0,0,1,0,0,0,0,0,0,0,0,4,2.0,5.6,44.0,5.2,0,4,0,4,1,0.28,0.04,0.32,0.28,2,False,"[{'fixture': 10, 'stats': [{'identifier': 'minutes', 'points': 2, 'value': 77, 'points_modification': 0}]}]",False
363,1,2025-26,0,0,0,0,0,0,0,0,0,0,0,0,0,0.0,0.0,0.0,0.0,0,0,0,0,0,0.00,0.00,0.00,0.00,0,False,"[{'fixture': 10, 'stats': [{'identifier': 'minutes', 'points': 0, 'value': 0, 'points_modification': 0}]}]",False
364,1,2025-26,0,0,0,0,0,0,0,0,0,0,0,0,0,0.0,0.0,0.0,0.0,0,0,0,0,0,0.00,0.00,0.00,0.00,0,False,"[{'fixture': 10, 'stats': [{'identifier': 'minutes', 'points': 0, 'value': 0, 'points_modification': 0}]}]",False
365,1,2025-26,12,1,0,0,0,0,0,0,0,0,0,0,20,34.0,1.6,22.0,5.8,1,2,0,3,0,0.85,0.01,0.86,0.28,5,False,"[{'fixture': 10, 'stats': [{'identifier': 'minutes', 'points': 1, 'value': 12, 'points_modification': 0}, {'identifier': 'goals_scored', 'points': 4, 'value': 1, 'points_modification': 0}]}]",False
366,1,2025-26,90,0,0,0,2,0,0,0,0,0,1,0,8,13.6,0.0,0.0,1.4,2,7,0,0,1,0.00,0.01,0.01,1.70,1,False,"[{'fixture': 1, 'stats': [{'identifier': 'minutes', 'points': 2, 'value': 90, 'points_modification': 0}, {'identifier': 'goals_conceded', 'points': -1, 'value': 2, 'points_modification': 0}]}]",False
367,1,2025-26,0,0,0,0,0,0,0,0,0,0,0,0,0,0.0,0.0,0.0,0.0,0,0,0,0,0,0.00,0.00,0.00,0.00,0,False,"[{'fixture': 1, 'stats': [{'identifier': 'minutes', 'points': 0, 'value': 0, 'points_modification': 0}]}]",False
368,1,2025-26,0,0,0,0,0,0,0,0,0,0,0,0,0,0.0,0.0,0.0,0.0,0,0,0,0,0,0.00,0.00,0.00,0.00,0,False,"[{'fixture': 1, 'stats': [{'identifier': 'minutes', 'points': 0, 'value': 0, 'points_modification': 0}]}]",False
369,1,2025-26,0,0,0,0,0,0,0,0,0,0,0,0,0,0.0,0.0,0.0,0.0,0,0,0,0,0,0.00,0.00,0.00,0.00,0,False,"[{'fixture': 1, 'stats': [{'identifier': 'minutes', 'points': 0, 'value': 0, 'points_modification': 0}]}]",False
370,1,2025-26,59,0,0,0,0,0,0,0,0,0,0,0,8,5.4,1.3,2.0,0.9,3,1,1,4,1,0.01,0.01,0.02,0.81,1,False,"[{'fixture': 1, 'stats': [{'identifier': 'minutes', 'points': 1, 'value': 59, 'points_modification': 0}]}]",False
371,1,2025-26,59,0,0,0,0,0,0,0,1,0,0,0,5,8.4,1.3,0.0,1.0,5,5,1,6,1,0.00,0.01,0.01,0.81,0,False,"[{'fixture': 1, 'stats': [{'identifier': 'minutes', 'points': 1, 'value': 59, 'points_modification': 0}, {'identifier': 'yellow_cards', 'points': -1, 'value': 1, 'points_modification': 0}]}]",False
372,1,2025-26,30,0,0,0,2,0,0,0,0,0,0,0,-3,5.4,4.1,2.0,1.2,2,0,0,2,0,0.00,0.04,0.04,0.89,0,False,"[{'fixture': 1, 'stats': [{'identifier': 'minutes', 'points': 1, 'value': 30, 'points_modification': 0}, {'identifier': 'goals_conceded', 'points': -1, 'value': 2, 'points_modification': 0}]}]",False
373,1,2025-26,90,0,0,0,2,0,0,0,0,0,0,0,11,49.4,0.9,25.0,7.5,20,4,1,21,1,0.18,0.01,0.19,1.70,3,False,"[{'fixture': 1, 'stats': [{'identifier': 'minutes', 'points': 2, 'value': 90, 'points_modification': 0}, {'identifier': 'goals_conceded', 'points': -1, 'value': 2, 'points_modification': 0}, {'identifier': 'defensive_contribution', 'points': 2, 'value': 21, 'points_modification': 0}]}]",False
374,1,2025-26,90,0,0,0,2,0,0,0,0,0,0,0,6,21.4,0.6,0.0,2.2,7,5,0,7,1,0.00,0.00,0.00,1.70,1,False,"[{'fixture': 1, 'stats': [{'identifier': 'minutes', 'points': 2, 'value': 90, 'points_modification': 0}, {'identifier': 'goals_conceded', 'points': -1, 'value': 2, 'points_modification': 0}]}]",False
375,1,2025-26,0,0,0,0,0,0,0,0,0,0,0,0,0,0.0,0.0,0.0,0.0,0,0,0,0,0,0.00,0.00,0.00,0.00,0,False,"[{'fixture': 1, 'stats': [{'identifier': 'minutes', 'points': 0, 'value': 0, 'points_modification': 0}]}]",False
376,1,2025-26,18,0,0,0,1,0,0,0,0,0,0,0,-1,2.4,0.4,0.0,0.3,1,1,0,1,0,0.00,0.00,0.00,0.21,1,False,"[{'fixture': 1, 'stats': [{'identifier': 'minutes', 'points': 1, 'value': 18, 'points_modification': 0}]}]",False
377,1,2025-26,0,0,0,0,0,0,0,0,0,0,0,0,0,0.0,0.0,0.0,0.0,0,0,0,0,0,0.00,0.00,0.00,0.00,0,False,"[{'fixture': 1, 'stats': [{'identifier': 'minutes', 'points': 0, 'value': 0, 'points_modification': 0}]}]",False
378,1,2025-26,0,0,0,0,0,0,0,0,0,0,0,0,0,0.0,0.0,0.0,0.0,0,0,0,0,0,0.00,0.00,0.00,0.00,0,False,"[{'fixture': 1, 'stats': [{'identifier': 'minutes', 'points': 0, 'value': 0, 'points_modification': 0}]}]",False
379,1,2025-26,0,0,0,0,0,0,0,0,0,0,0,0,0,0.0,0.0,0.0,0.0,0,0,0,0,0,0.00,0.00,0.00,0.00,0,False,"[{'fixture': 1, 'stats': [{'identifier': 'minutes', 'points': 0, 'value': 0, 'points_modification': 0}]}]",False
380,1,2025-26,0,0,0,0,0,0,0,0,0,0,0,0,0,0.0,0.0,0.0,0.0,0,0,0,0,0,0.00,0.00,0.00,0.00,0,False,"[{'fixture': 1, 'stats': [{'identifier': 'minutes', 'points': 0, 'value': 0, 'points_modification': 0}]}]",False
381,1,2025-26,90,1,0,0,2,0,0,0,0,0,0,1,36,49.0,33.8,51.0,13.4,1,9,0,10,1,0.26,0.11,0.37,1.70,8,False,"[{'fixture': 1, 'stats': [{'identifier': 'minutes', 'points': 2, 'value': 90, 'points_modification': 0}, {'identifier': 'goals_scored', 'points': 5, 'value': 1, 'points_modification': 0}, {'identifier': 'bonus', 'points': 1, 'value': 1, 'points_modification': 0}]}]",False
382,1,2025-26,81,0,0,0,2,0,0,0,0,0,0,0,14,12.0,45.0,12.0,6.9,1,6,2,9,1,0.14,0.28,0.42,1.70,2,False,"[{'fixture': 1, 'stats': [{'identifier': 'minutes', 'points': 2, 'value': 81, 'points_modification': 0}]}]",False
383,1,2025-26,0,0,0,0,0,0,0,0,0,0,0,0,0,0.0,0.0,0.0,0.0,0,0,0,0,0,0.00,0.00,0.00,0.00,0,False,"[{'fixture': 1, 'stats': [{'identifier': 'minutes', 'points': 0, 'value': 0, 'points_modification': 0}]}]",False
384,1,2025-26,90,1,0,0,2,0,0,0,0,0,0,0,34,48.2,39.6,46.0,13.4,1,6,1,8,1,0.20,0.44,0.64,1.70,7,False,"[{'fixture': 1, 'stats': [{'identifier': 'minutes', 'points': 2, 'value': 90, 'points_modification': 0}, {'identifier': 'goals_scored', 'points': 5, 'value': 1, 'points_modification': 0}]}]",False
385,1,2025-26,8,1,0,0,0,0,0,0,0,0,0,0,29,35.2,0.3,17.0,5.3,0,0,1,1,0,0.16,0.00,0.16,0.00,6,False,"[{'fixture': 1, 'stats': [{'identifier': 'minutes', 'points': 1, 'value': 8, 'points_modification': 0}, {'identifier': 'goals_scored', 'points': 5, 'value': 1, 'points_modification': 0}]}]",False
386,1,2025-26,71,0,1,0,1,0,0,0,0,0,0,0,27,27.4,15.2,11.0,5.4,1,2,3,6,1,0.03,0.02,0.05,1.49,5,False,"[{'fixture': 1, 'stats': [{'identifier': 'minutes', 'points': 2, 'value': 71, 'points_modification': 0}, {'identifier': 'assists', 'points': 3, 'value': 1, 'points_modification': 0}]}]",False
387,1,2025-26,90,0,0,0,2,0,0,0,0,0,0,0,17,14.0,29.8,24.0,6.8,2,5,4,11,1,0.10,0.09,0.19,1.70,2,False,"[{'fixture': 1, 'stats': [{'identifier': 'minutes', 'points': 2, 'value': 90, 'points_modification': 0}]}]",False
388,1,2025-26,18,0,0,0,1,0,0,0,0,0,0,0,4,3.2,10.9,0.0,1.4,0,1,0,1,0,0.00,0.04,0.04,0.21,1,False,"[{'fixture': 1, 'stats': [{'identifier': 'minutes', 'points': 1, 'value': 18, 'points_modification': 0}]}]",False
389,1,2025-26,0,0,0,0,0,0,0,0,0,0,0,0,0,0.0,0.0,0.0,0.0,0,0,0,0,0,0.00,0.00,0.00,0.00,0,False,"[{'fixture': 1, 'stats': [{'identifier': 'minutes', 'points': 0, 'value': 0, 'points_modification': 0}]}]",False
390,1,2025-26,0,0,0,0,0,0,0,0,0,0,0,0,0,0.0,0.0,0.0,0.0,0,0,0,0,0,0.00,0.00,0.00,0.00,0,False,"[{'fixture': 1, 'stats': [{'identifier': 'minutes', 'points': 0, 'value': 0, 'points_modification': 0}]}]",False
391,1,2025-26,0,0,0,0,0,0,0,0,0,0,0,0,0,0.0,0.0,0.0,0.0,0,0,0,0,0,0.00,0.00,0.00,0.00,0,False,"[{'fixture': 1, 'stats': [{'identifier': 'minutes', 'points': 0, 'value': 0, 'points_modification': 0}]}]",False
392,1,2025-26,30,0,1,0,2,0,0,0,0,0,0,0,15,24.6,10.7,0.0,3.5,1,0,2,3,0,0.00,0.00,0.00,0.89,4,False,"[{'fixture': 1, 'stats': [{'identifier': 'minutes', 'points': 1, 'value': 30, 'points_modification': 0}, {'identifier': 'assists', 'points': 3, 'value': 1, 'points_modification': 0}]}]",False
393,1,2025-26,0,0,0,0,0,0,0,0,0,0,0,0,0,0.0,0.0,0.0,0.0,0,0,0,0,0,0.00,0.00,0.00,0.00,0,False,"[{'fixture': 1, 'stats': [{'identifier': 'minutes', 'points': 0, 'value': 0, 'points_modification': 0}]}]",False
394,1,2025-26,0,0,0,0,0,0,0,0,0,0,0,0,0,0.0,0.0,0.0,0.0,0,0,0,0,0,0.00,0.00,0.00,0.00,0,False,"[{'fixture': 1, 'stats': [{'identifier': 'minutes', 'points': 0, 'value': 0, 'points_modification': 0}]}]",False
395,1,2025-26,0,0,0,0,0,0,0,0,0,0,0,0,0,0.0,0.0,0.0,0.0,0,0,0,0,0,0.00,0.00,0.00,0.00,0,False,"[{'fixture': 1, 'stats': [{'identifier': 'minutes', 'points': 0, 'value': 0, 'points_modification': 0}]}]",False
396,1,2025-26,0,0,0,0,0,0,0,0,0,0,0,0,0,0.0,0.0,0.0,0.0,0,0,0,0,0,0.00,0.00,0.00,0.00,0,False,"[{'fixture': 1, 'stats': [{'identifier': 'minutes', 'points': 0, 'value': 0, 'points_modification': 0}]}]",False
397,1,2025-26,0,0,0,0,0,0,0,0,0,0,0,0,0,0.0,0.0,0.0,0.0,0,0,0,0,0,0.00,0.00,0.00,0.00,0,False,"[{'fixture': 1, 'stats': [{'identifier': 'minutes', 'points': 0, 'value': 0, 'points_modification': 0}]}]",False
398,1,2025-26,0,0,0,0,0,0,0,0,0,0,0,0,0,0.0,0.0,0.0,0.0,0,0,0,0,0,0.00,0.00,0.00,0.00,0,False,"[{'fixture': 1, 'stats': [{'identifier': 'minutes', 'points': 0, 'value': 0, 'points_modification': 0}]}]",False
399,1,2025-26,0,0,0,0,0,0,0,0,0,0,0,0,0,0.0,0.0,0.0,0.0,0,0,0,0,0,0.00,0.00,0.00,0.00,0,False,"[{'fixture': 7, 'stats': [{'identifier': 'minutes', 'points': 0, 'value': 0, 'points_modification': 0}]}]",False
400,1,2025-26,0,0,0,0,0,0,0,0,0,0,0,0,0,0.0,0.0,0.0,0.0,0,0,0,0,0,0.00,0.00,0.00,0.00,0,False,"[{'fixture': 7, 'stats': [{'identifier': 'minutes', 'points': 0, 'value': 0, 'points_modification': 0}]}]",False
401,1,2025-26,0,0,0,0,0,0,0,0,0,0,0,0,0,0.0,0.0,0.0,0.0,0,0,0,0,0,0.00,0.00,0.00,0.00,0,False,"[{'fixture': 7, 'stats': [{'identifier': 'minutes', 'points': 0, 'value': 0, 'points_modification': 0}]}]",False
402,1,2025-26,90,0,0,1,0,0,0,0,0,0,0,1,33,30.4,13.5,3.0,4.7,9,3,6,15,1,0.04,0.02,0.06,0.56,9,False,"[{'fixture': 7, 'stats': [{'identifier': 'minutes', 'points': 2, 'value': 90, 'points_modification': 0}, {'identifier': 'clean_sheets', 'points': 4, 'value': 1, 'points_modification': 0}, {'identifier': 'bonus', 'points': 1, 'value': 1, 'points_modification': 0}, {'identifier': 'defensive_contribution', 'points': 2, 'value': 15, 'points_modification': 0}]}]",False
403,1,2025-26,0,0,0,0,0,0,0,0,0,0,0,0,0,0.0,0.0,0.0,0.0,0,0,0,0,0,0.00,0.00,0.00,0.00,0,False,"[{'fixture': 7, 'stats': [{'identifier': 'minutes', 'points': 0, 'value': 0, 'points_modification': 0}]}]",False
404,1,2025-26,0,0,0,0,0,0,0,0,0,0,0,0,0,0.0,0.0,0.0,0.0,0,0,0,0,0,0.00,0.00,0.00,0.00,0,False,"[{'fixture': 7, 'stats': [{'identifier': 'minutes', 'points': 0, 'value': 0, 'points_modification': 0}]}]",False
405,1,2025-26,0,0,0,0,0,0,0,0,0,0,0,0,0,0.0,0.0,0.0,0.0,0,0,0,0,0,0.00,0.00,0.00,0.00,0,False,"[{'fixture': 7, 'stats': [{'identifier': 'minutes', 'points': 0, 'value': 0, 'points_modification': 0}]}]",False
406,1,2025-26,8,0,0,0,0,0,0,0,0,0,0,0,7,3.6,0.0,0.0,0.4,0,0,1,1,0,0.00,0.00,0.00,0.08,1,False,"[{'fixture': 7, 'stats': [{'identifier': 'minutes', 'points': 1, 'value': 8, 'points_modification': 0}]}]",False
407,1,2025-26,24,0,0,0,0,0,0,0,0,0,0,0,5,3.8,1.2,0.0,0.5,3,2,1,4,0,0.00,0.00,0.00,0.21,1,False,"[{'fixture': 7, 'stats': [{'identifier': 'minutes', 'points': 1, 'value': 24, 'points_modification': 0}]}]",False
408,1,2025-26,90,0,0,1,0,0,0,0,0,0,0,0,26,21.6,1.7,2.0,2.5,4,4,0,4,1,0.00,0.08,0.08,0.56,6,False,"[{'fixture': 7, 'stats': [{'identifier': 'minutes', 'points': 2, 'value': 90, 'points_modification': 0}, {'identifier': 'clean_sheets', 'points': 4, 'value': 1, 'points_modification': 0}]}]",False
409,1,2025-26,81,0,0,1,0,0,0,0,0,0,0,0,28,14.4,2.2,0.0,1.7,2,4,0,2,1,0.00,0.01,0.01,0.47,6,False,"[{'fixture': 7, 'stats': [{'identifier': 'minutes', 'points': 2, 'value': 81, 'points_modification': 0}, {'identifier': 'clean_sheets', 'points': 4, 'value': 1, 'points_modification': 0}]}]",False
410,1,2025-26,65,0,1,1,0,0,0,0,0,0,0,2,41,29.2,13.1,8.0,5.0,5,1,1,6,1,0.00,0.59,0.59,0.35,11,True,"[{'fixture': 7, 'stats': [{'identifier': 'minutes', 'points': 2, 'value': 65, 'points_modification': 0}, {'identifier': 'assists', 'points': 3, 'value': 1, 'points_modification': 0}, {'identifier': 'clean_sheets', 'points': 4, 'value': 1, 'points_modification': 0}, {'identifier': 'bonus', 'points': 2, 'value': 2, 'points_modification': 0}]}]",False
411,1,2025-26,24,0,0,0,0,0,0,0,1,0,0,0,-2,0.0,5.0,0.0,0.5,0,0,0,0,0,0.00,0.01,0.01,0.21,0,False,"[{'fixture': 7, 'stats': [{'identifier': 'minutes', 'points': 1, 'value': 24, 'points_modification': 0}, {'identifier': 'yellow_cards', 'points': -1, 'value': 1, 'points_modification': 0}]}]",False
412,1,2025-26,0,0,0,0,0,0,0,0,0,0,0,0,0,0.0,0.0,0.0,0.0,0,0,0,0,0,0.00,0.00,0.00,0.00,0,False,"[{'fixture': 7, 'stats': [{'identifier': 'minutes', 'points': 0, 'value': 0, 'points_modification': 0}]}]",False
413,1,2025-26,24,0,0,0,0,0,0,0,0,0,0,0,3,0.0,0.8,6.0,0.7,0,1,0,1,0,0.12,0.00,0.12,0.21,1,False,"[{'fixture': 7, 'stats': [{'identifier': 'minutes', 'points': 1, 'value': 24, 'points_modification': 0}]}]",False
414,1,2025-26,0,0,0,0,0,0,0,0,0,0,0,0,0,0.0,0.0,0.0,0.0,0,0,0,0,0,0.00,0.00,0.00,0.00,0,False,"[{'fixture': 7, 'stats': [{'identifier': 'minutes', 'points': 0, 'value': 0, 'points_modification': 0}]}]",False
415,1,2025-26,0,0,0,0,0,0,0,0,0,0,0,0,0,0.0,0.0,0.0,0.0,0,0,0,0,0,0.00,0.00,0.00,0.00,0,False,"[{'fixture': 7, 'stats': [{'identifier': 'minutes', 'points': 0, 'value': 0, 'points_modification': 0}]}]",False
416,1,2025-26,65,0,0,1,0,0,0,0,0,0,0,0,25,22.0,62.0,4.0,8.8,1,4,4,9,1,0.00,0.44,0.44,0.35,3,False,"[{'fixture': 7, 'stats': [{'identifier': 'minutes', 'points': 2, 'value': 65, 'points_modification': 0}, {'identifier': 'clean_sheets', 'points': 1, 'value': 1, 'points_modification': 0}]}]",False
417,1,2025-26,17,1,0,0,0,0,0,0,0,0,0,0,22,35.8,2.8,7.0,4.6,1,0,0,1,0,0.06,0.03,0.09,0.21,6,False,"[{'fixture': 7, 'stats': [{'identifier': 'minutes', 'points': 1, 'value': 17, 'points_modification': 0}, {'identifier': 'goals_scored', 'points': 5, 'value': 1, 'points_modification': 0}]}]",False
418,1,2025-26,65,0,0,1,0,0,0,0,0,0,0,0,4,0.0,3.2,4.0,0.6,0,1,0,1,1,0.00,0.02,0.02,0.35,3,False,"[{'fixture': 7, 'stats': [{'identifier': 'minutes', 'points': 2, 'value': 65, 'points_modification': 0}, {'identifier': 'clean_sheets', 'points': 1, 'value': 1, 'points_modification': 0}]}]",False
419,1,2025-26,19,0,0,0,1,0,0,0,0,0,0,0,4,5.8,0.8,5.0,1.2,1,1,0,2,0,0.02,0.00,0.02,1.14,1,False,"[{'fixture': 10, 'stats': [{'identifier': 'minutes', 'points': 1, 'value': 19, 'points_modification': 0}]}]",False
420,1,2025-26,0,0,0,0,0,0,0,0,0,0,0,0,0,0.0,0.0,0.0,0.0,0,0,0,0,0,0.00,0.00,0.00,0.00,0,False,"[{'fixture': 7, 'stats': [{'identifier': 'minutes', 'points': 0, 'value': 0, 'points_modification': 0}]}]",False
421,1,2025-26,0,0,0,0,0,0,0,0,0,0,0,0,0,0.0,0.0,0.0,0.0,0,0,0,0,0,0.00,0.00,0.00,0.00,0,False,"[{'fixture': 7, 'stats': [{'identifier': 'minutes', 'points': 0, 'value': 0, 'points_modification': 0}]}]",False
422,1,2025-26,0,0,0,0,0,0,0,0,0,0,0,0,0,0.0,0.0,0.0,0.0,0,0,0,0,0,0.00,0.00,0.00,0.00,0,False,"[{'fixture': 7, 'stats': [{'identifier': 'minutes', 'points': 0, 'value': 0, 'points_modification': 0}]}]",False
423,1,2025-26,90,0,0,1,0,0,0,0,0,0,0,0,27,24.8,5.6,6.0,3.6,4,4,3,11,1,0.05,0.05,0.10,0.56,3,False,"[{'fixture': 7, 'stats': [{'identifier': 'minutes', 'points': 2, 'value': 90, 'points_modification': 0}, {'identifier': 'clean_sheets', 'points': 1, 'value': 1, 'points_modification': 0}]}]",False
424,1,2025-26,90,0,1,1,0,0,0,0,0,0,0,0,25,24.6,25.4,8.0,5.8,0,4,0,4,1,0.00,0.07,0.07,0.56,6,False,"[{'fixture': 7, 'stats': [{'identifier': 'minutes', 'points': 2, 'value': 90, 'points_modification': 0}, {'identifier': 'assists', 'points': 3, 'value': 1, 'points_modification': 0}, {'identifier': 'clean_sheets', 'points': 1, 'value': 1, 'points_modification': 0}]}]",False
425,1,2025-26,0,0,0,0,0,0,0,0,0,0,0,0,0,0.0,0.0,0.0,0.0,0,0,0,0,0,0.00,0.00,0.00,0.00,0,False,"[{'fixture': 7, 'stats': [{'identifier': 'minutes', 'points': 0, 'value': 0, 'points_modification': 0}]}]",False
426,1,2025-26,0,0,0,0,0,0,0,0,0,0,0,0,0,0.0,0.0,0.0,0.0,0,0,0,0,0,0.00,0.00,0.00,0.00,0,False,"[{'fixture': 7, 'stats': [{'identifier': 'minutes', 'points': 0, 'value': 0, 'points_modification': 0}]}]",False
427,1,2025-26,90,1,1,1,0,0,0,0,1,0,0,0,31,49.8,23.7,28.0,10.2,1,1,1,3,1,0.20,0.14,0.34,0.56,10,True,"[{'fixture': 7, 'stats': [{'identifier': 'minutes', 'points': 2, 'value': 90, 'points_modification': 0}, {'identifier': 'goals_scored', 'points': 5, 'value': 1, 'points_modification': 0}, {'identifier': 'assists', 'points': 3, 'value': 1, 'points_modification': 0}, {'identifier': 'clean_sheets', 'points': 1, 'value': 1, 'points_modification': 0}, {'identifier': 'yellow_cards', 'points': -1, 'value': 1, 'points_modification': 0}]}]",False
428,1,2025-26,0,0,0,0,0,0,0,0,0,0,0,0,0,0.0,0.0,0.0,0.0,0,0,0,0,0,0.00,0.00,0.00,0.00,0,False,"[{'fixture': 7, 'stats': [{'identifier': 'minutes', 'points': 0, 'value': 0, 'points_modification': 0}]}]",False
429,1,2025-26,0,0,0,0,0,0,0,0,0,0,0,0,0,0.0,0.0,0.0,0.0,0,0,0,0,0,0.00,0.00,0.00,0.00,0,False,"[{'fixture': 7, 'stats': [{'identifier': 'minutes', 'points': 0, 'value': 0, 'points_modification': 0}]}]",False
430,1,2025-26,72,2,0,1,0,0,0,0,0,0,0,3,49,58.0,0.3,71.0,12.9,0,1,1,2,1,1.99,0.00,1.99,0.35,13,True,"[{'fixture': 7, 'stats': [{'identifier': 'minutes', 'points': 2, 'value': 72, 'points_modification': 0}, {'identifier': 'goals_scored', 'points': 8, 'value': 2, 'points_modification': 0}, {'identifier': 'bonus', 'points': 3, 'value': 3, 'points_modification': 0}]}]",False
431,1,2025-26,90,0,0,0,1,0,0,0,0,0,2,0,11,13.4,0.0,0.0,1.3,1,10,0,0,1,0.00,0.00,0.00,1.31,2,False,"[{'fixture': 9, 'stats': [{'identifier': 'minutes', 'points': 2, 'value': 90, 'points_modification': 0}]}]",False
432,1,2025-26,0,0,0,0,0,0,0,0,0,0,0,0,0,0.0,0.0,0.0,0.0,0,0,0,0,0,0.00,0.00,0.00,0.00,0,False,"[{'fixture': 9, 'stats': [{'identifier': 'minutes', 'points': 0, 'value': 0, 'points_modification': 0}]}]",False
433,1,2025-26,0,0,0,0,0,0,0,0,0,0,0,0,0,0.0,0.0,0.0,0.0,0,0,0,0,0,0.00,0.00,0.00,0.00,0,False,"[{'fixture': 9, 'stats': [{'identifier': 'minutes', 'points': 0, 'value': 0, 'points_modification': 0}]}]",False
434,1,2025-26,0,0,0,0,0,0,0,0,0,0,0,0,0,0.0,0.0,0.0,0.0,0,0,0,0,0,0.00,0.00,0.00,0.00,0,False,"[{'fixture': 9, 'stats': [{'identifier': 'minutes', 'points': 0, 'value': 0, 'points_modification': 0}]}]",False
435,1,2025-26,0,0,0,0,0,0,0,0,0,0,0,0,0,0.0,0.0,0.0,0.0,0,0,0,0,0,0.00,0.00,0.00,0.00,0,False,"[{'fixture': 9, 'stats': [{'identifier': 'minutes', 'points': 0, 'value': 0, 'points_modification': 0}]}]",False
436,1,2025-26,90,0,0,0,1,0,0,0,0,0,0,0,16,33.4,16.0,26.0,7.5,8,4,2,10,1,0.21,0.06,0.27,1.31,4,False,"[{'fixture': 9, 'stats': [{'identifier': 'minutes', 'points': 2, 'value': 90, 'points_modification': 0}, {'identifier': 'defensive_contribution', 'points': 2, 'value': 10, 'points_modification': 0}]}]",False
437,1,2025-26,0,0,0,0,0,0,0,0,0,0,0,0,0,0.0,0.0,0.0,0.0,0,0,0,0,0,0.00,0.00,0.00,0.00,0,False,"[{'fixture': 9, 'stats': [{'identifier': 'minutes', 'points': 0, 'value': 0, 'points_modification': 0}]}]",False
438,1,2025-26,0,0,0,0,0,0,0,0,0,0,0,0,0,0.0,0.0,0.0,0.0,0,0,0,0,0,0.00,0.00,0.00,0.00,0,False,"[{'fixture': 9, 'stats': [{'identifier': 'minutes', 'points': 0, 'value': 0, 'points_modification': 0}]}]",False
439,1,2025-26,0,0,0,0,0,0,0,0,0,0,0,0,0,0.0,0.0,0.0,0.0,0,0,0,0,0,0.00,0.00,0.00,0.00,0,False,"[{'fixture': 9, 'stats': [{'identifier': 'minutes', 'points': 0, 'value': 0, 'points_modification': 0}]}]",False
440,1,2025-26,54,0,0,0,1,0,0,0,0,0,0,0,2,6.8,14.1,2.0,2.3,3,2,1,4,1,0.00,0.15,0.15,1.03,1,False,"[{'fixture': 9, 'stats': [{'identifier': 'minutes', 'points': 1, 'value': 54, 'points_modification': 0}]}]",False
441,1,2025-26,90,0,0,0,1,0,0,0,1,0,0,0,4,9.0,2.8,8.0,2.0,1,2,4,5,1,0.04,0.02,0.06,1.31,1,False,"[{'fixture': 9, 'stats': [{'identifier': 'minutes', 'points': 2, 'value': 90, 'points_modification': 0}, {'identifier': 'yellow_cards', 'points': -1, 'value': 1, 'points_modification': 0}]}]",False
442,1,2025-26,10,0,0,0,0,0,0,0,0,0,0,0,2,5.2,0.5,0.0,0.6,3,0,0,3,0,0.00,0.00,0.00,0.21,1,False,"[{'fixture': 9, 'stats': [{'identifier': 'minutes', 'points': 1, 'value': 10, 'points_modification': 0}]}]",False
443,1,2025-26,79,0,0,0,1,0,0,0,0,0,0,0,7,11.2,12.5,0.0,2.4,1,5,3,4,1,0.00,0.02,0.02,1.10,2,False,"[{'fixture': 9, 'stats': [{'identifier': 'minutes', 'points': 2, 'value': 79, 'points_modification': 0}]}]",False
444,1,2025-26,90,0,0,0,1,0,0,0,0,0,0,0,11,18.2,2.6,0.0,2.1,10,4,1,11,1,0.00,0.01,0.01,1.31,4,False,"[{'fixture': 9, 'stats': [{'identifier': 'minutes', 'points': 2, 'value': 90, 'points_modification': 0}, {'identifier': 'defensive_contribution', 'points': 2, 'value': 11, 'points_modification': 0}]}]",False
445,1,2025-26,0,0,0,0,0,0,0,0,0,0,0,0,0,0.0,0.0,0.0,0.0,0,0,0,0,0,0.00,0.00,0.00,0.00,0,False,"[{'fixture': 9, 'stats': [{'identifier': 'minutes', 'points': 0, 'value': 0, 'points_modification': 0}]}]",False
446,1,2025-26,0,0,0,0,0,0,0,0,0,0,0,0,0,0.0,0.0,0.0,0.0,0,0,0,0,0,0.00,0.00,0.00,0.00,0,False,"[{'fixture': 9, 'stats': [{'identifier': 'minutes', 'points': 0, 'value': 0, 'points_modification': 0}]}]",False
447,1,2025-26,0,0,0,0,0,0,0,0,0,0,0,0,0,0.0,0.0,0.0,0.0,0,0,0,0,0,0.00,0.00,0.00,0.00,0,False,"[{'fixture': 9, 'stats': [{'identifier': 'minutes', 'points': 0, 'value': 0, 'points_modification': 0}]}]",False
448,1,2025-26,0,0,0,0,0,0,0,0,0,0,0,0,0,0.0,0.0,0.0,0.0,0,0,0,0,0,0.00,0.00,0.00,0.00,0,False,"[{'fixture': 9, 'stats': [{'identifier': 'minutes', 'points': 0, 'value': 0, 'points_modification': 0}]}]",False
449,1,2025-26,90,0,0,0,1,0,0,0,0,0,0,0,19,25.2,65.3,9.0,10.0,2,6,3,11,1,0.15,0.30,0.45,1.31,2,False,"[{'fixture': 9, 'stats': [{'identifier': 'minutes', 'points': 2, 'value': 90, 'points_modification': 0}]}]",False
450,1,2025-26,90,0,0,0,1,0,0,0,0,0,0,0,16,17.8,13.3,50.0,8.1,0,2,1,3,1,0.40,0.05,0.45,1.31,2,False,"[{'fixture': 9, 'stats': [{'identifier': 'minutes', 'points': 2, 'value': 90, 'points_modification': 0}]}]",False
451,1,2025-26,0,0,0,0,0,0,0,0,0,0,0,0,0,0.0,0.0,0.0,0.0,0,0,0,0,0,0.00,0.00,0.00,0.00,0,False,"[{'fixture': 9, 'stats': [{'identifier': 'minutes', 'points': 0, 'value': 0, 'points_modification': 0}]}]",False
452,1,2025-26,35,0,0,0,0,0,0,0,0,0,0,0,12,13.4,12.3,19.0,4.5,0,1,3,4,0,0.03,0.04,0.07,0.27,1,False,"[{'fixture': 9, 'stats': [{'identifier': 'minutes', 'points': 1, 'value': 35, 'points_modification': 0}]}]",False
453,1,2025-26,0,0,0,0,0,0,0,0,0,0,0,0,0,0.0,0.0,0.0,0.0,0,0,0,0,0,0.00,0.00,0.00,0.00,0,False,"[{'fixture': 9, 'stats': [{'identifier': 'minutes', 'points': 0, 'value': 0, 'points_modification': 0}]}]",False
454,1,2025-26,0,0,0,0,0,0,0,0,0,0,0,0,0,0.0,0.0,0.0,0.0,0,0,0,0,0,0.00,0.00,0.00,0.00,0,False,"[{'fixture': 9, 'stats': [{'identifier': 'minutes', 'points': 0, 'value': 0, 'points_modification': 0}]}]",False
455,1,2025-26,64,0,0,0,1,0,0,0,0,0,0,0,9,7.0,25.1,18.0,5.0,0,2,1,3,1,0.12,0.15,0.27,1.10,2,False,"[{'fixture': 9, 'stats': [{'identifier': 'minutes', 'points': 2, 'value': 64, 'points_modification': 0}]}]",False
456,1,2025-26,0,0,0,0,0,0,0,0,0,0,0,0,0,0.0,0.0,0.0,0.0,0,0,0,0,0,0.00,0.00,0.00,0.00,0,False,"[{'fixture': 9, 'stats': [{'identifier': 'minutes', 'points': 0, 'value': 0, 'points_modification': 0}]}]",False
457,1,2025-26,64,0,0,0,1,0,0,0,0,0,0,0,15,9.2,11.6,0.0,2.1,0,2,3,5,1,0.00,0.02,0.02,1.10,2,False,"[{'fixture': 9, 'stats': [{'identifier': 'minutes', 'points': 2, 'value': 64, 'points_modification': 0}]}]",False
458,1,2025-26,0,0,0,0,0,0,0,0,0,0,0,0,0,0.0,0.0,0.0,0.0,0,0,0,0,0,0.00,0.00,0.00,0.00,0,False,"[{'fixture': 9, 'stats': [{'identifier': 'minutes', 'points': 0, 'value': 0, 'points_modification': 0}]}]",False
459,1,2025-26,25,0,0,0,0,0,0,0,0,0,0,0,0,0.0,11.4,1.0,1.2,0,1,0,1,0,0.03,0.01,0.04,0.21,1,False,"[{'fixture': 9, 'stats': [{'identifier': 'minutes', 'points': 1, 'value': 25, 'points_modification': 0}]}]",False
460,1,2025-26,0,0,0,0,0,0,0,0,0,0,0,0,0,0.0,0.0,0.0,0.0,0,0,0,0,0,0.00,0.00,0.00,0.00,0,False,"[{'fixture': 9, 'stats': [{'identifier': 'minutes', 'points': 0, 'value': 0, 'points_modification': 0}]}]",False
461,1,2025-26,0,0,0,0,0,0,0,0,0,0,0,0,0,0.0,0.0,0.0,0.0,0,0,0,0,0,0.00,0.00,0.00,0.00,0,False,"[{'fixture': 9, 'stats': [{'identifier': 'minutes', 'points': 0, 'value': 0, 'points_modification': 0}]}]",False
462,1,2025-26,0,0,0,0,0,0,0,0,0,0,0,0,0,0.0,0.0,0.0,0.0,0,0,0,0,0,0.00,0.00,0.00,0.00,0,False,"[{'fixture': 9, 'stats': [{'identifier': 'minutes', 'points': 0, 'value': 0, 'points_modification': 0}]}]",False
463,1,2025-26,0,0,0,0,0,0,0,0,0,0,0,0,0,0.0,0.0,0.0,0.0,0,0,0,0,0,0.00,0.00,0.00,0.00,0,False,"[{'fixture': 9, 'stats': [{'identifier': 'minutes', 'points': 0, 'value': 0, 'points_modification': 0}]}]",False
464,1,2025-26,0,0,0,0,0,0,0,0,0,0,0,0,0,0.0,0.0,0.0,0.0,0,0,0,0,0,0.00,0.00,0.00,0.00,0,False,"[{'fixture': 9, 'stats': [{'identifier': 'minutes', 'points': 0, 'value': 0, 'points_modification': 0}]}]",False
465,1,2025-26,0,0,0,0,0,0,0,0,0,0,0,0,0,0.0,0.0,0.0,0.0,0,0,0,0,0,0.00,0.00,0.00,0.00,0,False,"[{'fixture': 9, 'stats': [{'identifier': 'minutes', 'points': 0, 'value': 0, 'points_modification': 0}]}]",False
466,1,2025-26,0,0,0,0,0,0,0,0,0,0,0,0,0,0.0,0.0,0.0,0.0,0,0,0,0,0,0.00,0.00,0.00,0.00,0,False,"[{'fixture': 9, 'stats': [{'identifier': 'minutes', 'points': 0, 'value': 0, 'points_modification': 0}]}]",False
467,1,2025-26,0,0,0,0,0,0,0,0,0,0,0,0,0,0.0,0.0,0.0,0.0,0,0,0,0,0,0.00,0.00,0.00,0.00,0,False,"[{'fixture': 9, 'stats': [{'identifier': 'minutes', 'points': 0, 'value': 0, 'points_modification': 0}]}]",False
468,1,2025-26,0,0,0,0,0,0,0,0,0,0,0,0,0,0.0,0.0,0.0,0.0,0,0,0,0,0,0.00,0.00,0.00,0.00,0,False,"[{'fixture': 9, 'stats': [{'identifier': 'minutes', 'points': 0, 'value': 0, 'points_modification': 0}]}]",False
469,1,2025-26,90,0,0,1,0,0,0,0,0,0,3,2,32,27.0,0.0,0.0,2.7,1,16,0,0,1,0.00,0.00,0.00,0.20,9,False,"[{'fixture': 2, 'stats': [{'identifier': 'minutes', 'points': 2, 'value': 90, 'points_modification': 0}, {'identifier': 'clean_sheets', 'points': 4, 'value': 1, 'points_modification': 0}, {'identifier': 'saves', 'points': 1, 'value': 3, 'points_modification': 0}, {'identifier': 'bonus', 'points': 2, 'value': 2, 'points_modification': 0}]}]",False
470,1,2025-26,90,0,0,0,3,0,0,0,0,0,3,0,5,25.6,0.0,0.0,2.6,0,6,0,0,1,0.00,0.00,0.00,2.32,2,False,"[{'fixture': 6, 'stats': [{'identifier': 'minutes', 'points': 2, 'value': 90, 'points_modification': 0}, {'identifier': 'goals_conceded', 'points': -1, 'value': 3, 'points_modification': 0}, {'identifier': 'saves', 'points': 1, 'value': 3, 'points_modification': 0}]}]",False
471,1,2025-26,0,0,0,0,0,0,0,0,0,0,0,0,0,0.0,0.0,0.0,0.0,0,0,0,0,0,0.00,0.00,0.00,0.00,0,False,"[{'fixture': 2, 'stats': [{'identifier': 'minutes', 'points': 0, 'value': 0, 'points_modification': 0}]}]",False
472,1,2025-26,0,0,0,0,0,0,0,0,0,0,0,0,0,0.0,0.0,0.0,0.0,0,0,0,0,0,0.00,0.00,0.00,0.00,0,False,"[{'fixture': 2, 'stats': [{'identifier': 'minutes', 'points': 0, 'value': 0, 'points_modification': 0}]}]",False
473,1,2025-26,0,0,0,0,0,0,0,0,0,0,0,0,0,0.0,0.0,0.0,0.0,0,0,0,0,0,0.00,0.00,0.00,0.00,0,False,"[{'fixture': 2, 'stats': [{'identifier': 'minutes', 'points': 0, 'value': 0, 'points_modification': 0}]}]",False
474,1,2025-26,90,0,0,1,0,0,0,0,0,0,0,0,26,13.8,1.9,4.0,2.0,10,5,1,11,1,0.04,0.03,0.07,0.20,8,False,"[{'fixture': 2, 'stats': [{'identifier': 'minutes', 'points': 2, 'value': 90, 'points_modification': 0}, {'identifier': 'clean_sheets', 'points': 4, 'value': 1, 'points_modification': 0}, {'identifier': 'defensive_contribution', 'points': 2, 'value': 11, 'points_modification': 0}]}]",False
475,1,2025-26,0,0,0,0,0,0,0,0,0,0,0,0,0,0.0,0.0,0.0,0.0,0,0,0,0,0,0.00,0.00,0.00,0.00,0,False,"[{'fixture': 2, 'stats': [{'identifier': 'minutes', 'points': 0, 'value': 0, 'points_modification': 0}]}]",False
476,1,2025-26,90,0,0,1,0,0,0,0,0,0,0,1,30,18.6,1.2,2.0,2.2,10,5,1,11,1,0.00,0.01,0.01,0.20,9,False,"[{'fixture': 2, 'stats': [{'identifier': 'minutes', 'points': 2, 'value': 90, 'points_modification': 0}, {'identifier': 'clean_sheets', 'points': 4, 'value': 1, 'points_modification': 0}, {'identifier': 'bonus', 'points': 1, 'value': 1, 'points_modification': 0}, {'identifier': 'defensive_contribution', 'points': 2, 'value': 11, 'points_modification': 0}]}]",False
477,1,2025-26,90,0,0,1,0,0,0,0,0,0,0,3,33,18.0,25.4,4.0,4.7,3,5,2,5,1,0.00,0.03,0.03,0.20,9,False,"[{'fixture': 2, 'stats': [{'identifier': 'minutes', 'points': 2, 'value': 90, 'points_modification': 0}, {'identifier': 'clean_sheets', 'points': 4, 'value': 1, 'points_modification': 0}, {'identifier': 'bonus', 'points': 3, 'value': 3, 'points_modification': 0}]}]",False
478,1,2025-26,90,0,0,1,0,0,0,0,0,0,0,0,26,9.8,22.5,0.0,3.2,4,4,0,4,1,0.00,0.06,0.06,0.20,6,False,"[{'fixture': 2, 'stats': [{'identifier': 'minutes', 'points': 2, 'value': 90, 'points_modification': 0}, {'identifier': 'clean_sheets', 'points': 4, 'value': 1, 'points_modification': 0}]}]",False
479,1,2025-26,0,0,0,0,0,0,0,0,0,0,0,0,0,0.0,0.0,0.0,0.0,0,0,0,0,0,0.00,0.00,0.00,0.00,0,False,"[{'fixture': 2, 'stats': [{'identifier': 'minutes', 'points': 0, 'value': 0, 'points_modification': 0}]}]",False
480,1,2025-26,0,0,0,0,0,0,0,0,0,0,0,0,0,0.0,0.0,0.0,0.0,0,0,0,0,0,0.00,0.00,0.00,0.00,0,False,"[{'fixture': 2, 'stats': [{'identifier': 'minutes', 'points': 0, 'value': 0, 'points_modification': 0}]}]",False
481,1,2025-26,0,0,0,0,0,0,0,0,0,0,0,0,0,0.0,0.0,0.0,0.0,0,0,0,0,0,0.00,0.00,0.00,0.00,0,False,"[{'fixture': 2, 'stats': [{'identifier': 'minutes', 'points': 0, 'value': 0, 'points_modification': 0}]}]",False
482,1,2025-26,0,0,0,0,0,0,0,0,0,0,0,0,0,0.0,0.0,0.0,0.0,0,0,0,0,0,0.00,0.00,0.00,0.00,0,False,"[{'fixture': 2, 'stats': [{'identifier': 'minutes', 'points': 0, 'value': 0, 'points_modification': 0}]}]",False
483,1,2025-26,0,0,0,0,0,0,0,0,0,0,0,0,0,0.0,0.0,0.0,0.0,0,0,0,0,0,0.00,0.00,0.00,0.00,0,False,"[{'fixture': 2, 'stats': [{'identifier': 'minutes', 'points': 0, 'value': 0, 'points_modification': 0}]}]",False
484,1,2025-26,0,0,0,0,0,0,0,0,0,0,0,0,0,0.0,0.0,0.0,0.0,0,0,0,0,0,0.00,0.00,0.00,0.00,0,False,"[{'fixture': 2, 'stats': [{'identifier': 'minutes', 'points': 0, 'value': 0, 'points_modification': 0}]}]",False
485,1,2025-26,90,0,0,1,0,0,0,0,0,0,0,0,4,5.4,13.0,41.0,5.9,0,4,0,4,1,0.55,0.03,0.58,0.20,3,False,"[{'fixture': 2, 'stats': [{'identifier': 'minutes', 'points': 2, 'value': 90, 'points_modification': 0}, {'identifier': 'clean_sheets', 'points': 1, 'value': 1, 'points_modification': 0}]}]",False
486,1,2025-26,77,0,0,1,0,0,0,0,0,0,0,0,10,8.6,29.8,27.0,6.5,0,3,0,3,1,0.57,0.06,0.63,0.17,3,False,"[{'fixture': 2, 'stats': [{'identifier': 'minutes', 'points': 2, 'value': 77, 'points_modification': 0}, {'identifier': 'clean_sheets', 'points': 1, 'value': 1, 'points_modification': 0}]}]",False
487,1,2025-26,89,0,0,1,0,0,0,0,0,0,0,0,15,12.8,56.8,25.0,9.5,1,3,0,4,1,0.23,0.33,0.56,0.20,3,False,"[{'fixture': 2, 'stats': [{'identifier': 'minutes', 'points': 2, 'value': 89, 'points_modification': 0}, {'identifier': 'clean_sheets', 'points': 1, 'value': 1, 'points_modification': 0}]}]",False
488,1,2025-26,90,0,0,1,0,0,0,0,0,0,0,0,11,7.6,22.6,2.0,3.2,1,5,2,8,1,0.00,0.10,0.10,0.20,3,False,"[{'fixture': 2, 'stats': [{'identifier': 'minutes', 'points': 2, 'value': 90, 'points_modification': 0}, {'identifier': 'clean_sheets', 'points': 1, 'value': 1, 'points_modification': 0}]}]",False
489,1,2025-26,12,0,0,0,0,0,0,0,0,0,0,0,3,0.6,1.3,4.0,0.6,0,2,0,2,0,0.00,0.01,0.01,0.03,1,False,"[{'fixture': 2, 'stats': [{'identifier': 'minutes', 'points': 1, 'value': 12, 'points_modification': 0}]}]",False
490,1,2025-26,82,0,0,1,0,0,0,0,1,0,0,0,7,4.4,4.2,6.0,1.5,2,5,2,9,1,0.00,0.02,0.02,0.17,2,False,"[{'fixture': 2, 'stats': [{'identifier': 'minutes', 'points': 2, 'value': 82, 'points_modification': 0}, {'identifier': 'clean_sheets', 'points': 1, 'value': 1, 'points_modification': 0}, {'identifier': 'yellow_cards', 'points': -1, 'value': 1, 'points_modification': 0}]}]",False
491,1,2025-26,90,0,0,1,0,0,0,0,0,0,0,0,20,13.8,29.2,0.0,4.3,2,5,2,9,1,0.00,0.18,0.18,0.20,3,False,"[{'fixture': 2, 'stats': [{'identifier': 'minutes', 'points': 2, 'value': 90, 'points_modification': 0}, {'identifier': 'clean_sheets', 'points': 1, 'value': 1, 'points_modification': 0}]}]",False
492,1,2025-26,0,0,0,0,0,0,0,0,0,0,0,0,0,0.0,0.0,0.0,0.0,0,0,0,0,0,0.00,0.00,0.00,0.00,0,False,"[{'fixture': 2, 'stats': [{'identifier': 'minutes', 'points': 0, 'value': 0, 'points_modification': 0}]}]",False
493,1,2025-26,1,0,0,0,0,0,0,0,0,0,0,0,3,0.2,0.3,0.0,0.1,0,0,0,0,0,0.00,0.00,0.00,0.00,1,False,"[{'fixture': 10, 'stats': [{'identifier': 'minutes', 'points': 1, 'value': 1, 'points_modification': 0}]}]",False
494,1,2025-26,0,0,0,0,0,0,0,0,0,0,0,0,0,0.0,0.0,0.0,0.0,0,0,0,0,0,0.00,0.00,0.00,0.00,0,False,"[{'fixture': 2, 'stats': [{'identifier': 'minutes', 'points': 0, 'value': 0, 'points_modification': 0}]}]",False
495,1,2025-26,0,0,0,0,0,0,0,0,0,0,0,0,0,0.0,0.0,0.0,0.0,0,0,0,0,0,0.00,0.00,0.00,0.00,0,False,"[{'fixture': 2, 'stats': [{'identifier': 'minutes', 'points': 0, 'value': 0, 'points_modification': 0}]}]",False
496,1,2025-26,0,0,0,0,0,0,0,0,0,0,0,0,0,0.0,0.0,0.0,0.0,0,0,0,0,0,0.00,0.00,0.00,0.00,0,False,"[{'fixture': 2, 'stats': [{'identifier': 'minutes', 'points': 0, 'value': 0, 'points_modification': 0}]}]",False
497,1,2025-26,7,0,0,0,0,0,0,0,0,0,0,0,4,2.6,11.0,2.0,1.6,0,1,0,1,0,0.00,0.01,0.01,0.03,1,False,"[{'fixture': 2, 'stats': [{'identifier': 'minutes', 'points': 1, 'value': 7, 'points_modification': 0}]}]",False
498,1,2025-26,0,0,0,0,0,0,0,0,0,0,0,0,0,0.0,0.0,0.0,0.0,0,0,0,0,0,0.00,0.00,0.00,0.00,0,False,"[{'fixture': 2, 'stats': [{'identifier': 'minutes', 'points': 0, 'value': 0, 'points_modification': 0}]}]",False
499,1,2025-26,0,0,0,0,0,0,0,0,0,0,0,0,0,0.0,0.0,0.0,0.0,0,0,0,0,0,0.00,0.00,0.00,0.00,0,False,"[{'fixture': 2, 'stats': [{'identifier': 'minutes', 'points': 0, 'value': 0, 'points_modification': 0}]}]",False
500,1,2025-26,1,0,0,0,0,0,0,0,0,0,0,0,3,0.0,0.3,7.0,0.7,0,0,0,0,0,0.03,0.02,0.05,0.00,1,False,"[{'fixture': 2, 'stats': [{'identifier': 'minutes', 'points': 1, 'value': 1, 'points_modification': 0}]}]",False
501,1,2025-26,0,0,0,0,0,0,0,0,0,0,0,0,0,0.0,0.0,0.0,0.0,0,0,0,0,0,0.00,0.00,0.00,0.00,0,False,"[{'fixture': 2, 'stats': [{'identifier': 'minutes', 'points': 0, 'value': 0, 'points_modification': 0}]}]",False
502,1,2025-26,90,0,0,0,1,0,0,0,0,0,2,0,9,14.6,0.0,0.0,1.5,0,7,0,0,1,0.00,0.00,0.00,1.50,2,False,"[{'fixture': 4, 'stats': [{'identifier': 'minutes', 'points': 2, 'value': 90, 'points_modification': 0}]}]",False
503,1,2025-26,0,0,0,0,0,0,0,0,0,0,0,0,0,0.0,0.0,0.0,0.0,0,0,0,0,0,0.00,0.00,0.00,0.00,0,False,"[{'fixture': 4, 'stats': [{'identifier': 'minutes', 'points': 0, 'value': 0, 'points_modification': 0}]}]",False
504,1,2025-26,0,0,0,0,0,0,0,0,0,0,0,0,0,0.0,0.0,0.0,0.0,0,0,0,0,0,0.00,0.00,0.00,0.00,0,False,"[{'fixture': 4, 'stats': [{'identifier': 'minutes', 'points': 0, 'value': 0, 'points_modification': 0}]}]",False
505,1,2025-26,90,0,0,0,1,0,0,0,0,0,0,0,5,17.2,0.5,0.0,1.8,7,2,1,8,1,0.00,0.00,0.00,1.50,2,False,"[{'fixture': 4, 'stats': [{'identifier': 'minutes', 'points': 2, 'value': 90, 'points_modification': 0}]}]",False
506,1,2025-26,90,0,0,0,1,0,0,0,0,0,0,0,12,11.8,1.6,0.0,1.3,5,6,0,5,1,0.00,0.02,0.02,1.50,2,False,"[{'fixture': 4, 'stats': [{'identifier': 'minutes', 'points': 2, 'value': 90, 'points_modification': 0}]}]",False
507,1,2025-26,90,0,0,0,1,0,0,0,0,0,0,0,15,27.2,16.1,2.0,4.5,9,8,3,12,1,0.00,0.04,0.04,1.50,4,False,"[{'fixture': 4, 'stats': [{'identifier': 'minutes', 'points': 2, 'value': 90, 'points_modification': 0}, {'identifier': 'defensive_contribution', 'points': 2, 'value': 12, 'points_modification': 0}]}]",False
508,1,2025-26,90,0,0,0,1,0,0,0,1,0,0,0,10,19.0,28.8,2.0,5.0,4,2,2,6,1,0.00,0.09,0.09,1.50,1,False,"[{'fixture': 4, 'stats': [{'identifier': 'minutes', 'points': 2, 'value': 90, 'points_modification': 0}, {'identifier': 'yellow_cards', 'points': -1, 'value': 1, 'points_modification': 0}]}]",False
509,1,2025-26,0,0,0,0,0,0,0,0,0,0,0,0,0,0.0,0.0,0.0,0.0,0,0,0,0,0,0.00,0.00,0.00,0.00,0,False,"[{'fixture': 4, 'stats': [{'identifier': 'minutes', 'points': 0, 'value': 0, 'points_modification': 0}]}]",False
510,1,2025-26,0,0,0,0,0,0,0,0,0,0,0,0,0,0.0,0.0,0.0,0.0,0,0,0,0,0,0.00,0.00,0.00,0.00,0,False,"[{'fixture': 4, 'stats': [{'identifier': 'minutes', 'points': 0, 'value': 0, 'points_modification': 0}]}]",False
511,1,2025-26,0,0,0,0,0,0,0,0,0,0,0,0,0,0.0,0.0,0.0,0.0,0,0,0,0,0,0.00,0.00,0.00,0.00,0,False,"[{'fixture': 4, 'stats': [{'identifier': 'minutes', 'points': 0, 'value': 0, 'points_modification': 0}]}]",False
512,1,2025-26,0,0,0,0,0,0,0,0,0,0,0,0,0,0.0,0.0,0.0,0.0,0,0,0,0,0,0.00,0.00,0.00,0.00,0,False,"[{'fixture': 4, 'stats': [{'identifier': 'minutes', 'points': 0, 'value': 0, 'points_modification': 0}]}]",False
513,1,2025-26,0,0,0,0,0,0,0,0,0,0,0,0,0,0.0,0.0,0.0,0.0,0,0,0,0,0,0.00,0.00,0.00,0.00,0,False,"[{'fixture': 4, 'stats': [{'identifier': 'minutes', 'points': 0, 'value': 0, 'points_modification': 0}]}]",False
514,1,2025-26,0,0,0,0,0,0,0,0,0,0,0,0,0,0.0,0.0,0.0,0.0,0,0,0,0,0,0.00,0.00,0.00,0.00,0,False,"[{'fixture': 4, 'stats': [{'identifier': 'minutes', 'points': 0, 'value': 0, 'points_modification': 0}]}]",False
515,1,2025-26,83,0,1,0,1,0,0,0,0,0,0,0,23,28.8,51.8,15.0,9.6,1,2,1,4,1,0.38,0.28,0.66,1.50,5,False,"[{'fixture': 4, 'stats': [{'identifier': 'minutes', 'points': 2, 'value': 83, 'points_modification': 0}, {'identifier': 'assists', 'points': 3, 'value': 1, 'points_modification': 0}]}]",False
516,1,2025-26,90,0,0,0,1,0,0,0,0,0,0,0,20,11.8,32.3,9.0,5.3,0,0,0,0,1,0.02,0.24,0.26,1.50,2,False,"[{'fixture': 4, 'stats': [{'identifier': 'minutes', 'points': 2, 'value': 90, 'points_modification': 0}]}]",False
517,1,2025-26,90,0,1,0,1,0,0,0,0,0,0,1,24,28.6,21.3,20.0,7.0,1,8,2,11,1,0.39,0.28,0.67,1.50,6,False,"[{'fixture': 4, 'stats': [{'identifier': 'minutes', 'points': 2, 'value': 90, 'points_modification': 0}, {'identifier': 'assists', 'points': 3, 'value': 1, 'points_modification': 0}, {'identifier': 'bonus', 'points': 1, 'value': 1, 'points_modification': 0}]}]",False
518,1,2025-26,11,0,0,0,0,0,0,0,0,0,0,0,6,5.0,0.5,4.0,1.0,1,0,2,3,0,0.00,0.00,0.00,0.00,1,False,"[{'fixture': 4, 'stats': [{'identifier': 'minutes', 'points': 1, 'value': 11, 'points_modification': 0}]}]",False
519,1,2025-26,0,0,0,0,0,0,0,0,0,0,0,0,0,0.0,0.0,0.0,0.0,0,0,0,0,0,0.00,0.00,0.00,0.00,0,False,"[{'fixture': 4, 'stats': [{'identifier': 'minutes', 'points': 0, 'value': 0, 'points_modification': 0}]}]",False
520,1,2025-26,0,0,0,0,0,0,0,0,0,0,0,0,0,0.0,0.0,0.0,0.0,0,0,0,0,0,0.00,0.00,0.00,0.00,0,False,"[{'fixture': 4, 'stats': [{'identifier': 'minutes', 'points': 0, 'value': 0, 'points_modification': 0}]}]",False
521,1,2025-26,90,0,0,0,1,0,0,0,0,0,0,0,11,1.4,4.2,1.0,0.7,5,4,1,10,1,0.02,0.01,0.03,1.50,2,False,"[{'fixture': 4, 'stats': [{'identifier': 'minutes', 'points': 2, 'value': 90, 'points_modification': 0}]}]",False
522,1,2025-26,6,0,0,0,0,0,0,0,0,0,0,0,7,4.6,1.6,2.0,0.8,2,3,0,5,0,0.00,0.01,0.01,0.00,1,False,"[{'fixture': 4, 'stats': [{'identifier': 'minutes', 'points': 1, 'value': 6, 'points_modification': 0}]}]",False
523,1,2025-26,0,0,0,0,0,0,0,0,0,0,0,0,0,0.0,0.0,0.0,0.0,0,0,0,0,0,0.00,0.00,0.00,0.00,0,False,"[{'fixture': 4, 'stats': [{'identifier': 'minutes', 'points': 0, 'value': 0, 'points_modification': 0}]}]",False
524,1,2025-26,0,0,0,0,0,0,0,0,0,0,0,0,0,0.0,0.0,0.0,0.0,0,0,0,0,0,0.00,0.00,0.00,0.00,0,False,"[{'fixture': 4, 'stats': [{'identifier': 'minutes', 'points': 0, 'value': 0, 'points_modification': 0}]}]",False
525,1,2025-26,78,2,0,0,1,0,0,0,0,0,0,3,58,66.2,4.3,54.0,12.5,0,2,0,2,1,0.95,0.01,0.96,1.50,13,True,"[{'fixture': 4, 'stats': [{'identifier': 'minutes', 'points': 2, 'value': 78, 'points_modification': 0}, {'identifier': 'goals_scored', 'points': 8, 'value': 2, 'points_modification': 0}, {'identifier': 'bonus', 'points': 3, 'value': 3, 'points_modification': 0}]}]",False
526,1,2025-26,11,0,0,0,0,0,0,0,0,0,0,0,2,1.0,1.5,2.0,0.5,1,0,0,1,0,0.00,0.00,0.00,0.00,1,False,"[{'fixture': 4, 'stats': [{'identifier': 'minutes', 'points': 1, 'value': 11, 'points_modification': 0}]}]",False
527,1,2025-26,0,0,0,0,0,0,0,0,0,0,0,0,0,0.0,0.0,0.0,0.0,0,0,0,0,0,0.00,0.00,0.00,0.00,0,False,"[{'fixture': 4, 'stats': [{'identifier': 'minutes', 'points': 0, 'value': 0, 'points_modification': 0}]}]",False
528,1,2025-26,0,0,0,0,0,0,0,0,0,0,0,0,0,0.0,0.0,0.0,0.0,0,0,0,0,0,0.00,0.00,0.00,0.00,0,False,"[{'fixture': 5, 'stats': [{'identifier': 'minutes', 'points': 0, 'value': 0, 'points_modification': 0}]}]",False
529,1,2025-26,0,0,0,0,0,0,0,0,0,0,0,0,0,0.0,0.0,0.0,0.0,0,0,0,0,0,0.00,0.00,0.00,0.00,0,False,"[{'fixture': 5, 'stats': [{'identifier': 'minutes', 'points': 0, 'value': 0, 'points_modification': 0}]}]",False
530,1,2025-26,0,0,0,0,0,0,0,0,0,0,0,0,0,0.0,0.0,0.0,0.0,0,0,0,0,0,0.00,0.00,0.00,0.00,0,False,"[{'fixture': 5, 'stats': [{'identifier': 'minutes', 'points': 0, 'value': 0, 'points_modification': 0}]}]",False
531,1,2025-26,90,1,0,1,0,0,0,0,0,0,0,3,53,69.6,0.5,64.0,13.4,13,4,1,14,1,0.18,0.01,0.19,0.56,17,True,"[{'fixture': 5, 'stats': [{'identifier': 'minutes', 'points': 2, 'value': 90, 'points_modification': 0}, {'identifier': 'goals_scored', 'points': 6, 'value': 1, 'points_modification': 0}, {'identifier': 'clean_sheets', 'points': 4, 'value': 1, 'points_modification': 0}, {'identifier': 'bonus', 'points': 3, 'value': 3, 'points_modification': 0}, {'identifier': 'defensive_contribution', 'points': 2, 'value': 14, 'points_modification': 0}]}]",False
532,1,2025-26,90,0,0,1,0,0,0,0,0,0,0,0,27,15.2,15.8,2.0,3.3,4,3,2,6,1,0.00,0.09,0.09,0.56,6,False,"[{'fixture': 5, 'stats': [{'identifier': 'minutes', 'points': 2, 'value': 90, 'points_modification': 0}, {'identifier': 'clean_sheets', 'points': 4, 'value': 1, 'points_modification': 0}]}]",False
533,1,2025-26,0,0,0,0,0,0,0,0,0,0,0,0,0,0.0,0.0,0.0,0.0,0,0,0,0,0,0.00,0.00,0.00,0.00,0,False,"[{'fixture': 5, 'stats': [{'identifier': 'minutes', 'points': 0, 'value': 0, 'points_modification': 0}]}]",False
534,1,2025-26,0,0,0,0,0,0,0,0,0,0,0,0,0,0.0,0.0,0.0,0.0,0,0,0,0,0,0.00,0.00,0.00,0.00,0,False,"[{'fixture': 5, 'stats': [{'identifier': 'minutes', 'points': 0, 'value': 0, 'points_modification': 0}]}]",False
535,1,2025-26,0,0,0,0,0,0,0,0,0,0,0,0,0,0.0,0.0,0.0,0.0,0,0,0,0,0,0.00,0.00,0.00,0.00,0,False,"[{'fixture': 5, 'stats': [{'identifier': 'minutes', 'points': 0, 'value': 0, 'points_modification': 0}]}]",False
536,1,2025-26,0,0,0,0,0,0,0,0,0,0,0,0,0,0.0,0.0,0.0,0.0,0,0,0,0,0,0.00,0.00,0.00,0.00,0,False,"[{'fixture': 5, 'stats': [{'identifier': 'minutes', 'points': 0, 'value': 0, 'points_modification': 0}]}]",False
537,1,2025-26,0,0,0,0,0,0,0,0,0,0,0,0,0,0.0,0.0,0.0,0.0,0,0,0,0,0,0.00,0.00,0.00,0.00,0,False,"[{'fixture': 5, 'stats': [{'identifier': 'minutes', 'points': 0, 'value': 0, 'points_modification': 0}]}]",False
538,1,2025-26,0,0,0,0,0,0,0,0,0,0,0,0,0,0.0,0.0,0.0,0.0,0,0,0,0,0,0.00,0.00,0.00,0.00,0,False,"[{'fixture': 5, 'stats': [{'identifier': 'minutes', 'points': 0, 'value': 0, 'points_modification': 0}]}]",False
539,1,2025-26,0,0,0,0,0,0,0,0,0,0,0,0,0,0.0,0.0,0.0,0.0,0,0,0,0,0,0.00,0.00,0.00,0.00,0,False,"[{'fixture': 5, 'stats': [{'identifier': 'minutes', 'points': 0, 'value': 0, 'points_modification': 0}]}]",False
540,1,2025-26,0,0,0,0,0,0,0,0,0,0,0,0,0,0.0,0.0,0.0,0.0,0,0,0,0,0,0.00,0.00,0.00,0.00,0,False,"[{'fixture': 5, 'stats': [{'identifier': 'minutes', 'points': 0, 'value': 0, 'points_modification': 0}]}]",False
541,1,2025-26,90,0,0,1,0,0,0,0,0,0,0,0,27,13.6,2.5,0.0,1.6,6,3,2,8,1,0.00,0.00,0.00,0.56,6,False,"[{'fixture': 5, 'stats': [{'identifier': 'minutes', 'points': 2, 'value': 90, 'points_modification': 0}, {'identifier': 'clean_sheets', 'points': 4, 'value': 1, 'points_modification': 0}]}]",False
542,1,2025-26,52,0,0,0,0,0,0,0,0,0,0,0,6,15.2,0.6,0.0,1.6,4,4,2,6,1,0.00,0.00,0.00,0.33,1,False,"[{'fixture': 5, 'stats': [{'identifier': 'minutes', 'points': 1, 'value': 52, 'points_modification': 0}]}]",False
543,1,2025-26,75,0,1,1,0,0,0,0,0,0,0,0,8,0.0,14.5,6.0,2.0,0,2,1,3,1,0.14,0.02,0.16,0.33,6,False,"[{'fixture': 5, 'stats': [{'identifier': 'minutes', 'points': 2, 'value': 75, 'points_modification': 0}, {'identifier': 'assists', 'points': 3, 'value': 1, 'points_modification': 0}, {'identifier': 'clean_sheets', 'points': 1, 'value': 1, 'points_modification': 0}]}]",False
544,1,2025-26,90,0,0,1,0,0,0,0,0,0,0,0,4,7.0,2.8,20.0,3.0,2,3,1,6,1,0.23,0.01,0.24,0.56,3,False,"[{'fixture': 5, 'stats': [{'identifier': 'minutes', 'points': 2, 'value': 90, 'points_modification': 0}, {'identifier': 'clean_sheets', 'points': 1, 'value': 1, 'points_modification': 0}]}]",False
545,1,2025-26,0,0,0,0,0,0,0,0,0,0,0,0,0,0.0,0.0,0.0,0.0,0,0,0,0,0,0.00,0.00,0.00,0.00,0,False,"[{'fixture': 5, 'stats': [{'identifier': 'minutes', 'points': 0, 'value': 0, 'points_modification': 0}]}]",False
546,1,2025-26,0,0,0,0,0,0,0,0,0,0,0,0,0,0.0,0.0,0.0,0.0,0,0,0,0,0,0.00,0.00,0.00,0.00,0,False,"[{'fixture': 5, 'stats': [{'identifier': 'minutes', 'points': 0, 'value': 0, 'points_modification': 0}]}]",False
547,1,2025-26,14,0,0,0,0,0,0,0,0,0,0,0,4,3.2,0.3,0.0,0.4,2,2,0,4,0,0.00,0.00,0.00,0.23,1,False,"[{'fixture': 5, 'stats': [{'identifier': 'minutes', 'points': 1, 'value': 14, 'points_modification': 0}]}]",False
548,1,2025-26,0,0,0,0,0,0,0,0,0,0,0,0,0,0.0,0.0,0.0,0.0,0,0,0,0,0,0.00,0.00,0.00,0.00,0,False,"[{'fixture': 5, 'stats': [{'identifier': 'minutes', 'points': 0, 'value': 0, 'points_modification': 0}]}]",False
549,1,2025-26,0,0,0,0,0,0,0,0,0,0,0,0,0,0.0,0.0,0.0,0.0,0,0,0,0,0,0.00,0.00,0.00,0.00,0,False,"[{'fixture': 5, 'stats': [{'identifier': 'minutes', 'points': 0, 'value': 0, 'points_modification': 0}]}]",False
550,1,2025-26,0,0,0,0,0,0,0,0,0,0,0,0,0,0.0,0.0,0.0,0.0,0,0,0,0,0,0.00,0.00,0.00,0.00,0,False,"[{'fixture': 5, 'stats': [{'identifier': 'minutes', 'points': 0, 'value': 0, 'points_modification': 0}]}]",False
551,1,2025-26,1,0,0,0,0,0,0,0,0,0,0,0,3,0.0,0.0,0.0,0.0,0,0,0,0,0,0.00,0.00,0.00,0.03,1,False,"[{'fixture': 5, 'stats': [{'identifier': 'minutes', 'points': 1, 'value': 1, 'points_modification': 0}]}]",False
552,1,2025-26,90,0,0,1,0,0,0,0,0,0,0,0,6,11.0,3.8,0.0,1.5,5,2,2,9,1,0.00,0.01,0.01,0.56,3,False,"[{'fixture': 5, 'stats': [{'identifier': 'minutes', 'points': 2, 'value': 90, 'points_modification': 0}, {'identifier': 'clean_sheets', 'points': 1, 'value': 1, 'points_modification': 0}]}]",False
553,1,2025-26,90,0,1,1,0,0,0,0,0,0,0,0,17,20.8,18.4,2.0,4.1,0,1,1,2,1,0.00,0.01,0.01,0.53,6,False,"[{'fixture': 5, 'stats': [{'identifier': 'minutes', 'points': 2, 'value': 90, 'points_modification': 0}, {'identifier': 'assists', 'points': 3, 'value': 1, 'points_modification': 0}, {'identifier': 'clean_sheets', 'points': 1, 'value': 1, 'points_modification': 0}]}]",False
554,1,2025-26,0,0,0,0,0,0,0,0,0,0,0,0,0,0.0,0.0,0.0,0.0,0,0,0,0,0,0.00,0.00,0.00,0.00,0,False,"[{'fixture': 5, 'stats': [{'identifier': 'minutes', 'points': 0, 'value': 0, 'points_modification': 0}]}]",False
555,1,2025-26,0,0,0,0,0,0,0,0,0,0,0,0,0,0.0,0.0,0.0,0.0,0,0,0,0,0,0.00,0.00,0.00,0.00,0,False,"[{'fixture': 5, 'stats': [{'identifier': 'minutes', 'points': 0, 'value': 0, 'points_modification': 0}]}]",False
556,1,2025-26,0,0,0,0,0,0,0,0,0,0,0,0,0,0.0,0.0,0.0,0.0,0,0,0,0,0,0.00,0.00,0.00,0.00,0,False,"[{'fixture': 5, 'stats': [{'identifier': 'minutes', 'points': 0, 'value': 0, 'points_modification': 0}]}]",False
557,1,2025-26,0,0,0,0,0,0,0,0,0,0,0,0,0,0.0,0.0,0.0,0.0,0,0,0,0,0,0.00,0.00,0.00,0.00,0,False,"[{'fixture': 5, 'stats': [{'identifier': 'minutes', 'points': 0, 'value': 0, 'points_modification': 0}]}]",False
558,1,2025-26,0,0,0,0,0,0,0,0,0,0,0,0,0,0.0,0.0,0.0,0.0,0,0,0,0,0,0.00,0.00,0.00,0.00,0,False,"[{'fixture': 5, 'stats': [{'identifier': 'minutes', 'points': 0, 'value': 0, 'points_modification': 0}]}]",False
559,1,2025-26,0,0,0,0,0,0,0,0,0,0,0,0,0,0.0,0.0,0.0,0.0,0,0,0,0,0,0.00,0.00,0.00,0.00,0,False,"[{'fixture': 5, 'stats': [{'identifier': 'minutes', 'points': 0, 'value': 0, 'points_modification': 0}]}]",False
560,1,2025-26,14,1,0,0,0,0,0,0,0,0,0,0,29,34.2,0.1,17.0,5.1,1,1,0,2,0,0.04,0.00,0.04,0.23,5,False,"[{'fixture': 5, 'stats': [{'identifier': 'minutes', 'points': 1, 'value': 14, 'points_modification': 0}, {'identifier': 'goals_scored', 'points': 4, 'value': 1, 'points_modification': 0}]}]",False
561,1,2025-26,75,1,0,1,0,0,0,0,0,0,0,2,37,34.0,11.3,26.0,7.1,0,0,0,0,1,0.09,0.00,0.09,0.33,8,False,"[{'fixture': 5, 'stats': [{'identifier': 'minutes', 'points': 2, 'value': 75, 'points_modification': 0}, {'identifier': 'goals_scored', 'points': 4, 'value': 1, 'points_modification': 0}, {'identifier': 'bonus', 'points': 2, 'value': 2, 'points_modification': 0}]}]",False
562,1,2025-26,0,0,0,0,0,0,0,0,0,0,0,0,0,0.0,0.0,0.0,0.0,0,0,0,0,0,0.00,0.00,0.00,0.00,0,False,"[{'fixture': 5, 'stats': [{'identifier': 'minutes', 'points': 0, 'value': 0, 'points_modification': 0}]}]",False
563,1,2025-26,0,0,0,0,0,0,0,0,0,0,0,0,0,0.0,0.0,0.0,0.0,0,0,0,0,0,0.00,0.00,0.00,0.00,0,False,"[{'fixture': 5, 'stats': [{'identifier': 'minutes', 'points': 0, 'value': 0, 'points_modification': 0}]}]",False
564,1,2025-26,0,0,0,0,0,0,0,0,0,0,0,0,0,0.0,0.0,0.0,0.0,0,0,0,0,0,0.00,0.00,0.00,0.00,0,False,"[{'fixture': 5, 'stats': [{'identifier': 'minutes', 'points': 0, 'value': 0, 'points_modification': 0}]}]",False
565,1,2025-26,90,0,0,1,0,0,0,0,0,0,4,2,36,30.0,0.0,0.0,3.0,1,7,0,0,1,0.00,0.00,0.00,0.94,9,False,"[{'fixture': 6, 'stats': [{'identifier': 'minutes', 'points': 2, 'value': 90, 'points_modification': 0}, {'identifier': 'clean_sheets', 'points': 4, 'value': 1, 'points_modification': 0}, {'identifier': 'saves', 'points': 1, 'value': 4, 'points_modification': 0}, {'identifier': 'bonus', 'points': 2, 'value': 2, 'points_modification': 0}]}]",False
566,1,2025-26,0,0,0,0,0,0,0,0,0,0,0,0,0,0.0,0.0,0.0,0.0,0,0,0,0,0,0.00,0.00,0.00,0.00,0,False,"[{'fixture': 6, 'stats': [{'identifier': 'minutes', 'points': 0, 'value': 0, 'points_modification': 0}]}]",False
567,1,2025-26,0,0,0,0,0,0,0,0,0,0,0,0,0,0.0,0.0,0.0,0.0,0,0,0,0,0,0.00,0.00,0.00,0.00,0,False,"[{'fixture': 6, 'stats': [{'identifier': 'minutes', 'points': 0, 'value': 0, 'points_modification': 0}]}]",False
568,1,2025-26,90,0,0,1,0,0,0,0,0,0,0,0,26,21.2,42.8,1.0,6.5,2,4,2,4,1,0.02,0.26,0.28,0.94,6,False,"[{'fixture': 6, 'stats': [{'identifier': 'minutes', 'points': 2, 'value': 90, 'points_modification': 0}, {'identifier': 'clean_sheets', 'points': 4, 'value': 1, 'points_modification': 0}]}]",False
569,1,2025-26,90,0,0,1,0,0,0,0,0,0,0,0,22,18.0,1.4,6.0,2.5,5,3,0,5,1,0.00,0.02,0.02,0.94,6,False,"[{'fixture': 6, 'stats': [{'identifier': 'minutes', 'points': 2, 'value': 90, 'points_modification': 0}, {'identifier': 'clean_sheets', 'points': 4, 'value': 1, 'points_modification': 0}]}]",False
570,1,2025-26,0,0,0,0,0,0,0,0,0,0,0,0,0,0.0,0.0,0.0,0.0,0,0,0,0,0,0.00,0.00,0.00,0.00,0,False,"[{'fixture': 6, 'stats': [{'identifier': 'minutes', 'points': 0, 'value': 0, 'points_modification': 0}]}]",False
571,1,2025-26,0,0,0,0,0,0,0,0,0,0,0,0,0,0.0,0.0,0.0,0.0,0,0,0,0,0,0.00,0.00,0.00,0.00,0,False,"[{'fixture': 6, 'stats': [{'identifier': 'minutes', 'points': 0, 'value': 0, 'points_modification': 0}]}]",False
572,1,2025-26,0,0,0,0,0,0,0,0,0,0,0,0,0,0.0,0.0,0.0,0.0,0,0,0,0,0,0.00,0.00,0.00,0.00,0,False,"[{'fixture': 6, 'stats': [{'identifier': 'minutes', 'points': 0, 'value': 0, 'points_modification': 0}]}]",False
573,1,2025-26,90,0,0,1,0,0,0,0,0,0,0,0,26,10.0,5.8,22.0,3.8,3,2,0,3,1,0.18,0.07,0.25,0.94,6,False,"[{'fixture': 6, 'stats': [{'identifier': 'minutes', 'points': 2, 'value': 90, 'points_modification': 0}, {'identifier': 'clean_sheets', 'points': 4, 'value': 1, 'points_modification': 0}]}]",False
574,1,2025-26,0,0,0,0,0,0,0,0,0,0,0,0,0,0.0,0.0,0.0,0.0,0,0,0,0,0,0.00,0.00,0.00,0.00,0,False,"[{'fixture': 6, 'stats': [{'identifier': 'minutes', 'points': 0, 'value': 0, 'points_modification': 0}]}]",False
575,1,2025-26,90,0,0,1,0,0,0,0,0,0,0,0,27,11.6,1.0,14.0,2.7,5,4,1,6,1,0.59,0.01,0.60,0.94,6,False,"[{'fixture': 6, 'stats': [{'identifier': 'minutes', 'points': 2, 'value': 90, 'points_modification': 0}, {'identifier': 'clean_sheets', 'points': 4, 'value': 1, 'points_modification': 0}]}]",False
576,1,2025-26,0,0,0,0,0,0,0,0,0,0,0,0,0,0.0,0.0,0.0,0.0,0,0,0,0,0,0.00,0.00,0.00,0.00,0,False,"[{'fixture': 6, 'stats': [{'identifier': 'minutes', 'points': 0, 'value': 0, 'points_modification': 0}]}]",False
577,1,2025-26,0,0,0,0,0,0,0,0,0,0,0,0,0,0.0,0.0,0.0,0.0,0,0,0,0,0,0.00,0.00,0.00,0.00,0,False,"[{'fixture': 6, 'stats': [{'identifier': 'minutes', 'points': 0, 'value': 0, 'points_modification': 0}]}]",False
578,1,2025-26,0,0,0,0,0,0,0,0,0,0,0,0,0,0.0,0.0,0.0,0.0,0,0,0,0,0,0.00,0.00,0.00,0.00,0,False,"[{'fixture': 6, 'stats': [{'identifier': 'minutes', 'points': 0, 'value': 0, 'points_modification': 0}]}]",False
579,1,2025-26,0,0,0,0,0,0,0,0,0,0,0,0,0,0.0,0.0,0.0,0.0,0,0,0,0,0,0.00,0.00,0.00,0.00,0,False,"[{'fixture': 6, 'stats': [{'identifier': 'minutes', 'points': 0, 'value': 0, 'points_modification': 0}]}]",False
580,1,2025-26,79,1,0,1,0,0,0,0,0,0,0,0,30,40.4,27.1,20.0,8.8,1,1,1,3,1,0.50,0.06,0.56,0.94,8,False,"[{'fixture': 6, 'stats': [{'identifier': 'minutes', 'points': 2, 'value': 79, 'points_modification': 0}, {'identifier': 'goals_scored', 'points': 5, 'value': 1, 'points_modification': 0}, {'identifier': 'clean_sheets', 'points': 1, 'value': 1, 'points_modification': 0}]}]",False
581,1,2025-26,0,0,0,0,0,0,0,0,0,0,0,0,0,0.0,0.0,0.0,0.0,0,0,0,0,0,0.00,0.00,0.00,0.00,0,False,"[{'fixture': 6, 'stats': [{'identifier': 'minutes', 'points': 0, 'value': 0, 'points_modification': 0}]}]",False
582,1,2025-26,84,0,2,1,0,0,0,0,0,0,0,1,35,45.4,74.0,11.0,13.0,0,3,1,4,1,0.06,0.58,0.64,0.94,10,True,"[{'fixture': 6, 'stats': [{'identifier': 'minutes', 'points': 2, 'value': 84, 'points_modification': 0}, {'identifier': 'assists', 'points': 6, 'value': 2, 'points_modification': 0}, {'identifier': 'clean_sheets', 'points': 1, 'value': 1, 'points_modification': 0}, {'identifier': 'bonus', 'points': 1, 'value': 1, 'points_modification': 0}]}]",False
583,1,2025-26,0,0,0,0,0,0,0,0,0,0,0,0,0,0.0,0.0,0.0,0.0,0,0,0,0,0,0.00,0.00,0.00,0.00,0,False,"[{'fixture': 6, 'stats': [{'identifier': 'minutes', 'points': 0, 'value': 0, 'points_modification': 0}]}]",False
584,1,2025-26,5,0,0,0,0,0,0,0,0,0,0,0,1,0.0,0.1,0.0,0.0,0,0,0,0,0,0.00,0.00,0.00,0.00,1,False,"[{'fixture': 6, 'stats': [{'identifier': 'minutes', 'points': 1, 'value': 5, 'points_modification': 0}]}]",False
585,1,2025-26,19,0,0,0,0,0,0,0,0,0,0,0,5,4.8,0.8,0.0,0.6,1,1,1,3,0,0.00,0.00,0.00,0.04,1,False,"[{'fixture': 6, 'stats': [{'identifier': 'minutes', 'points': 1, 'value': 19, 'points_modification': 0}]}]",False
586,1,2025-26,79,0,0,1,0,0,0,0,0,0,0,0,13,10.4,3.3,33.0,4.7,1,1,2,4,1,0.12,0.01,0.13,0.94,3,False,"[{'fixture': 6, 'stats': [{'identifier': 'minutes', 'points': 2, 'value': 79, 'points_modification': 0}, {'identifier': 'clean_sheets', 'points': 1, 'value': 1, 'points_modification': 0}]}]",False
587,1,2025-26,0,0,0,0,0,0,0,0,0,0,0,0,0,0.0,0.0,0.0,0.0,0,0,0,0,0,0.00,0.00,0.00,0.00,0,False,"[{'fixture': 6, 'stats': [{'identifier': 'minutes', 'points': 0, 'value': 0, 'points_modification': 0}]}]",False
588,1,2025-26,10,0,0,0,0,0,0,0,0,0,0,0,4,2.2,10.5,0.0,1.3,0,1,0,1,0,0.00,0.01,0.01,0.00,1,False,"[{'fixture': 6, 'stats': [{'identifier': 'minutes', 'points': 1, 'value': 10, 'points_modification': 0}]}]",False
589,1,2025-26,0,0,0,0,0,0,0,0,0,0,0,0,0,0.0,0.0,0.0,0.0,0,0,0,0,0,0.00,0.00,0.00,0.00,0,False,"[{'fixture': 6, 'stats': [{'identifier': 'minutes', 'points': 0, 'value': 0, 'points_modification': 0}]}]",False
590,1,2025-26,0,0,0,0,0,0,0,0,0,0,0,0,0,0.0,0.0,0.0,0.0,0,0,0,0,0,0.00,0.00,0.00,0.00,0,False,"[{'fixture': 6, 'stats': [{'identifier': 'minutes', 'points': 0, 'value': 0, 'points_modification': 0}]}]",False
591,1,2025-26,70,0,0,1,0,0,0,0,0,0,0,0,13,3.6,3.0,2.0,0.9,2,5,1,8,1,0.00,0.05,0.05,0.89,3,False,"[{'fixture': 6, 'stats': [{'identifier': 'minutes', 'points': 2, 'value': 70, 'points_modification': 0}, {'identifier': 'clean_sheets', 'points': 1, 'value': 1, 'points_modification': 0}]}]",False
592,1,2025-26,0,0,0,0,0,0,0,0,0,0,0,0,0,0.0,0.0,0.0,0.0,0,0,0,0,0,0.00,0.00,0.00,0.00,0,False,"[{'fixture': 6, 'stats': [{'identifier': 'minutes', 'points': 0, 'value': 0, 'points_modification': 0}]}]",False
593,1,2025-26,90,0,1,1,0,0,0,0,0,0,0,0,29,33.2,18.7,2.0,5.4,4,4,2,10,1,0.00,0.22,0.22,0.94,6,False,"[{'fixture': 6, 'stats': [{'identifier': 'minutes', 'points': 2, 'value': 90, 'points_modification': 0}, {'identifier': 'assists', 'points': 3, 'value': 1, 'points_modification': 0}, {'identifier': 'clean_sheets', 'points': 1, 'value': 1, 'points_modification': 0}]}]",False
594,1,2025-26,0,0,0,0,0,0,0,0,0,0,0,0,0,0.0,0.0,0.0,0.0,0,0,0,0,0,0.00,0.00,0.00,0.00,0,False,"[{'fixture': 6, 'stats': [{'identifier': 'minutes', 'points': 0, 'value': 0, 'points_modification': 0}]}]",False
595,1,2025-26,0,0,0,0,0,0,0,0,0,0,0,0,0,0.0,0.0,0.0,0.0,0,0,0,0,0,0.00,0.00,0.00,0.00,0,False,"[{'fixture': 6, 'stats': [{'identifier': 'minutes', 'points': 0, 'value': 0, 'points_modification': 0}]}]",False
596,1,2025-26,19,0,0,0,0,0,0,0,0,0,0,0,5,2.0,0.3,6.0,0.8,1,0,1,2,0,0.08,0.00,0.08,0.04,1,False,"[{'fixture': 6, 'stats': [{'identifier': 'minutes', 'points': 1, 'value': 19, 'points_modification': 0}]}]",False
597,1,2025-26,71,2,0,1,0,0,0,0,0,0,0,3,61,73.6,0.5,80.0,15.4,3,2,0,5,1,0.78,0.01,0.79,0.89,13,True,"[{'fixture': 6, 'stats': [{'identifier': 'minutes', 'points': 2, 'value': 71, 'points_modification': 0}, {'identifier': 'goals_scored', 'points': 8, 'value': 2, 'points_modification': 0}, {'identifier': 'bonus', 'points': 3, 'value': 3, 'points_modification': 0}]}]",False
598,1,2025-26,0,0,0,0,0,0,0,0,0,0,0,0,0,0.0,0.0,0.0,0.0,0,0,0,0,0,0.00,0.00,0.00,0.00,0,False,"[{'fixture': 6, 'stats': [{'identifier': 'minutes', 'points': 0, 'value': 0, 'points_modification': 0}]}]",False
599,1,2025-26,0,0,0,0,0,0,0,0,0,0,0,0,0,0.0,0.0,0.0,0.0,0,0,0,0,0,0.00,0.00,0.00,0.00,0,False,"[{'fixture': 6, 'stats': [{'identifier': 'minutes', 'points': 0, 'value': 0, 'points_modification': 0}]}]",False
600,1,2025-26,0,0,0,0,0,0,0,0,0,0,0,0,0,0.0,0.0,0.0,0.0,0,0,0,0,0,0.00,0.00,0.00,0.00,0,False,"[{'fixture': 5, 'stats': [{'identifier': 'minutes', 'points': 0, 'value': 0, 'points_modification': 0}]}]",False
601,1,2025-26,0,0,0,0,0,0,0,0,0,0,0,0,0,0.0,0.0,0.0,0.0,0,0,0,0,0,0.00,0.00,0.00,0.00,0,False,"[{'fixture': 5, 'stats': [{'identifier': 'minutes', 'points': 0, 'value': 0, 'points_modification': 0}]}]",False
602,1,2025-26,0,0,0,0,0,0,0,0,0,0,0,0,0,0.0,0.0,0.0,0.0,0,0,0,0,0,0.00,0.00,0.00,0.00,0,False,"[{'fixture': 5, 'stats': [{'identifier': 'minutes', 'points': 0, 'value': 0, 'points_modification': 0}]}]",False
603,1,2025-26,90,0,0,0,3,0,0,0,0,0,0,0,4,10.8,30.7,10.0,5.2,3,3,0,3,1,0.16,0.07,0.23,0.68,1,False,"[{'fixture': 5, 'stats': [{'identifier': 'minutes', 'points': 2, 'value': 90, 'points_modification': 0}, {'identifier': 'goals_conceded', 'points': -1, 'value': 3, 'points_modification': 0}]}]",False
604,1,2025-26,0,0,0,0,0,0,0,0,0,0,0,0,0,0.0,0.0,0.0,0.0,0,0,0,0,0,0.00,0.00,0.00,0.00,0,False,"[{'fixture': 5, 'stats': [{'identifier': 'minutes', 'points': 0, 'value': 0, 'points_modification': 0}]}]",False
605,1,2025-26,90,0,0,0,3,0,0,0,1,0,0,0,4,27.2,16.2,0.0,4.3,6,2,3,9,1,0.00,0.03,0.03,0.68,0,False,"[{'fixture': 5, 'stats': [{'identifier': 'minutes', 'points': 2, 'value': 90, 'points_modification': 0}, {'identifier': 'goals_conceded', 'points': -1, 'value': 3, 'points_modification': 0}, {'identifier': 'yellow_cards', 'points': -1, 'value': 1, 'points_modification': 0}]}]",False
606,1,2025-26,0,0,0,0,0,0,0,0,0,0,0,0,0,0.0,0.0,0.0,0.0,0,0,0,0,0,0.00,0.00,0.00,0.00,0,False,"[{'fixture': 5, 'stats': [{'identifier': 'minutes', 'points': 0, 'value': 0, 'points_modification': 0}]}]",False
607,1,2025-26,90,0,0,0,3,0,0,0,0,0,0,0,1,14.6,3.0,0.0,1.8,2,4,0,2,1,0.00,0.02,0.02,0.68,1,False,"[{'fixture': 5, 'stats': [{'identifier': 'minutes', 'points': 2, 'value': 90, 'points_modification': 0}, {'identifier': 'goals_conceded', 'points': -1, 'value': 3, 'points_modification': 0}]}]",False
608,1,2025-26,0,0,0,0,0,0,0,0,0,0,0,0,0,0.0,0.0,0.0,0.0,0,0,0,0,0,0.00,0.00,0.00,0.00,0,False,"[{'fixture': 5, 'stats': [{'identifier': 'minutes', 'points': 0, 'value': 0, 'points_modification': 0}]}]",False
609,1,2025-26,81,0,0,0,2,0,0,0,0,0,0,0,9,19.8,3.1,0.0,2.3,5,2,3,8,1,0.00,0.01,0.01,0.64,1,False,"[{'fixture': 5, 'stats': [{'identifier': 'minutes', 'points': 2, 'value': 81, 'points_modification': 0}, {'identifier': 'goals_conceded', 'points': -1, 'value': 2, 'points_modification': 0}]}]",False
610,1,2025-26,90,0,0,0,3,0,0,0,0,0,0,0,9,17.8,24.7,8.0,5.1,2,6,1,3,1,0.00,0.07,0.07,0.68,1,False,"[{'fixture': 5, 'stats': [{'identifier': 'minutes', 'points': 2, 'value': 90, 'points_modification': 0}, {'identifier': 'goals_conceded', 'points': -1, 'value': 3, 'points_modification': 0}]}]",False
611,1,2025-26,0,0,0,0,0,0,0,0,0,0,0,0,0,0.0,0.0,0.0,0.0,0,0,0,0,0,0.00,0.00,0.00,0.00,0,False,"[{'fixture': 5, 'stats': [{'identifier': 'minutes', 'points': 0, 'value': 0, 'points_modification': 0}]}]",False
612,1,2025-26,90,0,0,0,3,0,0,0,0,0,0,0,11,5.8,14.2,4.0,2.4,0,5,1,6,1,0.00,0.08,0.08,0.68,2,False,"[{'fixture': 5, 'stats': [{'identifier': 'minutes', 'points': 2, 'value': 90, 'points_modification': 0}]}]",False
613,1,2025-26,19,0,0,0,2,0,0,0,0,0,0,0,4,4.2,1.3,19.0,2.5,1,0,0,1,0,0.07,0.00,0.07,0.08,1,False,"[{'fixture': 5, 'stats': [{'identifier': 'minutes', 'points': 1, 'value': 19, 'points_modification': 0}]}]",False
614,1,2025-26,70,0,0,0,1,0,0,0,0,0,0,0,13,5.8,15.2,2.0,2.3,0,2,1,3,1,0.00,0.02,0.02,0.60,2,False,"[{'fixture': 5, 'stats': [{'identifier': 'minutes', 'points': 2, 'value': 70, 'points_modification': 0}]}]",False
615,1,2025-26,0,0,0,0,0,0,0,0,0,0,0,0,0,0.0,0.0,0.0,0.0,0,0,0,0,0,0.00,0.00,0.00,0.00,0,False,"[{'fixture': 5, 'stats': [{'identifier': 'minutes', 'points': 0, 'value': 0, 'points_modification': 0}]}]",False
616,1,2025-26,0,0,0,0,0,0,0,0,0,0,0,0,0,0.0,0.0,0.0,0.0,0,0,0,0,0,0.00,0.00,0.00,0.00,0,False,"[{'fixture': 5, 'stats': [{'identifier': 'minutes', 'points': 0, 'value': 0, 'points_modification': 0}]}]",False
617,1,2025-26,0,0,0,0,0,0,0,0,0,0,0,0,0,0.0,0.0,0.0,0.0,0,0,0,0,0,0.00,0.00,0.00,0.00,0,False,"[{'fixture': 5, 'stats': [{'identifier': 'minutes', 'points': 0, 'value': 0, 'points_modification': 0}]}]",False
618,1,2025-26,70,0,0,0,1,0,0,0,0,0,0,0,11,2.2,2.3,2.0,0.7,0,4,0,4,1,0.03,0.03,0.06,0.60,2,False,"[{'fixture': 5, 'stats': [{'identifier': 'minutes', 'points': 2, 'value': 70, 'points_modification': 0}]}]",False
619,1,2025-26,0,0,0,0,0,0,0,0,0,0,0,0,0,0.0,0.0,0.0,0.0,0,0,0,0,0,0.00,0.00,0.00,0.00,0,False,"[{'fixture': 5, 'stats': [{'identifier': 'minutes', 'points': 0, 'value': 0, 'points_modification': 0}]}]",False
620,1,2025-26,0,0,0,0,0,0,0,0,0,0,0,0,0,0.0,0.0,0.0,0.0,0,0,0,0,0,0.00,0.00,0.00,0.00,0,False,"[{'fixture': 5, 'stats': [{'identifier': 'minutes', 'points': 0, 'value': 0, 'points_modification': 0}]}]",False
621,1,2025-26,8,0,0,0,1,0,0,0,0,0,0,0,6,4.4,14.8,0.0,1.9,0,1,1,2,0,0.00,0.06,0.06,0.04,1,False,"[{'fixture': 5, 'stats': [{'identifier': 'minutes', 'points': 1, 'value': 8, 'points_modification': 0}]}]",False
622,1,2025-26,0,0,0,0,0,0,0,0,0,0,0,0,0,0.0,0.0,0.0,0.0,0,0,0,0,0,0.00,0.00,0.00,0.00,0,False,"[{'fixture': 5, 'stats': [{'identifier': 'minutes', 'points': 0, 'value': 0, 'points_modification': 0}]}]",False
623,1,2025-26,0,0,0,0,0,0,0,0,0,0,0,0,0,0.0,0.0,0.0,0.0,0,0,0,0,0,0.00,0.00,0.00,0.00,0,False,"[{'fixture': 5, 'stats': [{'identifier': 'minutes', 'points': 0, 'value': 0, 'points_modification': 0}]}]",False
624,1,2025-26,90,0,0,0,3,0,0,0,0,0,0,0,13,10.6,4.3,34.0,4.9,0,6,2,8,1,0.15,0.05,0.20,0.68,2,False,"[{'fixture': 5, 'stats': [{'identifier': 'minutes', 'points': 2, 'value': 90, 'points_modification': 0}]}]",False
625,1,2025-26,90,0,0,0,3,0,0,0,0,0,0,0,-1,0.8,14.5,34.0,4.9,0,0,0,0,1,0.14,0.08,0.22,0.68,2,False,"[{'fixture': 5, 'stats': [{'identifier': 'minutes', 'points': 2, 'value': 90, 'points_modification': 0}]}]",False
626,1,2025-26,0,0,0,0,0,0,0,0,0,0,0,0,0,0.0,0.0,0.0,0.0,0,0,0,0,0,0.00,0.00,0.00,0.00,0,False,"[{'fixture': 5, 'stats': [{'identifier': 'minutes', 'points': 0, 'value': 0, 'points_modification': 0}]}]",False
627,1,2025-26,0,0,0,0,0,0,0,0,0,0,0,0,0,0.0,0.0,0.0,0.0,0,0,0,0,0,0.00,0.00,0.00,0.00,0,False,"[{'fixture': 7, 'stats': [{'identifier': 'minutes', 'points': 0, 'value': 0, 'points_modification': 0}]}]",False
628,1,2025-26,90,0,0,0,4,0,0,0,0,0,0,0,-8,3.6,0.0,0.0,0.4,1,6,0,0,1,0.00,0.00,0.00,2.47,0,False,"[{'fixture': 7, 'stats': [{'identifier': 'minutes', 'points': 2, 'value': 90, 'points_modification': 0}, {'identifier': 'goals_conceded', 'points': -2, 'value': 4, 'points_modification': 0}]}]",False
629,1,2025-26,0,0,0,0,0,0,0,0,0,0,0,0,0,0.0,0.0,0.0,0.0,0,0,0,0,0,0.00,0.00,0.00,0.00,0,False,"[{'fixture': 7, 'stats': [{'identifier': 'minutes', 'points': 0, 'value': 0, 'points_modification': 0}]}]",False
630,1,2025-26,0,0,0,0,0,0,0,0,0,0,0,0,0,0.0,0.0,0.0,0.0,0,0,0,0,0,0.00,0.00,0.00,0.00,0,False,"[{'fixture': 7, 'stats': [{'identifier': 'minutes', 'points': 0, 'value': 0, 'points_modification': 0}]}]",False
631,1,2025-26,90,0,0,0,4,0,0,0,0,0,0,0,-7,11.8,0.3,1.0,1.3,5,2,2,7,1,0.02,0.01,0.03,2.47,0,False,"[{'fixture': 7, 'stats': [{'identifier': 'minutes', 'points': 2, 'value': 90, 'points_modification': 0}, {'identifier': 'goals_conceded', 'points': -2, 'value': 4, 'points_modification': 0}]}]",False
632,1,2025-26,90,0,0,0,4,0,0,0,1,0,0,0,-1,9.8,5.9,0.0,1.6,2,6,3,5,1,0.00,0.01,0.01,2.47,-1,False,"[{'fixture': 7, 'stats': [{'identifier': 'minutes', 'points': 2, 'value': 90, 'points_modification': 0}, {'identifier': 'goals_conceded', 'points': -2, 'value': 4, 'points_modification': 0}, {'identifier': 'yellow_cards', 'points': -1, 'value': 1, 'points_modification': 0}]}]",False
633,1,2025-26,18,0,0,0,1,0,0,0,0,0,0,0,0,4.4,11.1,6.0,2.2,1,2,0,1,0,0.00,0.01,0.01,0.24,1,False,"[{'fixture': 7, 'stats': [{'identifier': 'minutes', 'points': 1, 'value': 18, 'points_modification': 0}]}]",False
634,1,2025-26,0,0,0,0,0,0,0,0,0,0,0,0,0,0.0,0.0,0.0,0.0,0,0,0,0,0,0.00,0.00,0.00,0.00,0,False,"[{'fixture': 7, 'stats': [{'identifier': 'minutes', 'points': 0, 'value': 0, 'points_modification': 0}]}]",False
635,1,2025-26,17,0,0,0,1,0,0,0,0,0,0,0,-1,2.2,1.0,4.0,0.7,0,0,1,1,0,0.00,0.00,0.00,0.24,1,False,"[{'fixture': 7, 'stats': [{'identifier': 'minutes', 'points': 1, 'value': 17, 'points_modification': 0}]}]",False
636,1,2025-26,0,0,0,0,0,0,0,0,0,0,0,0,0,0.0,0.0,0.0,0.0,0,0,0,0,0,0.00,0.00,0.00,0.00,0,False,"[{'fixture': 7, 'stats': [{'identifier': 'minutes', 'points': 0, 'value': 0, 'points_modification': 0}]}]",False
637,1,2025-26,90,0,0,0,4,0,0,0,0,0,0,0,0,14.6,10.8,0.0,2.5,2,4,2,4,1,0.00,0.00,0.00,2.47,0,False,"[{'fixture': 7, 'stats': [{'identifier': 'minutes', 'points': 2, 'value': 90, 'points_modification': 0}, {'identifier': 'goals_conceded', 'points': -2, 'value': 4, 'points_modification': 0}]}]",False
638,1,2025-26,72,0,0,0,3,0,0,0,0,0,0,0,0,17.6,19.8,0.0,3.7,5,2,2,7,1,0.00,0.14,0.14,2.22,1,False,"[{'fixture': 7, 'stats': [{'identifier': 'minutes', 'points': 2, 'value': 72, 'points_modification': 0}, {'identifier': 'goals_conceded', 'points': -1, 'value': 3, 'points_modification': 0}]}]",False
639,1,2025-26,0,0,0,0,0,0,0,0,0,0,0,0,0,0.0,0.0,0.0,0.0,0,0,0,0,0,0.00,0.00,0.00,0.00,0,False,"[{'fixture': 7, 'stats': [{'identifier': 'minutes', 'points': 0, 'value': 0, 'points_modification': 0}]}]",False
640,1,2025-26,0,0,0,0,0,0,0,0,0,0,0,0,0,0.0,0.0,0.0,0.0,0,0,0,0,0,0.00,0.00,0.00,0.00,0,False,"[{'fixture': 7, 'stats': [{'identifier': 'minutes', 'points': 0, 'value': 0, 'points_modification': 0}]}]",False
641,1,2025-26,0,0,0,0,0,0,0,0,0,0,0,0,0,0.0,0.0,0.0,0.0,0,0,0,0,0,0.00,0.00,0.00,0.00,0,False,"[{'fixture': 7, 'stats': [{'identifier': 'minutes', 'points': 0, 'value': 0, 'points_modification': 0}]}]",False
642,1,2025-26,8,0,0,0,0,0,0,0,0,0,0,0,3,3.0,10.3,0.0,1.3,0,0,1,1,0,0.00,0.02,0.02,0.19,1,False,"[{'fixture': 7, 'stats': [{'identifier': 'minutes', 'points': 1, 'value': 8, 'points_modification': 0}]}]",False
643,1,2025-26,71,0,0,0,3,0,0,0,0,0,0,0,16,15.6,1.7,0.0,1.7,3,8,4,15,1,0.00,0.01,0.01,2.22,4,False,"[{'fixture': 7, 'stats': [{'identifier': 'minutes', 'points': 2, 'value': 71, 'points_modification': 0}, {'identifier': 'defensive_contribution', 'points': 2, 'value': 15, 'points_modification': 0}]}]",False
644,1,2025-26,72,0,0,0,3,0,0,0,0,0,0,0,5,4.6,17.7,5.0,2.7,1,0,2,3,1,0.02,0.03,0.05,2.22,2,False,"[{'fixture': 7, 'stats': [{'identifier': 'minutes', 'points': 2, 'value': 72, 'points_modification': 0}]}]",False
645,1,2025-26,18,0,0,0,1,0,0,0,0,0,0,0,5,3.4,0.6,19.0,2.3,0,0,0,0,0,0.08,0.02,0.10,0.24,1,False,"[{'fixture': 7, 'stats': [{'identifier': 'minutes', 'points': 1, 'value': 18, 'points_modification': 0}]}]",False
646,1,2025-26,90,0,0,0,4,0,0,0,0,0,0,0,20,19.4,14.8,4.0,3.8,3,2,4,9,1,0.00,0.04,0.04,2.47,2,False,"[{'fixture': 7, 'stats': [{'identifier': 'minutes', 'points': 2, 'value': 90, 'points_modification': 0}]}]",False
647,1,2025-26,0,0,0,0,0,0,0,0,0,0,0,0,0,0.0,0.0,0.0,0.0,0,0,0,0,0,0.00,0.00,0.00,0.00,0,False,"[{'fixture': 7, 'stats': [{'identifier': 'minutes', 'points': 0, 'value': 0, 'points_modification': 0}]}]",False
648,1,2025-26,90,0,0,0,4,0,0,0,0,0,0,0,10,8.4,6.5,7.0,2.2,0,4,2,6,1,0.05,0.02,0.07,2.47,2,False,"[{'fixture': 7, 'stats': [{'identifier': 'minutes', 'points': 2, 'value': 90, 'points_modification': 0}]}]",False
649,1,2025-26,0,0,0,0,0,0,0,0,0,0,0,0,0,0.0,0.0,0.0,0.0,0,0,0,0,0,0.00,0.00,0.00,0.00,0,False,"[{'fixture': 7, 'stats': [{'identifier': 'minutes', 'points': 0, 'value': 0, 'points_modification': 0}]}]",False
650,1,2025-26,0,0,0,0,0,0,0,0,0,0,0,0,0,0.0,0.0,0.0,0.0,0,0,0,0,0,0.00,0.00,0.00,0.00,0,False,"[{'fixture': 7, 'stats': [{'identifier': 'minutes', 'points': 0, 'value': 0, 'points_modification': 0}]}]",False
651,1,2025-26,0,0,0,0,0,0,0,0,0,0,0,0,0,0.0,0.0,0.0,0.0,0,0,0,0,0,0.00,0.00,0.00,0.00,0,False,"[{'fixture': 7, 'stats': [{'identifier': 'minutes', 'points': 0, 'value': 0, 'points_modification': 0}]}]",False
652,1,2025-26,0,0,0,0,0,0,0,0,0,0,0,0,0,0.0,0.0,0.0,0.0,0,0,0,0,0,0.00,0.00,0.00,0.00,0,False,"[{'fixture': 7, 'stats': [{'identifier': 'minutes', 'points': 0, 'value': 0, 'points_modification': 0}]}]",False
653,1,2025-26,0,0,0,0,0,0,0,0,0,0,0,0,0,0.0,0.0,0.0,0.0,0,0,0,0,0,0.00,0.00,0.00,0.00,0,False,"[{'fixture': 7, 'stats': [{'identifier': 'minutes', 'points': 0, 'value': 0, 'points_modification': 0}]}]",False
654,1,2025-26,81,0,0,0,4,0,0,0,0,0,0,0,8,11.0,2.3,45.0,5.8,3,1,1,5,1,0.38,0.01,0.39,2.28,2,False,"[{'fixture': 7, 'stats': [{'identifier': 'minutes', 'points': 2, 'value': 81, 'points_modification': 0}]}]",False
655,1,2025-26,0,0,0,0,0,0,0,0,0,0,0,0,0,0.0,0.0,0.0,0.0,0,0,0,0,0,0.00,0.00,0.00,0.00,0,False,"[{'fixture': 7, 'stats': [{'identifier': 'minutes', 'points': 0, 'value': 0, 'points_modification': 0}]}]",False
656,1,2025-26,0,0,0,0,0,0,0,0,0,0,0,0,0,0.0,0.0,0.0,0.0,0,0,0,0,0,0.00,0.00,0.00,0.00,0,False,"[{'fixture': 7, 'stats': [{'identifier': 'minutes', 'points': 0, 'value': 0, 'points_modification': 0}]}]",False
657,1,2025-26,0,0,0,0,0,0,0,0,0,0,0,0,0,0.0,0.0,0.0,0.0,0,0,0,0,0,0.00,0.00,0.00,0.00,0,False,"[{'fixture': 7, 'stats': [{'identifier': 'minutes', 'points': 0, 'value': 0, 'points_modification': 0}]}]",False
658,1,2025-26,0,0,0,0,0,0,0,0,0,0,0,0,0,0.0,0.0,0.0,0.0,0,0,0,0,0,0.00,0.00,0.00,0.00,0,False,"[{'fixture': 7, 'stats': [{'identifier': 'minutes', 'points': 0, 'value': 0, 'points_modification': 0}]}]",False
659,1,2025-26,0,0,0,0,0,0,0,0,0,0,0,0,0,0.0,0.0,0.0,0.0,0,0,0,0,0,0.00,0.00,0.00,0.00,0,False,"[{'fixture': 5, 'stats': [{'identifier': 'minutes', 'points': 0, 'value': 0, 'points_modification': 0}]}]",False
660,1,2025-26,90,0,1,1,0,0,0,0,0,0,0,0,24,28.2,63.9,22.0,11.4,7,4,2,13,1,0.27,0.29,0.56,0.55,8,False,"[{'fixture': 10, 'stats': [{'identifier': 'minutes', 'points': 2, 'value': 90, 'points_modification': 0}, {'identifier': 'assists', 'points': 3, 'value': 1, 'points_modification': 0}, {'identifier': 'clean_sheets', 'points': 1, 'value': 1, 'points_modification': 0}, {'identifier': 'defensive_contribution', 'points': 2, 'value': 13, 'points_modification': 0}]}]",False
661,1,2025-26,71,1,1,0,1,0,0,0,0,0,0,2,37,52.8,24.4,37.0,11.4,1,0,0,1,1,1.14,0.02,1.16,1.49,11,False,"[{'fixture': 1, 'stats': [{'identifier': 'minutes', 'points': 2, 'value': 71, 'points_modification': 0}, {'identifier': 'goals_scored', 'points': 4, 'value': 1, 'points_modification': 0}, {'identifier': 'assists', 'points': 3, 'value': 1, 'points_modification': 0}, {'identifier': 'bonus', 'points': 2, 'value': 2, 'points_modification': 0}]}]",False
662,1,2025-26,0,0,0,0,0,0,0,0,0,0,0,0,0,0.0,0.0,0.0,0.0,0,0,0,0,0,0.00,0.00,0.00,0.00,0,False,"[{'fixture': 9, 'stats': [{'identifier': 'minutes', 'points': 0, 'value': 0, 'points_modification': 0}]}]",False
663,1,2025-26,17,0,0,0,1,0,0,0,0,0,0,0,2,2.2,12.0,2.0,1.6,1,2,0,3,0,0.00,0.02,0.02,0.24,1,False,"[{'fixture': 7, 'stats': [{'identifier': 'minutes', 'points': 1, 'value': 17, 'points_modification': 0}]}]",False
664,1,2025-26,0,0,0,0,0,0,0,0,0,0,0,0,0,0.0,0.0,0.0,0.0,0,0,0,0,0,0.00,0.00,0.00,0.00,0,False,"[{'fixture': 3, 'stats': [{'identifier': 'minutes', 'points': 0, 'value': 0, 'points_modification': 0}]}]",False
665,1,2025-26,90,0,0,1,0,0,0,0,0,0,1,0,24,11.2,0.0,0.0,1.1,2,8,0,0,1,0.00,0.00,0.00,0.55,6,False,"[{'fixture': 10, 'stats': [{'identifier': 'minutes', 'points': 2, 'value': 90, 'points_modification': 0}, {'identifier': 'clean_sheets', 'points': 4, 'value': 1, 'points_modification': 0}]}]",False
666,1,2025-26,59,0,0,0,0,0,0,0,0,0,0,0,0,0.4,5.5,6.0,1.2,1,1,0,2,1,0.00,0.06,0.06,0.70,1,False,"[{'fixture': 9, 'stats': [{'identifier': 'minutes', 'points': 1, 'value': 59, 'points_modification': 0}]}]",False
667,1,2025-26,0,0,0,0,0,0,0,0,0,0,0,0,0,0.0,0.0,0.0,0.0,0,0,0,0,0,0.00,0.00,0.00,0.00,0,False,"[{'fixture': 10, 'stats': [{'identifier': 'minutes', 'points': 0, 'value': 0, 'points_modification': 0}]}]",False
668,1,2025-26,90,0,0,1,0,0,0,0,0,0,0,0,10,15.4,31.8,0.0,4.7,3,2,1,6,1,0.00,0.04,0.04,0.56,3,False,"[{'fixture': 5, 'stats': [{'identifier': 'minutes', 'points': 2, 'value': 90, 'points_modification': 0}, {'identifier': 'clean_sheets', 'points': 1, 'value': 1, 'points_modification': 0}]}]",False
669,1,2025-26,78,1,0,0,1,0,0,0,0,0,0,2,29,32.2,0.8,27.0,6.0,0,3,0,3,1,0.10,0.01,0.11,1.50,9,False,"[{'fixture': 4, 'stats': [{'identifier': 'minutes', 'points': 2, 'value': 78, 'points_modification': 0}, {'identifier': 'goals_scored', 'points': 5, 'value': 1, 'points_modification': 0}, {'identifier': 'bonus', 'points': 2, 'value': 2, 'points_modification': 0}]}]",False
670,1,2025-26,90,0,0,1,0,0,0,0,0,0,4,1,31,30.0,0.0,0.0,3.0,3,10,0,0,1,0.00,0.00,0.00,0.56,8,False,"[{'fixture': 5, 'stats': [{'identifier': 'minutes', 'points': 2, 'value': 90, 'points_modification': 0}, {'identifier': 'clean_sheets', 'points': 4, 'value': 1, 'points_modification': 0}, {'identifier': 'saves', 'points': 1, 'value': 4, 'points_modification': 0}, {'identifier': 'bonus', 'points': 1, 'value': 1, 'points_modification': 0}]}]",False
671,1,2025-26,19,0,0,0,2,0,0,0,0,0,0,0,2,0.0,0.0,8.0,0.5,0,1,0,1,0,0.02,0.00,0.02,0.08,1,False,"[{'fixture': 5, 'stats': [{'identifier': 'minutes', 'points': 1, 'value': 19, 'points_modification': 0}]}]",False
672,1,2025-26,0,0,0,0,0,0,0,0,0,0,0,0,0,0.0,0.0,0.0,0.0,0,0,0,0,0,0.00,0.00,0.00,0.00,0,False,"[{'fixture': 8, 'stats': [{'identifier': 'minutes', 'points': 0, 'value': 0, 'points_modification': 0}]}]",False
673,1,2025-26,10,0,0,0,0,0,0,0,0,0,0,0,2,0.2,0.6,0.0,0.1,0,0,0,0,0,0.00,0.00,0.00,0.00,1,False,"[{'fixture': 6, 'stats': [{'identifier': 'minutes', 'points': 1, 'value': 10, 'points_modification': 0}]}]",False
674,1,2025-26,0,0,0,0,0,0,0,0,0,0,0,0,0,0.0,0.0,0.0,0.0,0,0,0,0,0,0.00,0.00,0.00,0.00,0,False,"[{'fixture': 2, 'stats': [{'identifier': 'minutes', 'points': 0, 'value': 0, 'points_modification': 0}]}]",False
675,1,2025-26,0,0,0,0,0,0,0,0,0,0,0,0,0,0.0,0.0,0.0,0.0,0,0,0,0,0,0.00,0.00,0.00,0.00,0,False,"[{'fixture': 4, 'stats': [{'identifier': 'minutes', 'points': 0, 'value': 0, 'points_modification': 0}]}]",False
676,1,2025-26,27,0,0,0,1,0,0,0,0,0,0,0,1,0.0,0.3,3.0,0.1,0,1,0,1,0,0.05,0.00,0.05,0.91,1,False,"[{'fixture': 6, 'stats': [{'identifier': 'minutes', 'points': 1, 'value': 27, 'points_modification': 0}]}]",False
677,1,2025-26,0,0,0,0,0,0,0,0,0,0,0,0,0,0.0,0.0,0.0,0.0,0,0,0,0,0,0.00,0.00,0.00,0.00,0,False,"[{'fixture': 2, 'stats': [{'identifier': 'minutes', 'points': 0, 'value': 0, 'points_modification': 0}]}]",False
678,1,2025-26,0,0,0,0,0,0,0,0,0,0,0,0,0,0.0,0.0,0.0,0.0,0,0,0,0,0,0.00,0.00,0.00,0.00,0,False,"[{'fixture': 5, 'stats': [{'identifier': 'minutes', 'points': 0, 'value': 0, 'points_modification': 0}]}]",False
679,1,2025-26,90,0,0,0,3,0,0,0,0,0,2,0,3,21.0,0.0,0.0,2.1,2,6,0,0,1,0.00,0.01,0.01,0.68,1,False,"[{'fixture': 5, 'stats': [{'identifier': 'minutes', 'points': 2, 'value': 90, 'points_modification': 0}, {'identifier': 'goals_conceded', 'points': -1, 'value': 3, 'points_modification': 0}]}]",False
680,1,2025-26,0,0,0,0,0,0,0,0,0,0,0,0,0,0.0,0.0,0.0,0.0,0,0,0,0,0,0.00,0.00,0.00,0.00,0,False,"[{'fixture': 6, 'stats': [{'identifier': 'minutes', 'points': 0, 'value': 0, 'points_modification': 0}]}]",False
681,1,2025-26,25,0,0,0,0,0,0,0,0,0,0,0,2,0.0,20.5,12.0,3.2,0,1,0,1,0,0.11,0.06,0.17,0.21,1,False,"[{'fixture': 9, 'stats': [{'identifier': 'minutes', 'points': 1, 'value': 25, 'points_modification': 0}]}]",False
682,1,2025-26,71,0,0,0,3,0,0,0,0,0,0,0,-4,7.2,0.8,2.0,1.0,3,2,1,4,1,0.00,0.00,0.00,2.22,1,False,"[{'fixture': 7, 'stats': [{'identifier': 'minutes', 'points': 2, 'value': 71, 'points_modification': 0}, {'identifier': 'goals_conceded', 'points': -1, 'value': 3, 'points_modification': 0}]}]",False
683,1,2025-26,37,0,1,0,0,0,0,0,0,0,0,0,16,30.0,14.4,0.0,4.4,4,1,1,5,0,0.00,0.12,0.12,0.23,4,False,"[{'fixture': 5, 'stats': [{'identifier': 'minutes', 'points': 1, 'value': 37, 'points_modification': 0}, {'identifier': 'assists', 'points': 3, 'value': 1, 'points_modification': 0}]}]",False
684,1,2025-26,0,0,0,0,0,0,0,0,0,0,0,0,0,0.0,0.0,0.0,0.0,0,0,0,0,0,0.00,0.00,0.00,0.00,0,False,"[{'fixture': 2, 'stats': [{'identifier': 'minutes', 'points': 0, 'value': 0, 'points_modification': 0}]}]",False
685,1,2025-26,90,0,0,0,4,0,0,0,0,0,0,0,2,14.8,0.2,0.0,1.5,7,8,2,9,1,0.00,0.00,0.00,2.21,0,False,"[{'fixture': 1, 'stats': [{'identifier': 'minutes', 'points': 2, 'value': 90, 'points_modification': 0}, {'identifier': 'goals_conceded', 'points': -2, 'value': 4, 'points_modification': 0}]}]",False
686,1,2025-26,0,0,0,0,0,0,0,0,0,0,0,0,0,0.0,0.0,0.0,0.0,0,0,0,0,0,0.00,0.00,0.00,0.00,0,False,"[{'fixture': 1, 'stats': [{'identifier': 'minutes', 'points': 0, 'value': 0, 'points_modification': 0}]}]",False
687,1,2025-26,0,0,0,0,0,0,0,0,0,0,0,0,0,0.0,0.0,0.0,0.0,0,0,0,0,0,0.00,0.00,0.00,0.00,0,False,"[{'fixture': 1, 'stats': [{'identifier': 'minutes', 'points': 0, 'value': 0, 'points_modification': 0}]}]",False
688,1,2025-26,0,0,0,0,0,0,0,0,0,0,0,0,0,0.0,0.0,0.0,0.0,0,0,0,0,0,0.00,0.00,0.00,0.00,0,False,"[{'fixture': 2, 'stats': [{'identifier': 'minutes', 'points': 0, 'value': 0, 'points_modification': 0}]}]",False
689,1,2025-26,0,0,0,0,0,0,0,0,0,0,0,0,0,0.0,0.0,0.0,0.0,0,0,0,0,0,0.00,0.00,0.00,0.00,0,False,"[{'fixture': 2, 'stats': [{'identifier': 'minutes', 'points': 0, 'value': 0, 'points_modification': 0}]}]",False
690,1,2025-26,0,0,0,0,0,0,0,0,0,0,0,0,0,0.0,0.0,0.0,0.0,0,0,0,0,0,0.00,0.00,0.00,0.00,0,False,"[{'fixture': 8, 'stats': [{'identifier': 'minutes', 'points': 0, 'value': 0, 'points_modification': 0}]}]",False
