element,gameweek,season,minutes,goals_scored,assists,clean_sheets,goals_conceded,own_goals,penalties_saved,penalties_missed,yellow_cards,red_cards,saves,bonus,bps,influence,creativity,threat,ict_index,clearances_blocks_interceptions,recoveries,tackles,defensive_contribution,starts,expected_goals,expected_assists,expected_goal_involvements,expected_goals_conceded,total_points,in_dreamteam,explain,modified,web_name,element_type,team,now_cost,name,position,xP
1,1,2025-26,90,0,0,1,0,0,0,0,1,0,7,3,38,49.2,0.0,0.0,4.9,1,13,0,0,1,0.0,0.0,0.0,1.52,10,True,"[{'fixture': 9, 'stats': [{'identifier': 'minutes', 'points': 2, 'value': 90, 'points_modification': 0}, {'identifier': 'clean_sheets', 'points': 4, 'value': 1, 'points_modification': 0}, {'identifier': 'yellow_cards', 'points': -1, 'value': 1, 'points_modification': 0}, {'identifier': 'saves', 'points': 2, 'value': 7, 'points_modification': 0}, {'identifier': 'bonus', 'points': 3, 'value': 3, 'points_modification': 0}]}]",False,Raya,1,1,56,Raya,GK,10
2,1,2025-26,0,0,0,0,0,0,0,0,0,0,0,0,0,0.0,0.0,0.0,0.0,0,0,0,0,0,0.0,0.0,0.0,0.0,0,False,"[{'fixture': 9, 'stats': [{'identifier': 'minutes', 'points': 0, 'value': 0, 'points_modification': 0}]}]",False,Arrizabalaga,1,1,43,Arrizabalaga,GK,0
3,1,2025-26,0,0,0,0,0,0,0,0,0,0,0,0,0,0.0,0.0,0.0,0.0,0,0,0,0,0,0.0,0.0,0.0,0.0,0,False,"[{'fixture': 9, 'stats': [{'identifier': 'minutes', 'points': 0, 'value': 0, 'points_modification': 0}]}]",False,Hein,1,1,40,Hein,GK,0
4,1,2025-26,0,0,0,0,0,0,0,0,0,0,0,0,0,0.0,0.0,0.0,0.0,0,0,0,0,0,0.0,0.0,0.0,0.0,0,False,"[{'fixture': 9, 'stats': [{'identifier': 'minutes', 'points': 0, 'value': 0, 'points_modification': 0}]}]",False,Setford,1,1,40,Setford,GK,0
5,1,2025-26,90,0,0,1,0,0,0,0,0,0,0,0,23,22.8,0.3,4.0,2.7,6,1,1,7,1,0.0,0.0,0.0,1.52,6,False,"[{'fixture': 9, 'stats': [{'identifier': 'minutes', 'points': 2, 'value': 90, 'points_modification': 0}, {'identifier': 'clean_sheets', 'points': 4, 'value': 1, 'points_modification': 0}]}]",False,Gabriel,2,1,61,Gabriel,DEF,6
6,1,2025-26,90,0,0,1,0,0,0,0,0,0,0,1,25,31.4,0.1,0.0,3.2,10,3,4,14,1,0.0,0.0,0.0,1.52,9,False,"[{'fixture': 9, 'stats': [{'identifier': 'minutes', 'points': 2, 'value': 90, 'points_modification': 0}, {'identifier': 'clean_sheets', 'points': 4, 'value': 1, 'points_modification': 0}, {'identifier': 'bonus', 'points': 1, 'value': 1, 'points_modification': 0}, {'identifier': 'defensive_contribution', 'points': 2, 'value': 14, 'points_modification': 0}]}]",False,Saliba,2,1,60,Saliba,DEF,9
7,1,2025-26,71,1,0,1,0,0,0,0,1,0,0,2,33,36.2,2.1,35.0,7.3,3,5,1,4,1,0.91,0.01,0.92,0.87,13,True,"[{'fixture': 9, 'stats': [{'identifier': 'minutes', 'points': 2, 'value': 71, 'points_modification': 0}, {'identifier': 'goals_scored', 'points': 6, 'value': 1, 'points_modification': 0}, {'identifier': 'clean_sheets', 'points': 4, 'value': 1, 'points_modification': 0}, {'identifier': 'yellow_cards', 'points': -1, 'value': 1, 'points_modification': 0}, {'identifier': 'bonus', 'points': 2, 'value': 2, 'points_modification': 0}]}]",False,Calafiori,2,1,57,Calafiori,DEF,13
8,1,2025-26,19,0,0,0,0,0,0,0,1,0,0,0,-3,3.0,0.3,0.0,0.3,1,1,2,3,0,0.0,0.0,0.0,0.66,0,False,"[{'fixture': 9, 'stats': [{'identifier': 'minutes', 'points': 1, 'value': 19, 'points_modification': 0}, {'identifier': 'yellow_cards', 'points': -1, 'value': 1, 'points_modification': 0}]}]",False,J.Timber,2,1,58,J.Timber,DEF,0
9,1,2025-26,0,0,0,0,0,0,0,0,0,0,0,0,0,0.0,0.0,0.0,0.0,0,0,0,0,0,0.0,0.0,0.0,0.0,0,False,"[{'fixture': 9, 'stats': [{'identifier': 'minutes', 'points': 0, 'value': 0, 'points_modification': 0}]}]",False,Kiwior,2,1,54,Kiwior,DEF,0
10,1,2025-26,18,0,0,0,0,0,0,0,1,0,0,0,-1,0.2,0.0,0.0,0.0,1,0,0,1,0,0.0,0.0,0.0,0.66,0,False,"[{'fixture': 9, 'stats': [{'identifier': 'minutes', 'points': 1, 'value': 18, 'points_modification': 0}, {'identifier': 'yellow_cards', 'points': -1, 'value': 1, 'points_modification': 0}]}]",False,Lewis-Skelly,2,1,53,Lewis-Skelly,DEF,0
11,1,2025-26,70,0,0,1,0,0,0,0,0,0,0,0,23,15.4,11.3,1.0,2.8,6,4,2,8,1,0.01,0.01,0.02,0.87,6,False,"[{'fixture': 9, 'stats': [{'identifier': 'minutes', 'points': 2, 'value': 70, 'points_modification': 0}, {'identifier': 'clean_sheets', 'points': 4, 'value': 1, 'points_modification': 0}]}]",False,White,2,1,54,White,DEF,6
12,1,2025-26,0,0,0,0,0,0,0,0,0,0,0,0,0,0.0,0.0,0.0,0.0,0,0,0,0,0,0.0,0.0,0.0,0.0,0,False,"[{'fixture': 9, 'stats': [{'identifier': 'minutes', 'points': 0, 'value': 0, 'points_modification': 0}]}]",False,Zinchenko,2,16,49,Zinchenko,DEF,0
13,1,2025-26,0,0,0,0,0,0,0,0,0,0,0,0,0,0.0,0.0,0.0,0.0,0,0,0,0,0,0.0,0.0,0.0,0.0,0,False,"[{'fixture': 9, 'stats': [{'identifier': 'minutes', 'points': 0, 'value': 0, 'points_modification': 0}]}]",False,Clarke,2,1,40,Clarke,DEF,0
14,1,2025-26,0,0,0,0,0,0,0,0,0,0,0,0,0,0.0,0.0,0.0,0.0,0,0,0,0,0,0.0,0.0,0.0,0.0,0,False,"[{'fixture': 9, 'stats': [{'identifier': 'minutes', 'points': 0, 'value': 0, 'points_modification': 0}]}]",False,Kacurri,2,1,39,Kacurri,DEF,0
15,1,2025-26,0,0,0,0,0,0,0,0,0,0,0,0,0,0.0,0.0,0.0,0.0,0,0,0,0,0,0.0,0.0,0.0,0.0,0,False,"[{'fixture': 9, 'stats': [{'identifier': 'minutes', 'points': 0, 'value': 0, 'points_modification': 0}]}]",False,Nichols,2,1,39,Nichols,DEF,0
16,1,2025-26,90,0,0,1,0,0,0,0,0,0,0,0,7,12.0,16.4,7.0,3.5,0,2,3,5,1,0.15,0.09,0.24,1.52,3,False,"[{'fixture': 9, 'stats': [{'identifier': 'minutes', 'points': 2, 'value': 90, 'points_modification': 0}, {'identifier': 'clean_sheets', 'points': 1, 'value': 1, 'points_modification': 0}]}]",False,Saka,3,1,98,Saka,MID,3
17,1,2025-26,90,0,0,1,0,0,0,0,0,0,0,0,16,17.8,20.3,17.0,5.5,6,7,1,14,1,0.09,0.29,0.38,1.52,5,False,"[{'fixture': 9, 'stats': [{'identifier': 'minutes', 'points': 2, 'value': 90, 'points_modification': 0}, {'identifier': 'clean_sheets', 'points': 1, 'value': 1, 'points_modification': 0}, {'identifier': 'defensive_contribution', 'points': 2, 'value': 14, 'points_modification': 0}]}]",False,Ødegaard,3,1,79,Ødegaard,MID,5
18,1,2025-26,30,0,0,0,0,0,0,0,0,0,0,0,2,1.6,10.7,2.0,1.4,0,0,0,0,0,0.0,0.02,0.02,0.82,1,False,"[{'fixture': 9, 'stats': [{'identifier': 'minutes', 'points': 1, 'value': 30, 'points_modification': 0}]}]",False,Madueke,3,1,70,Madueke,MID,1
19,1,2025-26,59,0,0,0,0,0,0,0,0,0,0,0,8,6.2,10.3,21.0,3.8,0,3,1,4,1,0.02,0.01,0.03,0.7,1,False,"[{'fixture': 9, 'stats': [{'identifier': 'minutes', 'points': 1, 'value': 59, 'points_modification': 0}]}]",False,Martinelli,3,1,69,Martinelli,MID,1
20,1,2025-26,0,0,0,0,0,0,0,0,0,0,0,0,0,0.0,0.0,0.0,0.0,0,0,0,0,0,0.0,0.0,0.0,0.0,0,False,"[{'fixture': 9, 'stats': [{'identifier': 'minutes', 'points': 0, 'value': 0, 'points_modification': 0}]}]",False,Trossard,3,1,69,Trossard,MID,0
21,1,2025-26,82,0,1,1,0,0,0,0,0,0,0,0,14,2.6,1.3,8.0,1.2,1,3,0,4,1,0.13,0.01,0.14,1.04,6,False,"[{'fixture': 9, 'stats': [{'identifier': 'minutes', 'points': 2, 'value': 82, 'points_modification': 0}, {'identifier': 'assists', 'points': 3, 'value': 1, 'points_modification': 0}, {'identifier': 'clean_sheets', 'points': 1, 'value': 1, 'points_modification': 0}]}]",False,Rice,3,1,65,Rice,MID,6
22,1,2025-26,7,0,0,0,0,0,0,0,0,0,0,0,2,1.2,0.0,0.0,0.1,1,0,0,1,0,0.0,0.0,0.0,0.49,1,False,"[{'fixture': 9, 'stats': [{'identifier': 'minutes', 'points': 1, 'value': 7, 'points_modification': 0}]}]",False,Merino,3,1,59,Merino,MID,1
23,1,2025-26,0,0,0,0,0,0,0,0,0,0,0,0,0,0.0,0.0,0.0,0.0,0,0,0,0,0,0.0,0.0,0.0,0.0,0,False,"[{'fixture': 9, 'stats': [{'identifier': 'minutes', 'points': 0, 'value': 0, 'points_modification': 0}]}]",False,Fábio Vieira,3,1,54,Fábio Vieira,MID,0
24,1,2025-26,0,0,0,0,0,0,0,0,0,0,0,0,0,0.0,0.0,0.0,0.0,0,0,0,0,0,0.0,0.0,0.0,0.0,0,False,"[{'fixture': 9, 'stats': [{'identifier': 'minutes', 'points': 0, 'value': 0, 'points_modification': 0}]}]",False,Nørgaard,3,1,53,Nørgaard,MID,0
25,1,2025-26,0,0,0,0,0,0,0,0,0,0,0,0,0,0.0,0.0,0.0,0.0,0,0,0,0,0,0.0,0.0,0.0,0.0,0,False,"[{'fixture': 9, 'stats': [{'identifier': 'minutes', 'points': 0, 'value': 0, 'points_modification': 0}]}]",False,Nwaneri,3,1,53,Nwaneri,MID,0
26,1,2025-26,90,0,0,1,0,0,0,0,0,0,0,0,15,16.0,1.9,2.0,2.0,4,5,3,12,1,0.0,0.01,0.01,1.52,5,False,"[{'fixture': 9, 'stats': [{'identifier': 'minutes', 'points': 2, 'value': 90, 'points_modification': 0}, {'identifier': 'clean_sheets', 'points': 1, 'value': 1, 'points_modification': 0}, {'identifier': 'defensive_contribution', 'points': 2, 'value': 12, 'points_modification': 0}]}]",False,Zubimendi,3,1,55,Zubimendi,MID,5
27,1,2025-26,0,0,0,0,0,0,0,0,0,0,0,0,0,0.0,0.0,0.0,0.0,0,0,0,0,0,0.0,0.0,0.0,0.0,0,False,"[{'fixture': 9, 'stats': [{'identifier': 'minutes', 'points': 0, 'value': 0, 'points_modification': 0}]}]",False,Nelson,3,5,49,Nelson,MID,0
28,1,2025-26,0,0,0,0,0,0,0,0,0,0,0,0,0,0.0,0.0,0.0,0.0,0,0,0,0,0,0.0,0.0,0.0,0.0,0,False,"[{'fixture': 9, 'stats': [{'identifier': 'minutes', 'points': 0, 'value': 0, 'points_modification': 0}]}]",False,Kabia,3,1,45,Kabia,MID,0
29,1,2025-26,0,0,0,0,0,0,0,0,0,0,0,0,0,0.0,0.0,0.0,0.0,0,0,0,0,0,0.0,0.0,0.0,0.0,0,False,"[{'fixture': 9, 'stats': [{'identifier': 'minutes', 'points': 0, 'value': 0, 'points_modification': 0}]}]",False,Sambi,3,1,45,Sambi,MID,0
30,1,2025-26,30,0,0,0,0,0,0,0,0,0,0,0,4,2.8,0.8,2.0,0.6,1,2,0,3,0,0.0,0.01,0.01,0.82,1,False,"[{'fixture': 9, 'stats': [{'identifier': 'minutes', 'points': 1, 'value': 30, 'points_modification': 0}]}]",False,Havertz,4,1,73,Havertz,FWD,1
31,1,2025-26,0,0,0,0,0,0,0,0,0,0,0,0,0,0.0,0.0,0.0,0.0,0,0,0,0,0,0.0,0.0,0.0,0.0,0,False,"[{'fixture': 9, 'stats': [{'identifier': 'minutes', 'points': 0, 'value': 0, 'points_modification': 0}]}]",False,G.Jesus,4,1,64,G.Jesus,FWD,0
32,1,2025-26,0,0,0,0,0,0,0,0,0,0,0,0,0,0.0,0.0,0.0,0.0,0,0,0,0,0,0.0,0.0,0.0,0.0,0,False,"[{'fixture': 2, 'stats': [{'identifier': 'minutes', 'points': 0, 'value': 0, 'points_modification': 0}]}]",False,Martinez,1,2,50,Martinez,GK,0
33,1,2025-26,90,0,0,1,0,0,0,0,0,0,3,0,29,19.6,0.0,0.0,2.0,1,12,0,0,1,0.0,0.0,0.0,1.43,7,False,"[{'fixture': 2, 'stats': [{'identifier': 'minutes', 'points': 2, 'value': 90, 'points_modification': 0}, {'identifier': 'clean_sheets', 'points': 4, 'value': 1, 'points_modification': 0}, {'identifier': 'saves', 'points': 1, 'value': 3, 'points_modification': 0}]}]",False,M.Bizot,1,2,45,M.Bizot,GK,7
34,1,2025-26,0,0,0,0,0,0,0,0,0,0,0,0,0,0.0,0.0,0.0,0.0,0,0,0,0,0,0.0,0.0,0.0,0.0,0,False,"[{'fixture': 2, 'stats': [{'identifier': 'minutes', 'points': 0, 'value': 0, 'points_modification': 0}]}]",False,Gauci,1,2,40,Gauci,GK,0
35,1,2025-26,0,0,0,0,0,0,0,0,0,0,0,0,0,0.0,0.0,0.0,0.0,0,0,0,0,0,0.0,0.0,0.0,0.0,0,False,"[{'fixture': 2, 'stats': [{'identifier': 'minutes', 'points': 0, 'value': 0, 'points_modification': 0}]}]",False,Marschall,1,2,40,Marschall,GK,0
36,1,2025-26,90,0,0,1,0,0,0,0,0,0,0,0,25,37.6,1.1,2.0,4.1,9,2,2,11,1,0.0,0.0,0.0,1.43,8,False,"[{'fixture': 2, 'stats': [{'identifier': 'minutes', 'points': 2, 'value': 90, 'points_modification': 0}, {'identifier': 'clean_sheets', 'points': 4, 'value': 1, 'points_modification': 0}, {'identifier': 'defensive_contribution', 'points': 2, 'value': 11, 'points_modification': 0}]}]",False,Cash,2,2,46,Cash,DEF,8
37,1,2025-26,90,0,0,1,0,0,0,0,0,0,0,0,22,11.6,5.8,0.0,1.7,5,3,2,7,1,0.0,0.01,0.01,1.43,6,False,"[{'fixture': 2, 'stats': [{'identifier': 'minutes', 'points': 2, 'value': 90, 'points_modification': 0}, {'identifier': 'clean_sheets', 'points': 4, 'value': 1, 'points_modification': 0}]}]",False,Digne,2,2,45,Digne,DEF,6
38,1,2025-26,65,0,0,1,0,0,0,0,0,1,0,0,15,1.8,1.1,0.0,0.3,3,1,0,3,1,0.0,0.01,0.01,1.11,3,False,"[{'fixture': 2, 'stats': [{'identifier': 'minutes', 'points': 2, 'value': 65, 'points_modification': 0}, {'identifier': 'clean_sheets', 'points': 4, 'value': 1, 'points_modification': 0}, {'identifier': 'red_cards', 'points': -3, 'value': 1, 'points_modification': 0}]}]",False,Konsa,2,2,45,Konsa,DEF,3
39,1,2025-26,0,0,0,0,0,0,0,0,0,0,0,0,0,0.0,0.0,0.0,0.0,0,0,0,0,0,0.0,0.0,0.0,0.0,0,False,"[{'fixture': 2, 'stats': [{'identifier': 'minutes', 'points': 0, 'value': 0, 'points_modification': 0}]}]",False,Maatsen,2,2,44,Maatsen,DEF,0
40,1,2025-26,90,0,0,1,0,0,0,0,0,0,0,0,25,13.0,3.7,0.0,1.7,5,2,0,5,1,0.0,0.0,0.0,1.43,6,False,"[{'fixture': 2, 'stats': [{'identifier': 'minutes', 'points': 2, 'value': 90, 'points_modification': 0}, {'identifier': 'clean_sheets', 'points': 4, 'value': 1, 'points_modification': 0}]}]",False,Mings,2,2,45,Mings,DEF,6
41,1,2025-26,0,0,0,0,0,0,0,0,0,0,0,0,0,0.0,0.0,0.0,0.0,0,0,0,0,0,0.0,0.0,0.0,0.0,0,False,"[{'fixture': 2, 'stats': [{'identifier': 'minutes', 'points': 0, 'value': 0, 'points_modification': 0}]}]",False,Pau,2,2,44,Pau,DEF,0
42,1,2025-26,0,0,0,0,0,0,0,0,0,0,0,0,0,0.0,0.0,0.0,0.0,0,0,0,0,0,0.0,0.0,0.0,0.0,0,False,"[{'fixture': 2, 'stats': [{'identifier': 'minutes', 'points': 0, 'value': 0, 'points_modification': 0}]}]",False,A.García,2,2,39,A.García,DEF,0
43,1,2025-26,0,0,0,0,0,0,0,0,0,0,0,0,0,0.0,0.0,0.0,0.0,0,0,0,0,0,0.0,0.0,0.0,0.0,0,False,"[{'fixture': 2, 'stats': [{'identifier': 'minutes', 'points': 0, 'value': 0, 'points_modification': 0}]}]",False,Alex Moreno,2,2,40,Alex Moreno,DEF,0
44,1,2025-26,0,0,0,0,0,0,0,0,0,0,0,0,0,0.0,0.0,0.0,0.0,0,0,0,0,0,0.0,0.0,0.0,0.0,0,False,"[{'fixture': 2, 'stats': [{'identifier': 'minutes', 'points': 0, 'value': 0, 'points_modification': 0}]}]",False,Bogarde,2,2,40,Bogarde,DEF,0
45,1,2025-26,0,0,0,0,0,0,0,0,0,0,0,0,0,0.0,0.0,0.0,0.0,0,0,0,0,0,0.0,0.0,0.0,0.0,0,False,"[{'fixture': 2, 'stats': [{'identifier': 'minutes', 'points': 0, 'value': 0, 'points_modification': 0}]}]",False,Sousa,2,2,40,Sousa,DEF,0
46,1,2025-26,0,0,0,0,0,0,0,0,0,0,0,0,0,0.0,0.0,0.0,0.0,0,0,0,0,0,0.0,0.0,0.0,0.0,0,False,"[{'fixture': 2, 'stats': [{'identifier': 'minutes', 'points': 0, 'value': 0, 'points_modification': 0}]}]",False,Yasin,2,2,40,Yasin,DEF,0
47,1,2025-26,90,0,0,1,0,0,0,0,0,0,0,0,7,7.2,20.1,4.0,3.1,1,5,1,7,1,0.0,0.05,0.05,1.43,3,False,"[{'fixture': 2, 'stats': [{'identifier': 'minutes', 'points': 2, 'value': 90, 'points_modification': 0}, {'identifier': 'clean_sheets', 'points': 1, 'value': 1, 'points_modification': 0}]}]",False,Rogers,3,2,69,Rogers,MID,3
48,1,2025-26,90,0,0,1,0,0,0,0,0,0,0,0,5,4.0,1.1,0.0,0.5,3,2,2,7,1,0.0,0.01,0.01,1.43,3,False,"[{'fixture': 2, 'stats': [{'identifier': 'minutes', 'points': 2, 'value': 90, 'points_modification': 0}, {'identifier': 'clean_sheets', 'points': 1, 'value': 1, 'points_modification': 0}]}]",False,Tielemans,3,2,59,Tielemans,MID,3
49,1,2025-26,0,0,0,0,0,0,0,0,0,0,0,0,0,0.0,0.0,0.0,0.0,0,0,0,0,0,0.0,0.0,0.0,0.0,0,False,"[{'fixture': 2, 'stats': [{'identifier': 'minutes', 'points': 0, 'value': 0, 'points_modification': 0}]}]",False,Bailey,3,2,55,Bailey,MID,0
50,1,2025-26,0,0,0,0,0,0,0,0,0,0,0,0,0,0.0,0.0,0.0,0.0,0,0,0,0,0,0.0,0.0,0.0,0.0,0,False,"[{'fixture': 2, 'stats': [{'identifier': 'minutes', 'points': 0, 'value': 0, 'points_modification': 0}]}]",False,Buendía,3,2,53,Buendía,MID,0
51,1,2025-26,0,0,0,0,0,0,0,0,0,0,0,0,0,0.0,0.0,0.0,0.0,0,0,0,0,0,0.0,0.0,0.0,0.0,0,False,"[{'fixture': 2, 'stats': [{'identifier': 'minutes', 'points': 0, 'value': 0, 'points_modification': 0}]}]",False,Iling Jr,3,2,55,Iling Jr,MID,0
52,1,2025-26,0,0,0,0,0,0,0,0,0,0,0,0,0,0.0,0.0,0.0,0.0,0,0,0,0,0,0.0,0.0,0.0,0.0,0,False,"[{'fixture': 2, 'stats': [{'identifier': 'minutes', 'points': 0, 'value': 0, 'points_modification': 0}]}]",False,J.Ramsey,3,15,53,J.Ramsey,MID,0
53,1,2025-26,6,0,0,0,0,0,0,0,0,0,0,0,4,3.0,0.0,17.0,2.0,0,0,0,0,0,0.03,0.0,0.03,0.1,1,False,"[{'fixture': 2, 'stats': [{'identifier': 'minutes', 'points': 1, 'value': 6, 'points_modification': 0}]}]",False,Malen,3,2,52,Malen,MID,1
54,1,2025-26,83,0,0,1,0,0,0,0,0,0,0,0,10,5.0,19.3,6.0,3.0,0,7,0,7,1,0.0,0.09,0.09,1.33,3,False,"[{'fixture': 2, 'stats': [{'identifier': 'minutes', 'points': 2, 'value': 83, 'points_modification': 0}, {'identifier': 'clean_sheets', 'points': 1, 'value': 1, 'points_modification': 0}]}]",False,McGinn,3,2,54,McGinn,MID,3
55,1,2025-26,0,0,0,0,0,0,0,0,0,0,0,0,0,0.0,0.0,0.0,0.0,0,0,0,0,0,0.0,0.0,0.0,0.0,0,False,"[{'fixture': 2, 'stats': [{'identifier': 'minutes', 'points': 0, 'value': 0, 'points_modification': 0}]}]",False,Barkley,3,2,48,Barkley,MID,0
56,1,2025-26,0,0,0,0,0,0,0,0,0,0,0,0,0,0.0,0.0,0.0,0.0,0,0,0,0,0,0.0,0.0,0.0,0.0,0,False,"[{'fixture': 2, 'stats': [{'identifier': 'minutes', 'points': 0, 'value': 0, 'points_modification': 0}]}]",False,Barrenechea,3,2,50,Barrenechea,MID,0
57,1,2025-26,0,0,0,0,0,0,0,0,0,0,0,0,0,0.0,0.0,0.0,0.0,0,0,0,0,0,0.0,0.0,0.0,0.0,0,False,"[{'fixture': 2, 'stats': [{'identifier': 'minutes', 'points': 0, 'value': 0, 'points_modification': 0}]}]",False,Dobbin,3,2,50,Dobbin,MID,0
58,1,2025-26,90,0,0,1,0,0,0,0,1,0,0,0,13,13.8,2.2,17.0,3.3,3,6,2,11,1,0.05,0.03,0.08,1.43,2,False,"[{'fixture': 2, 'stats': [{'identifier': 'minutes', 'points': 2, 'value': 90, 'points_modification': 0}, {'identifier': 'clean_sheets', 'points': 1, 'value': 1, 'points_modification': 0}, {'identifier': 'yellow_cards', 'points': -1, 'value': 1, 'points_modification': 0}]}]",False,Kamara,3,2,49,Kamara,MID,2
59,1,2025-26,90,0,0,1,0,0,0,0,0,0,0,0,19,19.4,3.0,0.0,2.2,5,7,2,14,1,0.0,0.01,0.01,1.43,5,False,"[{'fixture': 2, 'stats': [{'identifier': 'minutes', 'points': 2, 'value': 90, 'points_modification': 0}, {'identifier': 'clean_sheets', 'points': 1, 'value': 1, 'points_modification': 0}, {'identifier': 'defensive_contribution', 'points': 2, 'value': 14, 'points_modification': 0}]}]",False,Onana,3,2,49,Onana,MID,5
60,1,2025-26,0,0,0,0,0,0,0,0,0,0,0,0,0,0.0,0.0,0.0,0.0,0,0,0,0,0,0.0,0.0,0.0,0.0,0,False,"[{'fixture': 2, 'stats': [{'identifier': 'minutes', 'points': 0, 'value': 0, 'points_modification': 0}]}]",False,Broggio,3,2,45,Broggio,MID,0
61,1,2025-26,0,0,0,0,0,0,0,0,0,0,0,0,0,0.0,0.0,0.0,0.0,0,0,0,0,0,0.0,0.0,0.0,0.0,0,False,"[{'fixture': 2, 'stats': [{'identifier': 'minutes', 'points': 0, 'value': 0, 'points_modification': 0}]}]",False,Dendoncker,3,2,45,Dendoncker,MID,0
62,1,2025-26,0,0,0,0,0,0,0,0,0,0,0,0,0,0.0,0.0,0.0,0.0,0,0,0,0,0,0.0,0.0,0.0,0.0,0,False,"[{'fixture': 2, 'stats': [{'identifier': 'minutes', 'points': 0, 'value': 0, 'points_modification': 0}]}]",False,Jimoh-Aloba,3,2,45,Jimoh-Aloba,MID,0
63,1,2025-26,0,0,0,0,0,0,0,0,0,0,0,0,0,0.0,0.0,0.0,0.0,0,0,0,0,0,0.0,0.0,0.0,0.0,0,False,"[{'fixture': 2, 'stats': [{'identifier': 'minutes', 'points': 0, 'value': 0, 'points_modification': 0}]}]",False,Young,3,2,44,Young,MID,0
64,1,2025-26,90,0,0,1,0,0,0,0,0,0,0,0,12,10.6,12.2,27.0,5.0,2,3,0,5,1,0.12,0.01,0.13,1.43,2,False,"[{'fixture': 2, 'stats': [{'identifier': 'minutes', 'points': 2, 'value': 90, 'points_modification': 0}]}]",False,Watkins,4,2,87,Watkins,FWD,2
65,1,2025-26,0,0,0,0,0,0,0,0,0,0,0,0,0,0.0,0.0,0.0,0.0,0,0,0,0,0,0.0,0.0,0.0,0.0,0,False,"[{'fixture': 2, 'stats': [{'identifier': 'minutes', 'points': 0, 'value': 0, 'points_modification': 0}]}]",False,Redmond,4,2,45,Redmond,FWD,0
66,1,2025-26,0,0,0,0,0,0,0,0,0,0,0,0,0,0.0,0.0,0.0,0.0,0,0,0,0,0,0.0,0.0,0.0,0.0,0,False,"[{'fixture': 1, 'stats': [{'identifier': 'minutes', 'points': 0, 'value': 0, 'points_modification': 0}]}]",False,Neto,1,4,45,Neto,GK,0
67,1,2025-26,90,0,0,0,4,0,0,0,0,0,6,0,10,47.8,0.0,0.0,4.8,4,8,0,0,1,0.0,0.0,0.0,2.21,2,False,"[{'fixture': 1, 'stats': [{'identifier': 'minutes', 'points': 2, 'value': 90, 'points_modification': 0}, {'identifier': 'goals_conceded', 'points': -2, 'value': 4, 'points_modification': 0}, {'identifier': 'saves', 'points': 2, 'value': 6, 'points_modification': 0}]}]",False,Petrović,1,4,45,Petrović,GK,2
68,1,2025-26,0,0,0,0,0,0,0,0,0,0,0,0,0,0.0,0.0,0.0,0.0,0,0,0,0,0,0.0,0.0,0.0,0.0,0,False,"[{'fixture': 1, 'stats': [{'identifier': 'minutes', 'points': 0, 'value': 0, 'points_modification': 0}]}]",False,Dennis,1,4,40,Dennis,GK,0
69,1,2025-26,0,0,0,0,0,0,0,0,0,0,0,0,0,0.0,0.0,0.0,0.0,0,0,0,0,0,0.0,0.0,0.0,0.0,0,False,"[{'fixture': 1, 'stats': [{'identifier': 'minutes', 'points': 0, 'value': 0, 'points_modification': 0}]}]",False,McKenna,1,4,40,McKenna,GK,0
70,1,2025-26,0,0,0,0,0,0,0,0,0,0,0,0,0,0.0,0.0,0.0,0.0,0,0,0,0,0,0.0,0.0,0.0,0.0,0,False,"[{'fixture': 1, 'stats': [{'identifier': 'minutes', 'points': 0, 'value': 0, 'points_modification': 0}]}]",False,Paulsen,1,4,40,Paulsen,GK,0
71,1,2025-26,0,0,0,0,0,0,0,0,0,0,0,0,0,0.0,0.0,0.0,0.0,0,0,0,0,0,0.0,0.0,0.0,0.0,0,False,"[{'fixture': 1, 'stats': [{'identifier': 'minutes', 'points': 0, 'value': 0, 'points_modification': 0}]}]",False,Zabarnyi,2,4,50,Zabarnyi,DEF,0
72,1,2025-26,90,0,0,0,4,0,0,0,0,0,0,0,1,26.6,14.6,2.0,4.3,12,2,3,15,1,0.0,0.05,0.05,2.21,2,False,"[{'fixture': 1, 'stats': [{'identifier': 'minutes', 'points': 2, 'value': 90, 'points_modification': 0}, {'identifier': 'goals_conceded', 'points': -2, 'value': 4, 'points_modification': 0}, {'identifier': 'defensive_contribution', 'points': 2, 'value': 15, 'points_modification': 0}]}]",False,Senesi,2,4,48,Senesi,DEF,2
73,1,2025-26,89,0,0,0,3,0,0,0,0,0,0,0,2,12.2,10.5,4.0,2.7,8,2,1,9,1,0.0,0.08,0.08,2.1,1,False,"[{'fixture': 1, 'stats': [{'identifier': 'minutes', 'points': 2, 'value': 89, 'points_modification': 0}, {'identifier': 'goals_conceded', 'points': -1, 'value': 3, 'points_modification': 0}]}]",False,Smith,2,4,44,Smith,DEF,1
74,1,2025-26,90,0,0,0,4,0,0,0,0,0,0,0,-1,18.2,19.1,0.0,3.7,4,4,2,6,1,0.0,0.13,0.13,2.21,0,False,"[{'fixture': 1, 'stats': [{'identifier': 'minutes', 'points': 2, 'value': 90, 'points_modification': 0}, {'identifier': 'goals_conceded', 'points': -2, 'value': 4, 'points_modification': 0}]}]",False,Truffert,2,4,45,Truffert,DEF,0
75,1,2025-26,0,0,0,0,0,0,0,0,0,0,0,0,0,0.0,0.0,0.0,0.0,0,0,0,0,0,0.0,0.0,0.0,0.0,0,False,"[{'fixture': 1, 'stats': [{'identifier': 'minutes', 'points': 0, 'value': 0, 'points_modification': 0}]}]",False,Akinmboni,2,4,40,Akinmboni,DEF,0
76,1,2025-26,0,0,0,0,0,0,0,0,0,0,0,0,0,0.0,0.0,0.0,0.0,0,0,0,0,0,0.0,0.0,0.0,0.0,0,False,"[{'fixture': 1, 'stats': [{'identifier': 'minutes', 'points': 0, 'value': 0, 'points_modification': 0}]}]",False,Bevan,2,4,40,Bevan,DEF,0
77,1,2025-26,1,0,0,0,1,0,0,0,0,0,0,0,0,3.0,0.1,0.0,0.3,2,0,0,2,0,0.0,0.0,0.0,0.11,1,False,"[{'fixture': 1, 'stats': [{'identifier': 'minutes', 'points': 1, 'value': 1, 'points_modification': 0}]}]",False,Hill,2,4,40,Hill,DEF,1
78,1,2025-26,0,0,0,0,0,0,0,0,0,0,0,0,0,0.0,0.0,0.0,0.0,0,0,0,0,0,0.0,0.0,0.0,0.0,0,False,"[{'fixture': 1, 'stats': [{'identifier': 'minutes', 'points': 0, 'value': 0, 'points_modification': 0}]}]",False,J.Araujo,2,4,40,J.Araujo,DEF,0
79,1,2025-26,0,0,0,0,0,0,0,0,0,0,0,0,0,0.0,0.0,0.0,0.0,0,0,0,0,0,0.0,0.0,0.0,0.0,0,False,"[{'fixture': 1, 'stats': [{'identifier': 'minutes', 'points': 0, 'value': 0, 'points_modification': 0}]}]",False,Mepham,2,4,40,Mepham,DEF,0
80,1,2025-26,0,0,0,0,0,0,0,0,0,0,0,0,0,0.0,0.0,0.0,0.0,0,0,0,0,0,0.0,0.0,0.0,0.0,0,False,"[{'fixture': 1, 'stats': [{'identifier': 'minutes', 'points': 0, 'value': 0, 'points_modification': 0}]}]",False,Soler,2,4,40,Soler,DEF,0
81,1,2025-26,0,0,0,0,0,0,0,0,0,0,0,0,0,0.0,0.0,0.0,0.0,0,0,0,0,0,0.0,0.0,0.0,0.0,0,False,"[{'fixture': 1, 'stats': [{'identifier': 'minutes', 'points': 0, 'value': 0, 'points_modification': 0}]}]",False,Kluivert,3,4,70,Kluivert,MID,0
82,1,2025-26,90,2,0,0,4,0,0,0,0,0,0,3,42,66.4,1.3,32.0,10.0,1,3,1,5,1,0.91,0.02,0.93,2.21,15,True,"[{'fixture': 1, 'stats': [{'identifier': 'minutes', 'points': 2, 'value': 90, 'points_modification': 0}, {'identifier': 'goals_scored', 'points': 10, 'value': 2, 'points_modification': 0}, {'identifier': 'bonus', 'points': 3, 'value': 3, 'points_modification': 0}]}]",False,Semenyo,3,4,77,Semenyo,MID,15
83,1,2025-26,0,0,0,0,0,0,0,0,0,0,0,0,0,0.0,0.0,0.0,0.0,0,0,0,0,0,0.0,0.0,0.0,0.0,0,False,"[{'fixture': 1, 'stats': [{'identifier': 'minutes', 'points': 0, 'value': 0, 'points_modification': 0}]}]",False,O.Dango,3,5,60,O.Dango,MID,0
84,1,2025-26,90,0,0,0,4,0,0,0,0,0,0,0,20,24.6,14.1,33.0,7.2,7,10,3,20,1,0.32,0.06,0.38,2.21,4,False,"[{'fixture': 1, 'stats': [{'identifier': 'minutes', 'points': 2, 'value': 90, 'points_modification': 0}, {'identifier': 'defensive_contribution', 'points': 2, 'value': 20, 'points_modification': 0}]}]",False,Tavernier,3,4,55,Tavernier,MID,4
85,1,2025-26,90,0,0,0,3,0,0,0,0,0,0,0,11,21.6,1.7,4.0,2.7,8,6,5,19,1,0.0,0.1,0.1,2.1,4,False,"[{'fixture': 1, 'stats': [{'identifier': 'minutes', 'points': 2, 'value': 90, 'points_modification': 0}, {'identifier': 'defensive_contribution', 'points': 2, 'value': 19, 'points_modification': 0}]}]",False,Adams,3,4,50,Adams,MID,4
86,1,2025-26,83,0,1,0,2,0,0,0,1,0,0,0,23,27.2,40.3,18.0,8.6,0,5,2,7,1,0.19,0.19,0.38,1.9,4,False,"[{'fixture': 1, 'stats': [{'identifier': 'minutes', 'points': 2, 'value': 83, 'points_modification': 0}, {'identifier': 'assists', 'points': 3, 'value': 1, 'points_modification': 0}, {'identifier': 'yellow_cards', 'points': -1, 'value': 1, 'points_modification': 0}]}]",False,Brooks,3,4,50,Brooks,MID,4
87,1,2025-26,0,0,0,0,0,0,0,0,0,0,0,0,0,0.0,0.0,0.0,0.0,0,0,0,0,0,0.0,0.0,0.0,0.0,0,False,"[{'fixture': 1, 'stats': [{'identifier': 'minutes', 'points': 0, 'value': 0, 'points_modification': 0}]}]",False,Christie,3,4,50,Christie,MID,0
88,1,2025-26,0,0,0,0,0,0,0,0,0,0,0,0,0,0.0,0.0,0.0,0.0,0,0,0,0,0,0.0,0.0,0.0,0.0,0,False,"[{'fixture': 1, 'stats': [{'identifier': 'minutes', 'points': 0, 'value': 0, 'points_modification': 0}]}]",False,Cook,3,4,49,Cook,MID,0
89,1,2025-26,0,0,0,0,0,0,0,0,0,0,0,0,0,0.0,0.0,0.0,0.0,0,0,0,0,0,0.0,0.0,0.0,0.0,0,False,"[{'fixture': 1, 'stats': [{'identifier': 'minutes', 'points': 0, 'value': 0, 'points_modification': 0}]}]",False,Philip,3,4,49,Philip,MID,0
90,1,2025-26,73,0,0,0,2,0,0,0,0,0,0,0,7,2.0,2.1,2.0,0.6,1,2,0,3,1,0.0,0.0,0.0,1.81,2,False,"[{'fixture': 1, 'stats': [{'identifier': 'minutes', 'points': 2, 'value': 73, 'points_modification': 0}]}]",False,Scott,3,4,50,Scott,MID,2
91,1,2025-26,0,0,0,0,0,0,0,0,0,0,0,0,0,0.0,0.0,0.0,0.0,0,0,0,0,0,0.0,0.0,0.0,0.0,0,False,"[{'fixture': 1, 'stats': [{'identifier': 'minutes', 'points': 0, 'value': 0, 'points_modification': 0}]}]",False,Sinisterra,3,4,50,Sinisterra,MID,0
92,1,2025-26,0,0,0,0,0,0,0,0,0,0,0,0,0,0.0,0.0,0.0,0.0,0,0,0,0,0,0.0,0.0,0.0,0.0,0,False,"[{'fixture': 1, 'stats': [{'identifier': 'minutes', 'points': 0, 'value': 0, 'points_modification': 0}]}]",False,Faivre,3,4,45,Faivre,MID,0
93,1,2025-26,16,0,1,0,2,0,0,0,0,0,0,0,12,21.2,10.0,0.0,3.1,1,2,1,4,0,0.0,0.0,0.0,0.4,4,False,"[{'fixture': 1, 'stats': [{'identifier': 'minutes', 'points': 1, 'value': 16, 'points_modification': 0}, {'identifier': 'assists', 'points': 3, 'value': 1, 'points_modification': 0}]}]",False,H.Traorè,3,4,45,H.Traorè,MID,4
94,1,2025-26,0,0,0,0,0,0,0,0,0,0,0,0,0,0.0,0.0,0.0,0.0,0,0,0,0,0,0.0,0.0,0.0,0.0,0,False,"[{'fixture': 1, 'stats': [{'identifier': 'minutes', 'points': 0, 'value': 0, 'points_modification': 0}]}]",False,Sadi,3,4,45,Sadi,MID,0
95,1,2025-26,0,0,0,0,0,0,0,0,0,0,0,0,0,0.0,0.0,0.0,0.0,0,0,0,0,0,0.0,0.0,0.0,0.0,0,False,"[{'fixture': 1, 'stats': [{'identifier': 'minutes', 'points': 0, 'value': 0, 'points_modification': 0}]}]",False,Silcott-Duberry,3,4,44,Silcott-Duberry,MID,0
96,1,2025-26,6,0,0,0,2,0,0,0,0,0,0,0,3,0.0,0.0,0.0,0.0,0,0,0,0,0,0.0,0.0,0.0,0.31,1,False,"[{'fixture': 1, 'stats': [{'identifier': 'minutes', 'points': 1, 'value': 6, 'points_modification': 0}]}]",False,Winterburn,3,4,45,Winterburn,MID,1
97,1,2025-26,90,0,0,0,4,0,0,0,1,0,0,0,-1,0.0,0.6,17.0,1.6,3,2,0,5,1,0.29,0.0,0.29,2.21,1,False,"[{'fixture': 1, 'stats': [{'identifier': 'minutes', 'points': 2, 'value': 90, 'points_modification': 0}, {'identifier': 'yellow_cards', 'points': -1, 'value': 1, 'points_modification': 0}]}]",False,Evanilson,4,4,70,Evanilson,FWD,1
98,1,2025-26,0,0,0,0,0,0,0,0,0,0,0,0,0,0.0,0.0,0.0,0.0,0,0,0,0,0,0.0,0.0,0.0,0.0,0,False,"[{'fixture': 1, 'stats': [{'identifier': 'minutes', 'points': 0, 'value': 0, 'points_modification': 0}]}]",False,Enes Ünal,4,4,55,Enes Ünal,FWD,0
99,1,2025-26,0,0,0,0,0,0,0,0,0,0,0,0,0,0.0,0.0,0.0,0.0,0,0,0,0,0,0.0,0.0,0.0,0.0,0,False,"[{'fixture': 1, 'stats': [{'identifier': 'minutes', 'points': 0, 'value': 0, 'points_modification': 0}]}]",False,Adu-Adjei,4,4,44,Adu-Adjei,FWD,0
100,1,2025-26,1,0,0,0,1,0,0,0,0,0,0,0,2,0.0,0.0,0.0,0.0,0,0,0,0,0,0.0,0.0,0.0,0.11,1,False,"[{'fixture': 1, 'stats': [{'identifier': 'minutes', 'points': 1, 'value': 1, 'points_modification': 0}]}]",False,Kroupi.Jr,4,4,45,Kroupi.Jr,FWD,1
101,1,2025-26,90,0,0,0,3,0,0,0,0,0,2,0,4,11.8,0.0,0.0,1.2,4,14,0,0,1,0.0,0.0,0.0,1.86,1,False,"[{'fixture': 4, 'stats': [{'identifier': 'minutes', 'points': 2, 'value': 90, 'points_modification': 0}, {'identifier': 'goals_conceded', 'points': -1, 'value': 3, 'points_modification': 0}]}]",False,Kelleher,1,5,45,Kelleher,GK,1
102,1,2025-26,0,0,0,0,0,0,0,0,0,0,0,0,0,0.0,0.0,0.0,0.0,0,0,0,0,0,0.0,0.0,0.0,0.0,0,False,"[{'fixture': 4, 'stats': [{'identifier': 'minutes', 'points': 0, 'value': 0, 'points_modification': 0}]}]",False,Balcombe,1,5,40,Balcombe,GK,0
103,1,2025-26,0,0,0,0,0,0,0,0,0,0,0,0,0,0.0,0.0,0.0,0.0,0,0,0,0,0,0.0,0.0,0.0,0.0,0,False,"[{'fixture': 4, 'stats': [{'identifier': 'minutes', 'points': 0, 'value': 0, 'points_modification': 0}]}]",False,Cox,1,5,40,Cox,GK,0
104,1,2025-26,0,0,0,0,0,0,0,0,0,0,0,0,0,0.0,0.0,0.0,0.0,0,0,0,0,0,0.0,0.0,0.0,0.0,0,False,"[{'fixture': 4, 'stats': [{'identifier': 'minutes', 'points': 0, 'value': 0, 'points_modification': 0}]}]",False,Eyestone,1,5,40,Eyestone,GK,0
105,1,2025-26,0,0,0,0,0,0,0,0,0,0,0,0,0,0.0,0.0,0.0,0.0,0,0,0,0,0,0.0,0.0,0.0,0.0,0,False,"[{'fixture': 4, 'stats': [{'identifier': 'minutes', 'points': 0, 'value': 0, 'points_modification': 0}]}]",False,Valdimarsson,1,5,40,Valdimarsson,GK,0
106,1,2025-26,90,0,0,0,3,0,0,0,1,0,0,0,0,9.8,0.2,5.0,1.5,5,5,0,5,1,0.02,0.0,0.02,1.86,0,False,"[{'fixture': 4, 'stats': [{'identifier': 'minutes', 'points': 2, 'value': 90, 'points_modification': 0}, {'identifier': 'goals_conceded', 'points': -1, 'value': 3, 'points_modification': 0}, {'identifier': 'yellow_cards', 'points': -1, 'value': 1, 'points_modification': 0}]}]",False,Collins,2,5,50,Collins,DEF,0
107,1,2025-26,68,0,0,0,3,0,0,0,0,0,0,0,-8,5.4,4.5,7.0,1.7,3,2,2,5,1,0.12,0.0,0.12,1.86,1,False,"[{'fixture': 4, 'stats': [{'identifier': 'minutes', 'points': 2, 'value': 68, 'points_modification': 0}, {'identifier': 'goals_conceded', 'points': -1, 'value': 3, 'points_modification': 0}]}]",False,Lewis-Potter,2,5,50,Lewis-Potter,DEF,1
108,1,2025-26,0,0,0,0,0,0,0,0,0,0,0,0,0,0.0,0.0,0.0,0.0,0,0,0,0,0,0.0,0.0,0.0,0.0,0,False,"[{'fixture': 4, 'stats': [{'identifier': 'minutes', 'points': 0, 'value': 0, 'points_modification': 0}]}]",False,Ajer,2,5,44,Ajer,DEF,0
109,1,2025-26,87,0,0,0,3,0,0,0,0,0,0,0,1,8.6,11.5,6.0,2.6,2,2,1,3,1,0.0,0.04,0.04,1.86,1,False,"[{'fixture': 4, 'stats': [{'identifier': 'minutes', 'points': 2, 'value': 87, 'points_modification': 0}, {'identifier': 'goals_conceded', 'points': -1, 'value': 3, 'points_modification': 0}]}]",False,Henry,2,5,44,Henry,DEF,1
110,1,2025-26,90,0,0,0,3,0,0,0,0,0,0,0,3,17.8,20.5,0.0,3.8,4,2,2,6,1,0.0,0.08,0.08,1.86,1,False,"[{'fixture': 4, 'stats': [{'identifier': 'minutes', 'points': 2, 'value': 90, 'points_modification': 0}, {'identifier': 'goals_conceded', 'points': -1, 'value': 3, 'points_modification': 0}]}]",False,Kayode,2,5,45,Kayode,DEF,1
111,1,2025-26,0,0,0,0,0,0,0,0,0,0,0,0,0,0.0,0.0,0.0,0.0,0,0,0,0,0,0.0,0.0,0.0,0.0,0,False,"[{'fixture': 4, 'stats': [{'identifier': 'minutes', 'points': 0, 'value': 0, 'points_modification': 0}]}]",False,Pinnock,2,5,44,Pinnock,DEF,0
112,1,2025-26,0,0,0,0,0,0,0,0,0,0,0,0,0,0.0,0.0,0.0,0.0,0,0,0,0,0,0.0,0.0,0.0,0.0,0,False,"[{'fixture': 4, 'stats': [{'identifier': 'minutes', 'points': 0, 'value': 0, 'points_modification': 0}]}]",False,Roerslev,2,5,45,Roerslev,DEF,0
113,1,2025-26,90,0,0,0,3,0,0,0,0,0,0,0,6,34.4,0.6,24.0,5.9,12,4,2,14,1,0.21,0.0,0.21,1.86,3,False,"[{'fixture': 4, 'stats': [{'identifier': 'minutes', 'points': 2, 'value': 90, 'points_modification': 0}, {'identifier': 'goals_conceded', 'points': -1, 'value': 3, 'points_modification': 0}, {'identifier': 'defensive_contribution', 'points': 2, 'value': 14, 'points_modification': 0}]}]",False,Van den Berg,2,5,45,Van den Berg,DEF,3
114,1,2025-26,0,0,0,0,0,0,0,0,0,0,0,0,0,0.0,0.0,0.0,0.0,0,0,0,0,0,0.0,0.0,0.0,0.0,0,False,"[{'fixture': 4, 'stats': [{'identifier': 'minutes', 'points': 0, 'value': 0, 'points_modification': 0}]}]",False,Arthur,2,5,40,Arthur,DEF,0
115,1,2025-26,0,0,0,0,0,0,0,0,0,0,0,0,0,0.0,0.0,0.0,0.0,0,0,0,0,0,0.0,0.0,0.0,0.0,0,False,"[{'fixture': 4, 'stats': [{'identifier': 'minutes', 'points': 0, 'value': 0, 'points_modification': 0}]}]",False,Fredrick,2,5,40,Fredrick,DEF,0
116,1,2025-26,2,0,0,0,0,0,0,0,1,0,0,0,1,2.0,0.0,0.0,0.2,1,0,1,2,0,0.0,0.0,0.0,0.0,0,False,"[{'fixture': 4, 'stats': [{'identifier': 'minutes', 'points': 1, 'value': 2, 'points_modification': 0}, {'identifier': 'yellow_cards', 'points': -1, 'value': 1, 'points_modification': 0}]}]",False,Hickey,2,5,40,Hickey,DEF,0
117,1,2025-26,0,0,0,0,0,0,0,0,0,0,0,0,0,0.0,0.0,0.0,0.0,0,0,0,0,0,0.0,0.0,0.0,0.0,0,False,"[{'fixture': 4, 'stats': [{'identifier': 'minutes', 'points': 0, 'value': 0, 'points_modification': 0}]}]",False,Ji-soo,2,5,39,Ji-soo,DEF,0
118,1,2025-26,0,0,0,0,0,0,0,0,0,0,0,0,0,0.0,0.0,0.0,0.0,0,0,0,0,0,0.0,0.0,0.0,0.0,0,False,"[{'fixture': 4, 'stats': [{'identifier': 'minutes', 'points': 0, 'value': 0, 'points_modification': 0}]}]",False,Meghoma,2,5,40,Meghoma,DEF,0
119,1,2025-26,90,0,0,0,1,0,0,0,0,0,0,0,17,10.6,21.4,49.0,8.1,1,5,0,6,1,0.42,0.05,0.47,1.31,2,False,"[{'fixture': 9, 'stats': [{'identifier': 'minutes', 'points': 2, 'value': 90, 'points_modification': 0}]}]",False,Mbeumo,3,14,81,Mbeumo,MID,2
120,1,2025-26,45,0,0,0,0,0,0,0,0,0,0,0,1,4.6,0.9,6.0,1.2,2,3,2,7,0,0.0,0.04,0.04,0.37,1,False,"[{'fixture': 4, 'stats': [{'identifier': 'minutes', 'points': 1, 'value': 45, 'points_modification': 0}]}]",False,Schade,3,5,70,Schade,MID,1
121,1,2025-26,0,0,0,0,0,0,0,0,0,0,0,0,0,0.0,0.0,0.0,0.0,0,0,0,0,0,0.0,0.0,0.0,0.0,0,False,"[{'fixture': 4, 'stats': [{'identifier': 'minutes', 'points': 0, 'value': 0, 'points_modification': 0}]}]",False,Damsgaard,3,5,59,Damsgaard,MID,0
122,1,2025-26,45,0,0,0,3,0,0,0,0,0,0,0,5,4.0,1.8,0.0,0.6,0,2,2,4,1,0.0,0.01,0.01,1.49,1,False,"[{'fixture': 4, 'stats': [{'identifier': 'minutes', 'points': 1, 'value': 45, 'points_modification': 0}]}]",False,Milambo,3,5,53,Milambo,MID,1
123,1,2025-26,90,0,0,0,3,0,0,0,0,0,0,0,7,5.4,5.0,3.0,1.3,0,4,3,7,1,0.03,0.03,0.06,1.86,2,False,"[{'fixture': 4, 'stats': [{'identifier': 'minutes', 'points': 2, 'value': 90, 'points_modification': 0}]}]",False,Carvalho,3,5,49,Carvalho,MID,2
124,1,2025-26,21,0,0,0,0,0,0,0,0,0,0,0,2,0.0,1.1,0.0,0.1,0,3,0,3,0,0.0,0.0,0.0,0.0,1,False,"[{'fixture': 4, 'stats': [{'identifier': 'minutes', 'points': 1, 'value': 21, 'points_modification': 0}]}]",False,Henderson,3,5,50,Henderson,MID,1
125,1,2025-26,0,0,0,0,0,0,0,0,0,0,0,0,0,0.0,0.0,0.0,0.0,0,0,0,0,0,0.0,0.0,0.0,0.0,0,False,"[{'fixture': 4, 'stats': [{'identifier': 'minutes', 'points': 0, 'value': 0, 'points_modification': 0}]}]",False,Janelt,3,5,49,Janelt,MID,0
126,1,2025-26,68,0,0,0,3,0,0,0,0,0,0,0,10,9.0,25.4,8.0,4.2,2,1,2,5,1,0.13,0.03,0.16,1.86,2,False,"[{'fixture': 4, 'stats': [{'identifier': 'minutes', 'points': 2, 'value': 68, 'points_modification': 0}]}]",False,Jensen,3,5,49,Jensen,MID,2
127,1,2025-26,0,0,0,0,0,0,0,0,0,0,0,0,0,0.0,0.0,0.0,0.0,0,0,0,0,0,0.0,0.0,0.0,0.0,0,False,"[{'fixture': 4, 'stats': [{'identifier': 'minutes', 'points': 0, 'value': 0, 'points_modification': 0}]}]",False,Nunes,3,5,49,Nunes,MID,0
128,1,2025-26,21,0,1,0,0,0,0,0,0,0,0,0,9,0.0,0.1,2.0,0.1,0,1,0,1,0,0.0,0.0,0.0,0.0,4,False,"[{'fixture': 4, 'stats': [{'identifier': 'minutes', 'points': 1, 'value': 21, 'points_modification': 0}, {'identifier': 'assists', 'points': 3, 'value': 1, 'points_modification': 0}]}]",False,Onyeka,3,5,50,Onyeka,MID,4
129,1,2025-26,90,0,0,0,3,0,0,0,0,0,0,0,10,3.6,10.8,7.0,2.1,0,9,0,9,1,0.08,0.01,0.09,1.86,2,False,"[{'fixture': 4, 'stats': [{'identifier': 'minutes', 'points': 2, 'value': 90, 'points_modification': 0}]}]",False,Yarmoliuk,3,5,50,Yarmoliuk,MID,2
130,1,2025-26,0,0,0,0,0,0,0,0,0,0,0,0,0,0.0,0.0,0.0,0.0,0,0,0,0,0,0.0,0.0,0.0,0.0,0,False,"[{'fixture': 4, 'stats': [{'identifier': 'minutes', 'points': 0, 'value': 0, 'points_modification': 0}]}]",False,Donovan,3,5,45,Donovan,MID,0
131,1,2025-26,0,0,0,0,0,0,0,0,0,0,0,0,0,0.0,0.0,0.0,0.0,0,0,0,0,0,0.0,0.0,0.0,0.0,0,False,"[{'fixture': 4, 'stats': [{'identifier': 'minutes', 'points': 0, 'value': 0, 'points_modification': 0}]}]",False,Konak,3,5,44,Konak,MID,0
132,1,2025-26,0,0,0,0,0,0,0,0,0,0,0,0,0,0.0,0.0,0.0,0.0,0,0,0,0,0,0.0,0.0,0.0,0.0,0,False,"[{'fixture': 4, 'stats': [{'identifier': 'minutes', 'points': 0, 'value': 0, 'points_modification': 0}]}]",False,Maghoma,3,5,45,Maghoma,MID,0
133,1,2025-26,0,0,0,0,0,0,0,0,0,0,0,0,0,0.0,0.0,0.0,0.0,0,0,0,0,0,0.0,0.0,0.0,0.0,0,False,"[{'fixture': 4, 'stats': [{'identifier': 'minutes', 'points': 0, 'value': 0, 'points_modification': 0}]}]",False,Peart-Harris,3,5,45,Peart-Harris,MID,0
134,1,2025-26,0,0,0,0,0,0,0,0,0,0,0,0,0,0.0,0.0,0.0,0.0,0,0,0,0,0,0.0,0.0,0.0,0.0,0,False,"[{'fixture': 4, 'stats': [{'identifier': 'minutes', 'points': 0, 'value': 0, 'points_modification': 0}]}]",False,Trevitt,3,5,45,Trevitt,MID,0
135,1,2025-26,0,0,0,0,0,0,0,0,0,0,0,0,0,0.0,0.0,0.0,0.0,0,0,0,0,0,0.0,0.0,0.0,0.0,0,False,"[{'fixture': 4, 'stats': [{'identifier': 'minutes', 'points': 0, 'value': 0, 'points_modification': 0}]}]",False,Wissa,4,15,74,Wissa,FWD,0
136,1,2025-26,90,1,0,0,3,0,0,0,0,0,0,0,17,36.4,10.7,22.0,6.9,1,0,1,2,1,0.91,0.01,0.92,1.86,6,False,"[{'fixture': 4, 'stats': [{'identifier': 'minutes', 'points': 2, 'value': 90, 'points_modification': 0}, {'identifier': 'goals_scored', 'points': 4, 'value': 1, 'points_modification': 0}]}]",False,Thiago,4,5,60,Thiago,FWD,6
137,1,2025-26,0,0,0,0,0,0,0,0,0,0,0,0,0,0.0,0.0,0.0,0.0,0,0,0,0,0,0.0,0.0,0.0,0.0,0,False,"[{'fixture': 4, 'stats': [{'identifier': 'minutes', 'points': 0, 'value': 0, 'points_modification': 0}]}]",False,Morgan,4,5,44,Morgan,FWD,0
138,1,2025-26,0,0,0,0,0,0,0,0,0,0,0,0,0,0.0,0.0,0.0,0.0,0,0,0,0,0,0.0,0.0,0.0,0.0,0,False,"[{'fixture': 3, 'stats': [{'identifier': 'minutes', 'points': 0, 'value': 0, 'points_modification': 0}]}]",False,Steele,1,6,44,Steele,GK,0
139,1,2025-26,90,0,0,0,1,0,0,0,0,0,1,0,9,14.4,0.0,0.0,1.4,1,6,0,0,1,0.0,0.0,0.0,0.76,2,False,"[{'fixture': 3, 'stats': [{'identifier': 'minutes', 'points': 2, 'value': 90, 'points_modification': 0}]}]",False,Verbruggen,1,6,45,Verbruggen,GK,2
140,1,2025-26,0,0,0,0,0,0,0,0,0,0,0,0,0,0.0,0.0,0.0,0.0,0,0,0,0,0,0.0,0.0,0.0,0.0,0,False,"[{'fixture': 3, 'stats': [{'identifier': 'minutes', 'points': 0, 'value': 0, 'points_modification': 0}]}]",False,McGill,1,6,40,McGill,GK,0
141,1,2025-26,0,0,0,0,0,0,0,0,0,0,0,0,0,0.0,0.0,0.0,0.0,0,0,0,0,0,0.0,0.0,0.0,0.0,0,False,"[{'fixture': 3, 'stats': [{'identifier': 'minutes', 'points': 0, 'value': 0, 'points_modification': 0}]}]",False,Rushworth,1,6,40,Rushworth,GK,0
142,1,2025-26,0,0,0,0,0,0,0,0,0,0,0,0,0,0.0,0.0,0.0,0.0,0,0,0,0,0,0.0,0.0,0.0,0.0,0,False,"[{'fixture': 3, 'stats': [{'identifier': 'minutes', 'points': 0, 'value': 0, 'points_modification': 0}]}]",False,Scherpen,1,6,40,Scherpen,GK,0
143,1,2025-26,0,0,0,0,0,0,0,0,0,0,0,0,0,0.0,0.0,0.0,0.0,0,0,0,0,0,0.0,0.0,0.0,0.0,0,False,"[{'fixture': 3, 'stats': [{'identifier': 'minutes', 'points': 0, 'value': 0, 'points_modification': 0}]}]",False,Boscagli,2,6,44,Boscagli,DEF,0
144,1,2025-26,0,0,0,0,0,0,0,0,0,0,0,0,0,0.0,0.0,0.0,0.0,0,0,0,0,0,0.0,0.0,0.0,0.0,0,False,"[{'fixture': 3, 'stats': [{'identifier': 'minutes', 'points': 0, 'value': 0, 'points_modification': 0}]}]",False,Coppola,2,6,44,Coppola,DEF,0
145,1,2025-26,90,0,0,0,1,0,0,0,0,0,0,0,8,15.0,26.7,4.0,4.6,4,3,2,6,1,0.0,0.09,0.09,0.76,2,False,"[{'fixture': 3, 'stats': [{'identifier': 'minutes', 'points': 2, 'value': 90, 'points_modification': 0}]}]",False,De Cuyper,2,6,44,De Cuyper,DEF,2
146,1,2025-26,90,0,0,0,1,0,0,0,0,0,0,0,16,16.6,1.8,7.0,2.5,7,5,1,8,1,0.09,0.0,0.09,0.76,2,False,"[{'fixture': 3, 'stats': [{'identifier': 'minutes', 'points': 2, 'value': 90, 'points_modification': 0}]}]",False,Dunk,2,6,45,Dunk,DEF,2
147,1,2025-26,0,0,0,0,0,0,0,0,0,0,0,0,0,0.0,0.0,0.0,0.0,0,0,0,0,0,0.0,0.0,0.0,0.0,0,False,"[{'fixture': 3, 'stats': [{'identifier': 'minutes', 'points': 0, 'value': 0, 'points_modification': 0}]}]",False,Estupiñan,2,6,45,Estupiñan,DEF,0
148,1,2025-26,21,0,0,0,1,0,0,0,1,0,0,0,-5,0.0,1.3,0.0,0.1,1,0,0,1,0,0.0,0.0,0.0,0.24,0,False,"[{'fixture': 3, 'stats': [{'identifier': 'minutes', 'points': 1, 'value': 21, 'points_modification': 0}, {'identifier': 'yellow_cards', 'points': -1, 'value': 1, 'points_modification': 0}]}]",False,F.Kadıoğlu,2,6,44,F.Kadıoğlu,DEF,0
149,1,2025-26,0,0,0,0,0,0,0,0,0,0,0,0,0,0.0,0.0,0.0,0.0,0,0,0,0,0,0.0,0.0,0.0,0.0,0,False,"[{'fixture': 3, 'stats': [{'identifier': 'minutes', 'points': 0, 'value': 0, 'points_modification': 0}]}]",False,Igor,2,19,45,Igor,DEF,0
150,1,2025-26,0,0,0,0,0,0,0,0,0,0,0,0,0,0.0,0.0,0.0,0.0,0,0,0,0,0,0.0,0.0,0.0,0.0,0,False,"[{'fixture': 3, 'stats': [{'identifier': 'minutes', 'points': 0, 'value': 0, 'points_modification': 0}]}]",False,Lamptey,2,6,44,Lamptey,DEF,0
151,1,2025-26,90,0,0,0,1,0,0,0,0,0,0,0,15,28.0,1.3,0.0,2.9,7,4,1,8,1,0.0,0.13,0.13,0.76,2,False,"[{'fixture': 3, 'stats': [{'identifier': 'minutes', 'points': 2, 'value': 90, 'points_modification': 0}]}]",False,Van Hecke,2,6,44,Van Hecke,DEF,2
152,1,2025-26,0,0,0,0,0,0,0,0,0,0,0,0,0,0.0,0.0,0.0,0.0,0,0,0,0,0,0.0,0.0,0.0,0.0,0,False,"[{'fixture': 3, 'stats': [{'identifier': 'minutes', 'points': 0, 'value': 0, 'points_modification': 0}]}]",False,Veltman,2,6,44,Veltman,DEF,0
153,1,2025-26,0,0,0,0,0,0,0,0,0,0,0,0,0,0.0,0.0,0.0,0.0,0,0,0,0,0,0.0,0.0,0.0,0.0,0,False,"[{'fixture': 3, 'stats': [{'identifier': 'minutes', 'points': 0, 'value': 0, 'points_modification': 0}]}]",False,Webster,2,6,44,Webster,DEF,0
154,1,2025-26,0,0,0,0,0,0,0,0,0,0,0,0,0,0.0,0.0,0.0,0.0,0,0,0,0,0,0.0,0.0,0.0,0.0,0,False,"[{'fixture': 3, 'stats': [{'identifier': 'minutes', 'points': 0, 'value': 0, 'points_modification': 0}]}]",False,Cashin,2,6,40,Cashin,DEF,0
155,1,2025-26,0,0,0,0,0,0,0,0,0,0,0,0,0,0.0,0.0,0.0,0.0,0,0,0,0,0,0.0,0.0,0.0,0.0,0,False,"[{'fixture': 3, 'stats': [{'identifier': 'minutes', 'points': 0, 'value': 0, 'points_modification': 0}]}]",False,Slater,2,6,40,Slater,DEF,0
156,1,2025-26,0,0,0,0,0,0,0,0,0,0,0,0,0,0.0,0.0,0.0,0.0,0,0,0,0,0,0.0,0.0,0.0,0.0,0,False,"[{'fixture': 3, 'stats': [{'identifier': 'minutes', 'points': 0, 'value': 0, 'points_modification': 0}]}]",False,Tasker,2,6,40,Tasker,DEF,0
157,1,2025-26,82,0,0,1,0,0,0,0,1,0,0,0,-2,0.0,2.4,8.0,0.6,0,0,0,0,1,0.07,0.04,0.11,0.52,2,False,"[{'fixture': 3, 'stats': [{'identifier': 'minutes', 'points': 2, 'value': 82, 'points_modification': 0}, {'identifier': 'clean_sheets', 'points': 1, 'value': 1, 'points_modification': 0}, {'identifier': 'yellow_cards', 'points': -1, 'value': 1, 'points_modification': 0}]}]",False,Mitoma,3,6,64,Mitoma,MID,2
158,1,2025-26,68,0,1,1,0,0,0,0,0,0,0,0,15,2.2,1.2,15.0,1.8,0,1,1,2,1,0.07,0.0,0.07,0.52,6,False,"[{'fixture': 3, 'stats': [{'identifier': 'minutes', 'points': 2, 'value': 68, 'points_modification': 0}, {'identifier': 'assists', 'points': 3, 'value': 1, 'points_modification': 0}, {'identifier': 'clean_sheets', 'points': 1, 'value': 1, 'points_modification': 0}]}]",False,Georginio,3,6,58,Georginio,MID,6
159,1,2025-26,0,0,0,0,0,0,0,0,0,0,0,0,0,0.0,0.0,0.0,0.0,0,0,0,0,0,0.0,0.0,0.0,0.0,0,False,"[{'fixture': 3, 'stats': [{'identifier': 'minutes', 'points': 0, 'value': 0, 'points_modification': 0}]}]",False,March,3,6,58,March,MID,0
160,1,2025-26,68,0,0,1,0,0,0,0,0,0,0,0,7,0.4,2.9,12.0,1.5,1,3,0,4,1,0.09,0.02,0.11,0.52,3,False,"[{'fixture': 3, 'stats': [{'identifier': 'minutes', 'points': 2, 'value': 68, 'points_modification': 0}, {'identifier': 'clean_sheets', 'points': 1, 'value': 1, 'points_modification': 0}]}]",False,Minteh,3,6,59,Minteh,MID,3
161,1,2025-26,0,0,0,0,0,0,0,0,0,0,0,0,0,0.0,0.0,0.0,0.0,0,0,0,0,0,0.0,0.0,0.0,0.0,0,False,"[{'fixture': 3, 'stats': [{'identifier': 'minutes', 'points': 0, 'value': 0, 'points_modification': 0}]}]",False,Enciso,3,6,54,Enciso,MID,0
162,1,2025-26,7,0,0,0,1,0,0,0,0,0,0,0,-2,0.2,0.3,4.0,0.5,0,1,1,2,0,0.31,0.0,0.31,0.24,1,False,"[{'fixture': 3, 'stats': [{'identifier': 'minutes', 'points': 1, 'value': 7, 'points_modification': 0}]}]",False,Gruda,3,6,54,Gruda,MID,1
163,1,2025-26,0,0,0,0,0,0,0,0,0,0,0,0,0,0.0,0.0,0.0,0.0,0,0,0,0,0,0.0,0.0,0.0,0.0,0,False,"[{'fixture': 3, 'stats': [{'identifier': 'minutes', 'points': 0, 'value': 0, 'points_modification': 0}]}]",False,Hinshelwood,3,6,52,Hinshelwood,MID,0
164,1,2025-26,87,1,0,1,0,0,0,0,0,0,0,2,24,45.8,44.3,25.0,11.5,0,0,3,3,1,0.79,0.14,0.93,0.52,10,True,"[{'fixture': 3, 'stats': [{'identifier': 'minutes', 'points': 2, 'value': 87, 'points_modification': 0}, {'identifier': 'goals_scored', 'points': 5, 'value': 1, 'points_modification': 0}, {'identifier': 'clean_sheets', 'points': 1, 'value': 1, 'points_modification': 0}, {'identifier': 'bonus', 'points': 2, 'value': 2, 'points_modification': 0}]}]",False,O'Riley,3,6,55,O'Riley,MID,10
165,1,2025-26,0,0,0,0,0,0,0,0,0,0,0,0,0,0.0,0.0,0.0,0.0,0,0,0,0,0,0.0,0.0,0.0,0.0,0,False,"[{'fixture': 3, 'stats': [{'identifier': 'minutes', 'points': 0, 'value': 0, 'points_modification': 0}]}]",False,Sima,3,6,54,Sima,MID,0
166,1,2025-26,90,0,0,0,1,0,0,0,0,0,0,1,20,7.2,3.2,2.0,1.2,3,6,1,10,1,0.0,0.12,0.12,0.76,3,False,"[{'fixture': 3, 'stats': [{'identifier': 'minutes', 'points': 2, 'value': 90, 'points_modification': 0}, {'identifier': 'bonus', 'points': 1, 'value': 1, 'points_modification': 0}]}]",False,Ayari,3,6,49,Ayari,MID,3
167,1,2025-26,68,0,0,1,0,0,0,0,0,0,0,0,10,4.0,11.9,1.0,1.7,4,6,1,11,1,0.02,0.01,0.03,0.52,3,False,"[{'fixture': 3, 'stats': [{'identifier': 'minutes', 'points': 2, 'value': 68, 'points_modification': 0}, {'identifier': 'clean_sheets', 'points': 1, 'value': 1, 'points_modification': 0}]}]",False,Baleba,3,6,48,Baleba,MID,3
168,1,2025-26,0,0,0,0,0,0,0,0,0,0,0,0,0,0.0,0.0,0.0,0.0,0,0,0,0,0,0.0,0.0,0.0,0.0,0,False,"[{'fixture': 3, 'stats': [{'identifier': 'minutes', 'points': 0, 'value': 0, 'points_modification': 0}]}]",False,Buonanotte,3,7,48,Buonanotte,MID,0
169,1,2025-26,21,0,0,0,1,0,0,0,1,0,0,0,7,7.6,11.3,7.0,2.6,1,2,2,5,0,0.03,0.03,0.06,0.24,0,False,"[{'fixture': 3, 'stats': [{'identifier': 'minutes', 'points': 1, 'value': 21, 'points_modification': 0}, {'identifier': 'yellow_cards', 'points': -1, 'value': 1, 'points_modification': 0}]}]",False,Gomez,3,6,49,Gomez,MID,0
170,1,2025-26,2,0,0,0,1,0,0,0,0,0,0,0,3,0.0,0.1,0.0,0.0,0,0,0,0,0,0.0,0.0,0.0,0.24,1,False,"[{'fixture': 3, 'stats': [{'identifier': 'minutes', 'points': 1, 'value': 2, 'points_modification': 0}]}]",False,Milner,3,6,50,Milner,MID,1
171,1,2025-26,0,0,0,0,0,0,0,0,0,0,0,0,0,0.0,0.0,0.0,0.0,0,0,0,0,0,0.0,0.0,0.0,0.0,0,False,"[{'fixture': 3, 'stats': [{'identifier': 'minutes', 'points': 0, 'value': 0, 'points_modification': 0}]}]",False,Sarmiento,3,6,49,Sarmiento,MID,0
172,1,2025-26,0,0,0,0,0,0,0,0,0,0,0,0,0,0.0,0.0,0.0,0.0,0,0,0,0,0,0.0,0.0,0.0,0.0,0,False,"[{'fixture': 3, 'stats': [{'identifier': 'minutes', 'points': 0, 'value': 0, 'points_modification': 0}]}]",False,Watson,3,6,49,Watson,MID,0
173,1,2025-26,90,0,0,0,1,0,0,0,0,0,0,0,17,24.8,2.8,21.0,4.9,8,5,5,18,1,0.02,0.02,0.04,0.76,4,False,"[{'fixture': 3, 'stats': [{'identifier': 'minutes', 'points': 2, 'value': 90, 'points_modification': 0}, {'identifier': 'defensive_contribution', 'points': 2, 'value': 18, 'points_modification': 0}]}]",False,Wieffer,3,6,49,Wieffer,MID,4
174,1,2025-26,0,0,0,0,0,0,0,0,0,0,0,0,0,0.0,0.0,0.0,0.0,0,0,0,0,0,0.0,0.0,0.0,0.0,0,False,"[{'fixture': 3, 'stats': [{'identifier': 'minutes', 'points': 0, 'value': 0, 'points_modification': 0}]}]",False,Yalcouye,3,6,50,Yalcouye,MID,0
175,1,2025-26,0,0,0,0,0,0,0,0,0,0,0,0,0,0.0,0.0,0.0,0.0,0,0,0,0,0,0.0,0.0,0.0,0.0,0,False,"[{'fixture': 3, 'stats': [{'identifier': 'minutes', 'points': 0, 'value': 0, 'points_modification': 0}]}]",False,Knight,3,6,45,Knight,MID,0
176,1,2025-26,0,0,0,0,0,0,0,0,0,0,0,0,0,0.0,0.0,0.0,0.0,0,0,0,0,0,0.0,0.0,0.0,0.0,0,False,"[{'fixture': 3, 'stats': [{'identifier': 'minutes', 'points': 0, 'value': 0, 'points_modification': 0}]}]",False,Mazilu,3,6,45,Mazilu,MID,0
177,1,2025-26,0,0,0,0,0,0,0,0,0,0,0,0,0,0.0,0.0,0.0,0.0,0,0,0,0,0,0.0,0.0,0.0,0.0,0,False,"[{'fixture': 3, 'stats': [{'identifier': 'minutes', 'points': 0, 'value': 0, 'points_modification': 0}]}]",False,Moran,3,6,45,Moran,MID,0
178,1,2025-26,21,0,0,0,1,0,0,0,0,0,0,0,3,2.2,0.6,2.0,0.5,0,0,1,1,0,0.0,0.0,0.0,0.24,1,False,"[{'fixture': 3, 'stats': [{'identifier': 'minutes', 'points': 1, 'value': 21, 'points_modification': 0}]}]",False,Welbeck,4,6,63,Welbeck,FWD,1
179,1,2025-26,0,0,0,0,0,0,0,0,0,0,0,0,0,0.0,0.0,0.0,0.0,0,0,0,0,0,0.0,0.0,0.0,0.0,0,False,"[{'fixture': 3, 'stats': [{'identifier': 'minutes', 'points': 0, 'value': 0, 'points_modification': 0}]}]",False,Ferguson,4,6,55,Ferguson,FWD,0
180,1,2025-26,0,0,0,0,0,0,0,0,0,0,0,0,0,0.0,0.0,0.0,0.0,0,0,0,0,0,0.0,0.0,0.0,0.0,0,False,"[{'fixture': 3, 'stats': [{'identifier': 'minutes', 'points': 0, 'value': 0, 'points_modification': 0}]}]",False,Tzimas,4,6,54,Tzimas,FWD,0
181,1,2025-26,0,0,0,0,0,0,0,0,0,0,0,0,0,0.0,0.0,0.0,0.0,0,0,0,0,0,0.0,0.0,0.0,0.0,0,False,"[{'fixture': 3, 'stats': [{'identifier': 'minutes', 'points': 0, 'value': 0, 'points_modification': 0}]}]",False,Kostoulas,4,6,49,Kostoulas,FWD,0
182,1,2025-26,90,0,0,1,0,0,0,0,0,0,3,0,31,28.8,0.0,0.0,2.9,2,10,0,0,1,0.0,0.0,0.0,0.56,7,False,"[{'fixture': 7, 'stats': [{'identifier': 'minutes', 'points': 2, 'value': 90, 'points_modification': 0}, {'identifier': 'clean_sheets', 'points': 4, 'value': 1, 'points_modification': 0}, {'identifier': 'saves', 'points': 1, 'value': 3, 'points_modification': 0}]}]",False,Trafford,1,13,48,Trafford,GK,7
183,1,2025-26,0,0,0,0,0,0,0,0,0,0,0,0,0,0.0,0.0,0.0,0.0,0,0,0,0,0,0.0,0.0,0.0,0.0,0,False,"[{'fixture': 6, 'stats': [{'identifier': 'minutes', 'points': 0, 'value': 0, 'points_modification': 0}]}]",False,Weiss,1,3,44,Weiss,GK,0
184,1,2025-26,0,0,0,0,0,0,0,0,0,0,0,0,0,0.0,0.0,0.0,0.0,0,0,0,0,0,0.0,0.0,0.0,0.0,0,False,"[{'fixture': 6, 'stats': [{'identifier': 'minutes', 'points': 0, 'value': 0, 'points_modification': 0}]}]",False,Green,1,3,40,Green,GK,0
185,1,2025-26,0,0,0,0,0,0,0,0,0,0,0,0,0,0.0,0.0,0.0,0.0,0,0,0,0,0,0.0,0.0,0.0,0.0,0,False,"[{'fixture': 6, 'stats': [{'identifier': 'minutes', 'points': 0, 'value': 0, 'points_modification': 0}]}]",False,Hladký,1,3,40,Hladký,GK,0
186,1,2025-26,0,0,0,0,0,0,0,0,0,0,0,0,0,0.0,0.0,0.0,0.0,0,0,0,0,0,0.0,0.0,0.0,0.0,0,False,"[{'fixture': 6, 'stats': [{'identifier': 'minutes', 'points': 0, 'value': 0, 'points_modification': 0}]}]",False,Roberts,2,3,44,Roberts,DEF,0
187,1,2025-26,90,0,0,0,3,0,0,0,0,0,0,0,-3,8.2,0.9,1.0,1.0,5,4,0,5,1,0.01,0.02,0.03,2.32,1,False,"[{'fixture': 6, 'stats': [{'identifier': 'minutes', 'points': 2, 'value': 90, 'points_modification': 0}, {'identifier': 'goals_conceded', 'points': -1, 'value': 3, 'points_modification': 0}]}]",False,Walker,2,3,45,Walker,DEF,1
188,1,2025-26,0,0,0,0,0,0,0,0,0,0,0,0,0,0.0,0.0,0.0,0.0,0,0,0,0,0,0.0,0.0,0.0,0.0,0,False,"[{'fixture': 6, 'stats': [{'identifier': 'minutes', 'points': 0, 'value': 0, 'points_modification': 0}]}]",False,Delcroix,2,3,39,Delcroix,DEF,0
189,1,2025-26,0,0,0,0,0,0,0,0,0,0,0,0,0,0.0,0.0,0.0,0.0,0,0,0,0,0,0.0,0.0,0.0,0.0,0,False,"[{'fixture': 6, 'stats': [{'identifier': 'minutes', 'points': 0, 'value': 0, 'points_modification': 0}]}]",False,Dodgson,2,3,40,Dodgson,DEF,0
190,1,2025-26,90,0,0,0,3,0,0,0,0,0,0,0,-5,9.8,0.5,8.0,1.8,5,1,0,5,1,0.0,0.0,0.0,2.32,1,False,"[{'fixture': 6, 'stats': [{'identifier': 'minutes', 'points': 2, 'value': 90, 'points_modification': 0}, {'identifier': 'goals_conceded', 'points': -1, 'value': 3, 'points_modification': 0}]}]",False,Ekdal,2,3,40,Ekdal,DEF,1
191,1,2025-26,90,0,0,0,3,0,0,0,0,0,0,0,0,19.4,0.5,17.0,3.7,8,2,0,8,1,0.05,0.0,0.05,2.32,1,False,"[{'fixture': 6, 'stats': [{'identifier': 'minutes', 'points': 2, 'value': 90, 'points_modification': 0}, {'identifier': 'goals_conceded', 'points': -1, 'value': 3, 'points_modification': 0}]}]",False,Estève,2,3,40,Estève,DEF,1
192,1,2025-26,90,0,0,0,3,0,0,0,0,0,0,0,-2,13.4,11.7,2.0,2.7,5,2,1,6,1,0.0,0.04,0.04,2.32,1,False,"[{'fixture': 6, 'stats': [{'identifier': 'minutes', 'points': 2, 'value': 90, 'points_modification': 0}, {'identifier': 'goals_conceded', 'points': -1, 'value': 3, 'points_modification': 0}]}]",False,Hartman,2,3,40,Hartman,DEF,1
193,1,2025-26,0,0,0,0,0,0,0,0,0,0,0,0,0,0.0,0.0,0.0,0.0,0,0,0,0,0,0.0,0.0,0.0,0.0,0,False,"[{'fixture': 6, 'stats': [{'identifier': 'minutes', 'points': 0, 'value': 0, 'points_modification': 0}]}]",False,Humphreys,2,3,40,Humphreys,DEF,0
194,1,2025-26,0,0,0,0,0,0,0,0,0,0,0,0,0,0.0,0.0,0.0,0.0,0,0,0,0,0,0.0,0.0,0.0,0.0,0,False,"[{'fixture': 6, 'stats': [{'identifier': 'minutes', 'points': 0, 'value': 0, 'points_modification': 0}]}]",False,Jordan,2,3,40,Jordan,DEF,0
195,1,2025-26,0,0,0,0,0,0,0,0,0,0,0,0,0,0.0,0.0,0.0,0.0,0,0,0,0,0,0.0,0.0,0.0,0.0,0,False,"[{'fixture': 6, 'stats': [{'identifier': 'minutes', 'points': 0, 'value': 0, 'points_modification': 0}]}]",False,Lucas Pires,2,3,39,Lucas Pires,DEF,0
196,1,2025-26,0,0,0,0,0,0,0,0,0,0,0,0,0,0.0,0.0,0.0,0.0,0,0,0,0,0,0.0,0.0,0.0,0.0,0,False,"[{'fixture': 6, 'stats': [{'identifier': 'minutes', 'points': 0, 'value': 0, 'points_modification': 0}]}]",False,Sambo,2,3,40,Sambo,DEF,0
197,1,2025-26,73,0,0,0,3,0,0,0,0,0,0,0,-4,4.6,15.9,6.0,2.7,0,1,0,0,1,0.03,0.08,0.11,2.09,1,False,"[{'fixture': 6, 'stats': [{'identifier': 'minutes', 'points': 2, 'value': 73, 'points_modification': 0}, {'identifier': 'goals_conceded', 'points': -1, 'value': 3, 'points_modification': 0}]}]",False,Sonne,2,3,40,Sonne,DEF,1
198,1,2025-26,0,0,0,0,0,0,0,0,0,0,0,0,0,0.0,0.0,0.0,0.0,0,0,0,0,0,0.0,0.0,0.0,0.0,0,False,"[{'fixture': 6, 'stats': [{'identifier': 'minutes', 'points': 0, 'value': 0, 'points_modification': 0}]}]",False,Tuanzebe,2,3,39,Tuanzebe,DEF,0
199,1,2025-26,0,0,0,0,0,0,0,0,0,0,0,0,0,0.0,0.0,0.0,0.0,0,0,0,0,0,0.0,0.0,0.0,0.0,0,False,"[{'fixture': 6, 'stats': [{'identifier': 'minutes', 'points': 0, 'value': 0, 'points_modification': 0}]}]",False,Worrall,2,3,40,Worrall,DEF,0
200,1,2025-26,84,0,0,0,3,0,0,0,0,0,0,0,9,7.0,26.2,32.0,6.5,0,4,0,4,1,0.44,0.36,0.8,2.32,2,False,"[{'fixture': 6, 'stats': [{'identifier': 'minutes', 'points': 2, 'value': 84, 'points_modification': 0}]}]",False,Anthony,3,3,56,Anthony,MID,2
201,1,2025-26,0,0,0,0,0,0,0,0,0,0,0,0,0,0.0,0.0,0.0,0.0,0,0,0,0,0,0.0,0.0,0.0,0.0,0,False,"[{'fixture': 6, 'stats': [{'identifier': 'minutes', 'points': 0, 'value': 0, 'points_modification': 0}]}]",False,Benson,3,3,54,Benson,MID,0
202,1,2025-26,27,0,0,0,1,0,0,0,0,0,0,0,2,3.6,0.7,8.0,1.2,1,1,0,2,0,0.0,0.01,0.01,0.91,1,False,"[{'fixture': 6, 'stats': [{'identifier': 'minutes', 'points': 1, 'value': 27, 'points_modification': 0}]}]",False,Bruun Larsen,3,3,54,Bruun Larsen,MID,1
203,1,2025-26,0,0,0,0,0,0,0,0,0,0,0,0,0,0.0,0.0,0.0,0.0,0,0,0,0,0,0.0,0.0,0.0,0.0,0,False,"[{'fixture': 6, 'stats': [{'identifier': 'minutes', 'points': 0, 'value': 0, 'points_modification': 0}]}]",False,Boateng,3,3,49,Boateng,MID,0
204,1,2025-26,0,0,0,0,0,0,0,0,0,0,0,0,0,0.0,0.0,0.0,0.0,0,0,0,0,0,0.0,0.0,0.0,0.0,0,False,"[{'fixture': 6, 'stats': [{'identifier': 'minutes', 'points': 0, 'value': 0, 'points_modification': 0}]}]",False,Churlinov,3,3,49,Churlinov,MID,0
205,1,2025-26,90,0,0,0,3,0,0,0,0,0,0,0,21,23.8,59.4,0.0,8.3,5,4,3,12,1,0.0,0.28,0.28,2.32,4,False,"[{'fixture': 6, 'stats': [{'identifier': 'minutes', 'points': 2, 'value': 90, 'points_modification': 0}, {'identifier': 'defensive_contribution', 'points': 2, 'value': 12, 'points_modification': 0}]}]",False,Cullen,3,3,50,Cullen,MID,4
206,1,2025-26,5,0,0,0,0,0,0,0,0,0,0,0,3,0.0,0.0,0.0,0.0,0,0,0,0,0,0.0,0.0,0.0,0.0,1,False,"[{'fixture': 6, 'stats': [{'identifier': 'minutes', 'points': 1, 'value': 5, 'points_modification': 0}]}]",False,Edwards,3,3,48,Edwards,MID,1
207,1,2025-26,62,0,0,0,2,0,0,0,0,0,0,0,8,0.0,1.7,5.0,0.6,0,1,0,1,1,0.03,0.01,0.04,1.41,2,False,"[{'fixture': 6, 'stats': [{'identifier': 'minutes', 'points': 2, 'value': 62, 'points_modification': 0}]}]",False,Hannibal,3,3,50,Hannibal,MID,2
208,1,2025-26,0,0,0,0,0,0,0,0,0,0,0,0,0,0.0,0.0,0.0,0.0,0,0,0,0,0,0.0,0.0,0.0,0.0,0,False,"[{'fixture': 6, 'stats': [{'identifier': 'minutes', 'points': 0, 'value': 0, 'points_modification': 0}]}]",False,Koleosho,3,3,50,Koleosho,MID,0
209,1,2025-26,62,0,0,0,2,0,0,0,0,0,0,0,11,10.6,11.2,20.0,4.2,2,3,1,6,1,0.11,0.13,0.24,1.41,2,False,"[{'fixture': 6, 'stats': [{'identifier': 'minutes', 'points': 2, 'value': 62, 'points_modification': 0}]}]",False,Laurent,3,3,49,Laurent,MID,2
210,1,2025-26,16,0,0,0,0,0,0,0,0,0,0,0,4,3.2,0.8,0.0,0.4,0,1,1,2,0,0.0,0.01,0.01,0.23,1,False,"[{'fixture': 6, 'stats': [{'identifier': 'minutes', 'points': 1, 'value': 16, 'points_modification': 0}]}]",False,Tchaouna,3,3,49,Tchaouna,MID,1
211,1,2025-26,0,0,0,0,0,0,0,0,0,0,0,0,0,0.0,0.0,0.0,0.0,0,0,0,0,0,0.0,0.0,0.0,0.0,0,False,"[{'fixture': 6, 'stats': [{'identifier': 'minutes', 'points': 0, 'value': 0, 'points_modification': 0}]}]",False,A.Ramsey,3,3,44,A.Ramsey,MID,0
212,1,2025-26,0,0,0,0,0,0,0,0,0,0,0,0,0,0.0,0.0,0.0,0.0,0,0,0,0,0,0.0,0.0,0.0,0.0,0,False,"[{'fixture': 6, 'stats': [{'identifier': 'minutes', 'points': 0, 'value': 0, 'points_modification': 0}]}]",False,Adewumi,3,3,45,Adewumi,MID,0
213,1,2025-26,0,0,0,0,0,0,0,0,0,0,0,0,0,0.0,0.0,0.0,0.0,0,0,0,0,0,0.0,0.0,0.0,0.0,0,False,"[{'fixture': 6, 'stats': [{'identifier': 'minutes', 'points': 0, 'value': 0, 'points_modification': 0}]}]",False,Banel,3,3,45,Banel,MID,0
214,1,2025-26,0,0,0,0,0,0,0,0,0,0,0,0,0,0.0,0.0,0.0,0.0,0,0,0,0,0,0.0,0.0,0.0,0.0,0,False,"[{'fixture': 6, 'stats': [{'identifier': 'minutes', 'points': 0, 'value': 0, 'points_modification': 0}]}]",False,Trésor,3,3,44,Trésor,MID,0
215,1,2025-26,16,0,0,0,0,0,0,0,0,0,0,0,3,0.0,0.0,0.0,0.0,0,0,0,0,0,0.0,0.0,0.0,0.23,1,False,"[{'fixture': 6, 'stats': [{'identifier': 'minutes', 'points': 1, 'value': 16, 'points_modification': 0}]}]",False,Flemming,4,3,54,Flemming,FWD,1
216,1,2025-26,0,0,0,0,0,0,0,0,0,0,0,0,0,0.0,0.0,0.0,0.0,0,0,0,0,0,0.0,0.0,0.0,0.0,0,False,"[{'fixture': 6, 'stats': [{'identifier': 'minutes', 'points': 0, 'value': 0, 'points_modification': 0}]}]",False,Amdouni,4,3,49,Amdouni,FWD,0
217,1,2025-26,73,0,0,0,3,0,0,0,0,0,0,0,6,4.8,22.7,10.0,3.8,2,1,0,3,1,0.22,0.04,0.26,2.09,2,False,"[{'fixture': 6, 'stats': [{'identifier': 'minutes', 'points': 2, 'value': 73, 'points_modification': 0}]}]",False,Foster,4,3,50,Foster,FWD,2
218,1,2025-26,0,0,0,0,0,0,0,0,0,0,0,0,0,0.0,0.0,0.0,0.0,0,0,0,0,0,0.0,0.0,0.0,0.0,0,False,"[{'fixture': 6, 'stats': [{'identifier': 'minutes', 'points': 0, 'value': 0, 'points_modification': 0}]}]",False,Barnes,4,3,44,Barnes,FWD,0
219,1,2025-26,0,0,0,0,0,0,0,0,0,0,0,0,0,0.0,0.0,0.0,0.0,0,0,0,0,0,0.0,0.0,0.0,0.0,0,False,"[{'fixture': 6, 'stats': [{'identifier': 'minutes', 'points': 0, 'value': 0, 'points_modification': 0}]}]",False,Obafemi,4,3,44,Obafemi,FWD,0
220,1,2025-26,90,0,0,1,0,0,0,0,0,0,4,1,31,24.4,0.0,0.0,2.4,1,8,0,0,1,0.0,0.0,0.0,0.66,8,False,"[{'fixture': 8, 'stats': [{'identifier': 'minutes', 'points': 2, 'value': 90, 'points_modification': 0}, {'identifier': 'clean_sheets', 'points': 4, 'value': 1, 'points_modification': 0}, {'identifier': 'saves', 'points': 1, 'value': 4, 'points_modification': 0}, {'identifier': 'bonus', 'points': 1, 'value': 1, 'points_modification': 0}]}]",False,Sánchez,1,7,49,Sánchez,GK,8
221,1,2025-26,0,0,0,0,0,0,0,0,0,0,0,0,0,0.0,0.0,0.0,0.0,0,0,0,0,0,0.0,0.0,0.0,0.0,0,False,"[{'fixture': 8, 'stats': [{'identifier': 'minutes', 'points': 0, 'value': 0, 'points_modification': 0}]}]",False,Jörgensen,1,7,44,Jörgensen,GK,0
222,1,2025-26,0,0,0,0,0,0,0,0,0,0,0,0,0,0.0,0.0,0.0,0.0,0,0,0,0,0,0.0,0.0,0.0,0.0,0,False,"[{'fixture': 8, 'stats': [{'identifier': 'minutes', 'points': 0, 'value': 0, 'points_modification': 0}]}]",False,Penders,1,7,40,Penders,GK,0
223,1,2025-26,0,0,0,0,0,0,0,0,0,0,0,0,0,0.0,0.0,0.0,0.0,0,0,0,0,0,0.0,0.0,0.0,0.0,0,False,"[{'fixture': 8, 'stats': [{'identifier': 'minutes', 'points': 0, 'value': 0, 'points_modification': 0}]}]",False,Slonina,1,7,40,Slonina,GK,0
224,1,2025-26,90,0,0,1,0,0,0,0,0,0,0,2,34,11.6,15.8,13.0,4.0,2,4,2,4,1,0.11,0.1,0.21,0.66,8,False,"[{'fixture': 8, 'stats': [{'identifier': 'minutes', 'points': 2, 'value': 90, 'points_modification': 0}, {'identifier': 'clean_sheets', 'points': 4, 'value': 1, 'points_modification': 0}, {'identifier': 'bonus', 'points': 2, 'value': 2, 'points_modification': 0}]}]",False,Cucurella,2,7,62,Cucurella,DEF,8
225,1,2025-26,78,0,0,1,0,0,0,0,1,0,0,0,29,17.0,46.6,0.0,6.4,6,6,1,7,1,0.0,0.19,0.19,0.61,5,False,"[{'fixture': 8, 'stats': [{'identifier': 'minutes', 'points': 2, 'value': 78, 'points_modification': 0}, {'identifier': 'clean_sheets', 'points': 4, 'value': 1, 'points_modification': 0}, {'identifier': 'yellow_cards', 'points': -1, 'value': 1, 'points_modification': 0}]}]",False,James,2,7,54,James,DEF,5
226,1,2025-26,90,0,0,1,0,0,0,0,0,0,0,0,25,21.4,4.9,4.0,3.0,9,3,0,9,1,0.09,0.03,0.12,0.66,6,False,"[{'fixture': 8, 'stats': [{'identifier': 'minutes', 'points': 2, 'value': 90, 'points_modification': 0}, {'identifier': 'clean_sheets', 'points': 4, 'value': 1, 'points_modification': 0}]}]",False,Chalobah,2,7,52,Chalobah,DEF,6
227,1,2025-26,0,0,0,0,0,0,0,0,0,0,0,0,0,0.0,0.0,0.0,0.0,0,0,0,0,0,0.0,0.0,0.0,0.0,0,False,"[{'fixture': 8, 'stats': [{'identifier': 'minutes', 'points': 0, 'value': 0, 'points_modification': 0}]}]",False,Colwill,2,7,48,Colwill,DEF,0
228,1,2025-26,11,0,0,0,0,0,0,0,0,0,0,0,2,0.0,1.3,1.0,0.2,0,0,0,0,0,0.02,0.0,0.02,0.05,1,False,"[{'fixture': 8, 'stats': [{'identifier': 'minutes', 'points': 1, 'value': 11, 'points_modification': 0}]}]",False,Gusto,2,7,49,Gusto,DEF,1
229,1,2025-26,0,0,0,0,0,0,0,0,0,0,0,0,0,0.0,0.0,0.0,0.0,0,0,0,0,0,0.0,0.0,0.0,0.0,0,False,"[{'fixture': 8, 'stats': [{'identifier': 'minutes', 'points': 0, 'value': 0, 'points_modification': 0}]}]",False,B.Badiashile,2,7,44,B.Badiashile,DEF,0
230,1,2025-26,0,0,0,0,0,0,0,0,0,0,0,0,0,0.0,0.0,0.0,0.0,0,0,0,0,0,0.0,0.0,0.0,0.0,0,False,"[{'fixture': 8, 'stats': [{'identifier': 'minutes', 'points': 0, 'value': 0, 'points_modification': 0}]}]",False,Fofana,2,7,44,Fofana,DEF,0
231,1,2025-26,0,0,0,0,0,0,0,0,0,0,0,0,0,0.0,0.0,0.0,0.0,0,0,0,0,0,0.0,0.0,0.0,0.0,0,False,"[{'fixture': 8, 'stats': [{'identifier': 'minutes', 'points': 0, 'value': 0, 'points_modification': 0}]}]",False,M.Sarr,2,7,45,M.Sarr,DEF,0
232,1,2025-26,0,0,0,0,0,0,0,0,0,0,0,0,0,0.0,0.0,0.0,0.0,0,0,0,0,0,0.0,0.0,0.0,0.0,0,False,"[{'fixture': 8, 'stats': [{'identifier': 'minutes', 'points': 0, 'value': 0, 'points_modification': 0}]}]",False,Tosin,2,7,45,Tosin,DEF,0
233,1,2025-26,90,0,0,1,0,0,0,0,0,0,0,3,35,16.2,2.3,10.0,2.9,6,4,2,8,1,0.09,0.01,0.1,0.66,9,False,"[{'fixture': 8, 'stats': [{'identifier': 'minutes', 'points': 2, 'value': 90, 'points_modification': 0}, {'identifier': 'clean_sheets', 'points': 4, 'value': 1, 'points_modification': 0}, {'identifier': 'bonus', 'points': 3, 'value': 3, 'points_modification': 0}]}]",False,Acheampong,2,7,40,Acheampong,DEF,9
234,1,2025-26,0,0,0,0,0,0,0,0,0,0,0,0,0,0.0,0.0,0.0,0.0,0,0,0,0,0,0.0,0.0,0.0,0.0,0,False,"[{'fixture': 8, 'stats': [{'identifier': 'minutes', 'points': 0, 'value': 0, 'points_modification': 0}]}]",False,Anselmino,2,7,40,Anselmino,DEF,0
235,1,2025-26,90,0,0,1,0,0,0,0,0,0,0,0,10,4.8,16.9,23.0,4.5,0,4,1,5,1,0.17,0.03,0.2,0.66,3,False,"[{'fixture': 8, 'stats': [{'identifier': 'minutes', 'points': 2, 'value': 90, 'points_modification': 0}, {'identifier': 'clean_sheets', 'points': 1, 'value': 1, 'points_modification': 0}]}]",False,Palmer,3,7,104,Palmer,MID,3
236,1,2025-26,90,0,0,1,0,0,0,0,0,0,0,0,18,13.8,37.7,10.0,6.2,1,4,1,6,1,0.03,0.36,0.39,0.66,3,False,"[{'fixture': 8, 'stats': [{'identifier': 'minutes', 'points': 2, 'value': 90, 'points_modification': 0}, {'identifier': 'clean_sheets', 'points': 1, 'value': 1, 'points_modification': 0}]}]",False,Neto,3,7,70,Neto,MID,3
237,1,2025-26,78,0,0,1,0,0,0,0,0,0,0,0,11,3.6,16.5,2.0,2.2,0,0,0,0,1,0.0,0.1,0.1,0.61,3,False,"[{'fixture': 8, 'stats': [{'identifier': 'minutes', 'points': 2, 'value': 78, 'points_modification': 0}, {'identifier': 'clean_sheets', 'points': 1, 'value': 1, 'points_modification': 0}]}]",False,Enzo,3,7,67,Enzo,MID,3
238,1,2025-26,36,0,0,0,0,0,0,0,1,0,0,0,-3,1.2,4.9,8.0,1.4,1,2,0,3,0,0.34,0.37,0.71,0.07,0,False,"[{'fixture': 8, 'stats': [{'identifier': 'minutes', 'points': 1, 'value': 36, 'points_modification': 0}, {'identifier': 'yellow_cards', 'points': -1, 'value': 1, 'points_modification': 0}]}]",False,Estêvão,3,7,65,Estêvão,MID,0
239,1,2025-26,53,0,0,0,0,0,0,0,0,0,0,0,2,7.2,22.8,8.0,3.8,1,1,1,3,1,0.07,0.07,0.14,0.59,1,False,"[{'fixture': 8, 'stats': [{'identifier': 'minutes', 'points': 1, 'value': 53, 'points_modification': 0}]}]",False,Gittens,3,7,62,Gittens,MID,1
240,1,2025-26,0,0,0,0,0,0,0,0,0,0,0,0,0,0.0,0.0,0.0,0.0,0,0,0,0,0,0.0,0.0,0.0,0.0,0,False,"[{'fixture': 8, 'stats': [{'identifier': 'minutes', 'points': 0, 'value': 0, 'points_modification': 0}]}]",False,Nkunku,3,7,59,Nkunku,MID,0
241,1,2025-26,90,0,0,1,0,0,0,0,0,0,0,0,18,31.2,3.9,2.0,3.7,6,1,5,12,1,0.04,0.04,0.08,0.66,5,False,"[{'fixture': 8, 'stats': [{'identifier': 'minutes', 'points': 2, 'value': 90, 'points_modification': 0}, {'identifier': 'clean_sheets', 'points': 1, 'value': 1, 'points_modification': 0}, {'identifier': 'defensive_contribution', 'points': 2, 'value': 12, 'points_modification': 0}]}]",False,Caicedo,3,7,56,Caicedo,MID,5
242,1,2025-26,90,0,0,0,1,0,0,0,0,0,0,0,15,12.6,27.4,2.0,4.2,2,2,2,6,1,0.0,0.24,0.24,2.07,2,False,"[{'fixture': 10, 'stats': [{'identifier': 'minutes', 'points': 2, 'value': 90, 'points_modification': 0}]}]",False,Dewsbury-Hall,3,9,50,Dewsbury-Hall,MID,2
243,1,2025-26,0,0,0,0,0,0,0,0,0,0,0,0,0,0.0,0.0,0.0,0.0,0,0,0,0,0,0.0,0.0,0.0,0.0,0,False,"[{'fixture': 8, 'stats': [{'identifier': 'minutes', 'points': 0, 'value': 0, 'points_modification': 0}]}]",False,George,3,7,49,George,MID,0
244,1,2025-26,0,0,0,0,0,0,0,0,0,0,0,0,0,0.0,0.0,0.0,0.0,0,0,0,0,0,0.0,0.0,0.0,0.0,0,False,"[{'fixture': 8, 'stats': [{'identifier': 'minutes', 'points': 0, 'value': 0, 'points_modification': 0}]}]",False,Lavia,3,7,49,Lavia,MID,0
245,1,2025-26,0,0,0,0,0,0,0,0,0,0,0,0,0,0.0,0.0,0.0,0.0,0,0,0,0,0,0.0,0.0,0.0,0.0,0,False,"[{'fixture': 8, 'stats': [{'identifier': 'minutes', 'points': 0, 'value': 0, 'points_modification': 0}]}]",False,Mudryk,3,7,50,Mudryk,MID,0
246,1,2025-26,11,0,0,0,0,0,0,0,0,0,0,0,1,0.4,0.3,21.0,2.2,0,0,0,0,0,0.31,0.0,0.31,0.05,1,False,"[{'fixture': 8, 'stats': [{'identifier': 'minutes', 'points': 1, 'value': 11, 'points_modification': 0}]}]",False,Andrey Santos,3,7,45,Andrey Santos,MID,1
247,1,2025-26,0,0,0,0,0,0,0,0,0,0,0,0,0,0.0,0.0,0.0,0.0,0,0,0,0,0,0.0,0.0,0.0,0.0,0,False,"[{'fixture': 8, 'stats': [{'identifier': 'minutes', 'points': 0, 'value': 0, 'points_modification': 0}]}]",False,D.Essugo,3,7,44,D.Essugo,MID,0
248,1,2025-26,0,0,0,0,0,0,0,0,0,0,0,0,0,0.0,0.0,0.0,0.0,0,0,0,0,0,0.0,0.0,0.0,0.0,0,False,"[{'fixture': 8, 'stats': [{'identifier': 'minutes', 'points': 0, 'value': 0, 'points_modification': 0}]}]",False,Paez,3,7,45,Paez,MID,0
249,1,2025-26,72,0,0,1,0,0,0,0,0,0,0,0,3,0.0,5.1,16.0,1.9,0,1,0,1,1,0.28,0.02,0.3,0.6,2,False,"[{'fixture': 8, 'stats': [{'identifier': 'minutes', 'points': 2, 'value': 72, 'points_modification': 0}]}]",False,João Pedro,4,7,78,João Pedro,FWD,2
250,1,2025-26,17,0,0,0,0,0,0,0,0,0,0,0,4,5.4,1.3,19.0,2.6,1,1,0,2,0,0.05,0.01,0.06,0.05,1,False,"[{'fixture': 8, 'stats': [{'identifier': 'minutes', 'points': 1, 'value': 17, 'points_modification': 0}]}]",False,Delap,4,7,62,Delap,FWD,1
251,1,2025-26,0,0,0,0,0,0,0,0,0,0,0,0,0,0.0,0.0,0.0,0.0,0,0,0,0,0,0.0,0.0,0.0,0.0,0,False,"[{'fixture': 8, 'stats': [{'identifier': 'minutes', 'points': 0, 'value': 0, 'points_modification': 0}]}]",False,N.Jackson,4,7,65,N.Jackson,FWD,0
252,1,2025-26,0,0,0,0,0,0,0,0,0,0,0,0,0,0.0,0.0,0.0,0.0,0,0,0,0,0,0.0,0.0,0.0,0.0,0,False,"[{'fixture': 5, 'stats': [{'identifier': 'minutes', 'points': 0, 'value': 0, 'points_modification': 0}]}]",False,Marc Guiu,4,7,43,Marc Guiu,FWD,0
253,1,2025-26,90,0,0,1,0,0,0,0,0,0,2,0,27,22.4,10.0,0.0,3.2,2,5,0,0,1,0.0,0.0,0.0,1.6,6,False,"[{'fixture': 8, 'stats': [{'identifier': 'minutes', 'points': 2, 'value': 90, 'points_modification': 0}, {'identifier': 'clean_sheets', 'points': 4, 'value': 1, 'points_modification': 0}]}]",False,Henderson,1,8,50,Henderson,GK,6
254,1,2025-26,0,0,0,0,0,0,0,0,0,0,0,0,0,0.0,0.0,0.0,0.0,0,0,0,0,0,0.0,0.0,0.0,0.0,0,False,"[{'fixture': 8, 'stats': [{'identifier': 'minutes', 'points': 0, 'value': 0, 'points_modification': 0}]}]",False,Benitez,1,8,40,Benitez,GK,0
255,1,2025-26,0,0,0,0,0,0,0,0,0,0,0,0,0,0.0,0.0,0.0,0.0,0,0,0,0,0,0.0,0.0,0.0,0.0,0,False,"[{'fixture': 8, 'stats': [{'identifier': 'minutes', 'points': 0, 'value': 0, 'points_modification': 0}]}]",False,Matthews,1,8,40,Matthews,GK,0
256,1,2025-26,90,0,0,1,0,0,0,0,1,0,0,0,17,10.0,0.4,6.0,1.6,6,2,2,8,1,0.05,0.0,0.05,1.6,5,False,"[{'fixture': 8, 'stats': [{'identifier': 'minutes', 'points': 2, 'value': 90, 'points_modification': 0}, {'identifier': 'clean_sheets', 'points': 4, 'value': 1, 'points_modification': 0}, {'identifier': 'yellow_cards', 'points': -1, 'value': 1, 'points_modification': 0}]}]",False,Muñoz,2,8,56,Muñoz,DEF,5
257,1,2025-26,90,0,0,1,0,0,0,0,0,0,0,0,25,30.8,0.1,0.0,3.1,13,2,3,16,1,0.0,0.0,0.0,1.6,8,False,"[{'fixture': 8, 'stats': [{'identifier': 'minutes', 'points': 2, 'value': 90, 'points_modification': 0}, {'identifier': 'clean_sheets', 'points': 4, 'value': 1, 'points_modification': 0}, {'identifier': 'defensive_contribution', 'points': 2, 'value': 16, 'points_modification': 0}]}]",False,Lacroix,2,8,51,Lacroix,DEF,8
258,1,2025-26,90,0,0,1,0,0,0,0,0,0,0,1,31,26.0,0.3,0.0,2.6,6,5,5,11,1,0.0,0.0,0.0,1.6,9,False,"[{'fixture': 8, 'stats': [{'identifier': 'minutes', 'points': 2, 'value': 90, 'points_modification': 0}, {'identifier': 'clean_sheets', 'points': 4, 'value': 1, 'points_modification': 0}, {'identifier': 'bonus', 'points': 1, 'value': 1, 'points_modification': 0}, {'identifier': 'defensive_contribution', 'points': 2, 'value': 11, 'points_modification': 0}]}]",False,Mitchell,2,8,50,Mitchell,DEF,9
259,1,2025-26,0,0,0,0,0,0,0,0,0,0,0,0,0,0.0,0.0,0.0,0.0,0,0,0,0,0,0.0,0.0,0.0,0.0,0,False,"[{'fixture': 8, 'stats': [{'identifier': 'minutes', 'points': 0, 'value': 0, 'points_modification': 0}]}]",False,Sosa,2,8,49,Sosa,DEF,0
260,1,2025-26,90,0,0,1,0,0,0,0,0,0,0,0,22,13.8,10.0,2.0,2.6,5,1,1,6,1,0.0,0.0,0.0,1.6,6,False,"[{'fixture': 8, 'stats': [{'identifier': 'minutes', 'points': 2, 'value': 90, 'points_modification': 0}, {'identifier': 'clean_sheets', 'points': 4, 'value': 1, 'points_modification': 0}]}]",False,Guéhi,2,8,47,Guéhi,DEF,6
261,1,2025-26,90,0,0,1,0,0,0,0,0,0,0,0,24,21.8,0.0,4.0,2.6,6,0,2,8,1,0.08,0.01,0.09,1.6,6,False,"[{'fixture': 8, 'stats': [{'identifier': 'minutes', 'points': 2, 'value': 90, 'points_modification': 0}, {'identifier': 'clean_sheets', 'points': 4, 'value': 1, 'points_modification': 0}]}]",False,Richards,2,8,45,Richards,DEF,6
262,1,2025-26,0,0,0,0,0,0,0,0,0,0,0,0,0,0.0,0.0,0.0,0.0,0,0,0,0,0,0.0,0.0,0.0,0.0,0,False,"[{'fixture': 8, 'stats': [{'identifier': 'minutes', 'points': 0, 'value': 0, 'points_modification': 0}]}]",False,Chadi Riad,2,8,40,Chadi Riad,DEF,0
263,1,2025-26,0,0,0,0,0,0,0,0,0,0,0,0,0,0.0,0.0,0.0,0.0,0,0,0,0,0,0.0,0.0,0.0,0.0,0,False,"[{'fixture': 8, 'stats': [{'identifier': 'minutes', 'points': 0, 'value': 0, 'points_modification': 0}]}]",False,Clyne,2,8,40,Clyne,DEF,0
264,1,2025-26,0,0,0,0,0,0,0,0,0,0,0,0,0,0.0,0.0,0.0,0.0,0,0,0,0,0,0.0,0.0,0.0,0.0,0,False,"[{'fixture': 8, 'stats': [{'identifier': 'minutes', 'points': 0, 'value': 0, 'points_modification': 0}]}]",False,Holding,2,8,40,Holding,DEF,0
265,1,2025-26,0,0,0,0,0,0,0,0,0,0,0,0,0,0.0,0.0,0.0,0.0,0,0,0,0,0,0.0,0.0,0.0,0.0,0,False,"[{'fixture': 8, 'stats': [{'identifier': 'minutes', 'points': 0, 'value': 0, 'points_modification': 0}]}]",False,Kporha,2,8,40,Kporha,DEF,0
266,1,2025-26,83,0,0,1,0,0,0,0,0,0,0,0,10,7.2,2.6,26.0,3.6,1,5,1,7,1,0.24,0.0,0.24,1.22,3,False,"[{'fixture': 8, 'stats': [{'identifier': 'minutes', 'points': 2, 'value': 83, 'points_modification': 0}, {'identifier': 'clean_sheets', 'points': 1, 'value': 1, 'points_modification': 0}]}]",False,Eze,3,1,75,Eze,MID,3
267,1,2025-26,90,0,0,1,0,0,0,0,0,0,0,0,16,10.0,15.5,0.0,2.6,4,3,0,7,1,0.0,0.01,0.01,1.6,3,False,"[{'fixture': 8, 'stats': [{'identifier': 'minutes', 'points': 2, 'value': 90, 'points_modification': 0}, {'identifier': 'clean_sheets', 'points': 1, 'value': 1, 'points_modification': 0}]}]",False,Sarr,3,8,64,Sarr,MID,3
268,1,2025-26,0,0,0,0,0,0,0,0,0,0,0,0,0,0.0,0.0,0.0,0.0,0,0,0,0,0,0.0,0.0,0.0,0.0,0,False,"[{'fixture': 8, 'stats': [{'identifier': 'minutes', 'points': 0, 'value': 0, 'points_modification': 0}]}]",False,Doucouré,3,8,49,Doucouré,MID,0
269,1,2025-26,0,0,0,0,0,0,0,0,0,0,0,0,0,0.0,0.0,0.0,0.0,0,0,0,0,0,0.0,0.0,0.0,0.0,0,False,"[{'fixture': 8, 'stats': [{'identifier': 'minutes', 'points': 0, 'value': 0, 'points_modification': 0}]}]",False,Esse,3,8,48,Esse,MID,0
270,1,2025-26,69,0,0,1,0,0,0,0,1,0,0,0,7,14.4,0.1,0.0,1.5,6,3,0,9,1,0.0,0.0,0.0,1.22,2,False,"[{'fixture': 8, 'stats': [{'identifier': 'minutes', 'points': 2, 'value': 69, 'points_modification': 0}, {'identifier': 'clean_sheets', 'points': 1, 'value': 1, 'points_modification': 0}, {'identifier': 'yellow_cards', 'points': -1, 'value': 1, 'points_modification': 0}]}]",False,Hughes,3,8,49,Hughes,MID,2
271,1,2025-26,0,0,0,0,0,0,0,0,0,0,0,0,0,0.0,0.0,0.0,0.0,0,0,0,0,0,0.0,0.0,0.0,0.0,0,False,"[{'fixture': 8, 'stats': [{'identifier': 'minutes', 'points': 0, 'value': 0, 'points_modification': 0}]}]",False,Kamada,3,8,50,Kamada,MID,0
272,1,2025-26,20,0,0,0,0,0,0,0,0,0,0,0,3,1.0,1.0,2.0,0.4,1,2,0,3,0,0.0,0.0,0.0,0.38,1,False,"[{'fixture': 8, 'stats': [{'identifier': 'minutes', 'points': 1, 'value': 20, 'points_modification': 0}]}]",False,Lerma,3,8,49,Lerma,MID,1
273,1,2025-26,90,0,0,1,0,0,0,0,0,0,0,0,14,14.6,22.3,0.0,3.7,2,4,0,6,1,0.0,0.05,0.05,1.6,3,False,"[{'fixture': 8, 'stats': [{'identifier': 'minutes', 'points': 2, 'value': 90, 'points_modification': 0}, {'identifier': 'clean_sheets', 'points': 1, 'value': 1, 'points_modification': 0}]}]",False,Wharton,3,8,50,Wharton,MID,3
274,1,2025-26,0,0,0,0,0,0,0,0,0,0,0,0,0,0.0,0.0,0.0,0.0,0,0,0,0,0,0.0,0.0,0.0,0.0,0,False,"[{'fixture': 8, 'stats': [{'identifier': 'minutes', 'points': 0, 'value': 0, 'points_modification': 0}]}]",False,Agbinone,3,8,45,Agbinone,MID,0
275,1,2025-26,0,0,0,0,0,0,0,0,0,0,0,0,0,0.0,0.0,0.0,0.0,0,0,0,0,0,0.0,0.0,0.0,0.0,0,False,"[{'fixture': 8, 'stats': [{'identifier': 'minutes', 'points': 0, 'value': 0, 'points_modification': 0}]}]",False,Ahamada,3,8,44,Ahamada,MID,0
276,1,2025-26,6,0,0,0,0,0,0,0,0,0,0,0,5,3.0,0.0,2.0,0.5,1,0,1,2,0,0.0,0.0,0.0,0.38,1,False,"[{'fixture': 8, 'stats': [{'identifier': 'minutes', 'points': 1, 'value': 6, 'points_modification': 0}]}]",False,Devenny,3,8,45,Devenny,MID,1
277,1,2025-26,0,0,0,0,0,0,0,0,0,0,0,0,0,0.0,0.0,0.0,0.0,0,0,0,0,0,0.0,0.0,0.0,0.0,0,False,"[{'fixture': 8, 'stats': [{'identifier': 'minutes', 'points': 0, 'value': 0, 'points_modification': 0}]}]",False,Ebiowei,3,8,45,Ebiowei,MID,0
278,1,2025-26,0,0,0,0,0,0,0,0,0,0,0,0,0,0.0,0.0,0.0,0.0,0,0,0,0,0,0.0,0.0,0.0,0.0,0,False,"[{'fixture': 8, 'stats': [{'identifier': 'minutes', 'points': 0, 'value': 0, 'points_modification': 0}]}]",False,J.Rak-Sakyi,3,8,44,J.Rak-Sakyi,MID,0
279,1,2025-26,0,0,0,0,0,0,0,0,0,0,0,0,0,0.0,0.0,0.0,0.0,0,0,0,0,0,0.0,0.0,0.0,0.0,0,False,"[{'fixture': 8, 'stats': [{'identifier': 'minutes', 'points': 0, 'value': 0, 'points_modification': 0}]}]",False,M.França,3,8,45,M.França,MID,0
280,1,2025-26,0,0,0,0,0,0,0,0,0,0,0,0,0,0.0,0.0,0.0,0.0,0,0,0,0,0,0.0,0.0,0.0,0.0,0,False,"[{'fixture': 8, 'stats': [{'identifier': 'minutes', 'points': 0, 'value': 0, 'points_modification': 0}]}]",False,Ozoh,3,8,45,Ozoh,MID,0
281,1,2025-26,0,0,0,0,0,0,0,0,0,0,0,0,0,0.0,0.0,0.0,0.0,0,0,0,0,0,0.0,0.0,0.0,0.0,0,False,"[{'fixture': 8, 'stats': [{'identifier': 'minutes', 'points': 0, 'value': 0, 'points_modification': 0}]}]",False,Rodney,3,8,45,Rodney,MID,0
282,1,2025-26,0,0,0,0,0,0,0,0,0,0,0,0,0,0.0,0.0,0.0,0.0,0,0,0,0,0,0.0,0.0,0.0,0.0,0,False,"[{'fixture': 8, 'stats': [{'identifier': 'minutes', 'points': 0, 'value': 0, 'points_modification': 0}]}]",False,Umeh,3,8,45,Umeh,MID,0
283,1,2025-26,90,0,0,1,0,0,0,0,1,0,0,0,7,16.0,0.8,26.0,4.3,5,3,1,9,1,0.29,0.0,0.29,1.6,1,False,"[{'fixture': 8, 'stats': [{'identifier': 'minutes', 'points': 2, 'value': 90, 'points_modification': 0}, {'identifier': 'yellow_cards', 'points': -1, 'value': 1, 'points_modification': 0}]}]",False,Mateta,4,8,76,Mateta,FWD,1
284,1,2025-26,0,0,0,0,0,0,0,0,0,0,0,0,0,0.0,0.0,0.0,0.0,0,0,0,0,0,0.0,0.0,0.0,0.0,0,False,"[{'fixture': 8, 'stats': [{'identifier': 'minutes', 'points': 0, 'value': 0, 'points_modification': 0}]}]",False,Nketiah,4,8,54,Nketiah,FWD,0
285,1,2025-26,0,0,0,0,0,0,0,0,0,0,0,0,0,0.0,0.0,0.0,0.0,0,0,0,0,0,0.0,0.0,0.0,0.0,0,False,"[{'fixture': 8, 'stats': [{'identifier': 'minutes', 'points': 0, 'value': 0, 'points_modification': 0}]}]",False,Édouard,4,8,50,Édouard,FWD,0
286,1,2025-26,0,0,0,0,0,0,0,0,0,0,0,0,0,0.0,0.0,0.0,0.0,0,0,0,0,0,0.0,0.0,0.0,0.0,0,False,"[{'fixture': 8, 'stats': [{'identifier': 'minutes', 'points': 0, 'value': 0, 'points_modification': 0}]}]",False,Marsh,4,8,45,Marsh,FWD,0
287,1,2025-26,90,0,0,0,1,0,0,0,0,0,2,0,12,21.2,0.0,0.0,2.1,3,8,0,0,1,0.0,0.0,0.0,2.07,2,False,"[{'fixture': 10, 'stats': [{'identifier': 'minutes', 'points': 2, 'value': 90, 'points_modification': 0}]}]",False,Pickford,1,9,55,Pickford,GK,2
288,1,2025-26,0,0,0,0,0,0,0,0,0,0,0,0,0,0.0,0.0,0.0,0.0,0,0,0,0,0,0.0,0.0,0.0,0.0,0,False,"[{'fixture': 10, 'stats': [{'identifier': 'minutes', 'points': 0, 'value': 0, 'points_modification': 0}]}]",False,Travers,1,9,44,Travers,GK,0
289,1,2025-26,0,0,0,0,0,0,0,0,0,0,0,0,0,0.0,0.0,0.0,0.0,0,0,0,0,0,0.0,0.0,0.0,0.0,0,False,"[{'fixture': 10, 'stats': [{'identifier': 'minutes', 'points': 0, 'value': 0, 'points_modification': 0}]}]",False,Tyrer,1,9,40,Tyrer,GK,0
290,1,2025-26,0,0,0,0,0,0,0,0,0,0,0,0,0,0.0,0.0,0.0,0.0,0,0,0,0,0,0.0,0.0,0.0,0.0,0,False,"[{'fixture': 10, 'stats': [{'identifier': 'minutes', 'points': 0, 'value': 0, 'points_modification': 0}]}]",False,Branthwaite,2,9,53,Branthwaite,DEF,0
291,1,2025-26,90,0,0,0,1,0,0,0,0,0,0,0,7,31.0,2.1,7.0,4.0,13,3,2,15,1,0.2,0.01,0.21,2.07,4,False,"[{'fixture': 10, 'stats': [{'identifier': 'minutes', 'points': 2, 'value': 90, 'points_modification': 0}, {'identifier': 'defensive_contribution', 'points': 2, 'value': 15, 'points_modification': 0}]}]",False,Tarkowski,2,9,55,Tarkowski,DEF,4
292,1,2025-26,0,0,0,0,0,0,0,0,0,0,0,0,0,0.0,0.0,0.0,0.0,0,0,0,0,0,0.0,0.0,0.0,0.0,0,False,"[{'fixture': 10, 'stats': [{'identifier': 'minutes', 'points': 0, 'value': 0, 'points_modification': 0}]}]",False,Mykolenko,2,9,49,Mykolenko,DEF,0
293,1,2025-26,90,0,0,0,1,0,0,0,0,0,0,0,0,4.2,1.0,7.0,1.2,2,5,2,4,1,0.17,0.01,0.18,2.07,2,False,"[{'fixture': 10, 'stats': [{'identifier': 'minutes', 'points': 2, 'value': 90, 'points_modification': 0}]}]",False,O'Brien,2,9,50,O'Brien,DEF,2
294,1,2025-26,0,0,0,0,0,0,0,0,0,0,0,0,0,0.0,0.0,0.0,0.0,0,0,0,0,0,0.0,0.0,0.0,0.0,0,False,"[{'fixture': 10, 'stats': [{'identifier': 'minutes', 'points': 0, 'value': 0, 'points_modification': 0}]}]",False,Coleman,2,9,44,Coleman,DEF,0
295,1,2025-26,90,0,0,0,1,0,0,0,0,0,0,0,10,19.8,0.4,4.0,2.4,7,4,0,7,1,0.0,0.0,0.0,2.07,2,False,"[{'fixture': 10, 'stats': [{'identifier': 'minutes', 'points': 2, 'value': 90, 'points_modification': 0}]}]",False,Keane,2,9,45,Keane,DEF,2
296,1,2025-26,0,0,0,0,0,0,0,0,0,0,0,0,0,0.0,0.0,0.0,0.0,0,0,0,0,0,0.0,0.0,0.0,0.0,0,False,"[{'fixture': 10, 'stats': [{'identifier': 'minutes', 'points': 0, 'value': 0, 'points_modification': 0}]}]",False,Patterson,2,9,44,Patterson,DEF,0
297,1,2025-26,0,0,0,0,0,0,0,0,0,0,0,0,0,0.0,0.0,0.0,0.0,0,0,0,0,0,0.0,0.0,0.0,0.0,0,False,"[{'fixture': 10, 'stats': [{'identifier': 'minutes', 'points': 0, 'value': 0, 'points_modification': 0}]}]",False,Dixon,2,9,40,Dixon,DEF,0
298,1,2025-26,0,0,0,0,0,0,0,0,0,0,0,0,0,0.0,0.0,0.0,0.0,0,0,0,0,0,0.0,0.0,0.0,0.0,0,False,"[{'fixture': 10, 'stats': [{'identifier': 'minutes', 'points': 0, 'value': 0, 'points_modification': 0}]}]",False,Welch,2,9,39,Welch,DEF,0
299,1,2025-26,90,0,0,0,1,0,0,0,0,0,0,0,11,12.6,12.1,2.0,2.7,1,6,2,9,1,0.0,0.02,0.02,2.07,2,False,"[{'fixture': 10, 'stats': [{'identifier': 'minutes', 'points': 2, 'value': 90, 'points_modification': 0}]}]",False,Ndiaye,3,9,65,Ndiaye,MID,2
300,1,2025-26,0,0,0,0,0,0,0,0,0,0,0,0,0,0.0,0.0,0.0,0.0,0,0,0,0,0,0.0,0.0,0.0,0.0,0,False,"[{'fixture': 10, 'stats': [{'identifier': 'minutes', 'points': 0, 'value': 0, 'points_modification': 0}]}]",False,McNeil,3,9,57,McNeil,MID,0
301,1,2025-26,85,0,0,0,1,0,0,0,1,0,0,0,8,7.6,2.4,21.0,3.1,1,4,1,6,1,0.03,0.01,0.04,1.87,1,False,"[{'fixture': 10, 'stats': [{'identifier': 'minutes', 'points': 2, 'value': 85, 'points_modification': 0}, {'identifier': 'yellow_cards', 'points': -1, 'value': 1, 'points_modification': 0}]}]",False,Alcaraz,3,9,53,Alcaraz,MID,1
302,1,2025-26,90,0,0,0,1,0,0,0,0,0,0,0,12,7.2,19.6,3.0,3.0,0,4,1,5,1,0.06,0.12,0.18,2.07,2,False,"[{'fixture': 10, 'stats': [{'identifier': 'minutes', 'points': 2, 'value': 90, 'points_modification': 0}]}]",False,Gana,3,9,54,Gana,MID,2
303,1,2025-26,90,0,0,0,1,0,0,0,0,0,0,0,16,16.4,3.2,2.0,2.2,4,3,2,9,1,0.03,0.01,0.04,2.07,2,False,"[{'fixture': 10, 'stats': [{'identifier': 'minutes', 'points': 2, 'value': 90, 'points_modification': 0}]}]",False,Garner,3,9,50,Garner,MID,2
304,1,2025-26,70,0,0,1,0,0,0,0,1,0,0,0,5,12.0,1.1,0.0,1.3,3,3,3,9,1,0.0,0.0,0.0,0.93,2,False,"[{'fixture': 10, 'stats': [{'identifier': 'minutes', 'points': 2, 'value': 70, 'points_modification': 0}, {'identifier': 'clean_sheets', 'points': 1, 'value': 1, 'points_modification': 0}, {'identifier': 'yellow_cards', 'points': -1, 'value': 1, 'points_modification': 0}]}]",False,Iroegbunam,3,9,49,Iroegbunam,MID,2
305,1,2025-26,0,0,0,0,0,0,0,0,0,0,0,0,0,0.0,0.0,0.0,0.0,0,0,0,0,0,0.0,0.0,0.0,0.0,0,False,"[{'fixture': 10, 'stats': [{'identifier': 'minutes', 'points': 0, 'value': 0, 'points_modification': 0}]}]",False,Armstrong,3,9,45,Armstrong,MID,0
306,1,2025-26,0,0,0,0,0,0,0,0,0,0,0,0,0,0.0,0.0,0.0,0.0,0,0,0,0,0,0.0,0.0,0.0,0.0,0,False,"[{'fixture': 10, 'stats': [{'identifier': 'minutes', 'points': 0, 'value': 0, 'points_modification': 0}]}]",False,Bates,3,9,45,Bates,MID,0
307,1,2025-26,0,0,0,0,0,0,0,0,0,0,0,0,0,0.0,0.0,0.0,0.0,0,0,0,0,0,0.0,0.0,0.0,0.0,0,False,"[{'fixture': 10, 'stats': [{'identifier': 'minutes', 'points': 0, 'value': 0, 'points_modification': 0}]}]",False,Ebere,3,9,45,Ebere,MID,0
308,1,2025-26,0,0,0,0,0,0,0,0,0,0,0,0,0,0.0,0.0,0.0,0.0,0,0,0,0,0,0.0,0.0,0.0,0.0,0,False,"[{'fixture': 10, 'stats': [{'identifier': 'minutes', 'points': 0, 'value': 0, 'points_modification': 0}]}]",False,Heath,3,9,45,Heath,MID,0
309,1,2025-26,0,0,0,0,0,0,0,0,0,0,0,0,0,0.0,0.0,0.0,0.0,0,0,0,0,0,0.0,0.0,0.0,0.0,0,False,"[{'fixture': 10, 'stats': [{'identifier': 'minutes', 'points': 0, 'value': 0, 'points_modification': 0}]}]",False,Metcalfe,3,9,45,Metcalfe,MID,0
310,1,2025-26,4,0,0,0,0,0,0,0,0,0,0,0,3,0.0,1.0,2.0,0.3,0,0,0,0,0,0.0,0.0,0.0,0.2,1,False,"[{'fixture': 10, 'stats': [{'identifier': 'minutes', 'points': 1, 'value': 4, 'points_modification': 0}]}]",False,Barry,4,9,58,Barry,FWD,1
311,1,2025-26,90,0,0,0,1,0,0,0,0,0,0,0,7,10.2,2.8,7.0,2.0,3,1,1,5,1,0.06,0.01,0.07,2.07,2,False,"[{'fixture': 10, 'stats': [{'identifier': 'minutes', 'points': 2, 'value': 90, 'points_modification': 0}]}]",False,Beto,4,9,54,Beto,FWD,2
312,1,2025-26,0,0,0,0,0,0,0,0,0,0,0,0,0,0.0,0.0,0.0,0.0,0,0,0,0,0,0.0,0.0,0.0,0.0,0,False,"[{'fixture': 10, 'stats': [{'identifier': 'minutes', 'points': 0, 'value': 0, 'points_modification': 0}]}]",False,Y.Chermiti,4,9,49,Y.Chermiti,FWD,0
313,1,2025-26,0,0,0,0,0,0,0,0,0,0,0,0,0,0.0,0.0,0.0,0.0,0,0,0,0,0,0.0,0.0,0.0,0.0,0,False,"[{'fixture': 10, 'stats': [{'identifier': 'minutes', 'points': 0, 'value': 0, 'points_modification': 0}]}]",False,Sherif,4,9,44,Sherif,FWD,0
314,1,2025-26,90,0,0,0,1,0,0,0,0,0,3,0,15,23.6,0.0,0.0,2.4,1,10,0,0,1,0.0,0.0,0.0,1.48,3,False,"[{'fixture': 3, 'stats': [{'identifier': 'minutes', 'points': 2, 'value': 90, 'points_modification': 0}, {'identifier': 'saves', 'points': 1, 'value': 3, 'points_modification': 0}]}]",False,Leno,1,10,50,Leno,GK,3
315,1,2025-26,0,0,0,0,0,0,0,0,0,0,0,0,0,0.0,0.0,0.0,0.0,0,0,0,0,0,0.0,0.0,0.0,0.0,0,False,"[{'fixture': 3, 'stats': [{'identifier': 'minutes', 'points': 0, 'value': 0, 'points_modification': 0}]}]",False,Benda,1,10,40,Benda,GK,0
316,1,2025-26,0,0,0,0,0,0,0,0,0,0,0,0,0,0.0,0.0,0.0,0.0,0,0,0,0,0,0.0,0.0,0.0,0.0,0,False,"[{'fixture': 3, 'stats': [{'identifier': 'minutes', 'points': 0, 'value': 0, 'points_modification': 0}]}]",False,Robinson,2,10,50,Robinson,DEF,0
317,1,2025-26,90,0,0,0,1,0,0,0,0,0,0,0,14,16.4,1.0,4.0,2.1,5,1,3,8,1,0.0,0.01,0.01,1.48,2,False,"[{'fixture': 3, 'stats': [{'identifier': 'minutes', 'points': 2, 'value': 90, 'points_modification': 0}]}]",False,Andersen,2,10,45,Andersen,DEF,2
318,1,2025-26,90,0,0,0,1,0,0,0,1,0,0,0,3,12.4,1.6,0.0,1.4,2,4,2,4,1,0.0,0.01,0.01,1.48,1,False,"[{'fixture': 3, 'stats': [{'identifier': 'minutes', 'points': 2, 'value': 90, 'points_modification': 0}, {'identifier': 'yellow_cards', 'points': -1, 'value': 1, 'points_modification': 0}]}]",False,Bassey,2,10,45,Bassey,DEF,1
319,1,2025-26,6,0,0,0,0,0,0,0,0,0,0,0,3,0.2,0.7,2.0,0.3,0,0,0,0,0,0.0,0.0,0.0,0.4,1,False,"[{'fixture': 3, 'stats': [{'identifier': 'minutes', 'points': 1, 'value': 6, 'points_modification': 0}]}]",False,Castagne,2,10,44,Castagne,DEF,1
320,1,2025-26,0,0,0,0,0,0,0,0,0,0,0,0,0,0.0,0.0,0.0,0.0,0,0,0,0,0,0.0,0.0,0.0,0.0,0,False,"[{'fixture': 3, 'stats': [{'identifier': 'minutes', 'points': 0, 'value': 0, 'points_modification': 0}]}]",False,Diop,2,10,44,Diop,DEF,0
321,1,2025-26,83,0,0,0,1,0,0,0,0,0,0,0,10,9.6,1.2,4.0,1.5,2,4,1,3,1,0.0,0.01,0.01,1.07,2,False,"[{'fixture': 3, 'stats': [{'identifier': 'minutes', 'points': 2, 'value': 83, 'points_modification': 0}]}]",False,J.Cuenca,2,10,44,J.Cuenca,DEF,2
322,1,2025-26,90,0,0,0,1,0,0,0,0,0,0,0,17,13.0,1.7,0.0,1.5,4,5,3,7,1,0.0,0.01,0.01,1.48,2,False,"[{'fixture': 3, 'stats': [{'identifier': 'minutes', 'points': 2, 'value': 90, 'points_modification': 0}]}]",False,Tete,2,10,45,Tete,DEF,2
323,1,2025-26,0,0,0,0,0,0,0,0,0,0,0,0,0,0.0,0.0,0.0,0.0,0,0,0,0,0,0.0,0.0,0.0,0.0,0,False,"[{'fixture': 3, 'stats': [{'identifier': 'minutes', 'points': 0, 'value': 0, 'points_modification': 0}]}]",False,Amissah,2,10,39,Amissah,DEF,0
324,1,2025-26,65,0,0,0,1,0,0,0,0,0,0,0,10,9.6,40.5,1.0,5.1,0,2,0,2,1,0.01,0.28,0.29,1.05,2,False,"[{'fixture': 3, 'stats': [{'identifier': 'minutes', 'points': 2, 'value': 65, 'points_modification': 0}]}]",False,Iwobi,3,10,65,Iwobi,MID,2
325,1,2025-26,13,0,0,0,0,0,0,0,0,0,0,0,2,0.2,2.0,2.0,0.4,0,0,0,0,0,0.09,0.0,0.09,0.4,1,False,"[{'fixture': 3, 'stats': [{'identifier': 'minutes', 'points': 1, 'value': 13, 'points_modification': 0}]}]",False,Smith Rowe,3,10,58,Smith Rowe,MID,1
326,1,2025-26,24,0,0,0,0,0,0,0,0,0,0,0,1,0.0,0.8,0.0,0.0,0,0,0,0,0,0.0,0.0,0.0,0.43,1,False,"[{'fixture': 3, 'stats': [{'identifier': 'minutes', 'points': 1, 'value': 24, 'points_modification': 0}]}]",False,Adama,3,10,53,Adama,MID,1
327,1,2025-26,0,0,0,0,0,0,0,0,0,0,0,0,0,0.0,0.0,0.0,0.0,0,0,0,0,0,0.0,0.0,0.0,0.0,0,False,"[{'fixture': 3, 'stats': [{'identifier': 'minutes', 'points': 0, 'value': 0, 'points_modification': 0}]}]",False,Andreas,3,10,53,Andreas,MID,0
328,1,2025-26,0,0,0,0,0,0,0,0,0,0,0,0,0,0.0,0.0,0.0,0.0,0,0,0,0,0,0.0,0.0,0.0,0.0,0,False,"[{'fixture': 3, 'stats': [{'identifier': 'minutes', 'points': 0, 'value': 0, 'points_modification': 0}]}]",False,Sessegnon,3,10,54,Sessegnon,MID,0
329,1,2025-26,90,0,1,0,1,0,0,0,0,0,0,0,16,3.0,5.4,13.0,2.1,1,4,1,6,1,0.07,0.02,0.09,1.48,5,False,"[{'fixture': 3, 'stats': [{'identifier': 'minutes', 'points': 2, 'value': 90, 'points_modification': 0}, {'identifier': 'assists', 'points': 3, 'value': 1, 'points_modification': 0}]}]",False,Wilson,3,10,54,Wilson,MID,5
330,1,2025-26,65,0,0,0,1,0,0,0,0,0,0,0,3,1.2,0.7,0.0,0.2,1,0,1,2,1,0.0,0.01,0.01,1.05,2,False,"[{'fixture': 3, 'stats': [{'identifier': 'minutes', 'points': 2, 'value': 65, 'points_modification': 0}]}]",False,Berge,3,10,50,Berge,MID,2
331,1,2025-26,24,0,0,0,0,0,0,0,1,0,0,0,-3,0.0,0.4,0.0,0.0,0,2,0,2,0,0.0,0.0,0.0,0.43,0,False,"[{'fixture': 3, 'stats': [{'identifier': 'minutes', 'points': 1, 'value': 24, 'points_modification': 0}, {'identifier': 'yellow_cards', 'points': -1, 'value': 1, 'points_modification': 0}]}]",False,Cairney,3,10,49,Cairney,MID,0
332,1,2025-26,90,0,0,0,1,0,0,0,0,0,0,0,9,1.8,13.3,2.0,1.7,2,0,1,3,1,0.0,0.01,0.01,1.48,2,False,"[{'fixture': 3, 'stats': [{'identifier': 'minutes', 'points': 2, 'value': 90, 'points_modification': 0}]}]",False,Lukić,3,10,50,Lukić,MID,2
333,1,2025-26,0,0,0,0,0,0,0,0,0,0,0,0,0,0.0,0.0,0.0,0.0,0,0,0,0,0,0.0,0.0,0.0,0.0,0,False,"[{'fixture': 3, 'stats': [{'identifier': 'minutes', 'points': 0, 'value': 0, 'points_modification': 0}]}]",False,Godo,3,10,45,Godo,MID,0
334,1,2025-26,0,0,0,0,0,0,0,0,0,0,0,0,0,0.0,0.0,0.0,0.0,0,0,0,0,0,0.0,0.0,0.0,0.0,0,False,"[{'fixture': 3, 'stats': [{'identifier': 'minutes', 'points': 0, 'value': 0, 'points_modification': 0}]}]",False,Harris,3,10,45,Harris,MID,0
335,1,2025-26,76,0,0,0,1,0,0,0,0,0,0,0,11,12.4,14.0,27.0,5.3,0,6,3,9,1,0.18,0.13,0.31,1.07,2,False,"[{'fixture': 3, 'stats': [{'identifier': 'minutes', 'points': 2, 'value': 76, 'points_modification': 0}]}]",False,King,3,10,45,King,MID,2
336,1,2025-26,0,0,0,0,0,0,0,0,0,0,0,0,0,0.0,0.0,0.0,0.0,0,0,0,0,0,0.0,0.0,0.0,0.0,0,False,"[{'fixture': 3, 'stats': [{'identifier': 'minutes', 'points': 0, 'value': 0, 'points_modification': 0}]}]",False,Reed,3,10,44,Reed,MID,0
337,1,2025-26,65,0,0,0,1,0,0,0,0,0,0,0,0,0.0,3.3,11.0,0.7,0,0,0,0,1,0.29,0.0,0.29,1.05,2,False,"[{'fixture': 3, 'stats': [{'identifier': 'minutes', 'points': 2, 'value': 65, 'points_modification': 0}]}]",False,Raúl,4,10,63,Raúl,FWD,2
338,1,2025-26,24,1,0,0,0,0,0,0,1,0,0,3,25,31.0,0.0,33.0,6.4,0,0,0,0,0,0.15,0.0,0.15,0.43,7,False,"[{'fixture': 3, 'stats': [{'identifier': 'minutes', 'points': 1, 'value': 24, 'points_modification': 0}, {'identifier': 'goals_scored', 'points': 4, 'value': 1, 'points_modification': 0}, {'identifier': 'yellow_cards', 'points': -1, 'value': 1, 'points_modification': 0}, {'identifier': 'bonus', 'points': 3, 'value': 3, 'points_modification': 0}]}]",False,Muniz,4,10,55,Muniz,FWD,7
339,1,2025-26,0,0,0,0,0,0,0,0,0,0,0,0,0,0.0,0.0,0.0,0.0,0,0,0,0,0,0.0,0.0,0.0,0.0,0,False,"[{'fixture': 10, 'stats': [{'identifier': 'minutes', 'points': 0, 'value': 0, 'points_modification': 0}]}]",False,Meslier,1,11,44,Meslier,GK,0
340,1,2025-26,0,0,0,0,0,0,0,0,0,0,0,0,0,0.0,0.0,0.0,0.0,0,0,0,0,0,0.0,0.0,0.0,0.0,0,False,"[{'fixture': 10, 'stats': [{'identifier': 'minutes', 'points': 0, 'value': 0, 'points_modification': 0}]}]",False,Cairns,1,11,40,Cairns,GK,0
341,1,2025-26,0,0,0,0,0,0,0,0,0,0,0,0,0,0.0,0.0,0.0,0.0,0,0,0,0,0,0.0,0.0,0.0,0.0,0,False,"[{'fixture': 10, 'stats': [{'identifier': 'minutes', 'points': 0, 'value': 0, 'points_modification': 0}]}]",False,Darlow,1,11,40,Darlow,GK,0
342,1,2025-26,90,0,0,1,0,0,0,0,0,0,0,0,20,13.4,1.2,2.0,1.7,3,3,2,5,1,0.01,0.01,0.02,0.55,6,False,"[{'fixture': 10, 'stats': [{'identifier': 'minutes', 'points': 2, 'value': 90, 'points_modification': 0}, {'identifier': 'clean_sheets', 'points': 4, 'value': 1, 'points_modification': 0}]}]",False,Bogle,2,11,45,Bogle,DEF,6
343,1,2025-26,90,0,0,1,0,0,0,0,0,0,0,2,29,23.2,11.4,9.0,4.4,8,5,0,8,1,0.13,0.01,0.14,0.55,8,False,"[{'fixture': 10, 'stats': [{'identifier': 'minutes', 'points': 2, 'value': 90, 'points_modification': 0}, {'identifier': 'clean_sheets', 'points': 4, 'value': 1, 'points_modification': 0}, {'identifier': 'bonus', 'points': 2, 'value': 2, 'points_modification': 0}]}]",False,Struijk,2,11,45,Struijk,DEF,8
344,1,2025-26,0,0,0,0,0,0,0,0,0,0,0,0,0,0.0,0.0,0.0,0.0,0,0,0,0,0,0.0,0.0,0.0,0.0,0,False,"[{'fixture': 10, 'stats': [{'identifier': 'minutes', 'points': 0, 'value': 0, 'points_modification': 0}]}]",False,Bijol,2,11,39,Bijol,DEF,0
345,1,2025-26,0,0,0,0,0,0,0,0,0,0,0,0,0,0.0,0.0,0.0,0.0,0,0,0,0,0,0.0,0.0,0.0,0.0,0,False,"[{'fixture': 10, 'stats': [{'identifier': 'minutes', 'points': 0, 'value': 0, 'points_modification': 0}]}]",False,Bornauw,2,11,39,Bornauw,DEF,0
346,1,2025-26,0,0,0,0,0,0,0,0,0,0,0,0,0,0.0,0.0,0.0,0.0,0,0,0,0,0,0.0,0.0,0.0,0.0,0,False,"[{'fixture': 10, 'stats': [{'identifier': 'minutes', 'points': 0, 'value': 0, 'points_modification': 0}]}]",False,Byram,2,11,39,Byram,DEF,0
347,1,2025-26,90,0,0,1,0,0,0,0,0,0,0,3,35,30.4,33.6,17.0,8.1,7,6,1,8,1,0.17,0.14,0.31,0.55,9,False,"[{'fixture': 10, 'stats': [{'identifier': 'minutes', 'points': 2, 'value': 90, 'points_modification': 0}, {'identifier': 'clean_sheets', 'points': 4, 'value': 1, 'points_modification': 0}, {'identifier': 'bonus', 'points': 3, 'value': 3, 'points_modification': 0}]}]",False,Gudmundsson,2,11,40,Gudmundsson,DEF,9
348,1,2025-26,90,0,0,1,0,0,0,0,0,0,0,1,26,14.4,0.6,0.0,1.5,7,2,0,7,1,0.0,0.0,0.0,0.55,7,False,"[{'fixture': 10, 'stats': [{'identifier': 'minutes', 'points': 2, 'value': 90, 'points_modification': 0}, {'identifier': 'clean_sheets', 'points': 4, 'value': 1, 'points_modification': 0}, {'identifier': 'bonus', 'points': 1, 'value': 1, 'points_modification': 0}]}]",False,Rodon,2,11,40,Rodon,DEF,7
349,1,2025-26,0,0,0,0,0,0,0,0,0,0,0,0,0,0.0,0.0,0.0,0.0,0,0,0,0,0,0.0,0.0,0.0,0.0,0,False,"[{'fixture': 10, 'stats': [{'identifier': 'minutes', 'points': 0, 'value': 0, 'points_modification': 0}]}]",False,Schmidt,2,11,40,Schmidt,DEF,0
350,1,2025-26,23,0,0,0,0,0,0,0,0,0,0,0,10,9.2,24.9,6.0,4.0,0,0,2,2,0,0.0,0.21,0.21,0.47,1,False,"[{'fixture': 10, 'stats': [{'identifier': 'minutes', 'points': 1, 'value': 23, 'points_modification': 0}]}]",False,Aaronson,3,11,54,Aaronson,MID,1
351,1,2025-26,66,0,0,1,0,0,0,0,0,0,0,0,12,6.6,6.3,11.0,2.4,2,1,4,7,1,0.14,0.01,0.15,0.08,3,False,"[{'fixture': 10, 'stats': [{'identifier': 'minutes', 'points': 2, 'value': 66, 'points_modification': 0}, {'identifier': 'clean_sheets', 'points': 1, 'value': 1, 'points_modification': 0}]}]",False,Gnonto,3,11,53,Gnonto,MID,3
352,1,2025-26,12,0,0,0,0,0,0,0,0,0,0,0,3,2.2,1.3,2.0,0.6,0,0,1,1,0,0.0,0.0,0.0,0.28,1,False,"[{'fixture': 10, 'stats': [{'identifier': 'minutes', 'points': 1, 'value': 12, 'points_modification': 0}]}]",False,Harrison,3,11,53,Harrison,MID,1
353,1,2025-26,77,0,0,1,0,0,0,0,0,0,0,0,6,6.2,15.7,11.0,3.3,1,1,0,2,1,0.14,0.05,0.19,0.28,3,False,"[{'fixture': 10, 'stats': [{'identifier': 'minutes', 'points': 2, 'value': 77, 'points_modification': 0}, {'identifier': 'clean_sheets', 'points': 1, 'value': 1, 'points_modification': 0}]}]",False,James,3,11,53,James,MID,3
354,1,2025-26,77,0,0,1,0,0,0,0,0,0,0,0,12,10.8,4.9,2.0,1.8,2,3,3,8,1,0.0,0.02,0.02,0.28,3,False,"[{'fixture': 10, 'stats': [{'identifier': 'minutes', 'points': 2, 'value': 77, 'points_modification': 0}, {'identifier': 'clean_sheets', 'points': 1, 'value': 1, 'points_modification': 0}]}]",False,Ampadu,3,11,49,Ampadu,MID,3
355,1,2025-26,0,0,0,0,0,0,0,0,0,0,0,0,0,0.0,0.0,0.0,0.0,0,0,0,0,0,0.0,0.0,0.0,0.0,0,False,"[{'fixture': 10, 'stats': [{'identifier': 'minutes', 'points': 0, 'value': 0, 'points_modification': 0}]}]",False,Greenwood,3,11,49,Greenwood,MID,0
356,1,2025-26,12,0,0,0,0,0,0,0,0,0,0,0,3,1.6,0.3,0.0,0.2,1,0,0,1,0,0.0,0.0,0.0,0.28,1,False,"[{'fixture': 10, 'stats': [{'identifier': 'minutes', 'points': 1, 'value': 12, 'points_modification': 0}]}]",False,Gruev,3,11,49,Gruev,MID,1
357,1,2025-26,0,0,0,0,0,0,0,0,0,0,0,0,0,0.0,0.0,0.0,0.0,0,0,0,0,0,0.0,0.0,0.0,0.0,0,False,"[{'fixture': 10, 'stats': [{'identifier': 'minutes', 'points': 0, 'value': 0, 'points_modification': 0}]}]",False,Ramazani,3,11,49,Ramazani,MID,0
358,1,2025-26,90,0,0,1,0,0,0,0,0,0,0,0,13,2.2,24.3,9.0,3.6,1,6,0,7,1,0.09,0.03,0.12,0.55,3,False,"[{'fixture': 10, 'stats': [{'identifier': 'minutes', 'points': 2, 'value': 90, 'points_modification': 0}, {'identifier': 'clean_sheets', 'points': 1, 'value': 1, 'points_modification': 0}]}]",False,Tanaka,3,11,49,Tanaka,MID,3
359,1,2025-26,0,0,0,0,0,0,0,0,0,0,0,0,0,0.0,0.0,0.0,0.0,0,0,0,0,0,0.0,0.0,0.0,0.0,0,False,"[{'fixture': 10, 'stats': [{'identifier': 'minutes', 'points': 0, 'value': 0, 'points_modification': 0}]}]",False,Crew,3,11,45,Crew,MID,0
360,1,2025-26,0,0,0,0,0,0,0,0,0,0,0,0,0,0.0,0.0,0.0,0.0,0,0,0,0,0,0.0,0.0,0.0,0.0,0,False,"[{'fixture': 10, 'stats': [{'identifier': 'minutes', 'points': 0, 'value': 0, 'points_modification': 0}]}]",False,Gelhardt,3,11,45,Gelhardt,MID,0
361,1,2025-26,0,0,0,0,0,0,0,0,0,0,0,0,0,0.0,0.0,0.0,0.0,0,0,0,0,0,0.0,0.0,0.0,0.0,0,False,"[{'fixture': 10, 'stats': [{'identifier': 'minutes', 'points': 0, 'value': 0, 'points_modification': 0}]}]",False,Gyabi,3,11,45,Gyabi,MID,0
362,1,2025-26,77,0,0,1,0,0,0,0,0,0,0,0,4,2.0,5.6,44.0,5.2,0,4,0,4,1,0.28,0.04,0.32,0.28,2,False,"[{'fixture': 10, 'stats': [{'identifier': 'minutes', 'points': 2, 'value': 77, 'points_modification': 0}]}]",False,Piroe,4,11,52,Piroe,FWD,2
363,1,2025-26,0,0,0,0,0,0,0,0,0,0,0,0,0,0.0,0.0,0.0,0.0,0,0,0,0,0,0.0,0.0,0.0,0.0,0,False,"[{'fixture': 10, 'stats': [{'identifier': 'minutes', 'points': 0, 'value': 0, 'points_modification': 0}]}]",False,Bamford,4,11,49,Bamford,FWD,0
364,1,2025-26,0,0,0,0,0,0,0,0,0,0,0,0,0,0.0,0.0,0.0,0.0,0,0,0,0,0,0.0,0.0,0.0,0.0,0,False,"[{'fixture': 10, 'stats': [{'identifier': 'minutes', 'points': 0, 'value': 0, 'points_modification': 0}]}]",False,Mateo Joseph,4,11,50,Mateo Joseph,FWD,0
365,1,2025-26,12,1,0,0,0,0,0,0,0,0,0,0,20,34.0,1.6,22.0,5.8,1,2,0,3,0,0.85,0.01,0.86,0.28,5,False,"[{'fixture': 10, 'stats': [{'identifier': 'minutes', 'points': 1, 'value': 12, 'points_modification': 0}, {'identifier': 'goals_scored', 'points': 4, 'value': 1, 'points_modification': 0}]}]",False,Nmecha,4,11,50,Nmecha,FWD,5
366,1,2025-26,90,0,0,0,2,0,0,0,0,0,1,0,8,13.6,0.0,0.0,1.4,2,7,0,0,1,0.0,0.01,0.01,1.7,1,False,"[{'fixture': 1, 'stats': [{'identifier': 'minutes', 'points': 2, 'value': 90, 'points_modification': 0}, {'identifier': 'goals_conceded', 'points': -1, 'value': 2, 'points_modification': 0}]}]",False,A.Becker,1,12,55,A.Becker,GK,1
367,1,2025-26,0,0,0,0,0,0,0,0,0,0,0,0,0,0.0,0.0,0.0,0.0,0,0,0,0,0,0.0,0.0,0.0,0.0,0,False,"[{'fixture': 1, 'stats': [{'identifier': 'minutes', 'points': 0, 'value': 0, 'points_modification': 0}]}]",False,Mamardashvili,1,12,43,Mamardashvili,GK,0
368,1,2025-26,0,0,0,0,0,0,0,0,0,0,0,0,0,0.0,0.0,0.0,0.0,0,0,0,0,0,0.0,0.0,0.0,0.0,0,False,"[{'fixture': 1, 'stats': [{'identifier': 'minutes', 'points': 0, 'value': 0, 'points_modification': 0}]}]",False,Pécsi,1,12,39,Pécsi,GK,0
369,1,2025-26,0,0,0,0,0,0,0,0,0,0,0,0,0,0.0,0.0,0.0,0.0,0,0,0,0,0,0.0,0.0,0.0,0.0,0,False,"[{'fixture': 1, 'stats': [{'identifier': 'minutes', 'points': 0, 'value': 0, 'points_modification': 0}]}]",False,Woodman,1,12,39,Woodman,GK,0
370,1,2025-26,59,0,0,0,0,0,0,0,0,0,0,0,8,5.4,1.3,2.0,0.9,3,1,1,4,1,0.01,0.01,0.02,0.81,1,False,"[{'fixture': 1, 'stats': [{'identifier': 'minutes', 'points': 1, 'value': 59, 'points_modification': 0}]}]",False,Frimpong,2,12,59,Frimpong,DEF,1
371,1,2025-26,59,0,0,0,0,0,0,0,1,0,0,0,5,8.4,1.3,0.0,1.0,5,5,1,6,1,0.0,0.01,0.01,0.81,0,False,"[{'fixture': 1, 'stats': [{'identifier': 'minutes', 'points': 1, 'value': 59, 'points_modification': 0}, {'identifier': 'yellow_cards', 'points': -1, 'value': 1, 'points_modification': 0}]}]",False,Kerkez,2,12,59,Kerkez,DEF,0
372,1,2025-26,30,0,0,0,2,0,0,0,0,0,0,0,-3,5.4,4.1,2.0,1.2,2,0,0,2,0,0.0,0.04,0.04,0.89,0,False,"[{'fixture': 1, 'stats': [{'identifier': 'minutes', 'points': 1, 'value': 30, 'points_modification': 0}, {'identifier': 'goals_conceded', 'points': -1, 'value': 2, 'points_modification': 0}]}]",False,Robertson,2,12,58,Robertson,DEF,0
373,1,2025-26,90,0,0,0,2,0,0,0,0,0,0,0,11,49.4,0.9,25.0,7.5,20,4,1,21,1,0.18,0.01,0.19,1.7,3,False,"[{'fixture': 1, 'stats': [{'identifier': 'minutes', 'points': 2, 'value': 90, 'points_modification': 0}, {'identifier': 'goals_conceded', 'points': -1, 'value': 2, 'points_modification': 0}, {'identifier': 'defensive_contribution', 'points': 2, 'value': 21, 'points_modification': 0}]}]",False,Virgil,2,12,61,Virgil,DEF,3
374,1,2025-26,90,0,0,0,2,0,0,0,0,0,0,0,6,21.4,0.6,0.0,2.2,7,5,0,7,1,0.0,0.0,0.0,1.7,1,False,"[{'fixture': 1, 'stats': [{'identifier': 'minutes', 'points': 2, 'value': 90, 'points_modification': 0}, {'identifier': 'goals_conceded', 'points': -1, 'value': 2, 'points_modification': 0}]}]",False,Konaté,2,12,55,Konaté,DEF,1
375,1,2025-26,0,0,0,0,0,0,0,0,0,0,0,0,0,0.0,0.0,0.0,0.0,0,0,0,0,0,0.0,0.0,0.0,0.0,0,False,"[{'fixture': 1, 'stats': [{'identifier': 'minutes', 'points': 0, 'value': 0, 'points_modification': 0}]}]",False,Bradley,2,12,50,Bradley,DEF,0
376,1,2025-26,18,0,0,0,1,0,0,0,0,0,0,0,-1,2.4,0.4,0.0,0.3,1,1,0,1,0,0.0,0.0,0.0,0.21,1,False,"[{'fixture': 1, 'stats': [{'identifier': 'minutes', 'points': 1, 'value': 18, 'points_modification': 0}]}]",False,Gomez,2,12,50,Gomez,DEF,1
377,1,2025-26,0,0,0,0,0,0,0,0,0,0,0,0,0,0.0,0.0,0.0,0.0,0,0,0,0,0,0.0,0.0,0.0,0.0,0,False,"[{'fixture': 1, 'stats': [{'identifier': 'minutes', 'points': 0, 'value': 0, 'points_modification': 0}]}]",False,Tsimikas,2,12,48,Tsimikas,DEF,0
378,1,2025-26,0,0,0,0,0,0,0,0,0,0,0,0,0,0.0,0.0,0.0,0.0,0,0,0,0,0,0.0,0.0,0.0,0.0,0,False,"[{'fixture': 1, 'stats': [{'identifier': 'minutes', 'points': 0, 'value': 0, 'points_modification': 0}]}]",False,Nallo,2,12,39,Nallo,DEF,0
379,1,2025-26,0,0,0,0,0,0,0,0,0,0,0,0,0,0.0,0.0,0.0,0.0,0,0,0,0,0,0.0,0.0,0.0,0.0,0,False,"[{'fixture': 1, 'stats': [{'identifier': 'minutes', 'points': 0, 'value': 0, 'points_modification': 0}]}]",False,R.Williams,2,12,39,R.Williams,DEF,0
380,1,2025-26,0,0,0,0,0,0,0,0,0,0,0,0,0,0.0,0.0,0.0,0.0,0,0,0,0,0,0.0,0.0,0.0,0.0,0,False,"[{'fixture': 1, 'stats': [{'identifier': 'minutes', 'points': 0, 'value': 0, 'points_modification': 0}]}]",False,Ramsay,2,12,39,Ramsay,DEF,0
381,1,2025-26,90,1,0,0,2,0,0,0,0,0,0,1,36,49.0,33.8,51.0,13.4,1,9,0,10,1,0.26,0.11,0.37,1.7,8,False,"[{'fixture': 1, 'stats': [{'identifier': 'minutes', 'points': 2, 'value': 90, 'points_modification': 0}, {'identifier': 'goals_scored', 'points': 5, 'value': 1, 'points_modification': 0}, {'identifier': 'bonus', 'points': 1, 'value': 1, 'points_modification': 0}]}]",False,M.Salah,3,12,145,M.Salah,MID,8
382,1,2025-26,81,0,0,0,2,0,0,0,0,0,0,0,14,12.0,45.0,12.0,6.9,1,6,2,9,1,0.14,0.28,0.42,1.7,2,False,"[{'fixture': 1, 'stats': [{'identifier': 'minutes', 'points': 2, 'value': 81, 'points_modification': 0}]}]",False,Wirtz,3,12,82,Wirtz,MID,2
383,1,2025-26,0,0,0,0,0,0,0,0,0,0,0,0,0,0.0,0.0,0.0,0.0,0,0,0,0,0,0.0,0.0,0.0,0.0,0,False,"[{'fixture': 1, 'stats': [{'identifier': 'minutes', 'points': 0, 'value': 0, 'points_modification': 0}]}]",False,Luis Díaz,3,12,80,Luis Díaz,MID,0
384,1,2025-26,90,1,0,0,2,0,0,0,0,0,0,0,34,48.2,39.6,46.0,13.4,1,6,1,8,1,0.2,0.44,0.64,1.7,7,False,"[{'fixture': 1, 'stats': [{'identifier': 'minutes', 'points': 2, 'value': 90, 'points_modification': 0}, {'identifier': 'goals_scored', 'points': 5, 'value': 1, 'points_modification': 0}]}]",False,Gakpo,3,12,76,Gakpo,MID,7
385,1,2025-26,8,1,0,0,0,0,0,0,0,0,0,0,29,35.2,0.3,17.0,5.3,0,0,1,1,0,0.16,0.0,0.16,0.0,6,False,"[{'fixture': 1, 'stats': [{'identifier': 'minutes', 'points': 1, 'value': 8, 'points_modification': 0}, {'identifier': 'goals_scored', 'points': 5, 'value': 1, 'points_modification': 0}]}]",False,Chiesa,3,12,64,Chiesa,MID,6
386,1,2025-26,71,0,1,0,1,0,0,0,0,0,0,0,27,27.4,15.2,11.0,5.4,1,2,3,6,1,0.03,0.02,0.05,1.49,5,False,"[{'fixture': 1, 'stats': [{'identifier': 'minutes', 'points': 2, 'value': 71, 'points_modification': 0}, {'identifier': 'assists', 'points': 3, 'value': 1, 'points_modification': 0}]}]",False,Mac Allister,3,12,64,Mac Allister,MID,5
387,1,2025-26,90,0,0,0,2,0,0,0,0,0,0,0,17,14.0,29.8,24.0,6.8,2,5,4,11,1,0.1,0.09,0.19,1.7,2,False,"[{'fixture': 1, 'stats': [{'identifier': 'minutes', 'points': 2, 'value': 90, 'points_modification': 0}]}]",False,Szoboszlai,3,12,65,Szoboszlai,MID,2
388,1,2025-26,18,0,0,0,1,0,0,0,0,0,0,0,4,3.2,10.9,0.0,1.4,0,1,0,1,0,0.0,0.04,0.04,0.21,1,False,"[{'fixture': 1, 'stats': [{'identifier': 'minutes', 'points': 1, 'value': 18, 'points_modification': 0}]}]",False,C.Jones,3,12,54,C.Jones,MID,1
389,1,2025-26,0,0,0,0,0,0,0,0,0,0,0,0,0,0.0,0.0,0.0,0.0,0,0,0,0,0,0.0,0.0,0.0,0.0,0,False,"[{'fixture': 1, 'stats': [{'identifier': 'minutes', 'points': 0, 'value': 0, 'points_modification': 0}]}]",False,Elliott,3,2,54,Elliott,MID,0
390,1,2025-26,0,0,0,0,0,0,0,0,0,0,0,0,0,0.0,0.0,0.0,0.0,0,0,0,0,0,0.0,0.0,0.0,0.0,0,False,"[{'fixture': 1, 'stats': [{'identifier': 'minutes', 'points': 0, 'value': 0, 'points_modification': 0}]}]",False,Gravenberch,3,12,56,Gravenberch,MID,0
391,1,2025-26,0,0,0,0,0,0,0,0,0,0,0,0,0,0.0,0.0,0.0,0.0,0,0,0,0,0,0.0,0.0,0.0,0.0,0,False,"[{'fixture': 1, 'stats': [{'identifier': 'minutes', 'points': 0, 'value': 0, 'points_modification': 0}]}]",False,Gannon-Doak,3,4,50,Gannon-Doak,MID,0
392,1,2025-26,30,0,1,0,2,0,0,0,0,0,0,0,15,24.6,10.7,0.0,3.5,1,0,2,3,0,0.0,0.0,0.0,0.89,4,False,"[{'fixture': 1, 'stats': [{'identifier': 'minutes', 'points': 1, 'value': 30, 'points_modification': 0}, {'identifier': 'assists', 'points': 3, 'value': 1, 'points_modification': 0}]}]",False,Endo,3,12,49,Endo,MID,4
393,1,2025-26,0,0,0,0,0,0,0,0,0,0,0,0,0,0.0,0.0,0.0,0.0,0,0,0,0,0,0.0,0.0,0.0,0.0,0,False,"[{'fixture': 1, 'stats': [{'identifier': 'minutes', 'points': 0, 'value': 0, 'points_modification': 0}]}]",False,Bajcetic,3,12,44,Bajcetic,MID,0
394,1,2025-26,0,0,0,0,0,0,0,0,0,0,0,0,0,0.0,0.0,0.0,0.0,0,0,0,0,0,0.0,0.0,0.0,0.0,0,False,"[{'fixture': 1, 'stats': [{'identifier': 'minutes', 'points': 0, 'value': 0, 'points_modification': 0}]}]",False,McConnell,3,12,44,McConnell,MID,0
395,1,2025-26,0,0,0,0,0,0,0,0,0,0,0,0,0,0.0,0.0,0.0,0.0,0,0,0,0,0,0.0,0.0,0.0,0.0,0,False,"[{'fixture': 1, 'stats': [{'identifier': 'minutes', 'points': 0, 'value': 0, 'points_modification': 0}]}]",False,Morton,3,12,45,Morton,MID,0
396,1,2025-26,0,0,0,0,0,0,0,0,0,0,0,0,0,0.0,0.0,0.0,0.0,0,0,0,0,0,0.0,0.0,0.0,0.0,0,False,"[{'fixture': 1, 'stats': [{'identifier': 'minutes', 'points': 0, 'value': 0, 'points_modification': 0}]}]",False,Nyoni,3,12,44,Nyoni,MID,0
397,1,2025-26,0,0,0,0,0,0,0,0,0,0,0,0,0,0.0,0.0,0.0,0.0,0,0,0,0,0,0.0,0.0,0.0,0.0,0,False,"[{'fixture': 1, 'stats': [{'identifier': 'minutes', 'points': 0, 'value': 0, 'points_modification': 0}]}]",False,Darwin,4,12,65,Darwin,FWD,0
398,1,2025-26,0,0,0,0,0,0,0,0,0,0,0,0,0,0.0,0.0,0.0,0.0,0,0,0,0,0,0.0,0.0,0.0,0.0,0,False,"[{'fixture': 1, 'stats': [{'identifier': 'minutes', 'points': 0, 'value': 0, 'points_modification': 0}]}]",False,Danns,4,12,44,Danns,FWD,0
399,1,2025-26,0,0,0,0,0,0,0,0,0,0,0,0,0,0.0,0.0,0.0,0.0,0,0,0,0,0,0.0,0.0,0.0,0.0,0,False,"[{'fixture': 7, 'stats': [{'identifier': 'minutes', 'points': 0, 'value': 0, 'points_modification': 0}]}]",False,Ederson M.,1,13,53,Ederson M.,GK,0
400,1,2025-26,0,0,0,0,0,0,0,0,0,0,0,0,0,0.0,0.0,0.0,0.0,0,0,0,0,0,0.0,0.0,0.0,0.0,0,False,"[{'fixture': 7, 'stats': [{'identifier': 'minutes', 'points': 0, 'value': 0, 'points_modification': 0}]}]",False,Ortega Moreno,1,13,49,Ortega Moreno,GK,0
401,1,2025-26,0,0,0,0,0,0,0,0,0,0,0,0,0,0.0,0.0,0.0,0.0,0,0,0,0,0,0.0,0.0,0.0,0.0,0,False,"[{'fixture': 7, 'stats': [{'identifier': 'minutes', 'points': 0, 'value': 0, 'points_modification': 0}]}]",False,Bettinelli,1,13,40,Bettinelli,GK,0
402,1,2025-26,90,0,0,1,0,0,0,0,0,0,0,1,33,30.4,13.5,3.0,4.7,9,3,6,15,1,0.04,0.02,0.06,0.56,9,False,"[{'fixture': 7, 'stats': [{'identifier': 'minutes', 'points': 2, 'value': 90, 'points_modification': 0}, {'identifier': 'clean_sheets', 'points': 4, 'value': 1, 'points_modification': 0}, {'identifier': 'bonus', 'points': 1, 'value': 1, 'points_modification': 0}, {'identifier': 'defensive_contribution', 'points': 2, 'value': 15, 'points_modification': 0}]}]",False,Aït-Nouri,2,13,59,Aït-Nouri,DEF,9
403,1,2025-26,0,0,0,0,0,0,0,0,0,0,0,0,0,0.0,0.0,0.0,0.0,0,0,0,0,0,0.0,0.0,0.0,0.0,0,False,"[{'fixture': 7, 'stats': [{'identifier': 'minutes', 'points': 0, 'value': 0, 'points_modification': 0}]}]",False,Gvardiol,2,13,58,Gvardiol,DEF,0
404,1,2025-26,0,0,0,0,0,0,0,0,0,0,0,0,0,0.0,0.0,0.0,0.0,0,0,0,0,0,0.0,0.0,0.0,0.0,0,False,"[{'fixture': 7, 'stats': [{'identifier': 'minutes', 'points': 0, 'value': 0, 'points_modification': 0}]}]",False,Akanji,2,13,54,Akanji,DEF,0
405,1,2025-26,0,0,0,0,0,0,0,0,0,0,0,0,0,0.0,0.0,0.0,0.0,0,0,0,0,0,0.0,0.0,0.0,0.0,0,False,"[{'fixture': 7, 'stats': [{'identifier': 'minutes', 'points': 0, 'value': 0, 'points_modification': 0}]}]",False,Aké,2,13,54,Aké,DEF,0
406,1,2025-26,8,0,0,0,0,0,0,0,0,0,0,0,7,3.6,0.0,0.0,0.4,0,0,1,1,0,0.0,0.0,0.0,0.08,1,False,"[{'fixture': 7, 'stats': [{'identifier': 'minutes', 'points': 1, 'value': 8, 'points_modification': 0}]}]",False,Khusanov,2,13,54,Khusanov,DEF,1
407,1,2025-26,24,0,0,0,0,0,0,0,0,0,0,0,5,3.8,1.2,0.0,0.5,3,2,1,4,0,0.0,0.0,0.0,0.21,1,False,"[{'fixture': 7, 'stats': [{'identifier': 'minutes', 'points': 1, 'value': 24, 'points_modification': 0}]}]",False,Matheus N.,2,13,53,Matheus N.,DEF,1
408,1,2025-26,90,0,0,1,0,0,0,0,0,0,0,0,26,21.6,1.7,2.0,2.5,4,4,0,4,1,0.0,0.08,0.08,0.56,6,False,"[{'fixture': 7, 'stats': [{'identifier': 'minutes', 'points': 2, 'value': 90, 'points_modification': 0}, {'identifier': 'clean_sheets', 'points': 4, 'value': 1, 'points_modification': 0}]}]",False,Rúben,2,13,55,Rúben,DEF,6
409,1,2025-26,81,0,0,1,0,0,0,0,0,0,0,0,28,14.4,2.2,0.0,1.7,2,4,0,2,1,0.0,0.01,0.01,0.47,6,False,"[{'fixture': 7, 'stats': [{'identifier': 'minutes', 'points': 2, 'value': 81, 'points_modification': 0}, {'identifier': 'clean_sheets', 'points': 4, 'value': 1, 'points_modification': 0}]}]",False,Stones,2,13,55,Stones,DEF,6
410,1,2025-26,65,0,1,1,0,0,0,0,0,0,0,2,41,29.2,13.1,8.0,5.0,5,1,1,6,1,0.0,0.59,0.59,0.35,11,True,"[{'fixture': 7, 'stats': [{'identifier': 'minutes', 'points': 2, 'value': 65, 'points_modification': 0}, {'identifier': 'assists', 'points': 3, 'value': 1, 'points_modification': 0}, {'identifier': 'clean_sheets', 'points': 4, 'value': 1, 'points_modification': 0}, {'identifier': 'bonus', 'points': 2, 'value': 2, 'points_modification': 0}]}]",False,Lewis,2,13,50,Lewis,DEF,11
411,1,2025-26,24,0,0,0,0,0,0,0,1,0,0,0,-2,0.0,5.0,0.0,0.5,0,0,0,0,0,0.0,0.01,0.01,0.21,0,False,"[{'fixture': 7, 'stats': [{'identifier': 'minutes', 'points': 1, 'value': 24, 'points_modification': 0}, {'identifier': 'yellow_cards', 'points': -1, 'value': 1, 'points_modification': 0}]}]",False,O’Reilly,2,13,49,O’Reilly,DEF,0
412,1,2025-26,0,0,0,0,0,0,0,0,0,0,0,0,0,0.0,0.0,0.0,0.0,0,0,0,0,0,0.0,0.0,0.0,0.0,0,False,"[{'fixture': 7, 'stats': [{'identifier': 'minutes', 'points': 0, 'value': 0, 'points_modification': 0}]}]",False,Vitor Reis,2,13,50,Vitor Reis,DEF,0
413,1,2025-26,24,0,0,0,0,0,0,0,0,0,0,0,3,0.0,0.8,6.0,0.7,0,1,0,1,0,0.12,0.0,0.12,0.21,1,False,"[{'fixture': 7, 'stats': [{'identifier': 'minutes', 'points': 1, 'value': 24, 'points_modification': 0}]}]",False,Marmoush,3,13,83,Marmoush,MID,1
414,1,2025-26,0,0,0,0,0,0,0,0,0,0,0,0,0,0.0,0.0,0.0,0.0,0,0,0,0,0,0.0,0.0,0.0,0.0,0,False,"[{'fixture': 7, 'stats': [{'identifier': 'minutes', 'points': 0, 'value': 0, 'points_modification': 0}]}]",False,Foden,3,13,81,Foden,MID,0
415,1,2025-26,0,0,0,0,0,0,0,0,0,0,0,0,0,0.0,0.0,0.0,0.0,0,0,0,0,0,0.0,0.0,0.0,0.0,0,False,"[{'fixture': 7, 'stats': [{'identifier': 'minutes', 'points': 0, 'value': 0, 'points_modification': 0}]}]",False,Savinho,3,13,69,Savinho,MID,0
416,1,2025-26,65,0,0,1,0,0,0,0,0,0,0,0,25,22.0,62.0,4.0,8.8,1,4,4,9,1,0.0,0.44,0.44,0.35,3,False,"[{'fixture': 7, 'stats': [{'identifier': 'minutes', 'points': 2, 'value': 65, 'points_modification': 0}, {'identifier': 'clean_sheets', 'points': 1, 'value': 1, 'points_modification': 0}]}]",False,Bernardo,3,13,64,Bernardo,MID,3
417,1,2025-26,17,1,0,0,0,0,0,0,0,0,0,0,22,35.8,2.8,7.0,4.6,1,0,0,1,0,0.06,0.03,0.09,0.21,6,False,"[{'fixture': 7, 'stats': [{'identifier': 'minutes', 'points': 1, 'value': 17, 'points_modification': 0}, {'identifier': 'goals_scored', 'points': 5, 'value': 1, 'points_modification': 0}]}]",False,Cherki,3,13,63,Cherki,MID,6
418,1,2025-26,65,0,0,1,0,0,0,0,0,0,0,0,4,0.0,3.2,4.0,0.6,0,1,0,1,1,0.0,0.02,0.02,0.35,3,False,"[{'fixture': 7, 'stats': [{'identifier': 'minutes', 'points': 2, 'value': 65, 'points_modification': 0}, {'identifier': 'clean_sheets', 'points': 1, 'value': 1, 'points_modification': 0}]}]",False,Doku,3,13,65,Doku,MID,3
419,1,2025-26,19,0,0,0,1,0,0,0,0,0,0,0,4,5.8,0.8,5.0,1.2,1,1,0,2,0,0.02,0.0,0.02,1.14,1,False,"[{'fixture': 10, 'stats': [{'identifier': 'minutes', 'points': 1, 'value': 19, 'points_modification': 0}]}]",False,Grealish,3,9,69,Grealish,MID,1
420,1,2025-26,0,0,0,0,0,0,0,0,0,0,0,0,0,0.0,0.0,0.0,0.0,0,0,0,0,0,0.0,0.0,0.0,0.0,0,False,"[{'fixture': 7, 'stats': [{'identifier': 'minutes', 'points': 0, 'value': 0, 'points_modification': 0}]}]",False,Gündoğan,3,13,63,Gündoğan,MID,0
421,1,2025-26,0,0,0,0,0,0,0,0,0,0,0,0,0,0.0,0.0,0.0,0.0,0,0,0,0,0,0.0,0.0,0.0,0.0,0,False,"[{'fixture': 7, 'stats': [{'identifier': 'minutes', 'points': 0, 'value': 0, 'points_modification': 0}]}]",False,Rodrigo,3,13,64,Rodrigo,MID,0
422,1,2025-26,0,0,0,0,0,0,0,0,0,0,0,0,0,0.0,0.0,0.0,0.0,0,0,0,0,0,0.0,0.0,0.0,0.0,0,False,"[{'fixture': 7, 'stats': [{'identifier': 'minutes', 'points': 0, 'value': 0, 'points_modification': 0}]}]",False,Kovačić,3,13,59,Kovačić,MID,0
423,1,2025-26,90,0,0,1,0,0,0,0,0,0,0,0,27,24.8,5.6,6.0,3.6,4,4,3,11,1,0.05,0.05,0.1,0.56,3,False,"[{'fixture': 7, 'stats': [{'identifier': 'minutes', 'points': 2, 'value': 90, 'points_modification': 0}, {'identifier': 'clean_sheets', 'points': 1, 'value': 1, 'points_modification': 0}]}]",False,N.Gonzalez,3,13,59,N.Gonzalez,MID,3
424,1,2025-26,90,0,1,1,0,0,0,0,0,0,0,0,25,24.6,25.4,8.0,5.8,0,4,0,4,1,0.0,0.07,0.07,0.56,6,False,"[{'fixture': 7, 'stats': [{'identifier': 'minutes', 'points': 2, 'value': 90, 'points_modification': 0}, {'identifier': 'assists', 'points': 3, 'value': 1, 'points_modification': 0}, {'identifier': 'clean_sheets', 'points': 1, 'value': 1, 'points_modification': 0}]}]",False,Bobb,3,13,55,Bobb,MID,6
425,1,2025-26,0,0,0,0,0,0,0,0,0,0,0,0,0,0.0,0.0,0.0,0.0,0,0,0,0,0,0.0,0.0,0.0,0.0,0,False,"[{'fixture': 7, 'stats': [{'identifier': 'minutes', 'points': 0, 'value': 0, 'points_modification': 0}]}]",False,Echeverri,3,13,54,Echeverri,MID,0
426,1,2025-26,0,0,0,0,0,0,0,0,0,0,0,0,0,0.0,0.0,0.0,0.0,0,0,0,0,0,0.0,0.0,0.0,0.0,0,False,"[{'fixture': 7, 'stats': [{'identifier': 'minutes', 'points': 0, 'value': 0, 'points_modification': 0}]}]",False,McAtee,3,16,53,McAtee,MID,0
427,1,2025-26,90,1,1,1,0,0,0,0,1,0,0,0,31,49.8,23.7,28.0,10.2,1,1,1,3,1,0.2,0.14,0.34,0.56,10,True,"[{'fixture': 7, 'stats': [{'identifier': 'minutes', 'points': 2, 'value': 90, 'points_modification': 0}, {'identifier': 'goals_scored', 'points': 5, 'value': 1, 'points_modification': 0}, {'identifier': 'assists', 'points': 3, 'value': 1, 'points_modification': 0}, {'identifier': 'clean_sheets', 'points': 1, 'value': 1, 'points_modification': 0}, {'identifier': 'yellow_cards', 'points': -1, 'value': 1, 'points_modification': 0}]}]",False,Reijnders,3,13,57,Reijnders,MID,10
428,1,2025-26,0,0,0,0,0,0,0,0,0,0,0,0,0,0.0,0.0,0.0,0.0,0,0,0,0,0,0.0,0.0,0.0,0.0,0,False,"[{'fixture': 7, 'stats': [{'identifier': 'minutes', 'points': 0, 'value': 0, 'points_modification': 0}]}]",False,Nypan,3,13,50,Nypan,MID,0
429,1,2025-26,0,0,0,0,0,0,0,0,0,0,0,0,0,0.0,0.0,0.0,0.0,0,0,0,0,0,0.0,0.0,0.0,0.0,0,False,"[{'fixture': 7, 'stats': [{'identifier': 'minutes', 'points': 0, 'value': 0, 'points_modification': 0}]}]",False,Phillips,3,13,49,Phillips,MID,0
430,1,2025-26,72,2,0,1,0,0,0,0,0,0,0,3,49,58.0,0.3,71.0,12.9,0,1,1,2,1,1.99,0.0,1.99,0.35,13,True,"[{'fixture': 7, 'stats': [{'identifier': 'minutes', 'points': 2, 'value': 72, 'points_modification': 0}, {'identifier': 'goals_scored', 'points': 8, 'value': 2, 'points_modification': 0}, {'identifier': 'bonus', 'points': 3, 'value': 3, 'points_modification': 0}]}]",False,Haaland,4,13,143,Haaland,FWD,13
431,1,2025-26,90,0,0,0,1,0,0,0,0,0,2,0,11,13.4,0.0,0.0,1.3,1,10,0,0,1,0.0,0.0,0.0,1.31,2,False,"[{'fixture': 9, 'stats': [{'identifier': 'minutes', 'points': 2, 'value': 90, 'points_modification': 0}]}]",False,Bayindir,1,14,50,Bayindir,GK,2
432,1,2025-26,0,0,0,0,0,0,0,0,0,0,0,0,0,0.0,0.0,0.0,0.0,0,0,0,0,0,0.0,0.0,0.0,0.0,0,False,"[{'fixture': 9, 'stats': [{'identifier': 'minutes', 'points': 0, 'value': 0, 'points_modification': 0}]}]",False,Onana,1,14,49,Onana,GK,0
433,1,2025-26,0,0,0,0,0,0,0,0,0,0,0,0,0,0.0,0.0,0.0,0.0,0,0,0,0,0,0.0,0.0,0.0,0.0,0,False,"[{'fixture': 9, 'stats': [{'identifier': 'minutes', 'points': 0, 'value': 0, 'points_modification': 0}]}]",False,Harrison,1,14,40,Harrison,GK,0
434,1,2025-26,0,0,0,0,0,0,0,0,0,0,0,0,0,0.0,0.0,0.0,0.0,0,0,0,0,0,0.0,0.0,0.0,0.0,0,False,"[{'fixture': 9, 'stats': [{'identifier': 'minutes', 'points': 0, 'value': 0, 'points_modification': 0}]}]",False,Heaton,1,14,40,Heaton,GK,0
435,1,2025-26,0,0,0,0,0,0,0,0,0,0,0,0,0,0.0,0.0,0.0,0.0,0,0,0,0,0,0.0,0.0,0.0,0.0,0,False,"[{'fixture': 9, 'stats': [{'identifier': 'minutes', 'points': 0, 'value': 0, 'points_modification': 0}]}]",False,Mee,1,14,40,Mee,GK,0
436,1,2025-26,90,0,0,0,1,0,0,0,0,0,0,0,16,33.4,16.0,26.0,7.5,8,4,2,10,1,0.21,0.06,0.27,1.31,4,False,"[{'fixture': 9, 'stats': [{'identifier': 'minutes', 'points': 2, 'value': 90, 'points_modification': 0}, {'identifier': 'defensive_contribution', 'points': 2, 'value': 10, 'points_modification': 0}]}]",False,De Ligt,2,14,50,De Ligt,DEF,4
437,1,2025-26,0,0,0,0,0,0,0,0,0,0,0,0,0,0.0,0.0,0.0,0.0,0,0,0,0,0,0.0,0.0,0.0,0.0,0,False,"[{'fixture': 9, 'stats': [{'identifier': 'minutes', 'points': 0, 'value': 0, 'points_modification': 0}]}]",False,Martinez,2,14,49,Martinez,DEF,0
438,1,2025-26,0,0,0,0,0,0,0,0,0,0,0,0,0,0.0,0.0,0.0,0.0,0,0,0,0,0,0.0,0.0,0.0,0.0,0,False,"[{'fixture': 9, 'stats': [{'identifier': 'minutes', 'points': 0, 'value': 0, 'points_modification': 0}]}]",False,Mazraoui,2,14,49,Mazraoui,DEF,0
439,1,2025-26,0,0,0,0,0,0,0,0,0,0,0,0,0,0.0,0.0,0.0,0.0,0,0,0,0,0,0.0,0.0,0.0,0.0,0,False,"[{'fixture': 9, 'stats': [{'identifier': 'minutes', 'points': 0, 'value': 0, 'points_modification': 0}]}]",False,D.Leon,2,14,43,D.Leon,DEF,0
440,1,2025-26,54,0,0,0,1,0,0,0,0,0,0,0,2,6.8,14.1,2.0,2.3,3,2,1,4,1,0.0,0.15,0.15,1.03,1,False,"[{'fixture': 9, 'stats': [{'identifier': 'minutes', 'points': 1, 'value': 54, 'points_modification': 0}]}]",False,Dalot,2,14,44,Dalot,DEF,1
441,1,2025-26,90,0,0,0,1,0,0,0,1,0,0,0,4,9.0,2.8,8.0,2.0,1,2,4,5,1,0.04,0.02,0.06,1.31,1,False,"[{'fixture': 9, 'stats': [{'identifier': 'minutes', 'points': 2, 'value': 90, 'points_modification': 0}, {'identifier': 'yellow_cards', 'points': -1, 'value': 1, 'points_modification': 0}]}]",False,Dorgu,2,14,45,Dorgu,DEF,1
442,1,2025-26,10,0,0,0,0,0,0,0,0,0,0,0,2,5.2,0.5,0.0,0.6,3,0,0,3,0,0.0,0.0,0.0,0.21,1,False,"[{'fixture': 9, 'stats': [{'identifier': 'minutes', 'points': 1, 'value': 10, 'points_modification': 0}]}]",False,Maguire,2,14,44,Maguire,DEF,1
443,1,2025-26,79,0,0,0,1,0,0,0,0,0,0,0,7,11.2,12.5,0.0,2.4,1,5,3,4,1,0.0,0.02,0.02,1.1,2,False,"[{'fixture': 9, 'stats': [{'identifier': 'minutes', 'points': 2, 'value': 79, 'points_modification': 0}]}]",False,Shaw,2,14,45,Shaw,DEF,2
444,1,2025-26,90,0,0,0,1,0,0,0,0,0,0,0,11,18.2,2.6,0.0,2.1,10,4,1,11,1,0.0,0.01,0.01,1.31,4,False,"[{'fixture': 9, 'stats': [{'identifier': 'minutes', 'points': 2, 'value': 90, 'points_modification': 0}, {'identifier': 'defensive_contribution', 'points': 2, 'value': 11, 'points_modification': 0}]}]",False,Yoro,2,14,45,Yoro,DEF,4
445,1,2025-26,0,0,0,0,0,0,0,0,0,0,0,0,0,0.0,0.0,0.0,0.0,0,0,0,0,0,0.0,0.0,0.0,0.0,0,False,"[{'fixture': 9, 'stats': [{'identifier': 'minutes', 'points': 0, 'value': 0, 'points_modification': 0}]}]",False,Amass,2,14,40,Amass,DEF,0
446,1,2025-26,0,0,0,0,0,0,0,0,0,0,0,0,0,0.0,0.0,0.0,0.0,0,0,0,0,0,0.0,0.0,0.0,0.0,0,False,"[{'fixture': 9, 'stats': [{'identifier': 'minutes', 'points': 0, 'value': 0, 'points_modification': 0}]}]",False,Fredricson,2,14,39,Fredricson,DEF,0
447,1,2025-26,0,0,0,0,0,0,0,0,0,0,0,0,0,0.0,0.0,0.0,0.0,0,0,0,0,0,0.0,0.0,0.0,0.0,0,False,"[{'fixture': 9, 'stats': [{'identifier': 'minutes', 'points': 0, 'value': 0, 'points_modification': 0}]}]",False,Heaven,2,14,39,Heaven,DEF,0
448,1,2025-26,0,0,0,0,0,0,0,0,0,0,0,0,0,0.0,0.0,0.0,0.0,0,0,0,0,0,0.0,0.0,0.0,0.0,0,False,"[{'fixture': 9, 'stats': [{'identifier': 'minutes', 'points': 0, 'value': 0, 'points_modification': 0}]}]",False,Malacia,2,14,39,Malacia,DEF,0
449,1,2025-26,90,0,0,0,1,0,0,0,0,0,0,0,19,25.2,65.3,9.0,10.0,2,6,3,11,1,0.15,0.3,0.45,1.31,2,False,"[{'fixture': 9, 'stats': [{'identifier': 'minutes', 'points': 2, 'value': 90, 'points_modification': 0}]}]",False,B.Fernandes,3,14,90,B.Fernandes,MID,2
450,1,2025-26,90,0,0,0,1,0,0,0,0,0,0,0,16,17.8,13.3,50.0,8.1,0,2,1,3,1,0.4,0.05,0.45,1.31,2,False,"[{'fixture': 9, 'stats': [{'identifier': 'minutes', 'points': 2, 'value': 90, 'points_modification': 0}]}]",False,Cunha,3,14,80,Cunha,MID,2
451,1,2025-26,0,0,0,0,0,0,0,0,0,0,0,0,0,0.0,0.0,0.0,0.0,0,0,0,0,0,0.0,0.0,0.0,0.0,0,False,"[{'fixture': 9, 'stats': [{'identifier': 'minutes', 'points': 0, 'value': 0, 'points_modification': 0}]}]",False,Rashford,3,14,70,Rashford,MID,0
452,1,2025-26,35,0,0,0,0,0,0,0,0,0,0,0,12,13.4,12.3,19.0,4.5,0,1,3,4,0,0.03,0.04,0.07,0.27,1,False,"[{'fixture': 9, 'stats': [{'identifier': 'minutes', 'points': 1, 'value': 35, 'points_modification': 0}]}]",False,Amad,3,14,63,Amad,MID,1
453,1,2025-26,0,0,0,0,0,0,0,0,0,0,0,0,0,0.0,0.0,0.0,0.0,0,0,0,0,0,0.0,0.0,0.0,0.0,0,False,"[{'fixture': 9, 'stats': [{'identifier': 'minutes', 'points': 0, 'value': 0, 'points_modification': 0}]}]",False,Garnacho,3,7,64,Garnacho,MID,0
454,1,2025-26,0,0,0,0,0,0,0,0,0,0,0,0,0,0.0,0.0,0.0,0.0,0,0,0,0,0,0.0,0.0,0.0,0.0,0,False,"[{'fixture': 9, 'stats': [{'identifier': 'minutes', 'points': 0, 'value': 0, 'points_modification': 0}]}]",False,Antony,3,14,59,Antony,MID,0
455,1,2025-26,64,0,0,0,1,0,0,0,0,0,0,0,9,7.0,25.1,18.0,5.0,0,2,1,3,1,0.12,0.15,0.27,1.1,2,False,"[{'fixture': 9, 'stats': [{'identifier': 'minutes', 'points': 2, 'value': 64, 'points_modification': 0}]}]",False,Mount,3,14,59,Mount,MID,2
456,1,2025-26,0,0,0,0,0,0,0,0,0,0,0,0,0,0.0,0.0,0.0,0.0,0,0,0,0,0,0.0,0.0,0.0,0.0,0,False,"[{'fixture': 9, 'stats': [{'identifier': 'minutes', 'points': 0, 'value': 0, 'points_modification': 0}]}]",False,Sancho,3,2,59,Sancho,MID,0
457,1,2025-26,64,0,0,0,1,0,0,0,0,0,0,0,15,9.2,11.6,0.0,2.1,0,2,3,5,1,0.0,0.02,0.02,1.1,2,False,"[{'fixture': 9, 'stats': [{'identifier': 'minutes', 'points': 2, 'value': 64, 'points_modification': 0}]}]",False,Casemiro,3,14,55,Casemiro,MID,2
458,1,2025-26,0,0,0,0,0,0,0,0,0,0,0,0,0,0.0,0.0,0.0,0.0,0,0,0,0,0,0.0,0.0,0.0,0.0,0,False,"[{'fixture': 9, 'stats': [{'identifier': 'minutes', 'points': 0, 'value': 0, 'points_modification': 0}]}]",False,Mainoo,3,14,48,Mainoo,MID,0
459,1,2025-26,25,0,0,0,0,0,0,0,0,0,0,0,0,0.0,11.4,1.0,1.2,0,1,0,1,0,0.03,0.01,0.04,0.21,1,False,"[{'fixture': 9, 'stats': [{'identifier': 'minutes', 'points': 1, 'value': 25, 'points_modification': 0}]}]",False,Ugarte,3,14,49,Ugarte,MID,1
460,1,2025-26,0,0,0,0,0,0,0,0,0,0,0,0,0,0.0,0.0,0.0,0.0,0,0,0,0,0,0.0,0.0,0.0,0.0,0,False,"[{'fixture': 9, 'stats': [{'identifier': 'minutes', 'points': 0, 'value': 0, 'points_modification': 0}]}]",False,Collyer,3,14,45,Collyer,MID,0
461,1,2025-26,0,0,0,0,0,0,0,0,0,0,0,0,0,0.0,0.0,0.0,0.0,0,0,0,0,0,0.0,0.0,0.0,0.0,0,False,"[{'fixture': 9, 'stats': [{'identifier': 'minutes', 'points': 0, 'value': 0, 'points_modification': 0}]}]",False,Fitzgerald,3,14,44,Fitzgerald,MID,0
462,1,2025-26,0,0,0,0,0,0,0,0,0,0,0,0,0,0.0,0.0,0.0,0.0,0,0,0,0,0,0.0,0.0,0.0,0.0,0,False,"[{'fixture': 9, 'stats': [{'identifier': 'minutes', 'points': 0, 'value': 0, 'points_modification': 0}]}]",False,J.Fletcher,3,14,44,J.Fletcher,MID,0
463,1,2025-26,0,0,0,0,0,0,0,0,0,0,0,0,0,0.0,0.0,0.0,0.0,0,0,0,0,0,0.0,0.0,0.0,0.0,0,False,"[{'fixture': 9, 'stats': [{'identifier': 'minutes', 'points': 0, 'value': 0, 'points_modification': 0}]}]",False,Kone,3,14,44,Kone,MID,0
464,1,2025-26,0,0,0,0,0,0,0,0,0,0,0,0,0,0.0,0.0,0.0,0.0,0,0,0,0,0,0.0,0.0,0.0,0.0,0,False,"[{'fixture': 9, 'stats': [{'identifier': 'minutes', 'points': 0, 'value': 0, 'points_modification': 0}]}]",False,Moorhouse,3,14,45,Moorhouse,MID,0
465,1,2025-26,0,0,0,0,0,0,0,0,0,0,0,0,0,0.0,0.0,0.0,0.0,0,0,0,0,0,0.0,0.0,0.0,0.0,0,False,"[{'fixture': 9, 'stats': [{'identifier': 'minutes', 'points': 0, 'value': 0, 'points_modification': 0}]}]",False,Højlund,4,14,63,Højlund,FWD,0
466,1,2025-26,0,0,0,0,0,0,0,0,0,0,0,0,0,0.0,0.0,0.0,0.0,0,0,0,0,0,0.0,0.0,0.0,0.0,0,False,"[{'fixture': 9, 'stats': [{'identifier': 'minutes', 'points': 0, 'value': 0, 'points_modification': 0}]}]",False,Zirkzee,4,14,59,Zirkzee,FWD,0
467,1,2025-26,0,0,0,0,0,0,0,0,0,0,0,0,0,0.0,0.0,0.0,0.0,0,0,0,0,0,0.0,0.0,0.0,0.0,0,False,"[{'fixture': 9, 'stats': [{'identifier': 'minutes', 'points': 0, 'value': 0, 'points_modification': 0}]}]",False,Obi,4,14,44,Obi,FWD,0
468,1,2025-26,0,0,0,0,0,0,0,0,0,0,0,0,0,0.0,0.0,0.0,0.0,0,0,0,0,0,0.0,0.0,0.0,0.0,0,False,"[{'fixture': 9, 'stats': [{'identifier': 'minutes', 'points': 0, 'value': 0, 'points_modification': 0}]}]",False,Wheatley,4,14,45,Wheatley,FWD,0
469,1,2025-26,90,0,0,1,0,0,0,0,0,0,3,2,32,27.0,0.0,0.0,2.7,1,16,0,0,1,0.0,0.0,0.0,0.2,9,False,"[{'fixture': 2, 'stats': [{'identifier': 'minutes', 'points': 2, 'value': 90, 'points_modification': 0}, {'identifier': 'clean_sheets', 'points': 4, 'value': 1, 'points_modification': 0}, {'identifier': 'saves', 'points': 1, 'value': 3, 'points_modification': 0}, {'identifier': 'bonus', 'points': 2, 'value': 2, 'points_modification': 0}]}]",False,Pope,1,15,50,Pope,GK,9
470,1,2025-26,90,0,0,0,3,0,0,0,0,0,3,0,5,25.6,0.0,0.0,2.6,0,6,0,0,1,0.0,0.0,0.0,2.32,2,False,"[{'fixture': 6, 'stats': [{'identifier': 'minutes', 'points': 2, 'value': 90, 'points_modification': 0}, {'identifier': 'goals_conceded', 'points': -1, 'value': 3, 'points_modification': 0}, {'identifier': 'saves', 'points': 1, 'value': 3, 'points_modification': 0}]}]",False,Dúbravka,1,3,40,Dúbravka,GK,2
471,1,2025-26,0,0,0,0,0,0,0,0,0,0,0,0,0,0.0,0.0,0.0,0.0,0,0,0,0,0,0.0,0.0,0.0,0.0,0,False,"[{'fixture': 2, 'stats': [{'identifier': 'minutes', 'points': 0, 'value': 0, 'points_modification': 0}]}]",False,Gillespie,1,15,40,Gillespie,GK,0
472,1,2025-26,0,0,0,0,0,0,0,0,0,0,0,0,0,0.0,0.0,0.0,0.0,0,0,0,0,0,0.0,0.0,0.0,0.0,0,False,"[{'fixture': 2, 'stats': [{'identifier': 'minutes', 'points': 0, 'value': 0, 'points_modification': 0}]}]",False,Odysseas,1,15,40,Odysseas,GK,0
473,1,2025-26,0,0,0,0,0,0,0,0,0,0,0,0,0,0.0,0.0,0.0,0.0,0,0,0,0,0,0.0,0.0,0.0,0.0,0,False,"[{'fixture': 2, 'stats': [{'identifier': 'minutes', 'points': 0, 'value': 0, 'points_modification': 0}]}]",False,Hall,2,15,54,Hall,DEF,0
474,1,2025-26,90,0,0,1,0,0,0,0,0,0,0,0,26,13.8,1.9,4.0,2.0,10,5,1,11,1,0.04,0.03,0.07,0.2,8,False,"[{'fixture': 2, 'stats': [{'identifier': 'minutes', 'points': 2, 'value': 90, 'points_modification': 0}, {'identifier': 'clean_sheets', 'points': 4, 'value': 1, 'points_modification': 0}, {'identifier': 'defensive_contribution', 'points': 2, 'value': 11, 'points_modification': 0}]}]",False,Schär,2,15,55,Schär,DEF,8
475,1,2025-26,0,0,0,0,0,0,0,0,0,0,0,0,0,0.0,0.0,0.0,0.0,0,0,0,0,0,0.0,0.0,0.0,0.0,0,False,"[{'fixture': 2, 'stats': [{'identifier': 'minutes', 'points': 0, 'value': 0, 'points_modification': 0}]}]",False,Botman,2,15,49,Botman,DEF,0
476,1,2025-26,90,0,0,1,0,0,0,0,0,0,0,1,30,18.6,1.2,2.0,2.2,10,5,1,11,1,0.0,0.01,0.01,0.2,9,False,"[{'fixture': 2, 'stats': [{'identifier': 'minutes', 'points': 2, 'value': 90, 'points_modification': 0}, {'identifier': 'clean_sheets', 'points': 4, 'value': 1, 'points_modification': 0}, {'identifier': 'bonus', 'points': 1, 'value': 1, 'points_modification': 0}, {'identifier': 'defensive_contribution', 'points': 2, 'value': 11, 'points_modification': 0}]}]",False,Burn,2,15,50,Burn,DEF,9
477,1,2025-26,90,0,0,1,0,0,0,0,0,0,0,3,33,18.0,25.4,4.0,4.7,3,5,2,5,1,0.0,0.03,0.03,0.2,9,False,"[{'fixture': 2, 'stats': [{'identifier': 'minutes', 'points': 2, 'value': 90, 'points_modification': 0}, {'identifier': 'clean_sheets', 'points': 4, 'value': 1, 'points_modification': 0}, {'identifier': 'bonus', 'points': 3, 'value': 3, 'points_modification': 0}]}]",False,Livramento,2,15,51,Livramento,DEF,9
478,1,2025-26,90,0,0,1,0,0,0,0,0,0,0,0,26,9.8,22.5,0.0,3.2,4,4,0,4,1,0.0,0.06,0.06,0.2,6,False,"[{'fixture': 2, 'stats': [{'identifier': 'minutes', 'points': 2, 'value': 90, 'points_modification': 0}, {'identifier': 'clean_sheets', 'points': 4, 'value': 1, 'points_modification': 0}]}]",False,Trippier,2,15,50,Trippier,DEF,6
479,1,2025-26,0,0,0,0,0,0,0,0,0,0,0,0,0,0.0,0.0,0.0,0.0,0,0,0,0,0,0.0,0.0,0.0,0.0,0,False,"[{'fixture': 2, 'stats': [{'identifier': 'minutes', 'points': 0, 'value': 0, 'points_modification': 0}]}]",False,Krafth,2,15,44,Krafth,DEF,0
480,1,2025-26,0,0,0,0,0,0,0,0,0,0,0,0,0,0.0,0.0,0.0,0.0,0,0,0,0,0,0.0,0.0,0.0,0.0,0,False,"[{'fixture': 2, 'stats': [{'identifier': 'minutes', 'points': 0, 'value': 0, 'points_modification': 0}]}]",False,Lascelles,2,15,44,Lascelles,DEF,0
481,1,2025-26,0,0,0,0,0,0,0,0,0,0,0,0,0,0.0,0.0,0.0,0.0,0,0,0,0,0,0.0,0.0,0.0,0.0,0,False,"[{'fixture': 2, 'stats': [{'identifier': 'minutes', 'points': 0, 'value': 0, 'points_modification': 0}]}]",False,A.Murphy,2,15,39,A.Murphy,DEF,0
482,1,2025-26,0,0,0,0,0,0,0,0,0,0,0,0,0,0.0,0.0,0.0,0.0,0,0,0,0,0,0.0,0.0,0.0,0.0,0,False,"[{'fixture': 2, 'stats': [{'identifier': 'minutes', 'points': 0, 'value': 0, 'points_modification': 0}]}]",False,Ashby,2,15,39,Ashby,DEF,0
483,1,2025-26,0,0,0,0,0,0,0,0,0,0,0,0,0,0.0,0.0,0.0,0.0,0,0,0,0,0,0.0,0.0,0.0,0.0,0,False,"[{'fixture': 2, 'stats': [{'identifier': 'minutes', 'points': 0, 'value': 0, 'points_modification': 0}]}]",False,Pivas,2,15,39,Pivas,DEF,0
484,1,2025-26,0,0,0,0,0,0,0,0,0,0,0,0,0,0.0,0.0,0.0,0.0,0,0,0,0,0,0.0,0.0,0.0,0.0,0,False,"[{'fixture': 2, 'stats': [{'identifier': 'minutes', 'points': 0, 'value': 0, 'points_modification': 0}]}]",False,Targett,2,15,40,Targett,DEF,0
485,1,2025-26,90,0,0,1,0,0,0,0,0,0,0,0,4,5.4,13.0,41.0,5.9,0,4,0,4,1,0.55,0.03,0.58,0.2,3,False,"[{'fixture': 2, 'stats': [{'identifier': 'minutes', 'points': 2, 'value': 90, 'points_modification': 0}, {'identifier': 'clean_sheets', 'points': 1, 'value': 1, 'points_modification': 0}]}]",False,Gordon,3,15,74,Gordon,MID,3
486,1,2025-26,77,0,0,1,0,0,0,0,0,0,0,0,10,8.6,29.8,27.0,6.5,0,3,0,3,1,0.57,0.06,0.63,0.17,3,False,"[{'fixture': 2, 'stats': [{'identifier': 'minutes', 'points': 2, 'value': 77, 'points_modification': 0}, {'identifier': 'clean_sheets', 'points': 1, 'value': 1, 'points_modification': 0}]}]",False,Elanga,3,15,69,Elanga,MID,3
487,1,2025-26,89,0,0,1,0,0,0,0,0,0,0,0,15,12.8,56.8,25.0,9.5,1,3,0,4,1,0.23,0.33,0.56,0.2,3,False,"[{'fixture': 2, 'stats': [{'identifier': 'minutes', 'points': 2, 'value': 89, 'points_modification': 0}, {'identifier': 'clean_sheets', 'points': 1, 'value': 1, 'points_modification': 0}]}]",False,Barnes,3,15,65,Barnes,MID,3
488,1,2025-26,90,0,0,1,0,0,0,0,0,0,0,0,11,7.6,22.6,2.0,3.2,1,5,2,8,1,0.0,0.1,0.1,0.2,3,False,"[{'fixture': 2, 'stats': [{'identifier': 'minutes', 'points': 2, 'value': 90, 'points_modification': 0}, {'identifier': 'clean_sheets', 'points': 1, 'value': 1, 'points_modification': 0}]}]",False,Bruno G.,3,15,65,Bruno G.,MID,3
489,1,2025-26,12,0,0,0,0,0,0,0,0,0,0,0,3,0.6,1.3,4.0,0.6,0,2,0,2,0,0.0,0.01,0.01,0.03,1,False,"[{'fixture': 2, 'stats': [{'identifier': 'minutes', 'points': 1, 'value': 12, 'points_modification': 0}]}]",False,J.Murphy,3,15,63,J.Murphy,MID,1
490,1,2025-26,82,0,0,1,0,0,0,0,1,0,0,0,7,4.4,4.2,6.0,1.5,2,5,2,9,1,0.0,0.02,0.02,0.17,2,False,"[{'fixture': 2, 'stats': [{'identifier': 'minutes', 'points': 2, 'value': 82, 'points_modification': 0}, {'identifier': 'clean_sheets', 'points': 1, 'value': 1, 'points_modification': 0}, {'identifier': 'yellow_cards', 'points': -1, 'value': 1, 'points_modification': 0}]}]",False,Joelinton,3,15,59,Joelinton,MID,2
491,1,2025-26,90,0,0,1,0,0,0,0,0,0,0,0,20,13.8,29.2,0.0,4.3,2,5,2,9,1,0.0,0.18,0.18,0.2,3,False,"[{'fixture': 2, 'stats': [{'identifier': 'minutes', 'points': 2, 'value': 90, 'points_modification': 0}, {'identifier': 'clean_sheets', 'points': 1, 'value': 1, 'points_modification': 0}]}]",False,Tonali,3,15,54,Tonali,MID,3
492,1,2025-26,0,0,0,0,0,0,0,0,0,0,0,0,0,0.0,0.0,0.0,0.0,0,0,0,0,0,0.0,0.0,0.0,0.0,0,False,"[{'fixture': 2, 'stats': [{'identifier': 'minutes', 'points': 0, 'value': 0, 'points_modification': 0}]}]",False,Antoñito C.,3,15,49,Antoñito C.,MID,0
493,1,2025-26,1,0,0,0,0,0,0,0,0,0,0,0,3,0.2,0.3,0.0,0.1,0,0,0,0,0,0.0,0.0,0.0,0.0,1,False,"[{'fixture': 10, 'stats': [{'identifier': 'minutes', 'points': 1, 'value': 1, 'points_modification': 0}]}]",False,Longstaff,3,11,49,Longstaff,MID,1
494,1,2025-26,0,0,0,0,0,0,0,0,0,0,0,0,0,0.0,0.0,0.0,0.0,0,0,0,0,0,0.0,0.0,0.0,0.0,0,False,"[{'fixture': 2, 'stats': [{'identifier': 'minutes', 'points': 0, 'value': 0, 'points_modification': 0}]}]",False,Willock,3,15,50,Willock,MID,0
495,1,2025-26,0,0,0,0,0,0,0,0,0,0,0,0,0,0.0,0.0,0.0,0.0,0,0,0,0,0,0.0,0.0,0.0,0.0,0,False,"[{'fixture': 2, 'stats': [{'identifier': 'minutes', 'points': 0, 'value': 0, 'points_modification': 0}]}]",False,Hayden,3,15,45,Hayden,MID,0
496,1,2025-26,0,0,0,0,0,0,0,0,0,0,0,0,0,0.0,0.0,0.0,0.0,0,0,0,0,0,0.0,0.0,0.0,0.0,0,False,"[{'fixture': 2, 'stats': [{'identifier': 'minutes', 'points': 0, 'value': 0, 'points_modification': 0}]}]",False,Kuol,3,15,44,Kuol,MID,0
497,1,2025-26,7,0,0,0,0,0,0,0,0,0,0,0,4,2.6,11.0,2.0,1.6,0,1,0,1,0,0.0,0.01,0.01,0.03,1,False,"[{'fixture': 2, 'stats': [{'identifier': 'minutes', 'points': 1, 'value': 7, 'points_modification': 0}]}]",False,L.Miley,3,15,44,L.Miley,MID,1
498,1,2025-26,0,0,0,0,0,0,0,0,0,0,0,0,0,0.0,0.0,0.0,0.0,0,0,0,0,0,0.0,0.0,0.0,0.0,0,False,"[{'fixture': 2, 'stats': [{'identifier': 'minutes', 'points': 0, 'value': 0, 'points_modification': 0}]}]",False,White,3,15,45,White,MID,0
499,1,2025-26,0,0,0,0,0,0,0,0,0,0,0,0,0,0.0,0.0,0.0,0.0,0,0,0,0,0,0.0,0.0,0.0,0.0,0,False,"[{'fixture': 2, 'stats': [{'identifier': 'minutes', 'points': 0, 'value': 0, 'points_modification': 0}]}]",False,Isak,4,12,105,Isak,FWD,0
500,1,2025-26,1,0,0,0,0,0,0,0,0,0,0,0,3,0.0,0.3,7.0,0.7,0,0,0,0,0,0.03,0.02,0.05,0.0,1,False,"[{'fixture': 2, 'stats': [{'identifier': 'minutes', 'points': 1, 'value': 1, 'points_modification': 0}]}]",False,Osula,4,15,55,Osula,FWD,1
501,1,2025-26,0,0,0,0,0,0,0,0,0,0,0,0,0,0.0,0.0,0.0,0.0,0,0,0,0,0,0.0,0.0,0.0,0.0,0,False,"[{'fixture': 2, 'stats': [{'identifier': 'minutes', 'points': 0, 'value': 0, 'points_modification': 0}]}]",False,Neave,4,15,44,Neave,FWD,0
502,1,2025-26,90,0,0,0,1,0,0,0,0,0,2,0,9,14.6,0.0,0.0,1.5,0,7,0,0,1,0.0,0.0,0.0,1.5,2,False,"[{'fixture': 4, 'stats': [{'identifier': 'minutes', 'points': 2, 'value': 90, 'points_modification': 0}]}]",False,Sels,1,16,50,Sels,GK,2
503,1,2025-26,0,0,0,0,0,0,0,0,0,0,0,0,0,0.0,0.0,0.0,0.0,0,0,0,0,0,0.0,0.0,0.0,0.0,0,False,"[{'fixture': 4, 'stats': [{'identifier': 'minutes', 'points': 0, 'value': 0, 'points_modification': 0}]}]",False,C.Miguel,1,16,40,C.Miguel,GK,0
504,1,2025-26,0,0,0,0,0,0,0,0,0,0,0,0,0,0.0,0.0,0.0,0.0,0,0,0,0,0,0.0,0.0,0.0,0.0,0,False,"[{'fixture': 4, 'stats': [{'identifier': 'minutes', 'points': 0, 'value': 0, 'points_modification': 0}]}]",False,Turner,1,16,40,Turner,GK,0
505,1,2025-26,90,0,0,0,1,0,0,0,0,0,0,0,5,17.2,0.5,0.0,1.8,7,2,1,8,1,0.0,0.0,0.0,1.5,2,False,"[{'fixture': 4, 'stats': [{'identifier': 'minutes', 'points': 2, 'value': 90, 'points_modification': 0}]}]",False,Milenković,2,16,54,Milenković,DEF,2
506,1,2025-26,90,0,0,0,1,0,0,0,0,0,0,0,12,11.8,1.6,0.0,1.3,5,6,0,5,1,0.0,0.02,0.02,1.5,2,False,"[{'fixture': 4, 'stats': [{'identifier': 'minutes', 'points': 2, 'value': 90, 'points_modification': 0}]}]",False,Murillo,2,16,54,Murillo,DEF,2
507,1,2025-26,90,0,0,0,1,0,0,0,0,0,0,0,15,27.2,16.1,2.0,4.5,9,8,3,12,1,0.0,0.04,0.04,1.5,4,False,"[{'fixture': 4, 'stats': [{'identifier': 'minutes', 'points': 2, 'value': 90, 'points_modification': 0}, {'identifier': 'defensive_contribution', 'points': 2, 'value': 12, 'points_modification': 0}]}]",False,Aina,2,16,49,Aina,DEF,4
508,1,2025-26,90,0,0,0,1,0,0,0,1,0,0,0,10,19.0,28.8,2.0,5.0,4,2,2,6,1,0.0,0.09,0.09,1.5,1,False,"[{'fixture': 4, 'stats': [{'identifier': 'minutes', 'points': 2, 'value': 90, 'points_modification': 0}, {'identifier': 'yellow_cards', 'points': -1, 'value': 1, 'points_modification': 0}]}]",False,N.Williams,2,16,49,N.Williams,DEF,1
509,1,2025-26,0,0,0,0,0,0,0,0,0,0,0,0,0,0.0,0.0,0.0,0.0,0,0,0,0,0,0.0,0.0,0.0,0.0,0,False,"[{'fixture': 4, 'stats': [{'identifier': 'minutes', 'points': 0, 'value': 0, 'points_modification': 0}]}]",False,David Carmo,2,16,45,David Carmo,DEF,0
510,1,2025-26,0,0,0,0,0,0,0,0,0,0,0,0,0,0.0,0.0,0.0,0.0,0,0,0,0,0,0.0,0.0,0.0,0.0,0,False,"[{'fixture': 4, 'stats': [{'identifier': 'minutes', 'points': 0, 'value': 0, 'points_modification': 0}]}]",False,Jair Cunha,2,16,44,Jair Cunha,DEF,0
511,1,2025-26,0,0,0,0,0,0,0,0,0,0,0,0,0,0.0,0.0,0.0,0.0,0,0,0,0,0,0.0,0.0,0.0,0.0,0,False,"[{'fixture': 4, 'stats': [{'identifier': 'minutes', 'points': 0, 'value': 0, 'points_modification': 0}]}]",False,Morato,2,16,44,Morato,DEF,0
512,1,2025-26,0,0,0,0,0,0,0,0,0,0,0,0,0,0.0,0.0,0.0,0.0,0,0,0,0,0,0.0,0.0,0.0,0.0,0,False,"[{'fixture': 4, 'stats': [{'identifier': 'minutes', 'points': 0, 'value': 0, 'points_modification': 0}]}]",False,O.Richards,2,16,45,O.Richards,DEF,0
513,1,2025-26,0,0,0,0,0,0,0,0,0,0,0,0,0,0.0,0.0,0.0,0.0,0,0,0,0,0,0.0,0.0,0.0,0.0,0,False,"[{'fixture': 4, 'stats': [{'identifier': 'minutes', 'points': 0, 'value': 0, 'points_modification': 0}]}]",False,Abbott,2,16,39,Abbott,DEF,0
514,1,2025-26,0,0,0,0,0,0,0,0,0,0,0,0,0,0.0,0.0,0.0,0.0,0,0,0,0,0,0.0,0.0,0.0,0.0,0,False,"[{'fixture': 4, 'stats': [{'identifier': 'minutes', 'points': 0, 'value': 0, 'points_modification': 0}]}]",False,Boly,2,16,39,Boly,DEF,0
515,1,2025-26,83,0,1,0,1,0,0,0,0,0,0,0,23,28.8,51.8,15.0,9.6,1,2,1,4,1,0.38,0.28,0.66,1.5,5,False,"[{'fixture': 4, 'stats': [{'identifier': 'minutes', 'points': 2, 'value': 83, 'points_modification': 0}, {'identifier': 'assists', 'points': 3, 'value': 1, 'points_modification': 0}]}]",False,Gibbs-White,3,16,75,Gibbs-White,MID,5
516,1,2025-26,90,0,0,0,1,0,0,0,0,0,0,0,20,11.8,32.3,9.0,5.3,0,0,0,0,1,0.02,0.24,0.26,1.5,2,False,"[{'fixture': 4, 'stats': [{'identifier': 'minutes', 'points': 2, 'value': 90, 'points_modification': 0}]}]",False,Hudson-Odoi,3,16,60,Hudson-Odoi,MID,2
517,1,2025-26,90,0,1,0,1,0,0,0,0,0,0,1,24,28.6,21.3,20.0,7.0,1,8,2,11,1,0.39,0.28,0.67,1.5,6,False,"[{'fixture': 4, 'stats': [{'identifier': 'minutes', 'points': 2, 'value': 90, 'points_modification': 0}, {'identifier': 'assists', 'points': 3, 'value': 1, 'points_modification': 0}, {'identifier': 'bonus', 'points': 1, 'value': 1, 'points_modification': 0}]}]",False,Anderson,3,16,55,Anderson,MID,6
518,1,2025-26,11,0,0,0,0,0,0,0,0,0,0,0,6,5.0,0.5,4.0,1.0,1,0,2,3,0,0.0,0.0,0.0,0.0,1,False,"[{'fixture': 4, 'stats': [{'identifier': 'minutes', 'points': 1, 'value': 11, 'points_modification': 0}]}]",False,Jota,3,16,54,Jota,MID,1
519,1,2025-26,0,0,0,0,0,0,0,0,0,0,0,0,0,0.0,0.0,0.0,0.0,0,0,0,0,0,0.0,0.0,0.0,0.0,0,False,"[{'fixture': 4, 'stats': [{'identifier': 'minutes', 'points': 0, 'value': 0, 'points_modification': 0}]}]",False,Dominguez,3,16,50,Dominguez,MID,0
520,1,2025-26,0,0,0,0,0,0,0,0,0,0,0,0,0,0.0,0.0,0.0,0.0,0,0,0,0,0,0.0,0.0,0.0,0.0,0,False,"[{'fixture': 4, 'stats': [{'identifier': 'minutes', 'points': 0, 'value': 0, 'points_modification': 0}]}]",False,O'Brien,3,16,50,O'Brien,MID,0
521,1,2025-26,90,0,0,0,1,0,0,0,0,0,0,0,11,1.4,4.2,1.0,0.7,5,4,1,10,1,0.02,0.01,0.03,1.5,2,False,"[{'fixture': 4, 'stats': [{'identifier': 'minutes', 'points': 2, 'value': 90, 'points_modification': 0}]}]",False,Sangaré,3,16,50,Sangaré,MID,2
522,1,2025-26,6,0,0,0,0,0,0,0,0,0,0,0,7,4.6,1.6,2.0,0.8,2,3,0,5,0,0.0,0.01,0.01,0.0,1,False,"[{'fixture': 4, 'stats': [{'identifier': 'minutes', 'points': 1, 'value': 6, 'points_modification': 0}]}]",False,Yates,3,16,48,Yates,MID,1
523,1,2025-26,0,0,0,0,0,0,0,0,0,0,0,0,0,0.0,0.0,0.0,0.0,0,0,0,0,0,0.0,0.0,0.0,0.0,0,False,"[{'fixture': 4, 'stats': [{'identifier': 'minutes', 'points': 0, 'value': 0, 'points_modification': 0}]}]",False,Da Silva Moreira,3,16,45,Da Silva Moreira,MID,0
524,1,2025-26,0,0,0,0,0,0,0,0,0,0,0,0,0,0.0,0.0,0.0,0.0,0,0,0,0,0,0.0,0.0,0.0,0.0,0,False,"[{'fixture': 4, 'stats': [{'identifier': 'minutes', 'points': 0, 'value': 0, 'points_modification': 0}]}]",False,Stamenic,3,16,45,Stamenic,MID,0
525,1,2025-26,78,2,0,0,1,0,0,0,0,0,0,3,58,66.2,4.3,54.0,12.5,0,2,0,2,1,0.95,0.01,0.96,1.5,13,True,"[{'fixture': 4, 'stats': [{'identifier': 'minutes', 'points': 2, 'value': 78, 'points_modification': 0}, {'identifier': 'goals_scored', 'points': 8, 'value': 2, 'points_modification': 0}, {'identifier': 'bonus', 'points': 3, 'value': 3, 'points_modification': 0}]}]",False,Wood,4,16,75,Wood,FWD,13
526,1,2025-26,11,0,0,0,0,0,0,0,0,0,0,0,2,1.0,1.5,2.0,0.5,1,0,0,1,0,0.0,0.0,0.0,0.0,1,False,"[{'fixture': 4, 'stats': [{'identifier': 'minutes', 'points': 1, 'value': 11, 'points_modification': 0}]}]",False,Igor Jesus,4,16,58,Igor Jesus,FWD,1
527,1,2025-26,0,0,0,0,0,0,0,0,0,0,0,0,0,0.0,0.0,0.0,0.0,0,0,0,0,0,0.0,0.0,0.0,0.0,0,False,"[{'fixture': 4, 'stats': [{'identifier': 'minutes', 'points': 0, 'value': 0, 'points_modification': 0}]}]",False,Awoniyi,4,16,53,Awoniyi,FWD,0
528,1,2025-26,0,0,0,0,0,0,0,0,0,0,0,0,0,0.0,0.0,0.0,0.0,0,0,0,0,0,0.0,0.0,0.0,0.0,0,False,"[{'fixture': 5, 'stats': [{'identifier': 'minutes', 'points': 0, 'value': 0, 'points_modification': 0}]}]",False,Patterson,1,17,44,Patterson,GK,0
529,1,2025-26,0,0,0,0,0,0,0,0,0,0,0,0,0,0.0,0.0,0.0,0.0,0,0,0,0,0,0.0,0.0,0.0,0.0,0,False,"[{'fixture': 5, 'stats': [{'identifier': 'minutes', 'points': 0, 'value': 0, 'points_modification': 0}]}]",False,Moore,1,17,40,Moore,GK,0
530,1,2025-26,0,0,0,0,0,0,0,0,0,0,0,0,0,0.0,0.0,0.0,0.0,0,0,0,0,0,0.0,0.0,0.0,0.0,0,False,"[{'fixture': 5, 'stats': [{'identifier': 'minutes', 'points': 0, 'value': 0, 'points_modification': 0}]}]",False,Nna Noukeu,1,17,40,Nna Noukeu,GK,0
531,1,2025-26,90,1,0,1,0,0,0,0,0,0,0,3,53,69.6,0.5,64.0,13.4,13,4,1,14,1,0.18,0.01,0.19,0.56,17,True,"[{'fixture': 5, 'stats': [{'identifier': 'minutes', 'points': 2, 'value': 90, 'points_modification': 0}, {'identifier': 'goals_scored', 'points': 6, 'value': 1, 'points_modification': 0}, {'identifier': 'clean_sheets', 'points': 4, 'value': 1, 'points_modification': 0}, {'identifier': 'bonus', 'points': 3, 'value': 3, 'points_modification': 0}, {'identifier': 'defensive_contribution', 'points': 2, 'value': 14, 'points_modification': 0}]}]",False,Ballard,2,17,46,Ballard,DEF,17
532,1,2025-26,90,0,0,1,0,0,0,0,0,0,0,0,27,15.2,15.8,2.0,3.3,4,3,2,6,1,0.0,0.09,0.09,0.56,6,False,"[{'fixture': 5, 'stats': [{'identifier': 'minutes', 'points': 2, 'value': 90, 'points_modification': 0}, {'identifier': 'clean_sheets', 'points': 4, 'value': 1, 'points_modification': 0}]}]",False,Hume,2,17,45,Hume,DEF,6
533,1,2025-26,0,0,0,0,0,0,0,0,0,0,0,0,0,0.0,0.0,0.0,0.0,0,0,0,0,0,0.0,0.0,0.0,0.0,0,False,"[{'fixture': 5, 'stats': [{'identifier': 'minutes', 'points': 0, 'value': 0, 'points_modification': 0}]}]",False,Alese,2,17,40,Alese,DEF,0
534,1,2025-26,0,0,0,0,0,0,0,0,0,0,0,0,0,0.0,0.0,0.0,0.0,0,0,0,0,0,0.0,0.0,0.0,0.0,0,False,"[{'fixture': 5, 'stats': [{'identifier': 'minutes', 'points': 0, 'value': 0, 'points_modification': 0}]}]",False,Anderson,2,17,39,Anderson,DEF,0
535,1,2025-26,0,0,0,0,0,0,0,0,0,0,0,0,0,0.0,0.0,0.0,0.0,0,0,0,0,0,0.0,0.0,0.0,0.0,0,False,"[{'fixture': 5, 'stats': [{'identifier': 'minutes', 'points': 0, 'value': 0, 'points_modification': 0}]}]",False,Cirkin,2,17,40,Cirkin,DEF,0
536,1,2025-26,0,0,0,0,0,0,0,0,0,0,0,0,0,0.0,0.0,0.0,0.0,0,0,0,0,0,0.0,0.0,0.0,0.0,0,False,"[{'fixture': 5, 'stats': [{'identifier': 'minutes', 'points': 0, 'value': 0, 'points_modification': 0}]}]",False,Hjelde,2,17,40,Hjelde,DEF,0
537,1,2025-26,0,0,0,0,0,0,0,0,0,0,0,0,0,0.0,0.0,0.0,0.0,0,0,0,0,0,0.0,0.0,0.0,0.0,0,False,"[{'fixture': 5, 'stats': [{'identifier': 'minutes', 'points': 0, 'value': 0, 'points_modification': 0}]}]",False,Huggins,2,17,40,Huggins,DEF,0
538,1,2025-26,0,0,0,0,0,0,0,0,0,0,0,0,0,0.0,0.0,0.0,0.0,0,0,0,0,0,0.0,0.0,0.0,0.0,0,False,"[{'fixture': 5, 'stats': [{'identifier': 'minutes', 'points': 0, 'value': 0, 'points_modification': 0}]}]",False,Johnson,2,17,39,Johnson,DEF,0
539,1,2025-26,0,0,0,0,0,0,0,0,0,0,0,0,0,0.0,0.0,0.0,0.0,0,0,0,0,0,0.0,0.0,0.0,0.0,0,False,"[{'fixture': 5, 'stats': [{'identifier': 'minutes', 'points': 0, 'value': 0, 'points_modification': 0}]}]",False,O'Nien,2,17,40,O'Nien,DEF,0
540,1,2025-26,0,0,0,0,0,0,0,0,0,0,0,0,0,0.0,0.0,0.0,0.0,0,0,0,0,0,0.0,0.0,0.0,0.0,0,False,"[{'fixture': 5, 'stats': [{'identifier': 'minutes', 'points': 0, 'value': 0, 'points_modification': 0}]}]",False,Pembele,2,17,39,Pembele,DEF,0
541,1,2025-26,90,0,0,1,0,0,0,0,0,0,0,0,27,13.6,2.5,0.0,1.6,6,3,2,8,1,0.0,0.0,0.0,0.56,6,False,"[{'fixture': 5, 'stats': [{'identifier': 'minutes', 'points': 2, 'value': 90, 'points_modification': 0}, {'identifier': 'clean_sheets', 'points': 4, 'value': 1, 'points_modification': 0}]}]",False,Reinildo,2,17,40,Reinildo,DEF,6
542,1,2025-26,52,0,0,0,0,0,0,0,0,0,0,0,6,15.2,0.6,0.0,1.6,4,4,2,6,1,0.0,0.0,0.0,0.33,1,False,"[{'fixture': 5, 'stats': [{'identifier': 'minutes', 'points': 1, 'value': 52, 'points_modification': 0}]}]",False,Seelt,2,17,40,Seelt,DEF,1
543,1,2025-26,75,0,1,1,0,0,0,0,0,0,0,0,8,0.0,14.5,6.0,2.0,0,2,1,3,1,0.14,0.02,0.16,0.33,6,False,"[{'fixture': 5, 'stats': [{'identifier': 'minutes', 'points': 2, 'value': 75, 'points_modification': 0}, {'identifier': 'assists', 'points': 3, 'value': 1, 'points_modification': 0}, {'identifier': 'clean_sheets', 'points': 1, 'value': 1, 'points_modification': 0}]}]",False,Adingra,3,17,53,Adingra,MID,6
544,1,2025-26,90,0,0,1,0,0,0,0,0,0,0,0,4,7.0,2.8,20.0,3.0,2,3,1,6,1,0.23,0.01,0.24,0.56,3,False,"[{'fixture': 5, 'stats': [{'identifier': 'minutes', 'points': 2, 'value': 90, 'points_modification': 0}, {'identifier': 'clean_sheets', 'points': 1, 'value': 1, 'points_modification': 0}]}]",False,Diarra,3,17,55,Diarra,MID,3
545,1,2025-26,0,0,0,0,0,0,0,0,0,0,0,0,0,0.0,0.0,0.0,0.0,0,0,0,0,0,0.0,0.0,0.0,0.0,0,False,"[{'fixture': 5, 'stats': [{'identifier': 'minutes', 'points': 0, 'value': 0, 'points_modification': 0}]}]",False,Roberts,3,17,54,Roberts,MID,0
546,1,2025-26,0,0,0,0,0,0,0,0,0,0,0,0,0,0.0,0.0,0.0,0.0,0,0,0,0,0,0.0,0.0,0.0,0.0,0,False,"[{'fixture': 5, 'stats': [{'identifier': 'minutes', 'points': 0, 'value': 0, 'points_modification': 0}]}]",False,Aleksić,3,17,49,Aleksić,MID,0
547,1,2025-26,14,0,0,0,0,0,0,0,0,0,0,0,4,3.2,0.3,0.0,0.4,2,2,0,4,0,0.0,0.0,0.0,0.23,1,False,"[{'fixture': 5, 'stats': [{'identifier': 'minutes', 'points': 1, 'value': 14, 'points_modification': 0}]}]",False,E.Le Fée,3,17,49,E.Le Fée,MID,1
548,1,2025-26,0,0,0,0,0,0,0,0,0,0,0,0,0,0.0,0.0,0.0,0.0,0,0,0,0,0,0.0,0.0,0.0,0.0,0,False,"[{'fixture': 5, 'stats': [{'identifier': 'minutes', 'points': 0, 'value': 0, 'points_modification': 0}]}]",False,Mundle,3,17,49,Mundle,MID,0
549,1,2025-26,0,0,0,0,0,0,0,0,0,0,0,0,0,0.0,0.0,0.0,0.0,0,0,0,0,0,0.0,0.0,0.0,0.0,0,False,"[{'fixture': 5, 'stats': [{'identifier': 'minutes', 'points': 0, 'value': 0, 'points_modification': 0}]}]",False,Neil,3,17,49,Neil,MID,0
550,1,2025-26,0,0,0,0,0,0,0,0,0,0,0,0,0,0.0,0.0,0.0,0.0,0,0,0,0,0,0.0,0.0,0.0,0.0,0,False,"[{'fixture': 5, 'stats': [{'identifier': 'minutes', 'points': 0, 'value': 0, 'points_modification': 0}]}]",False,Poveda,3,17,49,Poveda,MID,0
551,1,2025-26,1,0,0,0,0,0,0,0,0,0,0,0,3,0.0,0.0,0.0,0.0,0,0,0,0,0,0.0,0.0,0.0,0.03,1,False,"[{'fixture': 5, 'stats': [{'identifier': 'minutes', 'points': 1, 'value': 1, 'points_modification': 0}]}]",False,Rigg,3,17,48,Rigg,MID,1
552,1,2025-26,90,0,0,1,0,0,0,0,0,0,0,0,6,11.0,3.8,0.0,1.5,5,2,2,9,1,0.0,0.01,0.01,0.56,3,False,"[{'fixture': 5, 'stats': [{'identifier': 'minutes', 'points': 2, 'value': 90, 'points_modification': 0}, {'identifier': 'clean_sheets', 'points': 1, 'value': 1, 'points_modification': 0}]}]",False,Sadiki,3,17,50,Sadiki,MID,3
553,1,2025-26,90,0,1,1,0,0,0,0,0,0,0,0,17,20.8,18.4,2.0,4.1,0,1,1,2,1,0.0,0.01,0.01,0.53,6,False,"[{'fixture': 5, 'stats': [{'identifier': 'minutes', 'points': 2, 'value': 90, 'points_modification': 0}, {'identifier': 'assists', 'points': 3, 'value': 1, 'points_modification': 0}, {'identifier': 'clean_sheets', 'points': 1, 'value': 1, 'points_modification': 0}]}]",False,Talbi,3,17,50,Talbi,MID,6
554,1,2025-26,0,0,0,0,0,0,0,0,0,0,0,0,0,0.0,0.0,0.0,0.0,0,0,0,0,0,0.0,0.0,0.0,0.0,0,False,"[{'fixture': 5, 'stats': [{'identifier': 'minutes', 'points': 0, 'value': 0, 'points_modification': 0}]}]",False,Ba,3,17,44,Ba,MID,0
555,1,2025-26,0,0,0,0,0,0,0,0,0,0,0,0,0,0.0,0.0,0.0,0.0,0,0,0,0,0,0.0,0.0,0.0,0.0,0,False,"[{'fixture': 5, 'stats': [{'identifier': 'minutes', 'points': 0, 'value': 0, 'points_modification': 0}]}]",False,Browne,3,17,45,Browne,MID,0
556,1,2025-26,0,0,0,0,0,0,0,0,0,0,0,0,0,0.0,0.0,0.0,0.0,0,0,0,0,0,0.0,0.0,0.0,0.0,0,False,"[{'fixture': 5, 'stats': [{'identifier': 'minutes', 'points': 0, 'value': 0, 'points_modification': 0}]}]",False,Ekwah,3,17,45,Ekwah,MID,0
557,1,2025-26,0,0,0,0,0,0,0,0,0,0,0,0,0,0.0,0.0,0.0,0.0,0,0,0,0,0,0.0,0.0,0.0,0.0,0,False,"[{'fixture': 5, 'stats': [{'identifier': 'minutes', 'points': 0, 'value': 0, 'points_modification': 0}]}]",False,H.Jones,3,17,44,H.Jones,MID,0
558,1,2025-26,0,0,0,0,0,0,0,0,0,0,0,0,0,0.0,0.0,0.0,0.0,0,0,0,0,0,0.0,0.0,0.0,0.0,0,False,"[{'fixture': 5, 'stats': [{'identifier': 'minutes', 'points': 0, 'value': 0, 'points_modification': 0}]}]",False,Matete,3,17,44,Matete,MID,0
559,1,2025-26,0,0,0,0,0,0,0,0,0,0,0,0,0,0.0,0.0,0.0,0.0,0,0,0,0,0,0.0,0.0,0.0,0.0,0,False,"[{'fixture': 5, 'stats': [{'identifier': 'minutes', 'points': 0, 'value': 0, 'points_modification': 0}]}]",False,Triantis,3,17,44,Triantis,MID,0
560,1,2025-26,14,1,0,0,0,0,0,0,0,0,0,0,29,34.2,0.1,17.0,5.1,1,1,0,2,0,0.04,0.0,0.04,0.23,5,False,"[{'fixture': 5, 'stats': [{'identifier': 'minutes', 'points': 1, 'value': 14, 'points_modification': 0}, {'identifier': 'goals_scored', 'points': 4, 'value': 1, 'points_modification': 0}]}]",False,Isidor,4,17,55,Isidor,FWD,5
561,1,2025-26,75,1,0,1,0,0,0,0,0,0,0,2,37,34.0,11.3,26.0,7.1,0,0,0,0,1,0.09,0.0,0.09,0.33,8,False,"[{'fixture': 5, 'stats': [{'identifier': 'minutes', 'points': 2, 'value': 75, 'points_modification': 0}, {'identifier': 'goals_scored', 'points': 4, 'value': 1, 'points_modification': 0}, {'identifier': 'bonus', 'points': 2, 'value': 2, 'points_modification': 0}]}]",False,Mayenda,4,17,55,Mayenda,FWD,8
562,1,2025-26,0,0,0,0,0,0,0,0,0,0,0,0,0,0.0,0.0,0.0,0.0,0,0,0,0,0,0.0,0.0,0.0,0.0,0,False,"[{'fixture': 5, 'stats': [{'identifier': 'minutes', 'points': 0, 'value': 0, 'points_modification': 0}]}]",False,Abdullahi,4,17,44,Abdullahi,FWD,0
563,1,2025-26,0,0,0,0,0,0,0,0,0,0,0,0,0,0.0,0.0,0.0,0.0,0,0,0,0,0,0.0,0.0,0.0,0.0,0,False,"[{'fixture': 5, 'stats': [{'identifier': 'minutes', 'points': 0, 'value': 0, 'points_modification': 0}]}]",False,Luís Hemir,4,17,44,Luís Hemir,FWD,0
564,1,2025-26,0,0,0,0,0,0,0,0,0,0,0,0,0,0.0,0.0,0.0,0.0,0,0,0,0,0,0.0,0.0,0.0,0.0,0,False,"[{'fixture': 5, 'stats': [{'identifier': 'minutes', 'points': 0, 'value': 0, 'points_modification': 0}]}]",False,Rusyn,4,17,44,Rusyn,FWD,0
565,1,2025-26,90,0,0,1,0,0,0,0,0,0,4,2,36,30.0,0.0,0.0,3.0,1,7,0,0,1,0.0,0.0,0.0,0.94,9,False,"[{'fixture': 6, 'stats': [{'identifier': 'minutes', 'points': 2, 'value': 90, 'points_modification': 0}, {'identifier': 'clean_sheets', 'points': 4, 'value': 1, 'points_modification': 0}, {'identifier': 'saves', 'points': 1, 'value': 4, 'points_modification': 0}, {'identifier': 'bonus', 'points': 2, 'value': 2, 'points_modification': 0}]}]",False,Vicario,1,18,51,Vicario,GK,9
566,1,2025-26,0,0,0,0,0,0,0,0,0,0,0,0,0,0.0,0.0,0.0,0.0,0,0,0,0,0,0.0,0.0,0.0,0.0,0,False,"[{'fixture': 6, 'stats': [{'identifier': 'minutes', 'points': 0, 'value': 0, 'points_modification': 0}]}]",False,Austin,1,18,40,Austin,GK,0
567,1,2025-26,0,0,0,0,0,0,0,0,0,0,0,0,0,0.0,0.0,0.0,0.0,0,0,0,0,0,0.0,0.0,0.0,0.0,0,False,"[{'fixture': 6, 'stats': [{'identifier': 'minutes', 'points': 0, 'value': 0, 'points_modification': 0}]}]",False,Kinsky,1,18,39,Kinsky,GK,0
568,1,2025-26,90,0,0,1,0,0,0,0,0,0,0,0,26,21.2,42.8,1.0,6.5,2,4,2,4,1,0.02,0.26,0.28,0.94,6,False,"[{'fixture': 6, 'stats': [{'identifier': 'minutes', 'points': 2, 'value': 90, 'points_modification': 0}, {'identifier': 'clean_sheets', 'points': 4, 'value': 1, 'points_modification': 0}]}]",False,Pedro Porro,2,18,56,Pedro Porro,DEF,6
569,1,2025-26,90,0,0,1,0,0,0,0,0,0,0,0,22,18.0,1.4,6.0,2.5,5,3,0,5,1,0.0,0.02,0.02,0.94,6,False,"[{'fixture': 6, 'stats': [{'identifier': 'minutes', 'points': 2, 'value': 90, 'points_modification': 0}, {'identifier': 'clean_sheets', 'points': 4, 'value': 1, 'points_modification': 0}]}]",False,Romero,2,18,51,Romero,DEF,6
570,1,2025-26,0,0,0,0,0,0,0,0,0,0,0,0,0,0.0,0.0,0.0,0.0,0,0,0,0,0,0.0,0.0,0.0,0.0,0,False,"[{'fixture': 6, 'stats': [{'identifier': 'minutes', 'points': 0, 'value': 0, 'points_modification': 0}]}]",False,Danso,2,18,43,Danso,DEF,0
571,1,2025-26,0,0,0,0,0,0,0,0,0,0,0,0,0,0.0,0.0,0.0,0.0,0,0,0,0,0,0.0,0.0,0.0,0.0,0,False,"[{'fixture': 6, 'stats': [{'identifier': 'minutes', 'points': 0, 'value': 0, 'points_modification': 0}]}]",False,Davies,2,18,44,Davies,DEF,0
572,1,2025-26,0,0,0,0,0,0,0,0,0,0,0,0,0,0.0,0.0,0.0,0.0,0,0,0,0,0,0.0,0.0,0.0,0.0,0,False,"[{'fixture': 6, 'stats': [{'identifier': 'minutes', 'points': 0, 'value': 0, 'points_modification': 0}]}]",False,Dragusin,2,18,45,Dragusin,DEF,0
573,1,2025-26,90,0,0,1,0,0,0,0,0,0,0,0,26,10.0,5.8,22.0,3.8,3,2,0,3,1,0.18,0.07,0.25,0.94,6,False,"[{'fixture': 6, 'stats': [{'identifier': 'minutes', 'points': 2, 'value': 90, 'points_modification': 0}, {'identifier': 'clean_sheets', 'points': 4, 'value': 1, 'points_modification': 0}]}]",False,Spence,2,18,45,Spence,DEF,6
574,1,2025-26,0,0,0,0,0,0,0,0,0,0,0,0,0,0.0,0.0,0.0,0.0,0,0,0,0,0,0.0,0.0,0.0,0.0,0,False,"[{'fixture': 6, 'stats': [{'identifier': 'minutes', 'points': 0, 'value': 0, 'points_modification': 0}]}]",False,Udogie,2,18,44,Udogie,DEF,0
575,1,2025-26,90,0,0,1,0,0,0,0,0,0,0,0,27,11.6,1.0,14.0,2.7,5,4,1,6,1,0.59,0.01,0.6,0.94,6,False,"[{'fixture': 6, 'stats': [{'identifier': 'minutes', 'points': 2, 'value': 90, 'points_modification': 0}, {'identifier': 'clean_sheets', 'points': 4, 'value': 1, 'points_modification': 0}]}]",False,Van de Ven,2,18,47,Van de Ven,DEF,6
576,1,2025-26,0,0,0,0,0,0,0,0,0,0,0,0,0,0.0,0.0,0.0,0.0,0,0,0,0,0,0.0,0.0,0.0,0.0,0,False,"[{'fixture': 6, 'stats': [{'identifier': 'minutes', 'points': 0, 'value': 0, 'points_modification': 0}]}]",False,Phillips,2,18,40,Phillips,DEF,0
577,1,2025-26,0,0,0,0,0,0,0,0,0,0,0,0,0,0.0,0.0,0.0,0.0,0,0,0,0,0,0.0,0.0,0.0,0.0,0,False,"[{'fixture': 6, 'stats': [{'identifier': 'minutes', 'points': 0, 'value': 0, 'points_modification': 0}]}]",False,Takai,2,18,40,Takai,DEF,0
578,1,2025-26,0,0,0,0,0,0,0,0,0,0,0,0,0,0.0,0.0,0.0,0.0,0,0,0,0,0,0.0,0.0,0.0,0.0,0,False,"[{'fixture': 6, 'stats': [{'identifier': 'minutes', 'points': 0, 'value': 0, 'points_modification': 0}]}]",False,Vuskovic,2,18,39,Vuskovic,DEF,0
579,1,2025-26,0,0,0,0,0,0,0,0,0,0,0,0,0,0.0,0.0,0.0,0.0,0,0,0,0,0,0.0,0.0,0.0,0.0,0,False,"[{'fixture': 6, 'stats': [{'identifier': 'minutes', 'points': 0, 'value': 0, 'points_modification': 0}]}]",False,Son,3,18,85,Son,MID,0
580,1,2025-26,79,1,0,1,0,0,0,0,0,0,0,0,30,40.4,27.1,20.0,8.8,1,1,1,3,1,0.5,0.06,0.56,0.94,8,False,"[{'fixture': 6, 'stats': [{'identifier': 'minutes', 'points': 2, 'value': 79, 'points_modification': 0}, {'identifier': 'goals_scored', 'points': 5, 'value': 1, 'points_modification': 0}, {'identifier': 'clean_sheets', 'points': 1, 'value': 1, 'points_modification': 0}]}]",False,Johnson,3,18,70,Johnson,MID,8
581,1,2025-26,0,0,0,0,0,0,0,0,0,0,0,0,0,0.0,0.0,0.0,0.0,0,0,0,0,0,0.0,0.0,0.0,0.0,0,False,"[{'fixture': 6, 'stats': [{'identifier': 'minutes', 'points': 0, 'value': 0, 'points_modification': 0}]}]",False,Maddison,3,18,69,Maddison,MID,0
582,1,2025-26,84,0,2,1,0,0,0,0,0,0,0,1,35,45.4,74.0,11.0,13.0,0,3,1,4,1,0.06,0.58,0.64,0.94,10,True,"[{'fixture': 6, 'stats': [{'identifier': 'minutes', 'points': 2, 'value': 84, 'points_modification': 0}, {'identifier': 'assists', 'points': 6, 'value': 2, 'points_modification': 0}, {'identifier': 'clean_sheets', 'points': 1, 'value': 1, 'points_modification': 0}, {'identifier': 'bonus', 'points': 1, 'value': 1, 'points_modification': 0}]}]",False,Kudus,3,18,67,Kudus,MID,10
583,1,2025-26,0,0,0,0,0,0,0,0,0,0,0,0,0,0.0,0.0,0.0,0.0,0,0,0,0,0,0.0,0.0,0.0,0.0,0,False,"[{'fixture': 6, 'stats': [{'identifier': 'minutes', 'points': 0, 'value': 0, 'points_modification': 0}]}]",False,Kulusevski,3,18,64,Kulusevski,MID,0
584,1,2025-26,5,0,0,0,0,0,0,0,0,0,0,0,1,0.0,0.1,0.0,0.0,0,0,0,0,0,0.0,0.0,0.0,0.0,1,False,"[{'fixture': 6, 'stats': [{'identifier': 'minutes', 'points': 1, 'value': 5, 'points_modification': 0}]}]",False,Tel,3,18,63,Tel,MID,1
585,1,2025-26,19,0,0,0,0,0,0,0,0,0,0,0,5,4.8,0.8,0.0,0.6,1,1,1,3,0,0.0,0.0,0.0,0.04,1,False,"[{'fixture': 6, 'stats': [{'identifier': 'minutes', 'points': 1, 'value': 19, 'points_modification': 0}]}]",False,Bentancur,3,18,54,Bentancur,MID,1
586,1,2025-26,79,0,0,1,0,0,0,0,0,0,0,0,13,10.4,3.3,33.0,4.7,1,1,2,4,1,0.12,0.01,0.13,0.94,3,False,"[{'fixture': 6, 'stats': [{'identifier': 'minutes', 'points': 2, 'value': 79, 'points_modification': 0}, {'identifier': 'clean_sheets', 'points': 1, 'value': 1, 'points_modification': 0}]}]",False,Bergvall,3,18,54,Bergvall,MID,3
587,1,2025-26,0,0,0,0,0,0,0,0,0,0,0,0,0,0.0,0.0,0.0,0.0,0,0,0,0,0,0.0,0.0,0.0,0.0,0,False,"[{'fixture': 6, 'stats': [{'identifier': 'minutes', 'points': 0, 'value': 0, 'points_modification': 0}]}]",False,Bissouma,3,18,52,Bissouma,MID,0
588,1,2025-26,10,0,0,0,0,0,0,0,0,0,0,0,4,2.2,10.5,0.0,1.3,0,1,0,1,0,0.0,0.01,0.01,0.0,1,False,"[{'fixture': 6, 'stats': [{'identifier': 'minutes', 'points': 1, 'value': 10, 'points_modification': 0}]}]",False,Odobert,3,18,53,Odobert,MID,1
589,1,2025-26,0,0,0,0,0,0,0,0,0,0,0,0,0,0.0,0.0,0.0,0.0,0,0,0,0,0,0.0,0.0,0.0,0.0,0,False,"[{'fixture': 6, 'stats': [{'identifier': 'minutes', 'points': 0, 'value': 0, 'points_modification': 0}]}]",False,Solomon,3,18,54,Solomon,MID,0
590,1,2025-26,0,0,0,0,0,0,0,0,0,0,0,0,0,0.0,0.0,0.0,0.0,0,0,0,0,0,0.0,0.0,0.0,0.0,0,False,"[{'fixture': 6, 'stats': [{'identifier': 'minutes', 'points': 0, 'value': 0, 'points_modification': 0}]}]",False,Bryan,3,18,49,Bryan,MID,0
591,1,2025-26,70,0,0,1,0,0,0,0,0,0,0,0,13,3.6,3.0,2.0,0.9,2,5,1,8,1,0.0,0.05,0.05,0.89,3,False,"[{'fixture': 6, 'stats': [{'identifier': 'minutes', 'points': 2, 'value': 70, 'points_modification': 0}, {'identifier': 'clean_sheets', 'points': 1, 'value': 1, 'points_modification': 0}]}]",False,Gray,3,18,49,Gray,MID,3
592,1,2025-26,0,0,0,0,0,0,0,0,0,0,0,0,0,0.0,0.0,0.0,0.0,0,0,0,0,0,0.0,0.0,0.0,0.0,0,False,"[{'fixture': 6, 'stats': [{'identifier': 'minutes', 'points': 0, 'value': 0, 'points_modification': 0}]}]",False,Moore,3,18,50,Moore,MID,0
593,1,2025-26,90,0,1,1,0,0,0,0,0,0,0,0,29,33.2,18.7,2.0,5.4,4,4,2,10,1,0.0,0.22,0.22,0.94,6,False,"[{'fixture': 6, 'stats': [{'identifier': 'minutes', 'points': 2, 'value': 90, 'points_modification': 0}, {'identifier': 'assists', 'points': 3, 'value': 1, 'points_modification': 0}, {'identifier': 'clean_sheets', 'points': 1, 'value': 1, 'points_modification': 0}]}]",False,P.M.Sarr,3,18,50,P.M.Sarr,MID,6
594,1,2025-26,0,0,0,0,0,0,0,0,0,0,0,0,0,0.0,0.0,0.0,0.0,0,0,0,0,0,0.0,0.0,0.0,0.0,0,False,"[{'fixture': 6, 'stats': [{'identifier': 'minutes', 'points': 0, 'value': 0, 'points_modification': 0}]}]",False,Min-hyeok,3,18,45,Min-hyeok,MID,0
595,1,2025-26,0,0,0,0,0,0,0,0,0,0,0,0,0,0.0,0.0,0.0,0.0,0,0,0,0,0,0.0,0.0,0.0,0.0,0,False,"[{'fixture': 6, 'stats': [{'identifier': 'minutes', 'points': 0, 'value': 0, 'points_modification': 0}]}]",False,Olusesi,3,18,44,Olusesi,MID,0
596,1,2025-26,19,0,0,0,0,0,0,0,0,0,0,0,5,2.0,0.3,6.0,0.8,1,0,1,2,0,0.08,0.0,0.08,0.04,1,False,"[{'fixture': 6, 'stats': [{'identifier': 'minutes', 'points': 1, 'value': 19, 'points_modification': 0}]}]",False,Solanke,4,18,72,Solanke,FWD,1
597,1,2025-26,71,2,0,1,0,0,0,0,0,0,0,3,61,73.6,0.5,80.0,15.4,3,2,0,5,1,0.78,0.01,0.79,0.89,13,True,"[{'fixture': 6, 'stats': [{'identifier': 'minutes', 'points': 2, 'value': 71, 'points_modification': 0}, {'identifier': 'goals_scored', 'points': 8, 'value': 2, 'points_modification': 0}, {'identifier': 'bonus', 'points': 3, 'value': 3, 'points_modification': 0}]}]",False,Richarlison,4,18,68,Richarlison,FWD,13
598,1,2025-26,0,0,0,0,0,0,0,0,0,0,0,0,0,0.0,0.0,0.0,0.0,0,0,0,0,0,0.0,0.0,0.0,0.0,0,False,"[{'fixture': 6, 'stats': [{'identifier': 'minutes', 'points': 0, 'value': 0, 'points_modification': 0}]}]",False,Lankshear,4,18,45,Lankshear,FWD,0
599,1,2025-26,0,0,0,0,0,0,0,0,0,0,0,0,0,0.0,0.0,0.0,0.0,0,0,0,0,0,0.0,0.0,0.0,0.0,0,False,"[{'fixture': 6, 'stats': [{'identifier': 'minutes', 'points': 0, 'value': 0, 'points_modification': 0}]}]",False,Scarlett,4,18,44,Scarlett,FWD,0
600,1,2025-26,0,0,0,0,0,0,0,0,0,0,0,0,0,0.0,0.0,0.0,0.0,0,0,0,0,0,0.0,0.0,0.0,0.0,0,False,"[{'fixture': 5, 'stats': [{'identifier': 'minutes', 'points': 0, 'value': 0, 'points_modification': 0}]}]",False,Areola,1,19,43,Areola,GK,0
601,1,2025-26,0,0,0,0,0,0,0,0,0,0,0,0,0,0.0,0.0,0.0,0.0,0,0,0,0,0,0.0,0.0,0.0,0.0,0,False,"[{'fixture': 5, 'stats': [{'identifier': 'minutes', 'points': 0, 'value': 0, 'points_modification': 0}]}]",False,Foderingham,1,19,40,Foderingham,GK,0
602,1,2025-26,0,0,0,0,0,0,0,0,0,0,0,0,0,0.0,0.0,0.0,0.0,0,0,0,0,0,0.0,0.0,0.0,0.0,0,False,"[{'fixture': 5, 'stats': [{'identifier': 'minutes', 'points': 0, 'value': 0, 'points_modification': 0}]}]",False,Hegyi,1,19,40,Hegyi,GK,0
603,1,2025-26,90,0,0,0,3,0,0,0,0,0,0,0,4,10.8,30.7,10.0,5.2,3,3,0,3,1,0.16,0.07,0.23,0.68,1,False,"[{'fixture': 5, 'stats': [{'identifier': 'minutes', 'points': 2, 'value': 90, 'points_modification': 0}, {'identifier': 'goals_conceded', 'points': -1, 'value': 3, 'points_modification': 0}]}]",False,Diouf,2,19,44,Diouf,DEF,1
604,1,2025-26,0,0,0,0,0,0,0,0,0,0,0,0,0,0.0,0.0,0.0,0.0,0,0,0,0,0,0.0,0.0,0.0,0.0,0,False,"[{'fixture': 5, 'stats': [{'identifier': 'minutes', 'points': 0, 'value': 0, 'points_modification': 0}]}]",False,Emerson,2,19,44,Emerson,DEF,0
605,1,2025-26,90,0,0,0,3,0,0,0,1,0,0,0,4,27.2,16.2,0.0,4.3,6,2,3,9,1,0.0,0.03,0.03,0.68,0,False,"[{'fixture': 5, 'stats': [{'identifier': 'minutes', 'points': 2, 'value': 90, 'points_modification': 0}, {'identifier': 'goals_conceded', 'points': -1, 'value': 3, 'points_modification': 0}, {'identifier': 'yellow_cards', 'points': -1, 'value': 1, 'points_modification': 0}]}]",False,Kilman,2,19,44,Kilman,DEF,0
606,1,2025-26,0,0,0,0,0,0,0,0,0,0,0,0,0,0.0,0.0,0.0,0.0,0,0,0,0,0,0.0,0.0,0.0,0.0,0,False,"[{'fixture': 5, 'stats': [{'identifier': 'minutes', 'points': 0, 'value': 0, 'points_modification': 0}]}]",False,Mavropanos,2,19,44,Mavropanos,DEF,0
607,1,2025-26,90,0,0,0,3,0,0,0,0,0,0,0,1,14.6,3.0,0.0,1.8,2,4,0,2,1,0.0,0.02,0.02,0.68,1,False,"[{'fixture': 5, 'stats': [{'identifier': 'minutes', 'points': 2, 'value': 90, 'points_modification': 0}, {'identifier': 'goals_conceded', 'points': -1, 'value': 3, 'points_modification': 0}]}]",False,N.Aguerd,2,19,44,N.Aguerd,DEF,1
608,1,2025-26,0,0,0,0,0,0,0,0,0,0,0,0,0,0.0,0.0,0.0,0.0,0,0,0,0,0,0.0,0.0,0.0,0.0,0,False,"[{'fixture': 5, 'stats': [{'identifier': 'minutes', 'points': 0, 'value': 0, 'points_modification': 0}]}]",False,Scarles,2,19,44,Scarles,DEF,0
609,1,2025-26,81,0,0,0,2,0,0,0,0,0,0,0,9,19.8,3.1,0.0,2.3,5,2,3,8,1,0.0,0.01,0.01,0.64,1,False,"[{'fixture': 5, 'stats': [{'identifier': 'minutes', 'points': 2, 'value': 81, 'points_modification': 0}, {'identifier': 'goals_conceded', 'points': -1, 'value': 2, 'points_modification': 0}]}]",False,Todibo,2,19,44,Todibo,DEF,1
610,1,2025-26,90,0,0,0,3,0,0,0,0,0,0,0,9,17.8,24.7,8.0,5.1,2,6,1,3,1,0.0,0.07,0.07,0.68,1,False,"[{'fixture': 5, 'stats': [{'identifier': 'minutes', 'points': 2, 'value': 90, 'points_modification': 0}, {'identifier': 'goals_conceded', 'points': -1, 'value': 3, 'points_modification': 0}]}]",False,Wan-Bissaka,2,19,43,Wan-Bissaka,DEF,1
611,1,2025-26,0,0,0,0,0,0,0,0,0,0,0,0,0,0.0,0.0,0.0,0.0,0,0,0,0,0,0.0,0.0,0.0,0.0,0,False,"[{'fixture': 5, 'stats': [{'identifier': 'minutes', 'points': 0, 'value': 0, 'points_modification': 0}]}]",False,Casey,2,19,40,Casey,DEF,0
612,1,2025-26,90,0,0,0,3,0,0,0,0,0,0,0,11,5.8,14.2,4.0,2.4,0,5,1,6,1,0.0,0.08,0.08,0.68,2,False,"[{'fixture': 5, 'stats': [{'identifier': 'minutes', 'points': 2, 'value': 90, 'points_modification': 0}]}]",False,L.Paquetá,3,19,59,L.Paquetá,MID,2
613,1,2025-26,19,0,0,0,2,0,0,0,0,0,0,0,4,4.2,1.3,19.0,2.5,1,0,0,1,0,0.07,0.0,0.07,0.08,1,False,"[{'fixture': 5, 'stats': [{'identifier': 'minutes', 'points': 1, 'value': 19, 'points_modification': 0}]}]",False,Souček,3,19,57,Souček,MID,1
614,1,2025-26,70,0,0,0,1,0,0,0,0,0,0,0,13,5.8,15.2,2.0,2.3,0,2,1,3,1,0.0,0.02,0.02,0.6,2,False,"[{'fixture': 5, 'stats': [{'identifier': 'minutes', 'points': 2, 'value': 70, 'points_modification': 0}]}]",False,Ward-Prowse,3,19,58,Ward-Prowse,MID,2
615,1,2025-26,0,0,0,0,0,0,0,0,0,0,0,0,0,0.0,0.0,0.0,0.0,0,0,0,0,0,0.0,0.0,0.0,0.0,0,False,"[{'fixture': 5, 'stats': [{'identifier': 'minutes', 'points': 0, 'value': 0, 'points_modification': 0}]}]",False,Summerville,3,19,55,Summerville,MID,0
616,1,2025-26,0,0,0,0,0,0,0,0,0,0,0,0,0,0.0,0.0,0.0,0.0,0,0,0,0,0,0.0,0.0,0.0,0.0,0,False,"[{'fixture': 5, 'stats': [{'identifier': 'minutes', 'points': 0, 'value': 0, 'points_modification': 0}]}]",False,Álvarez,3,19,49,Álvarez,MID,0
617,1,2025-26,0,0,0,0,0,0,0,0,0,0,0,0,0,0.0,0.0,0.0,0.0,0,0,0,0,0,0.0,0.0,0.0,0.0,0,False,"[{'fixture': 5, 'stats': [{'identifier': 'minutes', 'points': 0, 'value': 0, 'points_modification': 0}]}]",False,Cornet,3,19,49,Cornet,MID,0
618,1,2025-26,70,0,0,0,1,0,0,0,0,0,0,0,11,2.2,2.3,2.0,0.7,0,4,0,4,1,0.03,0.03,0.06,0.6,2,False,"[{'fixture': 5, 'stats': [{'identifier': 'minutes', 'points': 2, 'value': 70, 'points_modification': 0}]}]",False,G.Rodriguez,3,19,49,G.Rodriguez,MID,2
619,1,2025-26,0,0,0,0,0,0,0,0,0,0,0,0,0,0.0,0.0,0.0,0.0,0,0,0,0,0,0.0,0.0,0.0,0.0,0,False,"[{'fixture': 5, 'stats': [{'identifier': 'minutes', 'points': 0, 'value': 0, 'points_modification': 0}]}]",False,L.Guilherme,3,19,49,L.Guilherme,MID,0
620,1,2025-26,0,0,0,0,0,0,0,0,0,0,0,0,0,0.0,0.0,0.0,0.0,0,0,0,0,0,0.0,0.0,0.0,0.0,0,False,"[{'fixture': 5, 'stats': [{'identifier': 'minutes', 'points': 0, 'value': 0, 'points_modification': 0}]}]",False,Earthy,3,19,45,Earthy,MID,0
621,1,2025-26,8,0,0,0,1,0,0,0,0,0,0,0,6,4.4,14.8,0.0,1.9,0,1,1,2,0,0.0,0.06,0.06,0.04,1,False,"[{'fixture': 5, 'stats': [{'identifier': 'minutes', 'points': 1, 'value': 8, 'points_modification': 0}]}]",False,Irving,3,19,44,Irving,MID,1
622,1,2025-26,0,0,0,0,0,0,0,0,0,0,0,0,0,0.0,0.0,0.0,0.0,0,0,0,0,0,0.0,0.0,0.0,0.0,0,False,"[{'fixture': 5, 'stats': [{'identifier': 'minutes', 'points': 0, 'value': 0, 'points_modification': 0}]}]",False,Orford,3,19,44,Orford,MID,0
623,1,2025-26,0,0,0,0,0,0,0,0,0,0,0,0,0,0.0,0.0,0.0,0.0,0,0,0,0,0,0.0,0.0,0.0,0.0,0,False,"[{'fixture': 5, 'stats': [{'identifier': 'minutes', 'points': 0, 'value': 0, 'points_modification': 0}]}]",False,Potts,3,19,44,Potts,MID,0
624,1,2025-26,90,0,0,0,3,0,0,0,0,0,0,0,13,10.6,4.3,34.0,4.9,0,6,2,8,1,0.15,0.05,0.2,0.68,2,False,"[{'fixture': 5, 'stats': [{'identifier': 'minutes', 'points': 2, 'value': 90, 'points_modification': 0}]}]",False,Bowen,4,19,77,Bowen,FWD,2
625,1,2025-26,90,0,0,0,3,0,0,0,0,0,0,0,-1,0.8,14.5,34.0,4.9,0,0,0,0,1,0.14,0.08,0.22,0.68,2,False,"[{'fixture': 5, 'stats': [{'identifier': 'minutes', 'points': 2, 'value': 90, 'points_modification': 0}]}]",False,Füllkrug,4,19,57,Füllkrug,FWD,2
626,1,2025-26,0,0,0,0,0,0,0,0,0,0,0,0,0,0.0,0.0,0.0,0.0,0,0,0,0,0,0.0,0.0,0.0,0.0,0,False,"[{'fixture': 5, 'stats': [{'identifier': 'minutes', 'points': 0, 'value': 0, 'points_modification': 0}]}]",False,Marshall,4,19,44,Marshall,FWD,0
627,1,2025-26,0,0,0,0,0,0,0,0,0,0,0,0,0,0.0,0.0,0.0,0.0,0,0,0,0,0,0.0,0.0,0.0,0.0,0,False,"[{'fixture': 7, 'stats': [{'identifier': 'minutes', 'points': 0, 'value': 0, 'points_modification': 0}]}]",False,Johnstone,1,20,45,Johnstone,GK,0
628,1,2025-26,90,0,0,0,4,0,0,0,0,0,0,0,-8,3.6,0.0,0.0,0.4,1,6,0,0,1,0.0,0.0,0.0,2.47,0,False,"[{'fixture': 7, 'stats': [{'identifier': 'minutes', 'points': 2, 'value': 90, 'points_modification': 0}, {'identifier': 'goals_conceded', 'points': -2, 'value': 4, 'points_modification': 0}]}]",False,José Sá,1,20,45,José Sá,GK,0
629,1,2025-26,0,0,0,0,0,0,0,0,0,0,0,0,0,0.0,0.0,0.0,0.0,0,0,0,0,0,0.0,0.0,0.0,0.0,0,False,"[{'fixture': 7, 'stats': [{'identifier': 'minutes', 'points': 0, 'value': 0, 'points_modification': 0}]}]",False,Bentley,1,20,40,Bentley,GK,0
630,1,2025-26,0,0,0,0,0,0,0,0,0,0,0,0,0,0.0,0.0,0.0,0.0,0,0,0,0,0,0.0,0.0,0.0,0.0,0,False,"[{'fixture': 7, 'stats': [{'identifier': 'minutes', 'points': 0, 'value': 0, 'points_modification': 0}]}]",False,King,1,9,40,King,GK,0
631,1,2025-26,90,0,0,0,4,0,0,0,0,0,0,0,-7,11.8,0.3,1.0,1.3,5,2,2,7,1,0.02,0.01,0.03,2.47,0,False,"[{'fixture': 7, 'stats': [{'identifier': 'minutes', 'points': 2, 'value': 90, 'points_modification': 0}, {'identifier': 'goals_conceded', 'points': -2, 'value': 4, 'points_modification': 0}]}]",False,Agbadou,2,20,45,Agbadou,DEF,0
632,1,2025-26,90,0,0,0,4,0,0,0,1,0,0,0,-1,9.8,5.9,0.0,1.6,2,6,3,5,1,0.0,0.01,0.01,2.47,-1,False,"[{'fixture': 7, 'stats': [{'identifier': 'minutes', 'points': 2, 'value': 90, 'points_modification': 0}, {'identifier': 'goals_conceded', 'points': -2, 'value': 4, 'points_modification': 0}, {'identifier': 'yellow_cards', 'points': -1, 'value': 1, 'points_modification': 0}]}]",False,Doherty,2,20,44,Doherty,DEF,-1
633,1,2025-26,18,0,0,0,1,0,0,0,0,0,0,0,0,4.4,11.1,6.0,2.2,1,2,0,1,0,0.0,0.01,0.01,0.24,1,False,"[{'fixture': 7, 'stats': [{'identifier': 'minutes', 'points': 1, 'value': 18, 'points_modification': 0}]}]",False,H.Bueno,2,20,44,H.Bueno,DEF,1
634,1,2025-26,0,0,0,0,0,0,0,0,0,0,0,0,0,0.0,0.0,0.0,0.0,0,0,0,0,0,0.0,0.0,0.0,0.0,0,False,"[{'fixture': 7, 'stats': [{'identifier': 'minutes', 'points': 0, 'value': 0, 'points_modification': 0}]}]",False,Mosquera,2,20,44,Mosquera,DEF,0
635,1,2025-26,17,0,0,0,1,0,0,0,0,0,0,0,-1,2.2,1.0,4.0,0.7,0,0,1,1,0,0.0,0.0,0.0,0.24,1,False,"[{'fixture': 7, 'stats': [{'identifier': 'minutes', 'points': 1, 'value': 17, 'points_modification': 0}]}]",False,R.Gomes,2,20,45,R.Gomes,DEF,1
636,1,2025-26,0,0,0,0,0,0,0,0,0,0,0,0,0,0.0,0.0,0.0,0.0,0,0,0,0,0,0.0,0.0,0.0,0.0,0,False,"[{'fixture': 7, 'stats': [{'identifier': 'minutes', 'points': 0, 'value': 0, 'points_modification': 0}]}]",False,S.Bueno,2,20,44,S.Bueno,DEF,0
637,1,2025-26,90,0,0,0,4,0,0,0,0,0,0,0,0,14.6,10.8,0.0,2.5,2,4,2,4,1,0.0,0.0,0.0,2.47,0,False,"[{'fixture': 7, 'stats': [{'identifier': 'minutes', 'points': 2, 'value': 90, 'points_modification': 0}, {'identifier': 'goals_conceded', 'points': -2, 'value': 4, 'points_modification': 0}]}]",False,Toti,2,20,44,Toti,DEF,0
638,1,2025-26,72,0,0,0,3,0,0,0,0,0,0,0,0,17.6,19.8,0.0,3.7,5,2,2,7,1,0.0,0.14,0.14,2.22,1,False,"[{'fixture': 7, 'stats': [{'identifier': 'minutes', 'points': 2, 'value': 72, 'points_modification': 0}, {'identifier': 'goals_conceded', 'points': -1, 'value': 3, 'points_modification': 0}]}]",False,Hoever,2,20,40,Hoever,DEF,1
639,1,2025-26,0,0,0,0,0,0,0,0,0,0,0,0,0,0.0,0.0,0.0,0.0,0,0,0,0,0,0.0,0.0,0.0,0.0,0,False,"[{'fixture': 7, 'stats': [{'identifier': 'minutes', 'points': 0, 'value': 0, 'points_modification': 0}]}]",False,Meupiyou,2,20,40,Meupiyou,DEF,0
640,1,2025-26,0,0,0,0,0,0,0,0,0,0,0,0,0,0.0,0.0,0.0,0.0,0,0,0,0,0,0.0,0.0,0.0,0.0,0,False,"[{'fixture': 7, 'stats': [{'identifier': 'minutes', 'points': 0, 'value': 0, 'points_modification': 0}]}]",False,Pedro Lima,2,20,40,Pedro Lima,DEF,0
641,1,2025-26,0,0,0,0,0,0,0,0,0,0,0,0,0,0.0,0.0,0.0,0.0,0,0,0,0,0,0.0,0.0,0.0,0.0,0,False,"[{'fixture': 7, 'stats': [{'identifier': 'minutes', 'points': 0, 'value': 0, 'points_modification': 0}]}]",False,Pond,2,20,39,Pond,DEF,0
642,1,2025-26,8,0,0,0,0,0,0,0,0,0,0,0,3,3.0,10.3,0.0,1.3,0,0,1,1,0,0.0,0.02,0.02,0.19,1,False,"[{'fixture': 7, 'stats': [{'identifier': 'minutes', 'points': 1, 'value': 8, 'points_modification': 0}]}]",False,Hee Chan,3,20,59,Hee Chan,MID,1
643,1,2025-26,71,0,0,0,3,0,0,0,0,0,0,0,16,15.6,1.7,0.0,1.7,3,8,4,15,1,0.0,0.01,0.01,2.22,4,False,"[{'fixture': 7, 'stats': [{'identifier': 'minutes', 'points': 2, 'value': 71, 'points_modification': 0}, {'identifier': 'defensive_contribution', 'points': 2, 'value': 15, 'points_modification': 0}]}]",False,André,3,20,54,André,MID,4
644,1,2025-26,72,0,0,0,3,0,0,0,0,0,0,0,5,4.6,17.7,5.0,2.7,1,0,2,3,1,0.02,0.03,0.05,2.22,2,False,"[{'fixture': 7, 'stats': [{'identifier': 'minutes', 'points': 2, 'value': 72, 'points_modification': 0}]}]",False,Bellegarde,3,20,53,Bellegarde,MID,2
645,1,2025-26,18,0,0,0,1,0,0,0,0,0,0,0,5,3.4,0.6,19.0,2.3,0,0,0,0,0,0.08,0.02,0.1,0.24,1,False,"[{'fixture': 7, 'stats': [{'identifier': 'minutes', 'points': 1, 'value': 18, 'points_modification': 0}]}]",False,Fer López,3,20,54,Fer López,MID,1
646,1,2025-26,90,0,0,0,4,0,0,0,0,0,0,0,20,19.4,14.8,4.0,3.8,3,2,4,9,1,0.0,0.04,0.04,2.47,2,False,"[{'fixture': 7, 'stats': [{'identifier': 'minutes', 'points': 2, 'value': 90, 'points_modification': 0}]}]",False,Gomes,3,20,54,Gomes,MID,2
647,1,2025-26,0,0,0,0,0,0,0,0,0,0,0,0,0,0.0,0.0,0.0,0.0,0,0,0,0,0,0.0,0.0,0.0,0.0,0,False,"[{'fixture': 7, 'stats': [{'identifier': 'minutes', 'points': 0, 'value': 0, 'points_modification': 0}]}]",False,Guedes,3,20,55,Guedes,MID,0
648,1,2025-26,90,0,0,0,4,0,0,0,0,0,0,0,10,8.4,6.5,7.0,2.2,0,4,2,6,1,0.05,0.02,0.07,2.47,2,False,"[{'fixture': 7, 'stats': [{'identifier': 'minutes', 'points': 2, 'value': 90, 'points_modification': 0}]}]",False,Munetsi,3,20,54,Munetsi,MID,2
649,1,2025-26,0,0,0,0,0,0,0,0,0,0,0,0,0,0.0,0.0,0.0,0.0,0,0,0,0,0,0.0,0.0,0.0,0.0,0,False,"[{'fixture': 7, 'stats': [{'identifier': 'minutes', 'points': 0, 'value': 0, 'points_modification': 0}]}]",False,B.Traore,3,20,50,B.Traore,MID,0
650,1,2025-26,0,0,0,0,0,0,0,0,0,0,0,0,0,0.0,0.0,0.0,0.0,0,0,0,0,0,0.0,0.0,0.0,0.0,0,False,"[{'fixture': 7, 'stats': [{'identifier': 'minutes', 'points': 0, 'value': 0, 'points_modification': 0}]}]",False,Chirewa,3,20,44,Chirewa,MID,0
651,1,2025-26,0,0,0,0,0,0,0,0,0,0,0,0,0,0.0,0.0,0.0,0.0,0,0,0,0,0,0.0,0.0,0.0,0.0,0,False,"[{'fixture': 7, 'stats': [{'identifier': 'minutes', 'points': 0, 'value': 0, 'points_modification': 0}]}]",False,Edozie,3,20,44,Edozie,MID,0
652,1,2025-26,0,0,0,0,0,0,0,0,0,0,0,0,0,0.0,0.0,0.0,0.0,0,0,0,0,0,0.0,0.0,0.0,0.0,0,False,"[{'fixture': 7, 'stats': [{'identifier': 'minutes', 'points': 0, 'value': 0, 'points_modification': 0}]}]",False,Gonzalez,3,20,44,Gonzalez,MID,0
653,1,2025-26,0,0,0,0,0,0,0,0,0,0,0,0,0,0.0,0.0,0.0,0.0,0,0,0,0,0,0.0,0.0,0.0,0.0,0,False,"[{'fixture': 7, 'stats': [{'identifier': 'minutes', 'points': 0, 'value': 0, 'points_modification': 0}]}]",False,Hodge,3,20,45,Hodge,MID,0
654,1,2025-26,81,0,0,0,4,0,0,0,0,0,0,0,8,11.0,2.3,45.0,5.8,3,1,1,5,1,0.38,0.01,0.39,2.28,2,False,"[{'fixture': 7, 'stats': [{'identifier': 'minutes', 'points': 2, 'value': 81, 'points_modification': 0}]}]",False,Strand Larsen,4,20,64,Strand Larsen,FWD,2
655,1,2025-26,0,0,0,0,0,0,0,0,0,0,0,0,0,0.0,0.0,0.0,0.0,0,0,0,0,0,0.0,0.0,0.0,0.0,0,False,"[{'fixture': 7, 'stats': [{'identifier': 'minutes', 'points': 0, 'value': 0, 'points_modification': 0}]}]",False,Fábio Silva,4,20,49,Fábio Silva,FWD,0
656,1,2025-26,0,0,0,0,0,0,0,0,0,0,0,0,0,0.0,0.0,0.0,0.0,0,0,0,0,0,0.0,0.0,0.0,0.0,0,False,"[{'fixture': 7, 'stats': [{'identifier': 'minutes', 'points': 0, 'value': 0, 'points_modification': 0}]}]",False,Kalajdžić,4,20,49,Kalajdžić,FWD,0
657,1,2025-26,0,0,0,0,0,0,0,0,0,0,0,0,0,0.0,0.0,0.0,0.0,0,0,0,0,0,0.0,0.0,0.0,0.0,0,False,"[{'fixture': 7, 'stats': [{'identifier': 'minutes', 'points': 0, 'value': 0, 'points_modification': 0}]}]",False,Chiwome,4,20,45,Chiwome,FWD,0
658,1,2025-26,0,0,0,0,0,0,0,0,0,0,0,0,0,0.0,0.0,0.0,0.0,0,0,0,0,0,0.0,0.0,0.0,0.0,0,False,"[{'fixture': 7, 'stats': [{'identifier': 'minutes', 'points': 0, 'value': 0, 'points_modification': 0}]}]",False,Fraser,4,20,44,Fraser,FWD,0
659,1,2025-26,0,0,0,0,0,0,0,0,0,0,0,0,0,0.0,0.0,0.0,0.0,0,0,0,0,0,0.0,0.0,0.0,0.0,0,False,"[{'fixture': 5, 'stats': [{'identifier': 'minutes', 'points': 0, 'value': 0, 'points_modification': 0}]}]",False,Walker-Peters,2,19,44,Walker-Peters,DEF,0
660,1,2025-26,90,0,1,1,0,0,0,0,0,0,0,0,24,28.2,63.9,22.0,11.4,7,4,2,13,1,0.27,0.29,0.56,0.55,8,False,"[{'fixture': 10, 'stats': [{'identifier': 'minutes', 'points': 2, 'value': 90, 'points_modification': 0}, {'identifier': 'assists', 'points': 3, 'value': 1, 'points_modification': 0}, {'identifier': 'clean_sheets', 'points': 1, 'value': 1, 'points_modification': 0}, {'identifier': 'defensive_contribution', 'points': 2, 'value': 13, 'points_modification': 0}]}]",False,Stach,3,11,50,Stach,MID,8
661,1,2025-26,71,1,1,0,1,0,0,0,0,0,0,2,37,52.8,24.4,37.0,11.4,1,0,0,1,1,1.14,0.02,1.16,1.49,11,False,"[{'fixture': 1, 'stats': [{'identifier': 'minutes', 'points': 2, 'value': 71, 'points_modification': 0}, {'identifier': 'goals_scored', 'points': 4, 'value': 1, 'points_modification': 0}, {'identifier': 'assists', 'points': 3, 'value': 1, 'points_modification': 0}, {'identifier': 'bonus', 'points': 2, 'value': 2, 'points_modification': 0}]}]",False,Ekitiké,4,12,87,Ekitiké,FWD,11
662,1,2025-26,0,0,0,0,0,0,0,0,0,0,0,0,0,0.0,0.0,0.0,0.0,0,0,0,0,0,0.0,0.0,0.0,0.0,0,False,"[{'fixture': 9, 'stats': [{'identifier': 'minutes', 'points': 0, 'value': 0, 'points_modification': 0}]}]",False,Mosquera,2,1,54,Mosquera,DEF,0
663,1,2025-26,17,0,0,0,1,0,0,0,0,0,0,0,2,2.2,12.0,2.0,1.6,1,2,0,3,0,0.0,0.02,0.02,0.24,1,False,"[{'fixture': 7, 'stats': [{'identifier': 'minutes', 'points': 1, 'value': 17, 'points_modification': 0}]}]",False,J.Arias,3,20,52,J.Arias,MID,1
664,1,2025-26,0,0,0,0,0,0,0,0,0,0,0,0,0,0.0,0.0,0.0,0.0,0,0,0,0,0,0.0,0.0,0.0,0.0,0,False,"[{'fixture': 3, 'stats': [{'identifier': 'minutes', 'points': 0, 'value': 0, 'points_modification': 0}]}]",False,Lecomte,1,10,40,Lecomte,GK,0
665,1,2025-26,90,0,0,1,0,0,0,0,0,0,1,0,24,11.2,0.0,0.0,1.1,2,8,0,0,1,0.0,0.0,0.0,0.55,6,False,"[{'fixture': 10, 'stats': [{'identifier': 'minutes', 'points': 2, 'value': 90, 'points_modification': 0}, {'identifier': 'clean_sheets', 'points': 4, 'value': 1, 'points_modification': 0}]}]",False,Perri,1,11,45,Perri,GK,6
666,1,2025-26,59,0,0,0,0,0,0,0,0,0,0,0,0,0.4,5.5,6.0,1.2,1,1,0,2,1,0.0,0.06,0.06,0.7,1,False,"[{'fixture': 9, 'stats': [{'identifier': 'minutes', 'points': 1, 'value': 59, 'points_modification': 0}]}]",False,Gyökeres,4,1,90,Gyökeres,FWD,1
667,1,2025-26,0,0,0,0,0,0,0,0,0,0,0,0,0,0.0,0.0,0.0,0.0,0,0,0,0,0,0.0,0.0,0.0,0.0,0,False,"[{'fixture': 10, 'stats': [{'identifier': 'minutes', 'points': 0, 'value': 0, 'points_modification': 0}]}]",False,Aznou,2,9,44,Aznou,DEF,0
668,1,2025-26,90,0,0,1,0,0,0,0,0,0,0,0,10,15.4,31.8,0.0,4.7,3,2,1,6,1,0.0,0.04,0.04,0.56,3,False,"[{'fixture': 5, 'stats': [{'identifier': 'minutes', 'points': 2, 'value': 90, 'points_modification': 0}, {'identifier': 'clean_sheets', 'points': 1, 'value': 1, 'points_modification': 0}]}]",False,Xhaka,3,17,50,Xhaka,MID,3
669,1,2025-26,78,1,0,0,1,0,0,0,0,0,0,2,29,32.2,0.8,27.0,6.0,0,3,0,3,1,0.1,0.01,0.11,1.5,9,False,"[{'fixture': 4, 'stats': [{'identifier': 'minutes', 'points': 2, 'value': 78, 'points_modification': 0}, {'identifier': 'goals_scored', 'points': 5, 'value': 1, 'points_modification': 0}, {'identifier': 'bonus', 'points': 2, 'value': 2, 'points_modification': 0}]}]",False,Ndoye,3,16,61,Ndoye,MID,9
670,1,2025-26,90,0,0,1,0,0,0,0,0,0,4,1,31,30.0,0.0,0.0,3.0,3,10,0,0,1,0.0,0.0,0.0,0.56,8,False,"[{'fixture': 5, 'stats': [{'identifier': 'minutes', 'points': 2, 'value': 90, 'points_modification': 0}, {'identifier': 'clean_sheets', 'points': 4, 'value': 1, 'points_modification': 0}, {'identifier': 'saves', 'points': 1, 'value': 4, 'points_modification': 0}, {'identifier': 'bonus', 'points': 1, 'value': 1, 'points_modification': 0}]}]",False,Roefs,1,17,45,Roefs,GK,8
671,1,2025-26,19,0,0,0,2,0,0,0,0,0,0,0,2,0.0,0.0,8.0,0.5,0,1,0,1,0,0.02,0.0,0.02,0.08,1,False,"[{'fixture': 5, 'stats': [{'identifier': 'minutes', 'points': 1, 'value': 19, 'points_modification': 0}]}]",False,Wilson,4,19,59,Wilson,FWD,1
672,1,2025-26,0,0,0,0,0,0,0,0,0,0,0,0,0,0.0,0.0,0.0,0.0,0,0,0,0,0,0.0,0.0,0.0,0.0,0,False,"[{'fixture': 8, 'stats': [{'identifier': 'minutes', 'points': 0, 'value': 0, 'points_modification': 0}]}]",False,Hato,2,7,48,Hato,DEF,0
673,1,2025-26,10,0,0,0,0,0,0,0,0,0,0,0,2,0.2,0.6,0.0,0.1,0,0,0,0,0,0.0,0.0,0.0,0.0,1,False,"[{'fixture': 6, 'stats': [{'identifier': 'minutes', 'points': 1, 'value': 10, 'points_modification': 0}]}]",False,J.Palhinha,3,18,55,J.Palhinha,MID,1
674,1,2025-26,0,0,0,0,0,0,0,0,0,0,0,0,0,0.0,0.0,0.0,0.0,0,0,0,0,0,0.0,0.0,0.0,0.0,0,False,"[{'fixture': 2, 'stats': [{'identifier': 'minutes', 'points': 0, 'value': 0, 'points_modification': 0}]}]",False,Ramsdale,1,15,49,Ramsdale,GK,0
675,1,2025-26,0,0,0,0,0,0,0,0,0,0,0,0,0,0.0,0.0,0.0,0.0,0,0,0,0,0,0.0,0.0,0.0,0.0,0,False,"[{'fixture': 4, 'stats': [{'identifier': 'minutes', 'points': 0, 'value': 0, 'points_modification': 0}]}]",False,Gunn,1,16,40,Gunn,GK,0
676,1,2025-26,27,0,0,0,1,0,0,0,0,0,0,0,1,0.0,0.3,3.0,0.1,0,1,0,1,0,0.05,0.0,0.05,0.91,1,False,"[{'fixture': 6, 'stats': [{'identifier': 'minutes', 'points': 1, 'value': 27, 'points_modification': 0}]}]",False,Ugochukwu,3,3,50,Ugochukwu,MID,1
677,1,2025-26,0,0,0,0,0,0,0,0,0,0,0,0,0,0.0,0.0,0.0,0.0,0,0,0,0,0,0.0,0.0,0.0,0.0,0,False,"[{'fixture': 2, 'stats': [{'identifier': 'minutes', 'points': 0, 'value': 0, 'points_modification': 0}]}]",False,Guessand,3,2,63,Guessand,MID,0
678,1,2025-26,0,0,0,0,0,0,0,0,0,0,0,0,0,0.0,0.0,0.0,0.0,0,0,0,0,0,0.0,0.0,0.0,0.0,0,False,"[{'fixture': 5, 'stats': [{'identifier': 'minutes', 'points': 0, 'value': 0, 'points_modification': 0}]}]",False,Masuaku,2,17,40,Masuaku,DEF,0
679,1,2025-26,90,0,0,0,3,0,0,0,0,0,2,0,3,21.0,0.0,0.0,2.1,2,6,0,0,1,0.0,0.01,0.01,0.68,1,False,"[{'fixture': 5, 'stats': [{'identifier': 'minutes', 'points': 2, 'value': 90, 'points_modification': 0}, {'identifier': 'goals_conceded', 'points': -1, 'value': 3, 'points_modification': 0}]}]",False,Hermansen,1,19,45,Hermansen,GK,1
680,1,2025-26,0,0,0,0,0,0,0,0,0,0,0,0,0,0.0,0.0,0.0,0.0,0,0,0,0,0,0.0,0.0,0.0,0.0,0,False,"[{'fixture': 6, 'stats': [{'identifier': 'minutes', 'points': 0, 'value': 0, 'points_modification': 0}]}]",False,Broja,4,3,53,Broja,FWD,0
681,1,2025-26,25,0,0,0,0,0,0,0,0,0,0,0,2,0.0,20.5,12.0,3.2,0,1,0,1,0,0.11,0.06,0.17,0.21,1,False,"[{'fixture': 9, 'stats': [{'identifier': 'minutes', 'points': 1, 'value': 25, 'points_modification': 0}]}]",False,Šeško,4,14,73,Šeško,FWD,1
682,1,2025-26,71,0,0,0,3,0,0,0,0,0,0,0,-4,7.2,0.8,2.0,1.0,3,2,1,4,1,0.0,0.0,0.0,2.22,1,False,"[{'fixture': 7, 'stats': [{'identifier': 'minutes', 'points': 2, 'value': 71, 'points_modification': 0}, {'identifier': 'goals_conceded', 'points': -1, 'value': 3, 'points_modification': 0}]}]",False,Møller Wolfe,2,20,45,Møller Wolfe,DEF,1
683,1,2025-26,37,0,1,0,0,0,0,0,0,0,0,0,16,30.0,14.4,0.0,4.4,4,1,1,5,0,0.0,0.12,0.12,0.23,4,False,"[{'fixture': 5, 'stats': [{'identifier': 'minutes', 'points': 1, 'value': 37, 'points_modification': 0}, {'identifier': 'assists', 'points': 3, 'value': 1, 'points_modification': 0}]}]",False,Alderete,2,17,40,Alderete,DEF,4
684,1,2025-26,0,0,0,0,0,0,0,0,0,0,0,0,0,0.0,0.0,0.0,0.0,0,0,0,0,0,0.0,0.0,0.0,0.0,0,False,"[{'fixture': 2, 'stats': [{'identifier': 'minutes', 'points': 0, 'value': 0, 'points_modification': 0}]}]",False,Thiaw,2,15,49,Thiaw,DEF,0
685,1,2025-26,90,0,0,0,4,0,0,0,0,0,0,0,2,14.8,0.2,0.0,1.5,7,8,2,9,1,0.0,0.0,0.0,2.21,0,False,"[{'fixture': 1, 'stats': [{'identifier': 'minutes', 'points': 2, 'value': 90, 'points_modification': 0}, {'identifier': 'goals_conceded', 'points': -2, 'value': 4, 'points_modification': 0}]}]",False,Diakité,2,4,45,Diakité,DEF,0
686,1,2025-26,0,0,0,0,0,0,0,0,0,0,0,0,0,0.0,0.0,0.0,0.0,0,0,0,0,0,0.0,0.0,0.0,0.0,0,False,"[{'fixture': 1, 'stats': [{'identifier': 'minutes', 'points': 0, 'value': 0, 'points_modification': 0}]}]",False,Ngumoha,3,12,45,Ngumoha,MID,0
687,1,2025-26,0,0,0,0,0,0,0,0,0,0,0,0,0,0.0,0.0,0.0,0.0,0,0,0,0,0,0.0,0.0,0.0,0.0,0,False,"[{'fixture': 1, 'stats': [{'identifier': 'minutes', 'points': 0, 'value': 0, 'points_modification': 0}]}]",False,Rees-Dottin,3,4,45,Rees-Dottin,MID,0
688,1,2025-26,0,0,0,0,0,0,0,0,0,0,0,0,0,0.0,0.0,0.0,0.0,0,0,0,0,0,0.0,0.0,0.0,0.0,0,False,"[{'fixture': 2, 'stats': [{'identifier': 'minutes', 'points': 0, 'value': 0, 'points_modification': 0}]}]",False,Wright,1,2,40,Wright,GK,0
689,1,2025-26,0,0,0,0,0,0,0,0,0,0,0,0,0,0.0,0.0,0.0,0.0,0,0,0,0,0,0.0,0.0,0.0,0.0,0,False,"[{'fixture': 2, 'stats': [{'identifier': 'minutes', 'points': 0, 'value': 0, 'points_modification': 0}]}]",False,Seung soo,3,15,44,Seung soo,MID,0
690,1,2025-26,0,0,0,0,0,0,0,0,0,0,0,0,0,0.0,0.0,0.0,0.0,0,0,0,0,0,0.0,0.0,0.0,0.0,0,False,"[{'fixture': 8, 'stats': [{'identifier': 'minutes', 'points': 0, 'value': 0, 'points_modification': 0}]}]",False,Cardines,3,8,44,Cardines,MID,0
