element,gameweek,season,minutes,goals_scored,assists,clean_sheets,goals_conceded,own_goals,penalties_saved,penalties_missed,yellow_cards,red_cards,saves,bonus,bps,influence,creativity,threat,ict_index,clearances_blocks_interceptions,recoveries,tackles,defensive_contribution,starts,expected_goals,expected_assists,expected_goal_involvements,expected_goals_conceded,total_points,in_dreamteam,explain,modified,web_name,element_type,team,now_cost,name,position,xP
1,2,2025-26,90,0,0,1,0,0,0,0,0,0,1,0,28,13.4,0.0,0.0,1.3,0,3,0,0,1,0.0,0.0,0.0,0.17,6,False,"[{'fixture': 11, 'stats': [{'identifier': 'minutes', 'points': 2, 'value': 90, 'points_modification': 0}, {'identifier': 'clean_sheets', 'points': 4, 'value': 1, 'points_modification': 0}]}]",False,Raya,1,1,56,Raya,GK,6
2,2,2025-26,0,0,0,0,0,0,0,0,0,0,0,0,0,0.0,0.0,0.0,0.0,0,0,0,0,0,0.0,0.0,0.0,0.0,0,False,"[{'fixture': 11, 'stats': [{'identifier': 'minutes', 'points': 0, 'value': 0, 'points_modification': 0}]}]",False,Arrizabalaga,1,1,43,Arrizabalaga,GK,0
3,2,2025-26,0,0,0,0,0,0,0,0,0,0,0,0,0,0.0,0.0,0.0,0.0,0,0,0,0,0,0.0,0.0,0.0,0.0,0,False,"[{'fixture': 11, 'stats': [{'identifier': 'minutes', 'points': 0, 'value': 0, 'points_modification': 0}]}]",False,Hein,1,1,40,Hein,GK,0
4,2,2025-26,0,0,0,0,0,0,0,0,0,0,0,0,0,0.0,0.0,0.0,0.0,0,0,0,0,0,0.0,0.0,0.0,0.0,0,False,"[{'fixture': 11, 'stats': [{'identifier': 'minutes', 'points': 0, 'value': 0, 'points_modification': 0}]}]",False,Setford,1,1,40,Setford,GK,0
5,2,2025-26,90,0,0,1,0,0,0,0,0,0,0,0,26,13.4,3.3,6.0,2.3,3,4,0,3,1,0.04,0.01,0.05,0.17,6,False,"[{'fixture': 11, 'stats': [{'identifier': 'minutes', 'points': 2, 'value': 90, 'points_modification': 0}, {'identifier': 'clean_sheets', 'points': 4, 'value': 1, 'points_modification': 0}]}]",False,Gabriel,2,1,61,Gabriel,DEF,6
6,2,2025-26,90,0,0,1,0,0,0,0,0,0,0,0,27,18.4,2.1,2.0,2.3,5,4,0,5,1,0.0,0.01,0.01,0.17,6,False,"[{'fixture': 11, 'stats': [{'identifier': 'minutes', 'points': 2, 'value': 90, 'points_modification': 0}, {'identifier': 'clean_sheets', 'points': 4, 'value': 1, 'points_modification': 0}]}]",False,Saliba,2,1,60,Saliba,DEF,6
7,2,2025-26,63,0,2,1,0,0,0,0,0,0,0,1,38,38.0,21.4,22.0,8.1,1,1,0,1,1,0.39,0.01,0.4,0.17,13,True,"[{'fixture': 11, 'stats': [{'identifier': 'minutes', 'points': 2, 'value': 63, 'points_modification': 0}, {'identifier': 'assists', 'points': 6, 'value': 2, 'points_modification': 0}, {'identifier': 'clean_sheets', 'points': 4, 'value': 1, 'points_modification': 0}, {'identifier': 'bonus', 'points': 1, 'value': 1, 'points_modification': 0}]}]",False,Calafiori,2,1,57,Calafiori,DEF,13
8,2,2025-26,63,2,1,1,0,0,0,0,0,0,0,3,68,95.0,28.5,75.0,19.9,2,1,4,6,1,0.81,0.05,0.86,0.17,24,True,"[{'fixture': 11, 'stats': [{'identifier': 'minutes', 'points': 2, 'value': 63, 'points_modification': 0}, {'identifier': 'goals_scored', 'points': 12, 'value': 2, 'points_modification': 0}, {'identifier': 'assists', 'points': 3, 'value': 1, 'points_modification': 0}, {'identifier': 'clean_sheets', 'points': 4, 'value': 1, 'points_modification': 0}, {'identifier': 'bonus', 'points': 3, 'value': 3, 'points_modification': 0}]}]",False,J.Timber,2,1,58,J.Timber,DEF,24
9,2,2025-26,0,0,0,0,0,0,0,0,0,0,0,0,0,0.0,0.0,0.0,0.0,0,0,0,0,0,0.0,0.0,0.0,0.0,0,False,"[{'fixture': 11, 'stats': [{'identifier': 'minutes', 'points': 0, 'value': 0, 'points_modification': 0}]}]",False,Kiwior,2,1,54,Kiwior,DEF,0
10,2,2025-26,26,0,0,0,0,0,0,0,0,0,0,0,7,4.2,3.7,0.0,0.8,0,2,1,1,0,0.0,0.0,0.0,0.0,1,False,"[{'fixture': 11, 'stats': [{'identifier': 'minutes', 'points': 1, 'value': 26, 'points_modification': 0}]}]",False,Lewis-Skelly,2,1,53,Lewis-Skelly,DEF,1
11,2,2025-26,0,0,0,0,0,0,0,0,0,0,0,0,0,0.0,0.0,0.0,0.0,0,0,0,0,0,0.0,0.0,0.0,0.0,0,False,"[{'fixture': 11, 'stats': [{'identifier': 'minutes', 'points': 0, 'value': 0, 'points_modification': 0}]}]",False,White,2,1,54,White,DEF,0
12,2,2025-26,0,0,0,0,0,0,0,0,0,0,0,0,0,0.0,0.0,0.0,0.0,0,0,0,0,0,0.0,0.0,0.0,0.0,0,False,"[{'fixture': 11, 'stats': [{'identifier': 'minutes', 'points': 0, 'value': 0, 'points_modification': 0}]}]",False,Zinchenko,2,16,49,Zinchenko,DEF,0
13,2,2025-26,0,0,0,0,0,0,0,0,0,0,0,0,0,0.0,0.0,0.0,0.0,0,0,0,0,0,0.0,0.0,0.0,0.0,0,False,"[{'fixture': 11, 'stats': [{'identifier': 'minutes', 'points': 0, 'value': 0, 'points_modification': 0}]}]",False,Clarke,2,1,40,Clarke,DEF,0
14,2,2025-26,0,0,0,0,0,0,0,0,0,0,0,0,0,0.0,0.0,0.0,0.0,0,0,0,0,0,0.0,0.0,0.0,0.0,0,False,"[{'fixture': 11, 'stats': [{'identifier': 'minutes', 'points': 0, 'value': 0, 'points_modification': 0}]}]",False,Kacurri,2,1,39,Kacurri,DEF,0
15,2,2025-26,0,0,0,0,0,0,0,0,0,0,0,0,0,0.0,0.0,0.0,0.0,0,0,0,0,0,0.0,0.0,0.0,0.0,0,False,"[{'fixture': 11, 'stats': [{'identifier': 'minutes', 'points': 0, 'value': 0, 'points_modification': 0}]}]",False,Nichols,2,1,39,Nichols,DEF,0
16,2,2025-26,52,1,0,0,0,0,0,0,0,0,0,0,27,40.4,30.4,21.0,9.2,0,4,0,4,1,0.11,0.03,0.14,0.17,6,False,"[{'fixture': 11, 'stats': [{'identifier': 'minutes', 'points': 1, 'value': 52, 'points_modification': 0}, {'identifier': 'goals_scored', 'points': 5, 'value': 1, 'points_modification': 0}]}]",False,Saka,3,1,98,Saka,MID,6
17,2,2025-26,37,0,0,0,0,0,0,0,0,0,0,0,5,1.6,4.4,3.0,0.9,0,1,1,2,1,0.05,0.05,0.1,0.17,1,False,"[{'fixture': 11, 'stats': [{'identifier': 'minutes', 'points': 1, 'value': 37, 'points_modification': 0}]}]",False,Ødegaard,3,1,79,Ødegaard,MID,1
18,2,2025-26,63,0,0,1,0,0,0,0,0,0,0,0,10,5.6,26.9,10.0,4.3,0,3,0,3,1,0.0,0.09,0.09,0.17,3,False,"[{'fixture': 11, 'stats': [{'identifier': 'minutes', 'points': 2, 'value': 63, 'points_modification': 0}, {'identifier': 'clean_sheets', 'points': 1, 'value': 1, 'points_modification': 0}]}]",False,Madueke,3,1,70,Madueke,MID,3
19,2,2025-26,0,0,0,0,0,0,0,0,0,0,0,0,0,0.0,0.0,0.0,0.0,0,0,0,0,0,0.0,0.0,0.0,0.0,0,False,"[{'fixture': 11, 'stats': [{'identifier': 'minutes', 'points': 0, 'value': 0, 'points_modification': 0}]}]",False,Martinelli,3,1,69,Martinelli,MID,0
20,2,2025-26,37,0,0,0,0,0,0,0,0,0,0,0,4,5.4,21.5,4.0,3.1,0,0,0,0,0,0.07,0.03,0.1,0.0,1,False,"[{'fixture': 11, 'stats': [{'identifier': 'minutes', 'points': 1, 'value': 37, 'points_modification': 0}]}]",False,Trossard,3,1,69,Trossard,MID,1
21,2,2025-26,90,0,1,1,0,0,0,0,0,0,0,0,26,25.2,50.0,2.0,7.7,0,3,0,3,1,0.0,0.54,0.54,0.17,6,False,"[{'fixture': 11, 'stats': [{'identifier': 'minutes', 'points': 2, 'value': 90, 'points_modification': 0}, {'identifier': 'assists', 'points': 3, 'value': 1, 'points_modification': 0}, {'identifier': 'clean_sheets', 'points': 1, 'value': 1, 'points_modification': 0}]}]",False,Rice,3,1,65,Rice,MID,6
22,2,2025-26,0,0,0,0,0,0,0,0,0,0,0,0,0,0.0,0.0,0.0,0.0,0,0,0,0,0,0.0,0.0,0.0,0.0,0,False,"[{'fixture': 11, 'stats': [{'identifier': 'minutes', 'points': 0, 'value': 0, 'points_modification': 0}]}]",False,Merino,3,1,59,Merino,MID,0
23,2,2025-26,0,0,0,0,0,0,0,0,0,0,0,0,0,0.0,0.0,0.0,0.0,0,0,0,0,0,0.0,0.0,0.0,0.0,0,False,"[{'fixture': 11, 'stats': [{'identifier': 'minutes', 'points': 0, 'value': 0, 'points_modification': 0}]}]",False,Fábio Vieira,3,1,54,Fábio Vieira,MID,0
24,2,2025-26,0,0,0,0,0,0,0,0,0,0,0,0,0,0.0,0.0,0.0,0.0,0,0,0,0,0,0.0,0.0,0.0,0.0,0,False,"[{'fixture': 11, 'stats': [{'identifier': 'minutes', 'points': 0, 'value': 0, 'points_modification': 0}]}]",False,Nørgaard,3,1,53,Nørgaard,MID,0
25,2,2025-26,52,0,0,0,0,0,0,0,0,0,0,0,3,5.6,1.8,5.0,1.2,0,3,1,4,0,0.02,0.01,0.03,0.0,1,False,"[{'fixture': 11, 'stats': [{'identifier': 'minutes', 'points': 1, 'value': 52, 'points_modification': 0}]}]",False,Nwaneri,3,1,53,Nwaneri,MID,1
26,2,2025-26,90,0,0,1,0,0,0,0,0,0,0,0,12,6.4,6.9,1.0,1.4,1,5,2,8,1,0.02,0.02,0.04,0.17,3,False,"[{'fixture': 11, 'stats': [{'identifier': 'minutes', 'points': 2, 'value': 90, 'points_modification': 0}, {'identifier': 'clean_sheets', 'points': 1, 'value': 1, 'points_modification': 0}]}]",False,Zubimendi,3,1,55,Zubimendi,MID,3
27,2,2025-26,0,0,0,0,0,0,0,0,0,0,0,0,0,0.0,0.0,0.0,0.0,0,0,0,0,0,0.0,0.0,0.0,0.0,0,False,"[{'fixture': 11, 'stats': [{'identifier': 'minutes', 'points': 0, 'value': 0, 'points_modification': 0}]}]",False,Nelson,3,5,49,Nelson,MID,0
28,2,2025-26,0,0,0,0,0,0,0,0,0,0,0,0,0,0.0,0.0,0.0,0.0,0,0,0,0,0,0.0,0.0,0.0,0.0,0,False,"[{'fixture': 11, 'stats': [{'identifier': 'minutes', 'points': 0, 'value': 0, 'points_modification': 0}]}]",False,Kabia,3,1,45,Kabia,MID,0
29,2,2025-26,0,0,0,0,0,0,0,0,0,0,0,0,0,0.0,0.0,0.0,0.0,0,0,0,0,0,0.0,0.0,0.0,0.0,0,False,"[{'fixture': 11, 'stats': [{'identifier': 'minutes', 'points': 0, 'value': 0, 'points_modification': 0}]}]",False,Sambi,3,1,45,Sambi,MID,0
30,2,2025-26,0,0,0,0,0,0,0,0,0,0,0,0,0,0.0,0.0,0.0,0.0,0,0,0,0,0,0.0,0.0,0.0,0.0,0,False,"[{'fixture': 11, 'stats': [{'identifier': 'minutes', 'points': 0, 'value': 0, 'points_modification': 0}]}]",False,Havertz,4,1,73,Havertz,FWD,0
31,2,2025-26,0,0,0,0,0,0,0,0,0,0,0,0,0,0.0,0.0,0.0,0.0,0,0,0,0,0,0.0,0.0,0.0,0.0,0,False,"[{'fixture': 11, 'stats': [{'identifier': 'minutes', 'points': 0, 'value': 0, 'points_modification': 0}]}]",False,G.Jesus,4,1,64,G.Jesus,FWD,0
32,2,2025-26,90,0,0,0,1,0,0,0,0,0,1,0,15,12.8,0.0,0.0,1.3,0,10,0,0,1,0.0,0.01,0.01,1.21,2,False,"[{'fixture': 13, 'stats': [{'identifier': 'minutes', 'points': 2, 'value': 90, 'points_modification': 0}]}]",False,Martinez,1,2,50,Martinez,GK,2
33,2,2025-26,0,0,0,0,0,0,0,0,0,0,0,0,0,0.0,0.0,0.0,0.0,0,0,0,0,0,0.0,0.0,0.0,0.0,0,False,"[{'fixture': 13, 'stats': [{'identifier': 'minutes', 'points': 0, 'value': 0, 'points_modification': 0}]}]",False,M.Bizot,1,2,45,M.Bizot,GK,0
34,2,2025-26,0,0,0,0,0,0,0,0,0,0,0,0,0,0.0,0.0,0.0,0.0,0,0,0,0,0,0.0,0.0,0.0,0.0,0,False,"[{'fixture': 13, 'stats': [{'identifier': 'minutes', 'points': 0, 'value': 0, 'points_modification': 0}]}]",False,Gauci,1,2,40,Gauci,GK,0
35,2,2025-26,0,0,0,0,0,0,0,0,0,0,0,0,0,0.0,0.0,0.0,0.0,0,0,0,0,0,0.0,0.0,0.0,0.0,0,False,"[{'fixture': 13, 'stats': [{'identifier': 'minutes', 'points': 0, 'value': 0, 'points_modification': 0}]}]",False,Marschall,1,2,40,Marschall,GK,0
36,2,2025-26,90,0,0,0,1,0,0,0,0,0,0,0,18,20.4,25.4,4.0,5.0,3,5,3,6,1,0.0,0.23,0.23,1.21,2,False,"[{'fixture': 13, 'stats': [{'identifier': 'minutes', 'points': 2, 'value': 90, 'points_modification': 0}]}]",False,Cash,2,2,46,Cash,DEF,2
37,2,2025-26,63,0,0,0,1,0,0,0,0,0,0,0,8,6.8,8.4,6.0,2.1,1,2,1,2,1,0.0,0.16,0.16,1.11,2,False,"[{'fixture': 13, 'stats': [{'identifier': 'minutes', 'points': 2, 'value': 63, 'points_modification': 0}]}]",False,Digne,2,2,45,Digne,DEF,2
38,2,2025-26,0,0,0,0,0,0,0,0,0,0,0,0,0,0.0,0.0,0.0,0.0,0,0,0,0,0,0.0,0.0,0.0,0.0,0,False,"[{'fixture': 13, 'stats': [{'identifier': 'minutes', 'points': 0, 'value': 0, 'points_modification': 0}]}]",False,Konsa,2,2,45,Konsa,DEF,0
39,2,2025-26,26,0,0,0,0,0,0,0,0,0,0,0,10,10.6,15.4,2.0,2.8,3,2,1,4,0,0.02,0.06,0.08,0.11,1,False,"[{'fixture': 13, 'stats': [{'identifier': 'minutes', 'points': 1, 'value': 26, 'points_modification': 0}]}]",False,Maatsen,2,2,44,Maatsen,DEF,1
40,2,2025-26,90,0,0,0,1,0,0,0,0,0,0,0,12,17.6,12.3,15.0,4.5,5,6,0,5,1,0.11,0.03,0.14,1.21,2,False,"[{'fixture': 13, 'stats': [{'identifier': 'minutes', 'points': 2, 'value': 90, 'points_modification': 0}]}]",False,Mings,2,2,45,Mings,DEF,2
41,2,2025-26,90,0,0,0,1,0,0,0,0,0,0,0,8,17.0,5.8,9.0,3.2,1,8,2,3,1,0.07,0.13,0.2,1.21,2,False,"[{'fixture': 13, 'stats': [{'identifier': 'minutes', 'points': 2, 'value': 90, 'points_modification': 0}]}]",False,Pau,2,2,44,Pau,DEF,2
42,2,2025-26,0,0,0,0,0,0,0,0,0,0,0,0,0,0.0,0.0,0.0,0.0,0,0,0,0,0,0.0,0.0,0.0,0.0,0,False,"[{'fixture': 13, 'stats': [{'identifier': 'minutes', 'points': 0, 'value': 0, 'points_modification': 0}]}]",False,A.García,2,2,39,A.García,DEF,0
43,2,2025-26,0,0,0,0,0,0,0,0,0,0,0,0,0,0.0,0.0,0.0,0.0,0,0,0,0,0,0.0,0.0,0.0,0.0,0,False,"[{'fixture': 13, 'stats': [{'identifier': 'minutes', 'points': 0, 'value': 0, 'points_modification': 0}]}]",False,Alex Moreno,2,2,40,Alex Moreno,DEF,0
44,2,2025-26,16,0,0,0,0,0,0,0,1,0,0,0,-3,0.0,2.3,2.0,0.3,0,0,0,0,0,0.0,0.03,0.03,0.11,0,False,"[{'fixture': 13, 'stats': [{'identifier': 'minutes', 'points': 1, 'value': 16, 'points_modification': 0}, {'identifier': 'yellow_cards', 'points': -1, 'value': 1, 'points_modification': 0}]}]",False,Bogarde,2,2,40,Bogarde,DEF,0
45,2,2025-26,0,0,0,0,0,0,0,0,0,0,0,0,0,0.0,0.0,0.0,0.0,0,0,0,0,0,0.0,0.0,0.0,0.0,0,False,"[{'fixture': 13, 'stats': [{'identifier': 'minutes', 'points': 0, 'value': 0, 'points_modification': 0}]}]",False,Sousa,2,2,40,Sousa,DEF,0
46,2,2025-26,0,0,0,0,0,0,0,0,0,0,0,0,0,0.0,0.0,0.0,0.0,0,0,0,0,0,0.0,0.0,0.0,0.0,0,False,"[{'fixture': 13, 'stats': [{'identifier': 'minutes', 'points': 0, 'value': 0, 'points_modification': 0}]}]",False,Yasin,2,2,40,Yasin,DEF,0
47,2,2025-26,90,0,0,0,1,0,0,0,0,0,0,0,3,4.4,21.3,17.0,4.3,0,1,0,1,1,0.1,0.12,0.22,1.21,2,False,"[{'fixture': 13, 'stats': [{'identifier': 'minutes', 'points': 2, 'value': 90, 'points_modification': 0}]}]",False,Rogers,3,2,69,Rogers,MID,2
48,2,2025-26,90,0,0,0,1,0,0,0,0,0,0,0,13,11.2,50.8,12.0,7.4,0,2,1,3,1,0.04,0.29,0.33,1.21,2,False,"[{'fixture': 13, 'stats': [{'identifier': 'minutes', 'points': 2, 'value': 90, 'points_modification': 0}]}]",False,Tielemans,3,2,59,Tielemans,MID,2
49,2,2025-26,0,0,0,0,0,0,0,0,0,0,0,0,0,0.0,0.0,0.0,0.0,0,0,0,0,0,0.0,0.0,0.0,0.0,0,False,"[{'fixture': 13, 'stats': [{'identifier': 'minutes', 'points': 0, 'value': 0, 'points_modification': 0}]}]",False,Bailey,3,2,55,Bailey,MID,0
50,2,2025-26,58,0,0,0,0,0,0,0,0,0,0,0,1,0.8,12.2,9.0,2.2,2,0,1,3,0,0.2,0.2,0.4,0.28,1,False,"[{'fixture': 13, 'stats': [{'identifier': 'minutes', 'points': 1, 'value': 58, 'points_modification': 0}]}]",False,Buendía,3,2,53,Buendía,MID,1
51,2,2025-26,0,0,0,0,0,0,0,0,0,0,0,0,0,0.0,0.0,0.0,0.0,0,0,0,0,0,0.0,0.0,0.0,0.0,0,False,"[{'fixture': 13, 'stats': [{'identifier': 'minutes', 'points': 0, 'value': 0, 'points_modification': 0}]}]",False,Iling Jr,3,2,55,Iling Jr,MID,0
52,2,2025-26,14,0,0,0,1,0,0,0,0,0,0,0,5,4.2,11.0,0.0,1.5,0,3,1,4,0,0.0,0.02,0.02,0.37,1,False,"[{'fixture': 19, 'stats': [{'identifier': 'minutes', 'points': 1, 'value': 14, 'points_modification': 0}]}]",False,J.Ramsey,3,15,53,J.Ramsey,MID,1
53,2,2025-26,26,0,0,0,0,0,0,0,0,0,0,0,3,0.4,2.8,2.0,0.5,0,1,0,1,0,0.0,0.02,0.02,0.11,1,False,"[{'fixture': 13, 'stats': [{'identifier': 'minutes', 'points': 1, 'value': 26, 'points_modification': 0}]}]",False,Malen,3,2,52,Malen,MID,1
54,2,2025-26,73,0,0,0,1,0,0,0,0,0,0,0,14,17.6,31.1,15.0,6.4,2,2,0,4,1,0.05,0.12,0.17,1.11,2,False,"[{'fixture': 13, 'stats': [{'identifier': 'minutes', 'points': 2, 'value': 73, 'points_modification': 0}]}]",False,McGinn,3,2,54,McGinn,MID,2
55,2,2025-26,0,0,0,0,0,0,0,0,0,0,0,0,0,0.0,0.0,0.0,0.0,0,0,0,0,0,0.0,0.0,0.0,0.0,0,False,"[{'fixture': 13, 'stats': [{'identifier': 'minutes', 'points': 0, 'value': 0, 'points_modification': 0}]}]",False,Barkley,3,2,48,Barkley,MID,0
56,2,2025-26,0,0,0,0,0,0,0,0,0,0,0,0,0,0.0,0.0,0.0,0.0,0,0,0,0,0,0.0,0.0,0.0,0.0,0,False,"[{'fixture': 13, 'stats': [{'identifier': 'minutes', 'points': 0, 'value': 0, 'points_modification': 0}]}]",False,Barrenechea,3,2,50,Barrenechea,MID,0
57,2,2025-26,0,0,0,0,0,0,0,0,0,0,0,0,0,0.0,0.0,0.0,0.0,0,0,0,0,0,0.0,0.0,0.0,0.0,0,False,"[{'fixture': 13, 'stats': [{'identifier': 'minutes', 'points': 0, 'value': 0, 'points_modification': 0}]}]",False,Dobbin,3,2,50,Dobbin,MID,0
58,2,2025-26,15,0,0,0,1,0,0,0,0,0,0,0,5,1.6,0.8,2.0,0.4,0,0,1,1,1,0.0,0.0,0.0,0.83,1,False,"[{'fixture': 13, 'stats': [{'identifier': 'minutes', 'points': 1, 'value': 15, 'points_modification': 0}]}]",False,Kamara,3,2,49,Kamara,MID,1
59,2,2025-26,63,0,0,0,1,0,0,0,1,0,0,0,10,14.6,3.2,16.0,3.4,4,3,2,9,1,0.23,0.04,0.27,1.11,1,False,"[{'fixture': 13, 'stats': [{'identifier': 'minutes', 'points': 2, 'value': 63, 'points_modification': 0}, {'identifier': 'yellow_cards', 'points': -1, 'value': 1, 'points_modification': 0}]}]",False,Onana,3,2,49,Onana,MID,1
60,2,2025-26,0,0,0,0,0,0,0,0,0,0,0,0,0,0.0,0.0,0.0,0.0,0,0,0,0,0,0.0,0.0,0.0,0.0,0,False,"[{'fixture': 13, 'stats': [{'identifier': 'minutes', 'points': 0, 'value': 0, 'points_modification': 0}]}]",False,Broggio,3,2,45,Broggio,MID,0
61,2,2025-26,0,0,0,0,0,0,0,0,0,0,0,0,0,0.0,0.0,0.0,0.0,0,0,0,0,0,0.0,0.0,0.0,0.0,0,False,"[{'fixture': 13, 'stats': [{'identifier': 'minutes', 'points': 0, 'value': 0, 'points_modification': 0}]}]",False,Dendoncker,3,2,45,Dendoncker,MID,0
62,2,2025-26,0,0,0,0,0,0,0,0,0,0,0,0,0,0.0,0.0,0.0,0.0,0,0,0,0,0,0.0,0.0,0.0,0.0,0,False,"[{'fixture': 13, 'stats': [{'identifier': 'minutes', 'points': 0, 'value': 0, 'points_modification': 0}]}]",False,Jimoh-Aloba,3,2,45,Jimoh-Aloba,MID,0
63,2,2025-26,0,0,0,0,0,0,0,0,0,0,0,0,0,0.0,0.0,0.0,0.0,0,0,0,0,0,0.0,0.0,0.0,0.0,0,False,"[{'fixture': 13, 'stats': [{'identifier': 'minutes', 'points': 0, 'value': 0, 'points_modification': 0}]}]",False,Young,3,2,44,Young,MID,0
64,2,2025-26,90,0,0,0,1,0,0,0,0,0,0,0,6,1.8,14.1,22.0,3.8,0,3,1,4,1,0.37,0.08,0.45,1.21,2,False,"[{'fixture': 13, 'stats': [{'identifier': 'minutes', 'points': 2, 'value': 90, 'points_modification': 0}]}]",False,Watkins,4,2,87,Watkins,FWD,2
65,2,2025-26,0,0,0,0,0,0,0,0,0,0,0,0,0,0.0,0.0,0.0,0.0,0,0,0,0,0,0.0,0.0,0.0,0.0,0,False,"[{'fixture': 13, 'stats': [{'identifier': 'minutes', 'points': 0, 'value': 0, 'points_modification': 0}]}]",False,Redmond,4,2,45,Redmond,FWD,0
66,2,2025-26,0,0,0,0,0,0,0,0,0,0,0,0,0,0.0,0.0,0.0,0.0,0,0,0,0,0,0.0,0.0,0.0,0.0,0,False,"[{'fixture': 12, 'stats': [{'identifier': 'minutes', 'points': 0, 'value': 0, 'points_modification': 0}]}]",False,Neto,1,4,45,Neto,GK,0
67,2,2025-26,90,0,0,1,0,0,0,0,0,0,1,0,23,11.4,0.0,0.0,1.1,2,5,0,0,1,0.0,0.0,0.0,0.46,6,False,"[{'fixture': 12, 'stats': [{'identifier': 'minutes', 'points': 2, 'value': 90, 'points_modification': 0}, {'identifier': 'clean_sheets', 'points': 4, 'value': 1, 'points_modification': 0}]}]",False,Petrović,1,4,45,Petrović,GK,6
68,2,2025-26,0,0,0,0,0,0,0,0,0,0,0,0,0,0.0,0.0,0.0,0.0,0,0,0,0,0,0.0,0.0,0.0,0.0,0,False,"[{'fixture': 12, 'stats': [{'identifier': 'minutes', 'points': 0, 'value': 0, 'points_modification': 0}]}]",False,Dennis,1,4,40,Dennis,GK,0
69,2,2025-26,0,0,0,0,0,0,0,0,0,0,0,0,0,0.0,0.0,0.0,0.0,0,0,0,0,0,0.0,0.0,0.0,0.0,0,False,"[{'fixture': 12, 'stats': [{'identifier': 'minutes', 'points': 0, 'value': 0, 'points_modification': 0}]}]",False,McKenna,1,4,40,McKenna,GK,0
70,2,2025-26,0,0,0,0,0,0,0,0,0,0,0,0,0,0.0,0.0,0.0,0.0,0,0,0,0,0,0.0,0.0,0.0,0.0,0,False,"[{'fixture': 12, 'stats': [{'identifier': 'minutes', 'points': 0, 'value': 0, 'points_modification': 0}]}]",False,Paulsen,1,4,40,Paulsen,GK,0
71,2,2025-26,0,0,0,0,0,0,0,0,0,0,0,0,0,0.0,0.0,0.0,0.0,0,0,0,0,0,0.0,0.0,0.0,0.0,0,False,"[{'fixture': 12, 'stats': [{'identifier': 'minutes', 'points': 0, 'value': 0, 'points_modification': 0}]}]",False,Zabarnyi,2,4,50,Zabarnyi,DEF,0
72,2,2025-26,90,0,0,1,0,0,0,0,0,0,0,1,31,25.0,0.9,2.0,2.8,13,4,1,14,1,0.0,0.01,0.01,0.46,9,False,"[{'fixture': 12, 'stats': [{'identifier': 'minutes', 'points': 2, 'value': 90, 'points_modification': 0}, {'identifier': 'clean_sheets', 'points': 4, 'value': 1, 'points_modification': 0}, {'identifier': 'bonus', 'points': 1, 'value': 1, 'points_modification': 0}, {'identifier': 'defensive_contribution', 'points': 2, 'value': 14, 'points_modification': 0}]}]",False,Senesi,2,4,48,Senesi,DEF,9
73,2,2025-26,90,0,0,1,0,0,0,0,0,0,0,0,24,5.6,3.4,0.0,0.9,2,1,0,2,1,0.0,0.01,0.01,0.46,6,False,"[{'fixture': 12, 'stats': [{'identifier': 'minutes', 'points': 2, 'value': 90, 'points_modification': 0}, {'identifier': 'clean_sheets', 'points': 4, 'value': 1, 'points_modification': 0}]}]",False,Smith,2,4,44,Smith,DEF,6
74,2,2025-26,90,0,0,1,0,0,0,0,0,0,0,0,28,18.0,18.9,6.0,4.3,4,4,0,4,1,0.0,0.04,0.04,0.46,6,False,"[{'fixture': 12, 'stats': [{'identifier': 'minutes', 'points': 2, 'value': 90, 'points_modification': 0}, {'identifier': 'clean_sheets', 'points': 4, 'value': 1, 'points_modification': 0}]}]",False,Truffert,2,4,45,Truffert,DEF,6
75,2,2025-26,0,0,0,0,0,0,0,0,0,0,0,0,0,0.0,0.0,0.0,0.0,0,0,0,0,0,0.0,0.0,0.0,0.0,0,False,"[{'fixture': 12, 'stats': [{'identifier': 'minutes', 'points': 0, 'value': 0, 'points_modification': 0}]}]",False,Akinmboni,2,4,40,Akinmboni,DEF,0
76,2,2025-26,0,0,0,0,0,0,0,0,0,0,0,0,0,0.0,0.0,0.0,0.0,0,0,0,0,0,0.0,0.0,0.0,0.0,0,False,"[{'fixture': 12, 'stats': [{'identifier': 'minutes', 'points': 0, 'value': 0, 'points_modification': 0}]}]",False,Bevan,2,4,40,Bevan,DEF,0
77,2,2025-26,2,0,0,0,0,0,0,0,0,0,0,0,3,0.4,0.2,0.0,0.1,0,0,0,0,0,0.0,0.0,0.0,0.06,1,False,"[{'fixture': 12, 'stats': [{'identifier': 'minutes', 'points': 1, 'value': 2, 'points_modification': 0}]}]",False,Hill,2,4,40,Hill,DEF,1
78,2,2025-26,0,0,0,0,0,0,0,0,0,0,0,0,0,0.0,0.0,0.0,0.0,0,0,0,0,0,0.0,0.0,0.0,0.0,0,False,"[{'fixture': 12, 'stats': [{'identifier': 'minutes', 'points': 0, 'value': 0, 'points_modification': 0}]}]",False,J.Araujo,2,4,40,J.Araujo,DEF,0
79,2,2025-26,0,0,0,0,0,0,0,0,0,0,0,0,0,0.0,0.0,0.0,0.0,0,0,0,0,0,0.0,0.0,0.0,0.0,0,False,"[{'fixture': 12, 'stats': [{'identifier': 'minutes', 'points': 0, 'value': 0, 'points_modification': 0}]}]",False,Mepham,2,4,40,Mepham,DEF,0
80,2,2025-26,0,0,0,0,0,0,0,0,0,0,0,0,0,0.0,0.0,0.0,0.0,0,0,0,0,0,0.0,0.0,0.0,0.0,0,False,"[{'fixture': 12, 'stats': [{'identifier': 'minutes', 'points': 0, 'value': 0, 'points_modification': 0}]}]",False,Soler,2,4,40,Soler,DEF,0
81,2,2025-26,12,0,0,0,0,0,0,0,0,0,0,0,1,0.0,11.3,7.0,1.8,0,0,0,0,0,0.11,0.01,0.12,0.06,1,False,"[{'fixture': 12, 'stats': [{'identifier': 'minutes', 'points': 1, 'value': 12, 'points_modification': 0}]}]",False,Kluivert,3,4,70,Kluivert,MID,1
82,2,2025-26,90,0,1,1,0,0,0,0,0,0,0,0,11,20.2,36.0,45.0,10.1,0,5,0,5,1,0.68,0.07,0.75,0.46,6,False,"[{'fixture': 12, 'stats': [{'identifier': 'minutes', 'points': 2, 'value': 90, 'points_modification': 0}, {'identifier': 'assists', 'points': 3, 'value': 1, 'points_modification': 0}, {'identifier': 'clean_sheets', 'points': 1, 'value': 1, 'points_modification': 0}]}]",False,Semenyo,3,4,77,Semenyo,MID,6
83,2,2025-26,83,1,0,1,0,0,0,0,0,0,0,3,33,50.4,3.7,56.0,11.0,5,6,4,15,1,0.77,0.02,0.79,1.1,13,True,"[{'fixture': 13, 'stats': [{'identifier': 'minutes', 'points': 2, 'value': 83, 'points_modification': 0}, {'identifier': 'goals_scored', 'points': 5, 'value': 1, 'points_modification': 0}, {'identifier': 'clean_sheets', 'points': 1, 'value': 1, 'points_modification': 0}, {'identifier': 'bonus', 'points': 3, 'value': 3, 'points_modification': 0}, {'identifier': 'defensive_contribution', 'points': 2, 'value': 15, 'points_modification': 0}]}]",False,O.Dango,3,5,60,O.Dango,MID,13
84,2,2025-26,77,1,0,1,0,0,0,0,0,0,0,3,36,42.8,4.5,28.0,7.5,2,2,0,4,1,0.19,0.21,0.4,0.41,11,True,"[{'fixture': 12, 'stats': [{'identifier': 'minutes', 'points': 2, 'value': 77, 'points_modification': 0}, {'identifier': 'goals_scored', 'points': 5, 'value': 1, 'points_modification': 0}, {'identifier': 'clean_sheets', 'points': 1, 'value': 1, 'points_modification': 0}, {'identifier': 'bonus', 'points': 3, 'value': 3, 'points_modification': 0}]}]",False,Tavernier,3,4,55,Tavernier,MID,11
85,2,2025-26,87,0,0,1,0,0,0,0,1,0,0,0,17,20.2,5.3,7.0,3.3,4,3,2,9,1,0.03,0.01,0.04,0.41,2,False,"[{'fixture': 12, 'stats': [{'identifier': 'minutes', 'points': 2, 'value': 87, 'points_modification': 0}, {'identifier': 'clean_sheets', 'points': 1, 'value': 1, 'points_modification': 0}, {'identifier': 'yellow_cards', 'points': -1, 'value': 1, 'points_modification': 0}]}]",False,Adams,3,4,50,Adams,MID,2
86,2,2025-26,66,0,0,1,0,0,0,0,0,0,0,0,11,8.2,24.2,15.0,4.7,2,2,0,4,1,0.17,0.67,0.84,0.41,3,False,"[{'fixture': 12, 'stats': [{'identifier': 'minutes', 'points': 2, 'value': 66, 'points_modification': 0}, {'identifier': 'clean_sheets', 'points': 1, 'value': 1, 'points_modification': 0}]}]",False,Brooks,3,4,50,Brooks,MID,3
87,2,2025-26,24,0,0,0,0,0,0,0,0,0,0,0,3,4.4,13.1,5.0,2.3,1,1,0,2,0,0.06,0.02,0.08,0.06,1,False,"[{'fixture': 12, 'stats': [{'identifier': 'minutes', 'points': 1, 'value': 24, 'points_modification': 0}]}]",False,Christie,3,4,50,Christie,MID,1
88,2,2025-26,0,0,0,0,0,0,0,0,0,0,0,0,0,0.0,0.0,0.0,0.0,0,0,0,0,0,0.0,0.0,0.0,0.0,0,False,"[{'fixture': 12, 'stats': [{'identifier': 'minutes', 'points': 0, 'value': 0, 'points_modification': 0}]}]",False,Cook,3,4,49,Cook,MID,0
89,2,2025-26,0,0,0,0,0,0,0,0,0,0,0,0,0,0.0,0.0,0.0,0.0,0,0,0,0,0,0.0,0.0,0.0,0.0,0,False,"[{'fixture': 12, 'stats': [{'identifier': 'minutes', 'points': 0, 'value': 0, 'points_modification': 0}]}]",False,Philip,3,4,49,Philip,MID,0
90,2,2025-26,65,0,0,1,0,0,0,0,1,0,0,0,10,7.4,13.9,5.0,2.6,2,1,3,6,1,0.05,0.03,0.08,0.41,2,False,"[{'fixture': 12, 'stats': [{'identifier': 'minutes', 'points': 2, 'value': 65, 'points_modification': 0}, {'identifier': 'clean_sheets', 'points': 1, 'value': 1, 'points_modification': 0}, {'identifier': 'yellow_cards', 'points': -1, 'value': 1, 'points_modification': 0}]}]",False,Scott,3,4,50,Scott,MID,2
91,2,2025-26,0,0,0,0,0,0,0,0,0,0,0,0,0,0.0,0.0,0.0,0.0,0,0,0,0,0,0.0,0.0,0.0,0.0,0,False,"[{'fixture': 12, 'stats': [{'identifier': 'minutes', 'points': 0, 'value': 0, 'points_modification': 0}]}]",False,Sinisterra,3,4,50,Sinisterra,MID,0
92,2,2025-26,0,0,0,0,0,0,0,0,0,0,0,0,0,0.0,0.0,0.0,0.0,0,0,0,0,0,0.0,0.0,0.0,0.0,0,False,"[{'fixture': 12, 'stats': [{'identifier': 'minutes', 'points': 0, 'value': 0, 'points_modification': 0}]}]",False,Faivre,3,4,45,Faivre,MID,0
93,2,2025-26,0,0,0,0,0,0,0,0,0,0,0,0,0,0.0,0.0,0.0,0.0,0,0,0,0,0,0.0,0.0,0.0,0.0,0,False,"[{'fixture': 12, 'stats': [{'identifier': 'minutes', 'points': 0, 'value': 0, 'points_modification': 0}]}]",False,H.Traorè,3,4,45,H.Traorè,MID,0
94,2,2025-26,0,0,0,0,0,0,0,0,0,0,0,0,0,0.0,0.0,0.0,0.0,0,0,0,0,0,0.0,0.0,0.0,0.0,0,False,"[{'fixture': 12, 'stats': [{'identifier': 'minutes', 'points': 0, 'value': 0, 'points_modification': 0}]}]",False,Sadi,3,4,45,Sadi,MID,0
95,2,2025-26,0,0,0,0,0,0,0,0,0,0,0,0,0,0.0,0.0,0.0,0.0,0,0,0,0,0,0.0,0.0,0.0,0.0,0,False,"[{'fixture': 12, 'stats': [{'identifier': 'minutes', 'points': 0, 'value': 0, 'points_modification': 0}]}]",False,Silcott-Duberry,3,4,44,Silcott-Duberry,MID,0
96,2,2025-26,0,0,0,0,0,0,0,0,0,0,0,0,0,0.0,0.0,0.0,0.0,0,0,0,0,0,0.0,0.0,0.0,0.0,0,False,"[{'fixture': 12, 'stats': [{'identifier': 'minutes', 'points': 0, 'value': 0, 'points_modification': 0}]}]",False,Winterburn,3,4,45,Winterburn,MID,0
97,2,2025-26,87,0,0,1,0,0,0,0,0,0,0,0,13,6.4,45.5,4.0,5.6,0,1,0,1,1,0.0,0.02,0.02,0.41,2,False,"[{'fixture': 12, 'stats': [{'identifier': 'minutes', 'points': 2, 'value': 87, 'points_modification': 0}]}]",False,Evanilson,4,4,70,Evanilson,FWD,2
98,2,2025-26,0,0,0,0,0,0,0,0,0,0,0,0,0,0.0,0.0,0.0,0.0,0,0,0,0,0,0.0,0.0,0.0,0.0,0,False,"[{'fixture': 12, 'stats': [{'identifier': 'minutes', 'points': 0, 'value': 0, 'points_modification': 0}]}]",False,Enes Ünal,4,4,55,Enes Ünal,FWD,0
99,2,2025-26,0,0,0,0,0,0,0,0,0,0,0,0,0,0.0,0.0,0.0,0.0,0,0,0,0,0,0.0,0.0,0.0,0.0,0,False,"[{'fixture': 12, 'stats': [{'identifier': 'minutes', 'points': 0, 'value': 0, 'points_modification': 0}]}]",False,Adu-Adjei,4,4,44,Adu-Adjei,FWD,0
100,2,2025-26,2,0,0,0,0,0,0,0,0,0,0,0,3,0.0,0.0,2.0,0.2,0,0,0,0,0,0.0,0.0,0.0,0.06,1,False,"[{'fixture': 12, 'stats': [{'identifier': 'minutes', 'points': 1, 'value': 2, 'points_modification': 0}]}]",False,Kroupi.Jr,4,4,45,Kroupi.Jr,FWD,1
101,2,2025-26,90,0,0,1,0,0,0,0,1,0,2,0,21,10.0,0.0,0.0,1.0,1,7,0,0,1,0.0,0.01,0.01,1.19,5,False,"[{'fixture': 13, 'stats': [{'identifier': 'minutes', 'points': 2, 'value': 90, 'points_modification': 0}, {'identifier': 'clean_sheets', 'points': 4, 'value': 1, 'points_modification': 0}, {'identifier': 'yellow_cards', 'points': -1, 'value': 1, 'points_modification': 0}]}]",False,Kelleher,1,5,45,Kelleher,GK,5
102,2,2025-26,0,0,0,0,0,0,0,0,0,0,0,0,0,0.0,0.0,0.0,0.0,0,0,0,0,0,0.0,0.0,0.0,0.0,0,False,"[{'fixture': 13, 'stats': [{'identifier': 'minutes', 'points': 0, 'value': 0, 'points_modification': 0}]}]",False,Balcombe,1,5,40,Balcombe,GK,0
103,2,2025-26,0,0,0,0,0,0,0,0,0,0,0,0,0,0.0,0.0,0.0,0.0,0,0,0,0,0,0.0,0.0,0.0,0.0,0,False,"[{'fixture': 13, 'stats': [{'identifier': 'minutes', 'points': 0, 'value': 0, 'points_modification': 0}]}]",False,Cox,1,5,40,Cox,GK,0
104,2,2025-26,0,0,0,0,0,0,0,0,0,0,0,0,0,0.0,0.0,0.0,0.0,0,0,0,0,0,0.0,0.0,0.0,0.0,0,False,"[{'fixture': 13, 'stats': [{'identifier': 'minutes', 'points': 0, 'value': 0, 'points_modification': 0}]}]",False,Eyestone,1,5,40,Eyestone,GK,0
105,2,2025-26,0,0,0,0,0,0,0,0,0,0,0,0,0,0.0,0.0,0.0,0.0,0,0,0,0,0,0.0,0.0,0.0,0.0,0,False,"[{'fixture': 13, 'stats': [{'identifier': 'minutes', 'points': 0, 'value': 0, 'points_modification': 0}]}]",False,Valdimarsson,1,5,40,Valdimarsson,GK,0
106,2,2025-26,90,0,0,1,0,0,0,0,0,0,0,1,25,20.8,0.3,6.0,2.7,12,5,1,13,1,0.0,0.01,0.01,1.19,9,False,"[{'fixture': 13, 'stats': [{'identifier': 'minutes', 'points': 2, 'value': 90, 'points_modification': 0}, {'identifier': 'clean_sheets', 'points': 4, 'value': 1, 'points_modification': 0}, {'identifier': 'bonus', 'points': 1, 'value': 1, 'points_modification': 0}, {'identifier': 'defensive_contribution', 'points': 2, 'value': 13, 'points_modification': 0}]}]",False,Collins,2,5,50,Collins,DEF,9
107,2,2025-26,90,0,0,1,0,0,0,0,0,0,0,0,24,8.0,0.8,2.0,1.1,3,4,1,4,1,0.0,0.0,0.0,1.19,6,False,"[{'fixture': 13, 'stats': [{'identifier': 'minutes', 'points': 2, 'value': 90, 'points_modification': 0}, {'identifier': 'clean_sheets', 'points': 4, 'value': 1, 'points_modification': 0}]}]",False,Lewis-Potter,2,5,50,Lewis-Potter,DEF,6
108,2,2025-26,5,0,0,0,0,0,0,0,0,0,0,0,3,1.4,0.1,0.0,0.2,1,0,0,1,0,0.0,0.0,0.0,0.1,1,False,"[{'fixture': 13, 'stats': [{'identifier': 'minutes', 'points': 1, 'value': 5, 'points_modification': 0}]}]",False,Ajer,2,5,44,Ajer,DEF,1
109,2,2025-26,6,0,0,0,0,0,0,0,0,0,0,0,3,2.0,0.0,0.0,0.2,1,0,0,1,0,0.0,0.0,0.0,0.1,1,False,"[{'fixture': 13, 'stats': [{'identifier': 'minutes', 'points': 1, 'value': 6, 'points_modification': 0}]}]",False,Henry,2,5,44,Henry,DEF,1
110,2,2025-26,84,0,0,1,0,0,0,0,0,0,0,2,27,32.4,0.5,2.0,3.5,6,4,5,11,1,0.0,0.01,0.01,1.1,10,False,"[{'fixture': 13, 'stats': [{'identifier': 'minutes', 'points': 2, 'value': 84, 'points_modification': 0}, {'identifier': 'clean_sheets', 'points': 4, 'value': 1, 'points_modification': 0}, {'identifier': 'bonus', 'points': 2, 'value': 2, 'points_modification': 0}, {'identifier': 'defensive_contribution', 'points': 2, 'value': 11, 'points_modification': 0}]}]",False,Kayode,2,5,45,Kayode,DEF,10
111,2,2025-26,0,0,0,0,0,0,0,0,0,0,0,0,0,0.0,0.0,0.0,0.0,0,0,0,0,0,0.0,0.0,0.0,0.0,0,False,"[{'fixture': 13, 'stats': [{'identifier': 'minutes', 'points': 0, 'value': 0, 'points_modification': 0}]}]",False,Pinnock,2,5,44,Pinnock,DEF,0
112,2,2025-26,0,0,0,0,0,0,0,0,0,0,0,0,0,0.0,0.0,0.0,0.0,0,0,0,0,0,0.0,0.0,0.0,0.0,0,False,"[{'fixture': 13, 'stats': [{'identifier': 'minutes', 'points': 0, 'value': 0, 'points_modification': 0}]}]",False,Roerslev,2,5,45,Roerslev,DEF,0
113,2,2025-26,90,0,0,1,0,0,0,0,0,0,0,0,23,28.0,0.3,0.0,2.8,12,2,0,12,1,0.0,0.0,0.0,1.19,8,False,"[{'fixture': 13, 'stats': [{'identifier': 'minutes', 'points': 2, 'value': 90, 'points_modification': 0}, {'identifier': 'clean_sheets', 'points': 4, 'value': 1, 'points_modification': 0}, {'identifier': 'defensive_contribution', 'points': 2, 'value': 12, 'points_modification': 0}]}]",False,Van den Berg,2,5,45,Van den Berg,DEF,8
114,2,2025-26,0,0,0,0,0,0,0,0,0,0,0,0,0,0.0,0.0,0.0,0.0,0,0,0,0,0,0.0,0.0,0.0,0.0,0,False,"[{'fixture': 13, 'stats': [{'identifier': 'minutes', 'points': 0, 'value': 0, 'points_modification': 0}]}]",False,Arthur,2,5,40,Arthur,DEF,0
115,2,2025-26,0,0,0,0,0,0,0,0,0,0,0,0,0,0.0,0.0,0.0,0.0,0,0,0,0,0,0.0,0.0,0.0,0.0,0,False,"[{'fixture': 13, 'stats': [{'identifier': 'minutes', 'points': 0, 'value': 0, 'points_modification': 0}]}]",False,Fredrick,2,5,40,Fredrick,DEF,0
116,2,2025-26,11,0,0,0,0,0,0,0,0,0,0,0,5,4.0,0.1,0.0,0.4,0,0,2,2,0,0.0,0.0,0.0,0.24,1,False,"[{'fixture': 13, 'stats': [{'identifier': 'minutes', 'points': 1, 'value': 11, 'points_modification': 0}]}]",False,Hickey,2,5,40,Hickey,DEF,1
117,2,2025-26,0,0,0,0,0,0,0,0,0,0,0,0,0,0.0,0.0,0.0,0.0,0,0,0,0,0,0.0,0.0,0.0,0.0,0,False,"[{'fixture': 13, 'stats': [{'identifier': 'minutes', 'points': 0, 'value': 0, 'points_modification': 0}]}]",False,Ji-soo,2,5,39,Ji-soo,DEF,0
118,2,2025-26,0,0,0,0,0,0,0,0,0,0,0,0,0,0.0,0.0,0.0,0.0,0,0,0,0,0,0.0,0.0,0.0,0.0,0,False,"[{'fixture': 13, 'stats': [{'identifier': 'minutes', 'points': 0, 'value': 0, 'points_modification': 0}]}]",False,Meghoma,2,5,40,Meghoma,DEF,0
119,2,2025-26,90,0,0,0,1,0,0,0,0,0,0,0,8,6.2,43.7,8.0,5.8,0,2,0,2,1,0.0,0.31,0.31,1.76,2,False,"[{'fixture': 17, 'stats': [{'identifier': 'minutes', 'points': 2, 'value': 90, 'points_modification': 0}]}]",False,Mbeumo,3,14,81,Mbeumo,MID,2
120,2,2025-26,78,0,0,1,0,0,0,0,0,0,0,0,13,16.4,17.3,9.0,4.3,3,5,2,10,1,0.1,0.02,0.12,0.95,3,False,"[{'fixture': 13, 'stats': [{'identifier': 'minutes', 'points': 2, 'value': 78, 'points_modification': 0}, {'identifier': 'clean_sheets', 'points': 1, 'value': 1, 'points_modification': 0}]}]",False,Schade,3,5,70,Schade,MID,3
121,2,2025-26,90,0,0,1,0,0,0,0,0,0,0,0,18,27.8,43.2,14.0,8.5,5,7,3,15,1,0.06,0.24,0.3,1.19,5,False,"[{'fixture': 13, 'stats': [{'identifier': 'minutes', 'points': 2, 'value': 90, 'points_modification': 0}, {'identifier': 'clean_sheets', 'points': 1, 'value': 1, 'points_modification': 0}, {'identifier': 'defensive_contribution', 'points': 2, 'value': 15, 'points_modification': 0}]}]",False,Damsgaard,3,5,59,Damsgaard,MID,5
122,2,2025-26,0,0,0,0,0,0,0,0,0,0,0,0,0,0.0,0.0,0.0,0.0,0,0,0,0,0,0.0,0.0,0.0,0.0,0,False,"[{'fixture': 13, 'stats': [{'identifier': 'minutes', 'points': 0, 'value': 0, 'points_modification': 0}]}]",False,Milambo,3,5,53,Milambo,MID,0
123,2,2025-26,0,0,0,0,0,0,0,0,0,0,0,0,0,0.0,0.0,0.0,0.0,0,0,0,0,0,0.0,0.0,0.0,0.0,0,False,"[{'fixture': 13, 'stats': [{'identifier': 'minutes', 'points': 0, 'value': 0, 'points_modification': 0}]}]",False,Carvalho,3,5,49,Carvalho,MID,0
124,2,2025-26,68,0,0,1,0,0,0,0,0,0,0,0,8,9.8,2.3,5.0,1.7,3,4,2,9,1,0.03,0.0,0.03,0.88,3,False,"[{'fixture': 13, 'stats': [{'identifier': 'minutes', 'points': 2, 'value': 68, 'points_modification': 0}, {'identifier': 'clean_sheets', 'points': 1, 'value': 1, 'points_modification': 0}]}]",False,Henderson,3,5,50,Henderson,MID,3
125,2,2025-26,0,0,0,0,0,0,0,0,0,0,0,0,0,0.0,0.0,0.0,0.0,0,0,0,0,0,0.0,0.0,0.0,0.0,0,False,"[{'fixture': 13, 'stats': [{'identifier': 'minutes', 'points': 0, 'value': 0, 'points_modification': 0}]}]",False,Janelt,3,5,49,Janelt,MID,0
126,2,2025-26,11,0,0,0,0,0,0,0,0,0,0,0,5,3.4,0.3,0.0,0.4,1,1,1,3,0,0.0,0.01,0.01,0.24,1,False,"[{'fixture': 13, 'stats': [{'identifier': 'minutes', 'points': 1, 'value': 11, 'points_modification': 0}]}]",False,Jensen,3,5,49,Jensen,MID,1
127,2,2025-26,0,0,0,0,0,0,0,0,0,0,0,0,0,0.0,0.0,0.0,0.0,0,0,0,0,0,0.0,0.0,0.0,0.0,0,False,"[{'fixture': 13, 'stats': [{'identifier': 'minutes', 'points': 0, 'value': 0, 'points_modification': 0}]}]",False,Nunes,3,5,49,Nunes,MID,0
128,2,2025-26,21,0,0,0,0,0,0,0,0,0,0,0,6,3.4,0.2,0.0,0.4,2,2,0,4,0,0.0,0.0,0.0,0.31,1,False,"[{'fixture': 13, 'stats': [{'identifier': 'minutes', 'points': 1, 'value': 21, 'points_modification': 0}]}]",False,Onyeka,3,5,50,Onyeka,MID,1
129,2,2025-26,78,0,0,1,0,0,0,0,0,0,0,0,15,18.4,5.4,1.0,2.5,6,4,5,15,1,0.03,0.01,0.04,0.95,5,False,"[{'fixture': 13, 'stats': [{'identifier': 'minutes', 'points': 2, 'value': 78, 'points_modification': 0}, {'identifier': 'clean_sheets', 'points': 1, 'value': 1, 'points_modification': 0}, {'identifier': 'defensive_contribution', 'points': 2, 'value': 15, 'points_modification': 0}]}]",False,Yarmoliuk,3,5,50,Yarmoliuk,MID,5
130,2,2025-26,0,0,0,0,0,0,0,0,0,0,0,0,0,0.0,0.0,0.0,0.0,0,0,0,0,0,0.0,0.0,0.0,0.0,0,False,"[{'fixture': 13, 'stats': [{'identifier': 'minutes', 'points': 0, 'value': 0, 'points_modification': 0}]}]",False,Donovan,3,5,45,Donovan,MID,0
131,2,2025-26,0,0,0,0,0,0,0,0,0,0,0,0,0,0.0,0.0,0.0,0.0,0,0,0,0,0,0.0,0.0,0.0,0.0,0,False,"[{'fixture': 13, 'stats': [{'identifier': 'minutes', 'points': 0, 'value': 0, 'points_modification': 0}]}]",False,Konak,3,5,44,Konak,MID,0
132,2,2025-26,0,0,0,0,0,0,0,0,0,0,0,0,0,0.0,0.0,0.0,0.0,0,0,0,0,0,0.0,0.0,0.0,0.0,0,False,"[{'fixture': 13, 'stats': [{'identifier': 'minutes', 'points': 0, 'value': 0, 'points_modification': 0}]}]",False,Maghoma,3,5,45,Maghoma,MID,0
133,2,2025-26,0,0,0,0,0,0,0,0,0,0,0,0,0,0.0,0.0,0.0,0.0,0,0,0,0,0,0.0,0.0,0.0,0.0,0,False,"[{'fixture': 13, 'stats': [{'identifier': 'minutes', 'points': 0, 'value': 0, 'points_modification': 0}]}]",False,Peart-Harris,3,5,45,Peart-Harris,MID,0
134,2,2025-26,0,0,0,0,0,0,0,0,0,0,0,0,0,0.0,0.0,0.0,0.0,0,0,0,0,0,0.0,0.0,0.0,0.0,0,False,"[{'fixture': 13, 'stats': [{'identifier': 'minutes', 'points': 0, 'value': 0, 'points_modification': 0}]}]",False,Trevitt,3,5,45,Trevitt,MID,0
135,2,2025-26,0,0,0,0,0,0,0,0,0,0,0,0,0,0.0,0.0,0.0,0.0,0,0,0,0,0,0.0,0.0,0.0,0.0,0,False,"[{'fixture': 13, 'stats': [{'identifier': 'minutes', 'points': 0, 'value': 0, 'points_modification': 0}]}]",False,Wissa,4,15,74,Wissa,FWD,0
136,2,2025-26,90,0,0,1,0,0,0,0,0,0,0,0,4,4.6,16.3,17.0,3.8,3,3,2,8,1,0.22,0.01,0.23,1.19,2,False,"[{'fixture': 13, 'stats': [{'identifier': 'minutes', 'points': 2, 'value': 90, 'points_modification': 0}]}]",False,Thiago,4,5,60,Thiago,FWD,2
137,2,2025-26,0,0,0,0,0,0,0,0,0,0,0,0,0,0.0,0.0,0.0,0.0,0,0,0,0,0,0.0,0.0,0.0,0.0,0,False,"[{'fixture': 13, 'stats': [{'identifier': 'minutes', 'points': 0, 'value': 0, 'points_modification': 0}]}]",False,Morgan,4,5,44,Morgan,FWD,0
138,2,2025-26,0,0,0,0,0,0,0,0,0,0,0,0,0,0.0,0.0,0.0,0.0,0,0,0,0,0,0.0,0.0,0.0,0.0,0,False,"[{'fixture': 16, 'stats': [{'identifier': 'minutes', 'points': 0, 'value': 0, 'points_modification': 0}]}]",False,Steele,1,6,44,Steele,GK,0
139,2,2025-26,90,0,0,0,2,0,0,0,0,0,1,0,5,10.2,10.0,0.0,2.0,0,14,0,0,1,0.0,0.0,0.0,1.6,1,False,"[{'fixture': 16, 'stats': [{'identifier': 'minutes', 'points': 2, 'value': 90, 'points_modification': 0}, {'identifier': 'goals_conceded', 'points': -1, 'value': 2, 'points_modification': 0}]}]",False,Verbruggen,1,6,45,Verbruggen,GK,1
140,2,2025-26,0,0,0,0,0,0,0,0,0,0,0,0,0,0.0,0.0,0.0,0.0,0,0,0,0,0,0.0,0.0,0.0,0.0,0,False,"[{'fixture': 16, 'stats': [{'identifier': 'minutes', 'points': 0, 'value': 0, 'points_modification': 0}]}]",False,McGill,1,6,40,McGill,GK,0
141,2,2025-26,0,0,0,0,0,0,0,0,0,0,0,0,0,0.0,0.0,0.0,0.0,0,0,0,0,0,0.0,0.0,0.0,0.0,0,False,"[{'fixture': 16, 'stats': [{'identifier': 'minutes', 'points': 0, 'value': 0, 'points_modification': 0}]}]",False,Rushworth,1,6,40,Rushworth,GK,0
142,2,2025-26,0,0,0,0,0,0,0,0,0,0,0,0,0,0.0,0.0,0.0,0.0,0,0,0,0,0,0.0,0.0,0.0,0.0,0,False,"[{'fixture': 16, 'stats': [{'identifier': 'minutes', 'points': 0, 'value': 0, 'points_modification': 0}]}]",False,Scherpen,1,6,40,Scherpen,GK,0
143,2,2025-26,0,0,0,0,0,0,0,0,0,0,0,0,0,0.0,0.0,0.0,0.0,0,0,0,0,0,0.0,0.0,0.0,0.0,0,False,"[{'fixture': 16, 'stats': [{'identifier': 'minutes', 'points': 0, 'value': 0, 'points_modification': 0}]}]",False,Boscagli,2,6,44,Boscagli,DEF,0
144,2,2025-26,0,0,0,0,0,0,0,0,0,0,0,0,0,0.0,0.0,0.0,0.0,0,0,0,0,0,0.0,0.0,0.0,0.0,0,False,"[{'fixture': 16, 'stats': [{'identifier': 'minutes', 'points': 0, 'value': 0, 'points_modification': 0}]}]",False,Coppola,2,6,44,Coppola,DEF,0
145,2,2025-26,66,0,0,0,2,0,0,0,1,0,0,0,2,4.8,1.0,4.0,1.0,4,2,1,5,1,0.0,0.02,0.02,1.2,0,False,"[{'fixture': 16, 'stats': [{'identifier': 'minutes', 'points': 2, 'value': 66, 'points_modification': 0}, {'identifier': 'goals_conceded', 'points': -1, 'value': 2, 'points_modification': 0}, {'identifier': 'yellow_cards', 'points': -1, 'value': 1, 'points_modification': 0}]}]",False,De Cuyper,2,6,44,De Cuyper,DEF,0
146,2,2025-26,90,0,0,0,2,0,0,0,0,0,0,0,11,16.0,0.6,0.0,1.7,6,6,2,8,1,0.0,0.0,0.0,1.6,1,False,"[{'fixture': 16, 'stats': [{'identifier': 'minutes', 'points': 2, 'value': 90, 'points_modification': 0}, {'identifier': 'goals_conceded', 'points': -1, 'value': 2, 'points_modification': 0}]}]",False,Dunk,2,6,45,Dunk,DEF,1
147,2,2025-26,0,0,0,0,0,0,0,0,0,0,0,0,0,0.0,0.0,0.0,0.0,0,0,0,0,0,0.0,0.0,0.0,0.0,0,False,"[{'fixture': 16, 'stats': [{'identifier': 'minutes', 'points': 0, 'value': 0, 'points_modification': 0}]}]",False,Estupiñan,2,6,45,Estupiñan,DEF,0
148,2,2025-26,23,0,0,0,0,0,0,0,1,0,0,0,-1,0.0,2.2,0.0,0.2,1,2,0,1,0,0.0,0.0,0.0,0.4,0,False,"[{'fixture': 16, 'stats': [{'identifier': 'minutes', 'points': 1, 'value': 23, 'points_modification': 0}, {'identifier': 'yellow_cards', 'points': -1, 'value': 1, 'points_modification': 0}]}]",False,F.Kadıoğlu,2,6,44,F.Kadıoğlu,DEF,0
149,2,2025-26,0,0,0,0,0,0,0,0,0,0,0,0,0,0.0,0.0,0.0,0.0,0,0,0,0,0,0.0,0.0,0.0,0.0,0,False,"[{'fixture': 16, 'stats': [{'identifier': 'minutes', 'points': 0, 'value': 0, 'points_modification': 0}]}]",False,Igor,2,19,45,Igor,DEF,0
150,2,2025-26,0,0,0,0,0,0,0,0,0,0,0,0,0,0.0,0.0,0.0,0.0,0,0,0,0,0,0.0,0.0,0.0,0.0,0,False,"[{'fixture': 16, 'stats': [{'identifier': 'minutes', 'points': 0, 'value': 0, 'points_modification': 0}]}]",False,Lamptey,2,6,44,Lamptey,DEF,0
151,2,2025-26,90,0,0,0,2,0,0,0,0,0,0,0,5,18.6,0.9,4.0,2.4,6,3,0,6,1,0.01,0.01,0.02,1.6,1,False,"[{'fixture': 16, 'stats': [{'identifier': 'minutes', 'points': 2, 'value': 90, 'points_modification': 0}, {'identifier': 'goals_conceded', 'points': -1, 'value': 2, 'points_modification': 0}]}]",False,Van Hecke,2,6,44,Van Hecke,DEF,1
152,2,2025-26,0,0,0,0,0,0,0,0,0,0,0,0,0,0.0,0.0,0.0,0.0,0,0,0,0,0,0.0,0.0,0.0,0.0,0,False,"[{'fixture': 16, 'stats': [{'identifier': 'minutes', 'points': 0, 'value': 0, 'points_modification': 0}]}]",False,Veltman,2,6,44,Veltman,DEF,0
153,2,2025-26,0,0,0,0,0,0,0,0,0,0,0,0,0,0.0,0.0,0.0,0.0,0,0,0,0,0,0.0,0.0,0.0,0.0,0,False,"[{'fixture': 16, 'stats': [{'identifier': 'minutes', 'points': 0, 'value': 0, 'points_modification': 0}]}]",False,Webster,2,6,44,Webster,DEF,0
154,2,2025-26,0,0,0,0,0,0,0,0,0,0,0,0,0,0.0,0.0,0.0,0.0,0,0,0,0,0,0.0,0.0,0.0,0.0,0,False,"[{'fixture': 16, 'stats': [{'identifier': 'minutes', 'points': 0, 'value': 0, 'points_modification': 0}]}]",False,Cashin,2,6,40,Cashin,DEF,0
155,2,2025-26,0,0,0,0,0,0,0,0,0,0,0,0,0,0.0,0.0,0.0,0.0,0,0,0,0,0,0.0,0.0,0.0,0.0,0,False,"[{'fixture': 16, 'stats': [{'identifier': 'minutes', 'points': 0, 'value': 0, 'points_modification': 0}]}]",False,Slater,2,6,40,Slater,DEF,0
156,2,2025-26,0,0,0,0,0,0,0,0,0,0,0,0,0,0.0,0.0,0.0,0.0,0,0,0,0,0,0.0,0.0,0.0,0.0,0,False,"[{'fixture': 16, 'stats': [{'identifier': 'minutes', 'points': 0, 'value': 0, 'points_modification': 0}]}]",False,Tasker,2,6,40,Tasker,DEF,0
157,2,2025-26,90,0,0,0,2,0,0,0,0,0,0,0,8,12.0,42.8,10.0,6.5,0,4,1,5,1,0.15,0.09,0.24,1.6,2,False,"[{'fixture': 16, 'stats': [{'identifier': 'minutes', 'points': 2, 'value': 90, 'points_modification': 0}]}]",False,Mitoma,3,6,64,Mitoma,MID,2
158,2,2025-26,0,0,0,0,0,0,0,0,0,0,0,0,0,0.0,0.0,0.0,0.0,0,0,0,0,0,0.0,0.0,0.0,0.0,0,False,"[{'fixture': 16, 'stats': [{'identifier': 'minutes', 'points': 0, 'value': 0, 'points_modification': 0}]}]",False,Georginio,3,6,58,Georginio,MID,0
159,2,2025-26,0,0,0,0,0,0,0,0,0,0,0,0,0,0.0,0.0,0.0,0.0,0,0,0,0,0,0.0,0.0,0.0,0.0,0,False,"[{'fixture': 16, 'stats': [{'identifier': 'minutes', 'points': 0, 'value': 0, 'points_modification': 0}]}]",False,March,3,6,58,March,MID,0
160,2,2025-26,90,0,0,0,2,0,0,0,0,0,0,0,14,16.2,42.4,29.0,8.8,2,4,1,7,1,0.08,0.55,0.63,1.6,2,False,"[{'fixture': 16, 'stats': [{'identifier': 'minutes', 'points': 2, 'value': 90, 'points_modification': 0}]}]",False,Minteh,3,6,59,Minteh,MID,2
161,2,2025-26,0,0,0,0,0,0,0,0,0,0,0,0,0,0.0,0.0,0.0,0.0,0,0,0,0,0,0.0,0.0,0.0,0.0,0,False,"[{'fixture': 16, 'stats': [{'identifier': 'minutes', 'points': 0, 'value': 0, 'points_modification': 0}]}]",False,Enciso,3,6,54,Enciso,MID,0
162,2,2025-26,5,0,0,0,0,0,0,0,0,0,0,0,2,0.0,0.0,6.0,0.5,0,1,0,1,0,0.06,0.0,0.06,0.39,1,False,"[{'fixture': 16, 'stats': [{'identifier': 'minutes', 'points': 1, 'value': 5, 'points_modification': 0}]}]",False,Gruda,3,6,54,Gruda,MID,1
163,2,2025-26,45,0,0,0,1,0,0,0,0,0,0,0,9,4.6,1.2,0.0,0.6,0,2,1,3,0,0.0,0.01,0.01,0.67,1,False,"[{'fixture': 16, 'stats': [{'identifier': 'minutes', 'points': 1, 'value': 45, 'points_modification': 0}]}]",False,Hinshelwood,3,6,52,Hinshelwood,MID,1
164,2,2025-26,90,0,0,0,2,0,0,0,0,0,0,0,12,15.0,22.3,38.0,7.5,3,2,1,6,1,0.42,0.03,0.45,1.6,2,False,"[{'fixture': 16, 'stats': [{'identifier': 'minutes', 'points': 2, 'value': 90, 'points_modification': 0}]}]",False,O'Riley,3,6,55,O'Riley,MID,2
165,2,2025-26,0,0,0,0,0,0,0,0,0,0,0,0,0,0.0,0.0,0.0,0.0,0,0,0,0,0,0.0,0.0,0.0,0.0,0,False,"[{'fixture': 16, 'stats': [{'identifier': 'minutes', 'points': 0, 'value': 0, 'points_modification': 0}]}]",False,Sima,3,6,54,Sima,MID,0
166,2,2025-26,66,0,0,0,2,0,0,0,0,0,0,0,10,10.6,3.9,18.0,3.3,1,2,3,6,1,0.15,0.02,0.17,1.2,2,False,"[{'fixture': 16, 'stats': [{'identifier': 'minutes', 'points': 2, 'value': 66, 'points_modification': 0}]}]",False,Ayari,3,6,49,Ayari,MID,2
167,2,2025-26,45,0,0,0,1,0,0,0,0,0,0,0,3,0.4,10.8,0.0,1.1,0,2,0,2,1,0.0,0.0,0.0,0.92,1,False,"[{'fixture': 16, 'stats': [{'identifier': 'minutes', 'points': 1, 'value': 45, 'points_modification': 0}]}]",False,Baleba,3,6,48,Baleba,MID,1
168,2,2025-26,0,0,0,0,0,0,0,0,0,0,0,0,0,0.0,0.0,0.0,0.0,0,0,0,0,0,0.0,0.0,0.0,0.0,0,False,"[{'fixture': 16, 'stats': [{'identifier': 'minutes', 'points': 0, 'value': 0, 'points_modification': 0}]}]",False,Buonanotte,3,7,48,Buonanotte,MID,0
169,2,2025-26,23,0,0,0,0,0,0,0,0,0,0,0,3,7.0,2.0,0.0,0.9,4,1,0,5,0,0.0,0.01,0.01,0.4,1,False,"[{'fixture': 16, 'stats': [{'identifier': 'minutes', 'points': 1, 'value': 23, 'points_modification': 0}]}]",False,Gomez,3,6,49,Gomez,MID,1
170,2,2025-26,0,0,0,0,0,0,0,0,0,0,0,0,0,0.0,0.0,0.0,0.0,0,0,0,0,0,0.0,0.0,0.0,0.0,0,False,"[{'fixture': 16, 'stats': [{'identifier': 'minutes', 'points': 0, 'value': 0, 'points_modification': 0}]}]",False,Milner,3,6,50,Milner,MID,0
171,2,2025-26,0,0,0,0,0,0,0,0,0,0,0,0,0,0.0,0.0,0.0,0.0,0,0,0,0,0,0.0,0.0,0.0,0.0,0,False,"[{'fixture': 16, 'stats': [{'identifier': 'minutes', 'points': 0, 'value': 0, 'points_modification': 0}]}]",False,Sarmiento,3,6,49,Sarmiento,MID,0
172,2,2025-26,0,0,0,0,0,0,0,0,0,0,0,0,0,0.0,0.0,0.0,0.0,0,0,0,0,0,0.0,0.0,0.0,0.0,0,False,"[{'fixture': 16, 'stats': [{'identifier': 'minutes', 'points': 0, 'value': 0, 'points_modification': 0}]}]",False,Watson,3,6,49,Watson,MID,0
173,2,2025-26,84,0,0,0,2,0,0,0,1,0,0,0,13,20.0,2.4,0.0,2.2,3,3,7,13,1,0.0,0.02,0.02,1.21,3,False,"[{'fixture': 16, 'stats': [{'identifier': 'minutes', 'points': 2, 'value': 84, 'points_modification': 0}, {'identifier': 'yellow_cards', 'points': -1, 'value': 1, 'points_modification': 0}, {'identifier': 'defensive_contribution', 'points': 2, 'value': 13, 'points_modification': 0}]}]",False,Wieffer,3,6,49,Wieffer,MID,3
174,2,2025-26,0,0,0,0,0,0,0,0,0,0,0,0,0,0.0,0.0,0.0,0.0,0,0,0,0,0,0.0,0.0,0.0,0.0,0,False,"[{'fixture': 16, 'stats': [{'identifier': 'minutes', 'points': 0, 'value': 0, 'points_modification': 0}]}]",False,Yalcouye,3,6,50,Yalcouye,MID,0
175,2,2025-26,0,0,0,0,0,0,0,0,0,0,0,0,0,0.0,0.0,0.0,0.0,0,0,0,0,0,0.0,0.0,0.0,0.0,0,False,"[{'fixture': 16, 'stats': [{'identifier': 'minutes', 'points': 0, 'value': 0, 'points_modification': 0}]}]",False,Knight,3,6,45,Knight,MID,0
176,2,2025-26,0,0,0,0,0,0,0,0,0,0,0,0,0,0.0,0.0,0.0,0.0,0,0,0,0,0,0.0,0.0,0.0,0.0,0,False,"[{'fixture': 16, 'stats': [{'identifier': 'minutes', 'points': 0, 'value': 0, 'points_modification': 0}]}]",False,Mazilu,3,6,45,Mazilu,MID,0
177,2,2025-26,0,0,0,0,0,0,0,0,0,0,0,0,0,0.0,0.0,0.0,0.0,0,0,0,0,0,0.0,0.0,0.0,0.0,0,False,"[{'fixture': 16, 'stats': [{'identifier': 'minutes', 'points': 0, 'value': 0, 'points_modification': 0}]}]",False,Moran,3,6,45,Moran,MID,0
178,2,2025-26,90,0,0,0,2,0,0,1,0,0,0,0,-9,0.0,3.4,27.0,2.8,0,1,0,1,1,1.56,0.1,1.66,1.6,0,False,"[{'fixture': 16, 'stats': [{'identifier': 'minutes', 'points': 2, 'value': 90, 'points_modification': 0}, {'identifier': 'penalties_missed', 'points': -2, 'value': 1, 'points_modification': 0}]}]",False,Welbeck,4,6,63,Welbeck,FWD,0
179,2,2025-26,0,0,0,0,0,0,0,0,0,0,0,0,0,0.0,0.0,0.0,0.0,0,0,0,0,0,0.0,0.0,0.0,0.0,0,False,"[{'fixture': 16, 'stats': [{'identifier': 'minutes', 'points': 0, 'value': 0, 'points_modification': 0}]}]",False,Ferguson,4,6,55,Ferguson,FWD,0
180,2,2025-26,0,0,0,0,0,0,0,0,0,0,0,0,0,0.0,0.0,0.0,0.0,0,0,0,0,0,0.0,0.0,0.0,0.0,0,False,"[{'fixture': 16, 'stats': [{'identifier': 'minutes', 'points': 0, 'value': 0, 'points_modification': 0}]}]",False,Tzimas,4,6,54,Tzimas,FWD,0
181,2,2025-26,0,0,0,0,0,0,0,0,0,0,0,0,0,0.0,0.0,0.0,0.0,0,0,0,0,0,0.0,0.0,0.0,0.0,0,False,"[{'fixture': 16, 'stats': [{'identifier': 'minutes', 'points': 0, 'value': 0, 'points_modification': 0}]}]",False,Kostoulas,4,6,49,Kostoulas,FWD,0
182,2,2025-26,90,0,0,0,2,0,0,0,0,0,3,0,13,30.8,0.0,0.0,3.1,3,10,2,0,1,0.0,0.0,0.0,1.11,2,False,"[{'fixture': 18, 'stats': [{'identifier': 'minutes', 'points': 2, 'value': 90, 'points_modification': 0}, {'identifier': 'goals_conceded', 'points': -1, 'value': 2, 'points_modification': 0}, {'identifier': 'saves', 'points': 1, 'value': 3, 'points_modification': 0}]}]",False,Trafford,1,13,48,Trafford,GK,2
183,2,2025-26,0,0,0,0,0,0,0,0,0,0,0,0,0,0.0,0.0,0.0,0.0,0,0,0,0,0,0.0,0.0,0.0,0.0,0,False,"[{'fixture': 14, 'stats': [{'identifier': 'minutes', 'points': 0, 'value': 0, 'points_modification': 0}]}]",False,Weiss,1,3,44,Weiss,GK,0
184,2,2025-26,0,0,0,0,0,0,0,0,0,0,0,0,0,0.0,0.0,0.0,0.0,0,0,0,0,0,0.0,0.0,0.0,0.0,0,False,"[{'fixture': 14, 'stats': [{'identifier': 'minutes', 'points': 0, 'value': 0, 'points_modification': 0}]}]",False,Green,1,3,40,Green,GK,0
185,2,2025-26,0,0,0,0,0,0,0,0,0,0,0,0,0,0.0,0.0,0.0,0.0,0,0,0,0,0,0.0,0.0,0.0,0.0,0,False,"[{'fixture': 14, 'stats': [{'identifier': 'minutes', 'points': 0, 'value': 0, 'points_modification': 0}]}]",False,Hladký,1,3,40,Hladký,GK,0
186,2,2025-26,0,0,0,0,0,0,0,0,0,0,0,0,0,0.0,0.0,0.0,0.0,0,0,0,0,0,0.0,0.0,0.0,0.0,0,False,"[{'fixture': 14, 'stats': [{'identifier': 'minutes', 'points': 0, 'value': 0, 'points_modification': 0}]}]",False,Roberts,2,3,44,Roberts,DEF,0
187,2,2025-26,90,0,0,1,0,0,0,0,0,0,0,0,26,15.4,2.1,0.0,1.8,6,6,1,7,1,0.0,0.02,0.02,0.77,6,False,"[{'fixture': 14, 'stats': [{'identifier': 'minutes', 'points': 2, 'value': 90, 'points_modification': 0}, {'identifier': 'clean_sheets', 'points': 4, 'value': 1, 'points_modification': 0}]}]",False,Walker,2,3,45,Walker,DEF,6
188,2,2025-26,0,0,0,0,0,0,0,0,0,0,0,0,0,0.0,0.0,0.0,0.0,0,0,0,0,0,0.0,0.0,0.0,0.0,0,False,"[{'fixture': 14, 'stats': [{'identifier': 'minutes', 'points': 0, 'value': 0, 'points_modification': 0}]}]",False,Delcroix,2,3,39,Delcroix,DEF,0
189,2,2025-26,0,0,0,0,0,0,0,0,0,0,0,0,0,0.0,0.0,0.0,0.0,0,0,0,0,0,0.0,0.0,0.0,0.0,0,False,"[{'fixture': 14, 'stats': [{'identifier': 'minutes', 'points': 0, 'value': 0, 'points_modification': 0}]}]",False,Dodgson,2,3,40,Dodgson,DEF,0
190,2,2025-26,90,0,0,1,0,0,0,0,0,0,0,1,34,31.8,14.3,4.0,5.0,12,3,2,14,1,0.0,0.01,0.01,0.77,9,False,"[{'fixture': 14, 'stats': [{'identifier': 'minutes', 'points': 2, 'value': 90, 'points_modification': 0}, {'identifier': 'clean_sheets', 'points': 4, 'value': 1, 'points_modification': 0}, {'identifier': 'bonus', 'points': 1, 'value': 1, 'points_modification': 0}, {'identifier': 'defensive_contribution', 'points': 2, 'value': 14, 'points_modification': 0}]}]",False,Ekdal,2,3,40,Ekdal,DEF,9
191,2,2025-26,82,0,0,1,0,0,0,0,0,0,0,0,29,21.0,1.1,0.0,2.2,6,1,1,7,1,0.0,0.01,0.01,0.66,6,False,"[{'fixture': 14, 'stats': [{'identifier': 'minutes', 'points': 2, 'value': 82, 'points_modification': 0}, {'identifier': 'clean_sheets', 'points': 4, 'value': 1, 'points_modification': 0}]}]",False,Estève,2,3,40,Estève,DEF,6
192,2,2025-26,90,0,0,1,0,0,0,0,0,0,0,0,26,19.8,7.3,2.0,2.9,3,3,5,8,1,0.0,0.04,0.04,0.77,6,False,"[{'fixture': 14, 'stats': [{'identifier': 'minutes', 'points': 2, 'value': 90, 'points_modification': 0}, {'identifier': 'clean_sheets', 'points': 4, 'value': 1, 'points_modification': 0}]}]",False,Hartman,2,3,40,Hartman,DEF,6
193,2,2025-26,0,0,0,0,0,0,0,0,0,0,0,0,0,0.0,0.0,0.0,0.0,0,0,0,0,0,0.0,0.0,0.0,0.0,0,False,"[{'fixture': 14, 'stats': [{'identifier': 'minutes', 'points': 0, 'value': 0, 'points_modification': 0}]}]",False,Humphreys,2,3,40,Humphreys,DEF,0
194,2,2025-26,0,0,0,0,0,0,0,0,0,0,0,0,0,0.0,0.0,0.0,0.0,0,0,0,0,0,0.0,0.0,0.0,0.0,0,False,"[{'fixture': 14, 'stats': [{'identifier': 'minutes', 'points': 0, 'value': 0, 'points_modification': 0}]}]",False,Jordan,2,3,40,Jordan,DEF,0
195,2,2025-26,0,0,0,0,0,0,0,0,0,0,0,0,0,0.0,0.0,0.0,0.0,0,0,0,0,0,0.0,0.0,0.0,0.0,0,False,"[{'fixture': 14, 'stats': [{'identifier': 'minutes', 'points': 0, 'value': 0, 'points_modification': 0}]}]",False,Lucas Pires,2,3,39,Lucas Pires,DEF,0
196,2,2025-26,0,0,0,0,0,0,0,0,0,0,0,0,0,0.0,0.0,0.0,0.0,0,0,0,0,0,0.0,0.0,0.0,0.0,0,False,"[{'fixture': 14, 'stats': [{'identifier': 'minutes', 'points': 0, 'value': 0, 'points_modification': 0}]}]",False,Sambo,2,3,40,Sambo,DEF,0
197,2,2025-26,21,0,0,0,0,0,0,0,0,0,0,0,1,0.0,0.5,0.0,0.0,0,2,0,0,0,0.0,0.0,0.0,0.16,1,False,"[{'fixture': 14, 'stats': [{'identifier': 'minutes', 'points': 1, 'value': 21, 'points_modification': 0}]}]",False,Sonne,2,3,40,Sonne,DEF,1
198,2,2025-26,0,0,0,0,0,0,0,0,0,0,0,0,0,0.0,0.0,0.0,0.0,0,0,0,0,0,0.0,0.0,0.0,0.0,0,False,"[{'fixture': 14, 'stats': [{'identifier': 'minutes', 'points': 0, 'value': 0, 'points_modification': 0}]}]",False,Tuanzebe,2,3,39,Tuanzebe,DEF,0
199,2,2025-26,7,0,0,0,0,0,0,0,0,0,0,0,6,6.0,0.0,0.0,0.6,2,0,1,3,0,0.0,0.0,0.0,0.11,1,False,"[{'fixture': 14, 'stats': [{'identifier': 'minutes', 'points': 1, 'value': 7, 'points_modification': 0}]}]",False,Worrall,2,3,40,Worrall,DEF,1
200,2,2025-26,90,1,1,1,0,0,0,0,0,0,0,2,39,58.4,14.6,28.0,10.1,1,7,3,11,1,0.77,0.02,0.79,0.77,13,True,"[{'fixture': 14, 'stats': [{'identifier': 'minutes', 'points': 2, 'value': 90, 'points_modification': 0}, {'identifier': 'goals_scored', 'points': 5, 'value': 1, 'points_modification': 0}, {'identifier': 'assists', 'points': 3, 'value': 1, 'points_modification': 0}, {'identifier': 'clean_sheets', 'points': 1, 'value': 1, 'points_modification': 0}, {'identifier': 'bonus', 'points': 2, 'value': 2, 'points_modification': 0}]}]",False,Anthony,3,3,56,Anthony,MID,13
201,2,2025-26,0,0,0,0,0,0,0,0,0,0,0,0,0,0.0,0.0,0.0,0.0,0,0,0,0,0,0.0,0.0,0.0,0.0,0,False,"[{'fixture': 14, 'stats': [{'identifier': 'minutes', 'points': 0, 'value': 0, 'points_modification': 0}]}]",False,Benson,3,3,54,Benson,MID,0
202,2,2025-26,68,0,0,1,0,0,0,0,0,0,0,0,6,0.0,1.8,4.0,0.4,1,3,0,4,1,0.02,0.01,0.03,0.61,3,False,"[{'fixture': 14, 'stats': [{'identifier': 'minutes', 'points': 2, 'value': 68, 'points_modification': 0}, {'identifier': 'clean_sheets', 'points': 1, 'value': 1, 'points_modification': 0}]}]",False,Bruun Larsen,3,3,54,Bruun Larsen,MID,3
203,2,2025-26,0,0,0,0,0,0,0,0,0,0,0,0,0,0.0,0.0,0.0,0.0,0,0,0,0,0,0.0,0.0,0.0,0.0,0,False,"[{'fixture': 14, 'stats': [{'identifier': 'minutes', 'points': 0, 'value': 0, 'points_modification': 0}]}]",False,Boateng,3,3,49,Boateng,MID,0
204,2,2025-26,0,0,0,0,0,0,0,0,0,0,0,0,0,0.0,0.0,0.0,0.0,0,0,0,0,0,0.0,0.0,0.0,0.0,0,False,"[{'fixture': 14, 'stats': [{'identifier': 'minutes', 'points': 0, 'value': 0, 'points_modification': 0}]}]",False,Churlinov,3,3,49,Churlinov,MID,0
205,2,2025-26,90,1,1,1,0,0,0,0,0,0,0,3,49,65.8,17.0,21.0,10.4,2,4,1,7,1,0.08,0.19,0.27,0.77,14,True,"[{'fixture': 14, 'stats': [{'identifier': 'minutes', 'points': 2, 'value': 90, 'points_modification': 0}, {'identifier': 'goals_scored', 'points': 5, 'value': 1, 'points_modification': 0}, {'identifier': 'assists', 'points': 3, 'value': 1, 'points_modification': 0}, {'identifier': 'clean_sheets', 'points': 1, 'value': 1, 'points_modification': 0}, {'identifier': 'bonus', 'points': 3, 'value': 3, 'points_modification': 0}]}]",False,Cullen,3,3,50,Cullen,MID,14
206,2,2025-26,0,0,0,0,0,0,0,0,0,0,0,0,0,0.0,0.0,0.0,0.0,0,0,0,0,0,0.0,0.0,0.0,0.0,0,False,"[{'fixture': 14, 'stats': [{'identifier': 'minutes', 'points': 0, 'value': 0, 'points_modification': 0}]}]",False,Edwards,3,3,48,Edwards,MID,0
207,2,2025-26,82,0,0,1,0,0,0,0,0,0,0,0,11,9.2,18.5,4.0,3.2,2,8,3,13,1,0.02,0.12,0.14,0.66,5,False,"[{'fixture': 14, 'stats': [{'identifier': 'minutes', 'points': 2, 'value': 82, 'points_modification': 0}, {'identifier': 'clean_sheets', 'points': 1, 'value': 1, 'points_modification': 0}, {'identifier': 'defensive_contribution', 'points': 2, 'value': 13, 'points_modification': 0}]}]",False,Hannibal,3,3,50,Hannibal,MID,5
208,2,2025-26,0,0,0,0,0,0,0,0,0,0,0,0,0,0.0,0.0,0.0,0.0,0,0,0,0,0,0.0,0.0,0.0,0.0,0,False,"[{'fixture': 14, 'stats': [{'identifier': 'minutes', 'points': 0, 'value': 0, 'points_modification': 0}]}]",False,Koleosho,3,3,50,Koleosho,MID,0
209,2,2025-26,21,0,0,0,0,0,0,0,0,0,0,0,4,10.8,0.8,0.0,1.2,3,0,1,4,0,0.0,0.0,0.0,0.16,1,False,"[{'fixture': 14, 'stats': [{'identifier': 'minutes', 'points': 1, 'value': 21, 'points_modification': 0}]}]",False,Laurent,3,3,49,Laurent,MID,1
210,2,2025-26,7,0,0,0,0,0,0,0,0,0,0,0,3,0.4,4.6,3.0,0.8,0,2,0,2,0,0.08,0.03,0.11,0.11,1,False,"[{'fixture': 14, 'stats': [{'identifier': 'minutes', 'points': 1, 'value': 7, 'points_modification': 0}]}]",False,Tchaouna,3,3,49,Tchaouna,MID,1
211,2,2025-26,0,0,0,0,0,0,0,0,0,0,0,0,0,0.0,0.0,0.0,0.0,0,0,0,0,0,0.0,0.0,0.0,0.0,0,False,"[{'fixture': 14, 'stats': [{'identifier': 'minutes', 'points': 0, 'value': 0, 'points_modification': 0}]}]",False,A.Ramsey,3,3,44,A.Ramsey,MID,0
212,2,2025-26,0,0,0,0,0,0,0,0,0,0,0,0,0,0.0,0.0,0.0,0.0,0,0,0,0,0,0.0,0.0,0.0,0.0,0,False,"[{'fixture': 14, 'stats': [{'identifier': 'minutes', 'points': 0, 'value': 0, 'points_modification': 0}]}]",False,Adewumi,3,3,45,Adewumi,MID,0
213,2,2025-26,0,0,0,0,0,0,0,0,0,0,0,0,0,0.0,0.0,0.0,0.0,0,0,0,0,0,0.0,0.0,0.0,0.0,0,False,"[{'fixture': 14, 'stats': [{'identifier': 'minutes', 'points': 0, 'value': 0, 'points_modification': 0}]}]",False,Banel,3,3,45,Banel,MID,0
214,2,2025-26,0,0,0,0,0,0,0,0,0,0,0,0,0,0.0,0.0,0.0,0.0,0,0,0,0,0,0.0,0.0,0.0,0.0,0,False,"[{'fixture': 14, 'stats': [{'identifier': 'minutes', 'points': 0, 'value': 0, 'points_modification': 0}]}]",False,Trésor,3,3,44,Trésor,MID,0
215,2,2025-26,4,0,0,0,0,0,0,0,0,0,0,0,3,2.2,10.0,2.0,1.4,0,0,0,0,0,0.0,0.0,0.0,0.11,1,False,"[{'fixture': 14, 'stats': [{'identifier': 'minutes', 'points': 1, 'value': 4, 'points_modification': 0}]}]",False,Flemming,4,3,54,Flemming,FWD,1
216,2,2025-26,0,0,0,0,0,0,0,0,0,0,0,0,0,0.0,0.0,0.0,0.0,0,0,0,0,0,0.0,0.0,0.0,0.0,0,False,"[{'fixture': 14, 'stats': [{'identifier': 'minutes', 'points': 0, 'value': 0, 'points_modification': 0}]}]",False,Amdouni,4,3,49,Amdouni,FWD,0
217,2,2025-26,85,0,0,1,0,0,0,0,0,0,0,0,7,1.8,3.6,4.0,0.9,0,3,2,5,1,0.0,0.01,0.01,0.66,2,False,"[{'fixture': 14, 'stats': [{'identifier': 'minutes', 'points': 2, 'value': 85, 'points_modification': 0}]}]",False,Foster,4,3,50,Foster,FWD,2
218,2,2025-26,0,0,0,0,0,0,0,0,0,0,0,0,0,0.0,0.0,0.0,0.0,0,0,0,0,0,0.0,0.0,0.0,0.0,0,False,"[{'fixture': 14, 'stats': [{'identifier': 'minutes', 'points': 0, 'value': 0, 'points_modification': 0}]}]",False,Barnes,4,3,44,Barnes,FWD,0
219,2,2025-26,0,0,0,0,0,0,0,0,0,0,0,0,0,0.0,0.0,0.0,0.0,0,0,0,0,0,0.0,0.0,0.0,0.0,0,False,"[{'fixture': 14, 'stats': [{'identifier': 'minutes', 'points': 0, 'value': 0, 'points_modification': 0}]}]",False,Obafemi,4,3,44,Obafemi,FWD,0
220,2,2025-26,90,0,0,0,1,0,0,0,0,0,3,0,11,24.2,0.0,0.0,2.4,0,5,0,0,1,0.0,0.0,0.0,0.73,3,False,"[{'fixture': 20, 'stats': [{'identifier': 'minutes', 'points': 2, 'value': 90, 'points_modification': 0}, {'identifier': 'saves', 'points': 1, 'value': 3, 'points_modification': 0}]}]",False,Sánchez,1,7,49,Sánchez,GK,3
221,2,2025-26,0,0,0,0,0,0,0,0,0,0,0,0,0,0.0,0.0,0.0,0.0,0,0,0,0,0,0.0,0.0,0.0,0.0,0,False,"[{'fixture': 20, 'stats': [{'identifier': 'minutes', 'points': 0, 'value': 0, 'points_modification': 0}]}]",False,Jörgensen,1,7,44,Jörgensen,GK,0
222,2,2025-26,0,0,0,0,0,0,0,0,0,0,0,0,0,0.0,0.0,0.0,0.0,0,0,0,0,0,0.0,0.0,0.0,0.0,0,False,"[{'fixture': 20, 'stats': [{'identifier': 'minutes', 'points': 0, 'value': 0, 'points_modification': 0}]}]",False,Penders,1,7,40,Penders,GK,0
223,2,2025-26,0,0,0,0,0,0,0,0,0,0,0,0,0,0.0,0.0,0.0,0.0,0,0,0,0,0,0.0,0.0,0.0,0.0,0,False,"[{'fixture': 20, 'stats': [{'identifier': 'minutes', 'points': 0, 'value': 0, 'points_modification': 0}]}]",False,Slonina,1,7,40,Slonina,GK,0
224,2,2025-26,68,0,1,0,1,0,0,0,0,0,0,0,25,30.4,13.8,4.0,4.8,4,7,1,5,1,0.0,0.32,0.32,0.29,5,False,"[{'fixture': 20, 'stats': [{'identifier': 'minutes', 'points': 2, 'value': 68, 'points_modification': 0}, {'identifier': 'assists', 'points': 3, 'value': 1, 'points_modification': 0}]}]",False,Cucurella,2,7,62,Cucurella,DEF,5
225,2,2025-26,21,0,0,0,0,0,0,0,0,0,0,0,7,2.6,15.5,0.0,1.8,0,2,0,0,0,0.0,0.13,0.13,0.44,1,False,"[{'fixture': 20, 'stats': [{'identifier': 'minutes', 'points': 1, 'value': 21, 'points_modification': 0}]}]",False,James,2,7,54,James,DEF,1
226,2,2025-26,68,1,0,0,1,0,0,0,0,0,0,0,27,44.2,1.4,33.0,7.9,3,4,2,5,1,0.31,0.01,0.32,0.29,8,False,"[{'fixture': 20, 'stats': [{'identifier': 'minutes', 'points': 2, 'value': 68, 'points_modification': 0}, {'identifier': 'goals_scored', 'points': 6, 'value': 1, 'points_modification': 0}]}]",False,Chalobah,2,7,52,Chalobah,DEF,8
227,2,2025-26,0,0,0,0,0,0,0,0,0,0,0,0,0,0.0,0.0,0.0,0.0,0,0,0,0,0,0.0,0.0,0.0,0.0,0,False,"[{'fixture': 20, 'stats': [{'identifier': 'minutes', 'points': 0, 'value': 0, 'points_modification': 0}]}]",False,Colwill,2,7,48,Colwill,DEF,0
228,2,2025-26,68,0,0,0,1,0,0,0,0,0,0,0,3,9.0,2.7,0.0,1.2,3,1,2,5,1,0.0,0.01,0.01,0.29,2,False,"[{'fixture': 20, 'stats': [{'identifier': 'minutes', 'points': 2, 'value': 68, 'points_modification': 0}]}]",False,Gusto,2,7,49,Gusto,DEF,2
229,2,2025-26,0,0,0,0,0,0,0,0,0,0,0,0,0,0.0,0.0,0.0,0.0,0,0,0,0,0,0.0,0.0,0.0,0.0,0,False,"[{'fixture': 20, 'stats': [{'identifier': 'minutes', 'points': 0, 'value': 0, 'points_modification': 0}]}]",False,B.Badiashile,2,7,44,B.Badiashile,DEF,0
230,2,2025-26,21,0,0,0,0,0,0,0,0,0,0,0,5,3.4,0.4,0.0,0.4,1,0,1,2,0,0.0,0.0,0.0,0.44,1,False,"[{'fixture': 20, 'stats': [{'identifier': 'minutes', 'points': 1, 'value': 21, 'points_modification': 0}]}]",False,Fofana,2,7,44,Fofana,DEF,1
231,2,2025-26,0,0,0,0,0,0,0,0,0,0,0,0,0,0.0,0.0,0.0,0.0,0,0,0,0,0,0.0,0.0,0.0,0.0,0,False,"[{'fixture': 20, 'stats': [{'identifier': 'minutes', 'points': 0, 'value': 0, 'points_modification': 0}]}]",False,M.Sarr,2,7,45,M.Sarr,DEF,0
232,2,2025-26,90,0,0,0,1,0,0,0,0,0,0,0,16,26.4,1.9,0.0,2.8,6,3,3,9,1,0.0,0.03,0.03,0.73,2,False,"[{'fixture': 20, 'stats': [{'identifier': 'minutes', 'points': 2, 'value': 90, 'points_modification': 0}]}]",False,Tosin,2,7,45,Tosin,DEF,2
233,2,2025-26,0,0,0,0,0,0,0,0,0,0,0,0,0,0.0,0.0,0.0,0.0,0,0,0,0,0,0.0,0.0,0.0,0.0,0,False,"[{'fixture': 20, 'stats': [{'identifier': 'minutes', 'points': 0, 'value': 0, 'points_modification': 0}]}]",False,Acheampong,2,7,40,Acheampong,DEF,0
234,2,2025-26,0,0,0,0,0,0,0,0,0,0,0,0,0,0.0,0.0,0.0,0.0,0,0,0,0,0,0.0,0.0,0.0,0.0,0,False,"[{'fixture': 20, 'stats': [{'identifier': 'minutes', 'points': 0, 'value': 0, 'points_modification': 0}]}]",False,Anselmino,2,7,40,Anselmino,DEF,0
235,2,2025-26,0,0,0,0,0,0,0,0,0,0,0,0,0,0.0,0.0,0.0,0.0,0,0,0,0,0,0.0,0.0,0.0,0.0,0,False,"[{'fixture': 20, 'stats': [{'identifier': 'minutes', 'points': 0, 'value': 0, 'points_modification': 0}]}]",False,Palmer,3,7,104,Palmer,MID,0
236,2,2025-26,90,1,0,0,1,0,0,0,0,0,0,0,33,37.6,18.4,30.0,8.6,0,1,1,2,1,0.38,0.17,0.55,0.73,7,False,"[{'fixture': 20, 'stats': [{'identifier': 'minutes', 'points': 2, 'value': 90, 'points_modification': 0}, {'identifier': 'goals_scored', 'points': 5, 'value': 1, 'points_modification': 0}]}]",False,Neto,3,7,70,Neto,MID,7
237,2,2025-26,90,1,1,0,1,0,0,0,0,0,0,0,32,33.4,8.8,38.0,8.0,0,3,2,5,1,1.03,0.02,1.05,0.73,10,False,"[{'fixture': 20, 'stats': [{'identifier': 'minutes', 'points': 2, 'value': 90, 'points_modification': 0}, {'identifier': 'goals_scored', 'points': 5, 'value': 1, 'points_modification': 0}, {'identifier': 'assists', 'points': 3, 'value': 1, 'points_modification': 0}]}]",False,Enzo,3,7,67,Enzo,MID,10
238,2,2025-26,76,0,1,0,1,0,0,0,0,0,0,0,26,27.4,16.6,25.0,6.9,0,2,3,5,1,0.29,0.61,0.9,0.33,5,False,"[{'fixture': 20, 'stats': [{'identifier': 'minutes', 'points': 2, 'value': 76, 'points_modification': 0}, {'identifier': 'assists', 'points': 3, 'value': 1, 'points_modification': 0}]}]",False,Estêvão,3,7,65,Estêvão,MID,5
239,2,2025-26,13,0,0,0,0,0,0,0,0,0,0,0,4,2.0,5.0,4.0,1.1,0,0,0,0,0,0.0,0.01,0.01,0.4,1,False,"[{'fixture': 20, 'stats': [{'identifier': 'minutes', 'points': 1, 'value': 13, 'points_modification': 0}]}]",False,Gittens,3,7,62,Gittens,MID,1
240,2,2025-26,0,0,0,0,0,0,0,0,0,0,0,0,0,0.0,0.0,0.0,0.0,0,0,0,0,0,0.0,0.0,0.0,0.0,0,False,"[{'fixture': 20, 'stats': [{'identifier': 'minutes', 'points': 0, 'value': 0, 'points_modification': 0}]}]",False,Nkunku,3,7,59,Nkunku,MID,0
241,2,2025-26,90,1,0,0,1,0,0,0,0,0,0,1,36,50.8,5.2,17.0,7.3,2,2,3,7,1,0.24,0.02,0.26,0.73,8,False,"[{'fixture': 20, 'stats': [{'identifier': 'minutes', 'points': 2, 'value': 90, 'points_modification': 0}, {'identifier': 'goals_scored', 'points': 5, 'value': 1, 'points_modification': 0}, {'identifier': 'bonus', 'points': 1, 'value': 1, 'points_modification': 0}]}]",False,Caicedo,3,7,56,Caicedo,MID,8
242,2,2025-26,90,0,0,1,0,0,0,0,1,0,0,0,14,6.8,54.3,0.0,6.1,1,2,0,3,1,0.0,0.17,0.17,2.43,2,False,"[{'fixture': 16, 'stats': [{'identifier': 'minutes', 'points': 2, 'value': 90, 'points_modification': 0}, {'identifier': 'clean_sheets', 'points': 1, 'value': 1, 'points_modification': 0}, {'identifier': 'yellow_cards', 'points': -1, 'value': 1, 'points_modification': 0}]}]",False,Dewsbury-Hall,3,9,50,Dewsbury-Hall,MID,2
243,2,2025-26,0,0,0,0,0,0,0,0,0,0,0,0,0,0.0,0.0,0.0,0.0,0,0,0,0,0,0.0,0.0,0.0,0.0,0,False,"[{'fixture': 20, 'stats': [{'identifier': 'minutes', 'points': 0, 'value': 0, 'points_modification': 0}]}]",False,George,3,7,49,George,MID,0
244,2,2025-26,0,0,0,0,0,0,0,0,0,0,0,0,0,0.0,0.0,0.0,0.0,0,0,0,0,0,0.0,0.0,0.0,0.0,0,False,"[{'fixture': 20, 'stats': [{'identifier': 'minutes', 'points': 0, 'value': 0, 'points_modification': 0}]}]",False,Lavia,3,7,49,Lavia,MID,0
245,2,2025-26,0,0,0,0,0,0,0,0,0,0,0,0,0,0.0,0.0,0.0,0.0,0,0,0,0,0,0.0,0.0,0.0,0.0,0,False,"[{'fixture': 20, 'stats': [{'identifier': 'minutes', 'points': 0, 'value': 0, 'points_modification': 0}]}]",False,Mudryk,3,7,50,Mudryk,MID,0
246,2,2025-26,28,0,0,0,0,0,0,0,0,0,0,0,4,3.8,11.9,2.0,1.8,1,2,0,3,0,0.0,0.01,0.01,0.55,1,False,"[{'fixture': 20, 'stats': [{'identifier': 'minutes', 'points': 1, 'value': 28, 'points_modification': 0}]}]",False,Andrey Santos,3,7,45,Andrey Santos,MID,1
247,2,2025-26,0,0,0,0,0,0,0,0,0,0,0,0,0,0.0,0.0,0.0,0.0,0,0,0,0,0,0.0,0.0,0.0,0.0,0,False,"[{'fixture': 20, 'stats': [{'identifier': 'minutes', 'points': 0, 'value': 0, 'points_modification': 0}]}]",False,D.Essugo,3,7,44,D.Essugo,MID,0
248,2,2025-26,0,0,0,0,0,0,0,0,0,0,0,0,0,0.0,0.0,0.0,0.0,0,0,0,0,0,0.0,0.0,0.0,0.0,0,False,"[{'fixture': 20, 'stats': [{'identifier': 'minutes', 'points': 0, 'value': 0, 'points_modification': 0}]}]",False,Paez,3,7,45,Paez,MID,0
249,2,2025-26,90,1,2,0,1,0,0,0,0,0,0,3,58,75.8,31.3,42.0,14.9,3,1,1,5,1,0.41,0.11,0.52,0.73,15,True,"[{'fixture': 20, 'stats': [{'identifier': 'minutes', 'points': 2, 'value': 90, 'points_modification': 0}, {'identifier': 'goals_scored', 'points': 4, 'value': 1, 'points_modification': 0}, {'identifier': 'assists', 'points': 6, 'value': 2, 'points_modification': 0}, {'identifier': 'bonus', 'points': 3, 'value': 3, 'points_modification': 0}]}]",False,João Pedro,4,7,78,João Pedro,FWD,15
250,2,2025-26,61,0,0,0,1,0,0,0,0,0,0,0,7,2.6,2.2,19.0,2.4,0,2,0,2,1,0.09,0.02,0.11,0.18,2,False,"[{'fixture': 20, 'stats': [{'identifier': 'minutes', 'points': 2, 'value': 61, 'points_modification': 0}]}]",False,Delap,4,7,62,Delap,FWD,2
251,2,2025-26,0,0,0,0,0,0,0,0,0,0,0,0,0,0.0,0.0,0.0,0.0,0,0,0,0,0,0.0,0.0,0.0,0.0,0,False,"[{'fixture': 20, 'stats': [{'identifier': 'minutes', 'points': 0, 'value': 0, 'points_modification': 0}]}]",False,N.Jackson,4,7,65,N.Jackson,FWD,0
252,2,2025-26,10,0,0,0,1,0,0,0,0,0,0,0,2,0.0,1.6,6.0,0.6,0,0,0,0,0,0.02,0.01,0.03,0.66,1,False,"[{'fixture': 14, 'stats': [{'identifier': 'minutes', 'points': 1, 'value': 10, 'points_modification': 0}]}]",False,Marc Guiu,4,7,43,Marc Guiu,FWD,1
253,2,2025-26,90,0,0,0,1,0,0,0,0,0,0,0,3,3.4,0.0,0.0,0.3,0,4,0,0,1,0.0,0.0,0.0,0.93,2,False,"[{'fixture': 15, 'stats': [{'identifier': 'minutes', 'points': 2, 'value': 90, 'points_modification': 0}]}]",False,Henderson,1,8,50,Henderson,GK,2
254,2,2025-26,0,0,0,0,0,0,0,0,0,0,0,0,0,0.0,0.0,0.0,0.0,0,0,0,0,0,0.0,0.0,0.0,0.0,0,False,"[{'fixture': 15, 'stats': [{'identifier': 'minutes', 'points': 0, 'value': 0, 'points_modification': 0}]}]",False,Benitez,1,8,40,Benitez,GK,0
255,2,2025-26,0,0,0,0,0,0,0,0,0,0,0,0,0,0.0,0.0,0.0,0.0,0,0,0,0,0,0.0,0.0,0.0,0.0,0,False,"[{'fixture': 15, 'stats': [{'identifier': 'minutes', 'points': 0, 'value': 0, 'points_modification': 0}]}]",False,Matthews,1,8,40,Matthews,GK,0
256,2,2025-26,90,0,1,0,1,0,0,0,0,0,0,0,18,28.2,24.2,2.0,5.4,1,5,0,1,1,0.0,0.32,0.32,0.93,5,False,"[{'fixture': 15, 'stats': [{'identifier': 'minutes', 'points': 2, 'value': 90, 'points_modification': 0}, {'identifier': 'assists', 'points': 3, 'value': 1, 'points_modification': 0}]}]",False,Muñoz,2,8,56,Muñoz,DEF,5
257,2,2025-26,90,0,0,0,1,0,0,0,1,0,0,0,11,24.6,0.3,23.0,4.8,9,5,3,12,1,0.1,0.0,0.1,0.93,3,False,"[{'fixture': 15, 'stats': [{'identifier': 'minutes', 'points': 2, 'value': 90, 'points_modification': 0}, {'identifier': 'yellow_cards', 'points': -1, 'value': 1, 'points_modification': 0}, {'identifier': 'defensive_contribution', 'points': 2, 'value': 12, 'points_modification': 0}]}]",False,Lacroix,2,8,51,Lacroix,DEF,3
258,2,2025-26,90,0,0,0,1,0,0,0,1,0,0,0,9,14.6,27.4,8.0,5.0,2,5,3,5,1,0.0,0.09,0.09,0.93,1,False,"[{'fixture': 15, 'stats': [{'identifier': 'minutes', 'points': 2, 'value': 90, 'points_modification': 0}, {'identifier': 'yellow_cards', 'points': -1, 'value': 1, 'points_modification': 0}]}]",False,Mitchell,2,8,50,Mitchell,DEF,1
259,2,2025-26,0,0,0,0,0,0,0,0,0,0,0,0,0,0.0,0.0,0.0,0.0,0,0,0,0,0,0.0,0.0,0.0,0.0,0,False,"[{'fixture': 15, 'stats': [{'identifier': 'minutes', 'points': 0, 'value': 0, 'points_modification': 0}]}]",False,Sosa,2,8,49,Sosa,DEF,0
260,2,2025-26,90,0,0,0,1,0,0,0,0,0,0,0,6,11.2,1.5,4.0,1.7,4,3,1,5,1,0.11,0.01,0.12,0.93,2,False,"[{'fixture': 15, 'stats': [{'identifier': 'minutes', 'points': 2, 'value': 90, 'points_modification': 0}]}]",False,Guéhi,2,8,47,Guéhi,DEF,2
261,2,2025-26,90,0,0,0,1,0,0,0,0,0,0,0,8,19.8,1.3,0.0,2.1,7,2,1,8,1,0.0,0.04,0.04,0.93,2,False,"[{'fixture': 15, 'stats': [{'identifier': 'minutes', 'points': 2, 'value': 90, 'points_modification': 0}]}]",False,Richards,2,8,45,Richards,DEF,2
262,2,2025-26,0,0,0,0,0,0,0,0,0,0,0,0,0,0.0,0.0,0.0,0.0,0,0,0,0,0,0.0,0.0,0.0,0.0,0,False,"[{'fixture': 15, 'stats': [{'identifier': 'minutes', 'points': 0, 'value': 0, 'points_modification': 0}]}]",False,Chadi Riad,2,8,40,Chadi Riad,DEF,0
263,2,2025-26,0,0,0,0,0,0,0,0,0,0,0,0,0,0.0,0.0,0.0,0.0,0,0,0,0,0,0.0,0.0,0.0,0.0,0,False,"[{'fixture': 15, 'stats': [{'identifier': 'minutes', 'points': 0, 'value': 0, 'points_modification': 0}]}]",False,Clyne,2,8,40,Clyne,DEF,0
264,2,2025-26,0,0,0,0,0,0,0,0,0,0,0,0,0,0.0,0.0,0.0,0.0,0,0,0,0,0,0.0,0.0,0.0,0.0,0,False,"[{'fixture': 15, 'stats': [{'identifier': 'minutes', 'points': 0, 'value': 0, 'points_modification': 0}]}]",False,Holding,2,8,40,Holding,DEF,0
265,2,2025-26,0,0,0,0,0,0,0,0,0,0,0,0,0,0.0,0.0,0.0,0.0,0,0,0,0,0,0.0,0.0,0.0,0.0,0,False,"[{'fixture': 15, 'stats': [{'identifier': 'minutes', 'points': 0, 'value': 0, 'points_modification': 0}]}]",False,Kporha,2,8,40,Kporha,DEF,0
266,2,2025-26,0,0,0,0,0,0,0,0,0,0,0,0,0,0.0,0.0,0.0,0.0,0,0,0,0,0,0.0,0.0,0.0,0.0,0,False,"[{'fixture': 15, 'stats': [{'identifier': 'minutes', 'points': 0, 'value': 0, 'points_modification': 0}]}]",False,Eze,3,1,75,Eze,MID,0
267,2,2025-26,90,1,0,0,1,0,0,0,0,0,0,1,20,36.0,2.8,17.0,5.6,0,2,2,4,1,0.55,0.04,0.59,0.93,8,False,"[{'fixture': 15, 'stats': [{'identifier': 'minutes', 'points': 2, 'value': 90, 'points_modification': 0}, {'identifier': 'goals_scored', 'points': 5, 'value': 1, 'points_modification': 0}, {'identifier': 'bonus', 'points': 1, 'value': 1, 'points_modification': 0}]}]",False,Sarr,3,8,64,Sarr,MID,8
268,2,2025-26,0,0,0,0,0,0,0,0,0,0,0,0,0,0.0,0.0,0.0,0.0,0,0,0,0,0,0.0,0.0,0.0,0.0,0,False,"[{'fixture': 15, 'stats': [{'identifier': 'minutes', 'points': 0, 'value': 0, 'points_modification': 0}]}]",False,Doucouré,3,8,49,Doucouré,MID,0
269,2,2025-26,24,0,0,0,0,0,0,0,0,0,0,0,6,4.6,0.4,2.0,0.7,0,0,2,2,0,0.0,0.01,0.01,0.27,1,False,"[{'fixture': 15, 'stats': [{'identifier': 'minutes', 'points': 1, 'value': 24, 'points_modification': 0}]}]",False,Esse,3,8,48,Esse,MID,1
270,2,2025-26,90,0,0,0,1,0,0,0,1,0,0,0,14,13.0,41.4,10.0,6.4,1,5,4,10,1,0.12,0.27,0.39,0.93,1,False,"[{'fixture': 15, 'stats': [{'identifier': 'minutes', 'points': 2, 'value': 90, 'points_modification': 0}, {'identifier': 'yellow_cards', 'points': -1, 'value': 1, 'points_modification': 0}]}]",False,Hughes,3,8,49,Hughes,MID,1
271,2,2025-26,0,0,0,0,0,0,0,0,0,0,0,0,0,0.0,0.0,0.0,0.0,0,0,0,0,0,0.0,0.0,0.0,0.0,0,False,"[{'fixture': 15, 'stats': [{'identifier': 'minutes', 'points': 0, 'value': 0, 'points_modification': 0}]}]",False,Kamada,3,8,50,Kamada,MID,0
272,2,2025-26,8,0,0,0,0,0,0,0,0,0,0,0,4,4.0,1.1,0.0,0.5,2,0,0,2,0,0.0,0.0,0.0,0.27,1,False,"[{'fixture': 15, 'stats': [{'identifier': 'minutes', 'points': 1, 'value': 8, 'points_modification': 0}]}]",False,Lerma,3,8,49,Lerma,MID,1
273,2,2025-26,81,0,0,0,1,0,0,0,0,0,0,0,18,8.2,20.2,0.0,2.8,2,6,1,9,1,0.0,0.09,0.09,0.66,2,False,"[{'fixture': 15, 'stats': [{'identifier': 'minutes', 'points': 2, 'value': 81, 'points_modification': 0}]}]",False,Wharton,3,8,50,Wharton,MID,2
274,2,2025-26,0,0,0,0,0,0,0,0,0,0,0,0,0,0.0,0.0,0.0,0.0,0,0,0,0,0,0.0,0.0,0.0,0.0,0,False,"[{'fixture': 15, 'stats': [{'identifier': 'minutes', 'points': 0, 'value': 0, 'points_modification': 0}]}]",False,Agbinone,3,8,45,Agbinone,MID,0
275,2,2025-26,0,0,0,0,0,0,0,0,0,0,0,0,0,0.0,0.0,0.0,0.0,0,0,0,0,0,0.0,0.0,0.0,0.0,0,False,"[{'fixture': 15, 'stats': [{'identifier': 'minutes', 'points': 0, 'value': 0, 'points_modification': 0}]}]",False,Ahamada,3,8,44,Ahamada,MID,0
276,2,2025-26,65,0,0,0,1,0,0,0,0,0,0,0,9,5.8,3.3,23.0,3.2,0,6,2,8,1,0.05,0.02,0.07,0.66,2,False,"[{'fixture': 15, 'stats': [{'identifier': 'minutes', 'points': 2, 'value': 65, 'points_modification': 0}]}]",False,Devenny,3,8,45,Devenny,MID,2
277,2,2025-26,0,0,0,0,0,0,0,0,0,0,0,0,0,0.0,0.0,0.0,0.0,0,0,0,0,0,0.0,0.0,0.0,0.0,0,False,"[{'fixture': 15, 'stats': [{'identifier': 'minutes', 'points': 0, 'value': 0, 'points_modification': 0}]}]",False,Ebiowei,3,8,45,Ebiowei,MID,0
278,2,2025-26,0,0,0,0,0,0,0,0,0,0,0,0,0,0.0,0.0,0.0,0.0,0,0,0,0,0,0.0,0.0,0.0,0.0,0,False,"[{'fixture': 15, 'stats': [{'identifier': 'minutes', 'points': 0, 'value': 0, 'points_modification': 0}]}]",False,J.Rak-Sakyi,3,8,44,J.Rak-Sakyi,MID,0
279,2,2025-26,0,0,0,0,0,0,0,0,0,0,0,0,0,0.0,0.0,0.0,0.0,0,0,0,0,0,0.0,0.0,0.0,0.0,0,False,"[{'fixture': 15, 'stats': [{'identifier': 'minutes', 'points': 0, 'value': 0, 'points_modification': 0}]}]",False,M.França,3,8,45,M.França,MID,0
280,2,2025-26,0,0,0,0,0,0,0,0,0,0,0,0,0,0.0,0.0,0.0,0.0,0,0,0,0,0,0.0,0.0,0.0,0.0,0,False,"[{'fixture': 15, 'stats': [{'identifier': 'minutes', 'points': 0, 'value': 0, 'points_modification': 0}]}]",False,Ozoh,3,8,45,Ozoh,MID,0
281,2,2025-26,0,0,0,0,0,0,0,0,0,0,0,0,0,0.0,0.0,0.0,0.0,0,0,0,0,0,0.0,0.0,0.0,0.0,0,False,"[{'fixture': 15, 'stats': [{'identifier': 'minutes', 'points': 0, 'value': 0, 'points_modification': 0}]}]",False,Rodney,3,8,45,Rodney,MID,0
282,2,2025-26,0,0,0,0,0,0,0,0,0,0,0,0,0,0.0,0.0,0.0,0.0,0,0,0,0,0,0.0,0.0,0.0,0.0,0,False,"[{'fixture': 15, 'stats': [{'identifier': 'minutes', 'points': 0, 'value': 0, 'points_modification': 0}]}]",False,Umeh,3,8,45,Umeh,MID,0
283,2,2025-26,87,0,0,0,1,0,0,0,0,0,0,0,7,0.4,0.4,13.0,1.4,1,0,0,1,1,0.16,0.0,0.16,0.66,2,False,"[{'fixture': 15, 'stats': [{'identifier': 'minutes', 'points': 2, 'value': 87, 'points_modification': 0}]}]",False,Mateta,4,8,76,Mateta,FWD,2
284,2,2025-26,0,0,0,0,0,0,0,0,0,0,0,0,0,0.0,0.0,0.0,0.0,0,0,0,0,0,0.0,0.0,0.0,0.0,0,False,"[{'fixture': 15, 'stats': [{'identifier': 'minutes', 'points': 0, 'value': 0, 'points_modification': 0}]}]",False,Nketiah,4,8,54,Nketiah,FWD,0
285,2,2025-26,2,0,0,0,0,0,0,0,0,0,0,0,6,2.0,0.0,0.0,0.2,0,0,1,1,0,0.0,0.0,0.0,0.27,1,False,"[{'fixture': 15, 'stats': [{'identifier': 'minutes', 'points': 1, 'value': 2, 'points_modification': 0}]}]",False,Édouard,4,8,50,Édouard,FWD,1
286,2,2025-26,0,0,0,0,0,0,0,0,0,0,0,0,0,0.0,0.0,0.0,0.0,0,0,0,0,0,0.0,0.0,0.0,0.0,0,False,"[{'fixture': 15, 'stats': [{'identifier': 'minutes', 'points': 0, 'value': 0, 'points_modification': 0}]}]",False,Marsh,4,8,45,Marsh,FWD,0
287,2,2025-26,90,0,0,1,0,0,1,0,0,0,4,3,40,50.2,0.0,0.0,5.0,2,11,0,0,1,0.0,0.0,0.0,2.43,15,True,"[{'fixture': 16, 'stats': [{'identifier': 'minutes', 'points': 2, 'value': 90, 'points_modification': 0}, {'identifier': 'clean_sheets', 'points': 4, 'value': 1, 'points_modification': 0}, {'identifier': 'penalties_saved', 'points': 5, 'value': 1, 'points_modification': 0}, {'identifier': 'saves', 'points': 1, 'value': 4, 'points_modification': 0}, {'identifier': 'bonus', 'points': 3, 'value': 3, 'points_modification': 0}]}]",False,Pickford,1,9,55,Pickford,GK,15
288,2,2025-26,0,0,0,0,0,0,0,0,0,0,0,0,0,0.0,0.0,0.0,0.0,0,0,0,0,0,0.0,0.0,0.0,0.0,0,False,"[{'fixture': 16, 'stats': [{'identifier': 'minutes', 'points': 0, 'value': 0, 'points_modification': 0}]}]",False,Travers,1,9,44,Travers,GK,0
289,2,2025-26,0,0,0,0,0,0,0,0,0,0,0,0,0,0.0,0.0,0.0,0.0,0,0,0,0,0,0.0,0.0,0.0,0.0,0,False,"[{'fixture': 16, 'stats': [{'identifier': 'minutes', 'points': 0, 'value': 0, 'points_modification': 0}]}]",False,Tyrer,1,9,40,Tyrer,GK,0
290,2,2025-26,0,0,0,0,0,0,0,0,0,0,0,0,0,0.0,0.0,0.0,0.0,0,0,0,0,0,0.0,0.0,0.0,0.0,0,False,"[{'fixture': 16, 'stats': [{'identifier': 'minutes', 'points': 0, 'value': 0, 'points_modification': 0}]}]",False,Branthwaite,2,9,53,Branthwaite,DEF,0
291,2,2025-26,90,0,0,1,0,0,0,0,0,0,0,0,27,13.2,0.3,4.0,1.8,10,3,0,10,1,0.0,0.0,0.0,2.43,8,False,"[{'fixture': 16, 'stats': [{'identifier': 'minutes', 'points': 2, 'value': 90, 'points_modification': 0}, {'identifier': 'clean_sheets', 'points': 4, 'value': 1, 'points_modification': 0}, {'identifier': 'defensive_contribution', 'points': 2, 'value': 10, 'points_modification': 0}]}]",False,Tarkowski,2,9,55,Tarkowski,DEF,8
292,2,2025-26,0,0,0,0,0,0,0,0,0,0,0,0,0,0.0,0.0,0.0,0.0,0,0,0,0,0,0.0,0.0,0.0,0.0,0,False,"[{'fixture': 16, 'stats': [{'identifier': 'minutes', 'points': 0, 'value': 0, 'points_modification': 0}]}]",False,Mykolenko,2,9,49,Mykolenko,DEF,0
293,2,2025-26,90,0,0,1,0,0,0,0,0,0,0,0,21,10.8,5.1,4.0,2.0,2,1,2,4,1,0.0,0.01,0.01,2.43,6,False,"[{'fixture': 16, 'stats': [{'identifier': 'minutes', 'points': 2, 'value': 90, 'points_modification': 0}, {'identifier': 'clean_sheets', 'points': 4, 'value': 1, 'points_modification': 0}]}]",False,O'Brien,2,9,50,O'Brien,DEF,6
294,2,2025-26,0,0,0,0,0,0,0,0,0,0,0,0,0,0.0,0.0,0.0,0.0,0,0,0,0,0,0.0,0.0,0.0,0.0,0,False,"[{'fixture': 16, 'stats': [{'identifier': 'minutes', 'points': 0, 'value': 0, 'points_modification': 0}]}]",False,Coleman,2,9,44,Coleman,DEF,0
295,2,2025-26,90,0,0,1,0,0,0,0,0,0,0,0,23,24.0,0.3,0.0,2.4,11,1,2,13,1,0.0,0.01,0.01,2.43,8,False,"[{'fixture': 16, 'stats': [{'identifier': 'minutes', 'points': 2, 'value': 90, 'points_modification': 0}, {'identifier': 'clean_sheets', 'points': 4, 'value': 1, 'points_modification': 0}, {'identifier': 'defensive_contribution', 'points': 2, 'value': 13, 'points_modification': 0}]}]",False,Keane,2,9,45,Keane,DEF,8
296,2,2025-26,0,0,0,0,0,0,0,0,0,0,0,0,0,0.0,0.0,0.0,0.0,0,0,0,0,0,0.0,0.0,0.0,0.0,0,False,"[{'fixture': 16, 'stats': [{'identifier': 'minutes', 'points': 0, 'value': 0, 'points_modification': 0}]}]",False,Patterson,2,9,44,Patterson,DEF,0
297,2,2025-26,0,0,0,0,0,0,0,0,0,0,0,0,0,0.0,0.0,0.0,0.0,0,0,0,0,0,0.0,0.0,0.0,0.0,0,False,"[{'fixture': 16, 'stats': [{'identifier': 'minutes', 'points': 0, 'value': 0, 'points_modification': 0}]}]",False,Dixon,2,9,40,Dixon,DEF,0
298,2,2025-26,0,0,0,0,0,0,0,0,0,0,0,0,0,0.0,0.0,0.0,0.0,0,0,0,0,0,0.0,0.0,0.0,0.0,0,False,"[{'fixture': 16, 'stats': [{'identifier': 'minutes', 'points': 0, 'value': 0, 'points_modification': 0}]}]",False,Welch,2,9,39,Welch,DEF,0
299,2,2025-26,63,1,0,1,0,0,0,0,0,0,0,0,33,43.2,1.1,40.0,8.4,1,4,3,8,1,0.73,0.0,0.73,1.48,8,False,"[{'fixture': 16, 'stats': [{'identifier': 'minutes', 'points': 2, 'value': 63, 'points_modification': 0}, {'identifier': 'goals_scored', 'points': 5, 'value': 1, 'points_modification': 0}, {'identifier': 'clean_sheets', 'points': 1, 'value': 1, 'points_modification': 0}]}]",False,Ndiaye,3,9,65,Ndiaye,MID,8
300,2,2025-26,19,0,0,0,0,0,0,0,0,0,0,0,2,0.0,11.3,8.0,1.8,0,0,0,0,0,0.24,0.0,0.24,0.95,1,False,"[{'fixture': 16, 'stats': [{'identifier': 'minutes', 'points': 1, 'value': 19, 'points_modification': 0}]}]",False,McNeil,3,9,57,McNeil,MID,1
301,2,2025-26,26,0,0,0,0,0,0,0,0,0,0,0,5,5.0,2.1,0.0,0.7,0,2,2,4,0,0.0,0.0,0.0,0.95,1,False,"[{'fixture': 16, 'stats': [{'identifier': 'minutes', 'points': 1, 'value': 26, 'points_modification': 0}]}]",False,Alcaraz,3,9,53,Alcaraz,MID,1
302,2,2025-26,90,0,0,1,0,0,0,0,0,0,0,0,15,12.4,5.7,2.0,2.0,3,2,2,7,1,0.0,0.01,0.01,2.43,3,False,"[{'fixture': 16, 'stats': [{'identifier': 'minutes', 'points': 2, 'value': 90, 'points_modification': 0}, {'identifier': 'clean_sheets', 'points': 1, 'value': 1, 'points_modification': 0}]}]",False,Gana,3,9,54,Gana,MID,3
303,2,2025-26,90,1,0,1,0,0,0,0,1,0,0,1,34,54.2,26.6,8.0,8.9,10,5,1,16,1,0.04,0.07,0.11,2.43,10,False,"[{'fixture': 16, 'stats': [{'identifier': 'minutes', 'points': 2, 'value': 90, 'points_modification': 0}, {'identifier': 'goals_scored', 'points': 5, 'value': 1, 'points_modification': 0}, {'identifier': 'clean_sheets', 'points': 1, 'value': 1, 'points_modification': 0}, {'identifier': 'yellow_cards', 'points': -1, 'value': 1, 'points_modification': 0}, {'identifier': 'bonus', 'points': 1, 'value': 1, 'points_modification': 0}, {'identifier': 'defensive_contribution', 'points': 2, 'value': 16, 'points_modification': 0}]}]",False,Garner,3,9,50,Garner,MID,10
304,2,2025-26,70,0,0,1,0,0,0,0,1,0,0,0,7,8.8,2.7,1.0,1.3,5,6,0,11,1,0.08,0.0,0.08,1.48,2,False,"[{'fixture': 16, 'stats': [{'identifier': 'minutes', 'points': 2, 'value': 70, 'points_modification': 0}, {'identifier': 'clean_sheets', 'points': 1, 'value': 1, 'points_modification': 0}, {'identifier': 'yellow_cards', 'points': -1, 'value': 1, 'points_modification': 0}]}]",False,Iroegbunam,3,9,49,Iroegbunam,MID,2
305,2,2025-26,1,0,0,0,0,0,0,0,0,0,0,0,3,0.0,0.0,0.0,0.0,0,0,0,0,0,0.0,0.0,0.0,0.0,1,False,"[{'fixture': 16, 'stats': [{'identifier': 'minutes', 'points': 1, 'value': 1, 'points_modification': 0}]}]",False,Armstrong,3,9,45,Armstrong,MID,1
306,2,2025-26,0,0,0,0,0,0,0,0,0,0,0,0,0,0.0,0.0,0.0,0.0,0,0,0,0,0,0.0,0.0,0.0,0.0,0,False,"[{'fixture': 16, 'stats': [{'identifier': 'minutes', 'points': 0, 'value': 0, 'points_modification': 0}]}]",False,Bates,3,9,45,Bates,MID,0
307,2,2025-26,0,0,0,0,0,0,0,0,0,0,0,0,0,0.0,0.0,0.0,0.0,0,0,0,0,0,0.0,0.0,0.0,0.0,0,False,"[{'fixture': 16, 'stats': [{'identifier': 'minutes', 'points': 0, 'value': 0, 'points_modification': 0}]}]",False,Ebere,3,9,45,Ebere,MID,0
308,2,2025-26,0,0,0,0,0,0,0,0,0,0,0,0,0,0.0,0.0,0.0,0.0,0,0,0,0,0,0.0,0.0,0.0,0.0,0,False,"[{'fixture': 16, 'stats': [{'identifier': 'minutes', 'points': 0, 'value': 0, 'points_modification': 0}]}]",False,Heath,3,9,45,Heath,MID,0
309,2,2025-26,0,0,0,0,0,0,0,0,0,0,0,0,0,0.0,0.0,0.0,0.0,0,0,0,0,0,0.0,0.0,0.0,0.0,0,False,"[{'fixture': 16, 'stats': [{'identifier': 'minutes', 'points': 0, 'value': 0, 'points_modification': 0}]}]",False,Metcalfe,3,9,45,Metcalfe,MID,0
310,2,2025-26,63,0,0,1,0,0,0,0,0,0,0,0,1,0.0,2.2,14.0,1.2,0,0,0,0,1,0.35,0.01,0.36,1.48,2,False,"[{'fixture': 16, 'stats': [{'identifier': 'minutes', 'points': 2, 'value': 63, 'points_modification': 0}]}]",False,Barry,4,9,58,Barry,FWD,2
311,2,2025-26,26,0,0,0,0,0,0,0,1,0,0,0,-2,0.0,0.5,8.0,0.5,0,0,0,0,0,0.14,0.0,0.14,0.95,0,False,"[{'fixture': 16, 'stats': [{'identifier': 'minutes', 'points': 1, 'value': 26, 'points_modification': 0}, {'identifier': 'yellow_cards', 'points': -1, 'value': 1, 'points_modification': 0}]}]",False,Beto,4,9,54,Beto,FWD,0
312,2,2025-26,0,0,0,0,0,0,0,0,0,0,0,0,0,0.0,0.0,0.0,0.0,0,0,0,0,0,0.0,0.0,0.0,0.0,0,False,"[{'fixture': 16, 'stats': [{'identifier': 'minutes', 'points': 0, 'value': 0, 'points_modification': 0}]}]",False,Y.Chermiti,4,9,49,Y.Chermiti,FWD,0
313,2,2025-26,0,0,0,0,0,0,0,0,0,0,0,0,0,0.0,0.0,0.0,0.0,0,0,0,0,0,0.0,0.0,0.0,0.0,0,False,"[{'fixture': 16, 'stats': [{'identifier': 'minutes', 'points': 0, 'value': 0, 'points_modification': 0}]}]",False,Sherif,4,9,44,Sherif,FWD,0
314,2,2025-26,90,0,0,0,1,0,0,0,0,0,3,0,13,23.4,0.0,0.0,2.3,2,7,0,0,1,0.0,0.0,0.0,1.63,3,False,"[{'fixture': 17, 'stats': [{'identifier': 'minutes', 'points': 2, 'value': 90, 'points_modification': 0}, {'identifier': 'saves', 'points': 1, 'value': 3, 'points_modification': 0}]}]",False,Leno,1,10,50,Leno,GK,3
315,2,2025-26,0,0,0,0,0,0,0,0,0,0,0,0,0,0.0,0.0,0.0,0.0,0,0,0,0,0,0.0,0.0,0.0,0.0,0,False,"[{'fixture': 17, 'stats': [{'identifier': 'minutes', 'points': 0, 'value': 0, 'points_modification': 0}]}]",False,Benda,1,10,40,Benda,GK,0
316,2,2025-26,28,0,0,0,0,0,0,0,0,0,0,0,5,6.6,16.2,2.0,2.5,1,0,0,1,0,0.0,0.02,0.02,0.11,1,False,"[{'fixture': 17, 'stats': [{'identifier': 'minutes', 'points': 1, 'value': 28, 'points_modification': 0}]}]",False,Robinson,2,10,50,Robinson,DEF,1
317,2,2025-26,90,0,0,0,1,0,0,0,0,0,0,0,14,24.6,11.4,6.0,4.2,10,2,1,11,1,0.0,0.64,0.64,1.63,4,False,"[{'fixture': 17, 'stats': [{'identifier': 'minutes', 'points': 2, 'value': 90, 'points_modification': 0}, {'identifier': 'defensive_contribution', 'points': 2, 'value': 11, 'points_modification': 0}]}]",False,Andersen,2,10,45,Andersen,DEF,4
318,2,2025-26,90,0,0,0,1,0,0,0,0,0,0,0,6,1.8,0.8,7.0,1.0,5,6,0,5,1,0.15,0.0,0.15,1.63,2,False,"[{'fixture': 17, 'stats': [{'identifier': 'minutes', 'points': 2, 'value': 90, 'points_modification': 0}]}]",False,Bassey,2,10,45,Bassey,DEF,2
319,2,2025-26,61,0,0,0,1,0,0,0,0,0,0,0,5,4.6,7.7,19.0,3.1,2,1,0,2,1,0.3,0.04,0.34,1.52,2,False,"[{'fixture': 17, 'stats': [{'identifier': 'minutes', 'points': 2, 'value': 61, 'points_modification': 0}]}]",False,Castagne,2,10,44,Castagne,DEF,2
320,2,2025-26,0,0,0,0,0,0,0,0,0,0,0,0,0,0.0,0.0,0.0,0.0,0,0,0,0,0,0.0,0.0,0.0,0.0,0,False,"[{'fixture': 17, 'stats': [{'identifier': 'minutes', 'points': 0, 'value': 0, 'points_modification': 0}]}]",False,Diop,2,10,44,Diop,DEF,0
321,2,2025-26,0,0,0,0,0,0,0,0,0,0,0,0,0,0.0,0.0,0.0,0.0,0,0,0,0,0,0.0,0.0,0.0,0.0,0,False,"[{'fixture': 17, 'stats': [{'identifier': 'minutes', 'points': 0, 'value': 0, 'points_modification': 0}]}]",False,J.Cuenca,2,10,44,J.Cuenca,DEF,0
322,2,2025-26,90,0,0,0,1,0,0,0,0,0,0,0,15,17.6,17.7,10.0,4.5,1,3,3,4,1,0.0,0.37,0.37,1.63,2,False,"[{'fixture': 17, 'stats': [{'identifier': 'minutes', 'points': 2, 'value': 90, 'points_modification': 0}]}]",False,Tete,2,10,45,Tete,DEF,2
323,2,2025-26,0,0,0,0,0,0,0,0,0,0,0,0,0,0.0,0.0,0.0,0.0,0,0,0,0,0,0.0,0.0,0.0,0.0,0,False,"[{'fixture': 17, 'stats': [{'identifier': 'minutes', 'points': 0, 'value': 0, 'points_modification': 0}]}]",False,Amissah,2,10,39,Amissah,DEF,0
324,2,2025-26,90,0,1,0,1,0,0,0,0,0,0,2,23,24.8,21.9,17.0,6.4,2,2,0,4,1,0.07,0.25,0.32,1.63,7,False,"[{'fixture': 17, 'stats': [{'identifier': 'minutes', 'points': 2, 'value': 90, 'points_modification': 0}, {'identifier': 'assists', 'points': 3, 'value': 1, 'points_modification': 0}, {'identifier': 'bonus', 'points': 2, 'value': 2, 'points_modification': 0}]}]",False,Iwobi,3,10,65,Iwobi,MID,7
325,2,2025-26,19,1,0,0,0,0,0,0,0,0,0,0,21,32.8,3.6,38.0,7.4,0,0,0,0,0,0.7,0.02,0.72,0.11,6,False,"[{'fixture': 17, 'stats': [{'identifier': 'minutes', 'points': 1, 'value': 19, 'points_modification': 0}, {'identifier': 'goals_scored', 'points': 5, 'value': 1, 'points_modification': 0}]}]",False,Smith Rowe,3,10,58,Smith Rowe,MID,6
326,2,2025-26,0,0,0,0,0,0,0,0,0,0,0,0,0,0.0,0.0,0.0,0.0,0,0,0,0,0,0.0,0.0,0.0,0.0,0,False,"[{'fixture': 17, 'stats': [{'identifier': 'minutes', 'points': 0, 'value': 0, 'points_modification': 0}]}]",False,Adama,3,10,53,Adama,MID,0
327,2,2025-26,0,0,0,0,0,0,0,0,0,0,0,0,0,0.0,0.0,0.0,0.0,0,0,0,0,0,0.0,0.0,0.0,0.0,0,False,"[{'fixture': 17, 'stats': [{'identifier': 'minutes', 'points': 0, 'value': 0, 'points_modification': 0}]}]",False,Andreas,3,10,53,Andreas,MID,0
328,2,2025-26,61,0,0,0,1,0,0,0,0,0,0,0,14,11.0,15.4,6.0,3.2,2,1,2,5,1,0.0,0.16,0.16,1.52,2,False,"[{'fixture': 17, 'stats': [{'identifier': 'minutes', 'points': 2, 'value': 61, 'points_modification': 0}]}]",False,Sessegnon,3,10,54,Sessegnon,MID,2
329,2,2025-26,28,0,0,0,0,0,0,0,0,0,0,0,5,3.2,1.9,6.0,1.1,0,0,1,1,0,0.0,0.09,0.09,0.11,1,False,"[{'fixture': 17, 'stats': [{'identifier': 'minutes', 'points': 1, 'value': 28, 'points_modification': 0}]}]",False,Wilson,3,10,54,Wilson,MID,1
330,2,2025-26,90,0,0,0,1,0,0,0,0,0,0,0,10,7.4,4.8,2.0,1.4,2,1,0,3,1,0.0,0.04,0.04,1.63,2,False,"[{'fixture': 17, 'stats': [{'identifier': 'minutes', 'points': 2, 'value': 90, 'points_modification': 0}]}]",False,Berge,3,10,50,Berge,MID,2
331,2,2025-26,0,0,0,0,0,0,0,0,0,0,0,0,0,0.0,0.0,0.0,0.0,0,0,0,0,0,0.0,0.0,0.0,0.0,0,False,"[{'fixture': 17, 'stats': [{'identifier': 'minutes', 'points': 0, 'value': 0, 'points_modification': 0}]}]",False,Cairney,3,10,49,Cairney,MID,0
332,2,2025-26,90,0,0,0,1,0,0,0,1,0,0,0,19,11.8,65.9,2.0,8.0,3,8,1,12,1,0.0,0.44,0.44,1.63,3,False,"[{'fixture': 17, 'stats': [{'identifier': 'minutes', 'points': 2, 'value': 90, 'points_modification': 0}, {'identifier': 'yellow_cards', 'points': -1, 'value': 1, 'points_modification': 0}, {'identifier': 'defensive_contribution', 'points': 2, 'value': 12, 'points_modification': 0}]}]",False,Lukić,3,10,50,Lukić,MID,3
333,2,2025-26,0,0,0,0,0,0,0,0,0,0,0,0,0,0.0,0.0,0.0,0.0,0,0,0,0,0,0.0,0.0,0.0,0.0,0,False,"[{'fixture': 17, 'stats': [{'identifier': 'minutes', 'points': 0, 'value': 0, 'points_modification': 0}]}]",False,Godo,3,10,45,Godo,MID,0
334,2,2025-26,0,0,0,0,0,0,0,0,0,0,0,0,0,0.0,0.0,0.0,0.0,0,0,0,0,0,0.0,0.0,0.0,0.0,0,False,"[{'fixture': 17, 'stats': [{'identifier': 'minutes', 'points': 0, 'value': 0, 'points_modification': 0}]}]",False,Harris,3,10,45,Harris,MID,0
335,2,2025-26,70,0,0,0,1,0,0,0,0,0,0,0,1,5.0,1.3,23.0,2.9,0,1,1,2,1,0.17,0.01,0.18,1.52,2,False,"[{'fixture': 17, 'stats': [{'identifier': 'minutes', 'points': 2, 'value': 70, 'points_modification': 0}]}]",False,King,3,10,45,King,MID,2
336,2,2025-26,0,0,0,0,0,0,0,0,0,0,0,0,0,0.0,0.0,0.0,0.0,0,0,0,0,0,0.0,0.0,0.0,0.0,0,False,"[{'fixture': 17, 'stats': [{'identifier': 'minutes', 'points': 0, 'value': 0, 'points_modification': 0}]}]",False,Reed,3,10,44,Reed,MID,0
337,2,2025-26,19,0,0,0,0,0,0,0,0,0,0,0,0,1.0,2.3,2.0,0.5,1,1,0,2,0,0.0,0.0,0.0,0.11,1,False,"[{'fixture': 17, 'stats': [{'identifier': 'minutes', 'points': 1, 'value': 19, 'points_modification': 0}]}]",False,Raúl,4,10,63,Raúl,FWD,1
338,2,2025-26,70,0,0,0,1,1,0,0,0,0,0,0,-3,0.0,10.3,24.0,3.1,2,3,1,6,1,0.37,0.0,0.37,1.52,0,False,"[{'fixture': 17, 'stats': [{'identifier': 'minutes', 'points': 2, 'value': 70, 'points_modification': 0}, {'identifier': 'own_goals', 'points': -2, 'value': 1, 'points_modification': 0}]}]",False,Muniz,4,10,55,Muniz,FWD,0
339,2,2025-26,0,0,0,0,0,0,0,0,0,0,0,0,0,0.0,0.0,0.0,0.0,0,0,0,0,0,0.0,0.0,0.0,0.0,0,False,"[{'fixture': 11, 'stats': [{'identifier': 'minutes', 'points': 0, 'value': 0, 'points_modification': 0}]}]",False,Meslier,1,11,44,Meslier,GK,0
340,2,2025-26,0,0,0,0,0,0,0,0,0,0,0,0,0,0.0,0.0,0.0,0.0,0,0,0,0,0,0.0,0.0,0.0,0.0,0,False,"[{'fixture': 11, 'stats': [{'identifier': 'minutes', 'points': 0, 'value': 0, 'points_modification': 0}]}]",False,Cairns,1,11,40,Cairns,GK,0
341,2,2025-26,0,0,0,0,0,0,0,0,0,0,0,0,0,0.0,0.0,0.0,0.0,0,0,0,0,0,0.0,0.0,0.0,0.0,0,False,"[{'fixture': 11, 'stats': [{'identifier': 'minutes', 'points': 0, 'value': 0, 'points_modification': 0}]}]",False,Darlow,1,11,40,Darlow,GK,0
342,2,2025-26,82,0,0,0,4,0,0,0,1,0,0,0,-9,3.8,0.2,4.0,0.8,3,5,1,4,1,0.0,0.0,0.0,2.09,-1,False,"[{'fixture': 11, 'stats': [{'identifier': 'minutes', 'points': 2, 'value': 82, 'points_modification': 0}, {'identifier': 'goals_conceded', 'points': -2, 'value': 4, 'points_modification': 0}, {'identifier': 'yellow_cards', 'points': -1, 'value': 1, 'points_modification': 0}]}]",False,Bogle,2,11,45,Bogle,DEF,-1
343,2,2025-26,90,0,0,0,5,0,0,0,0,0,0,0,-1,16.6,0.3,17.0,3.4,4,3,2,6,1,0.1,0.0,0.1,2.88,0,False,"[{'fixture': 11, 'stats': [{'identifier': 'minutes', 'points': 2, 'value': 90, 'points_modification': 0}, {'identifier': 'goals_conceded', 'points': -2, 'value': 5, 'points_modification': 0}]}]",False,Struijk,2,11,45,Struijk,DEF,0
344,2,2025-26,0,0,0,0,0,0,0,0,0,0,0,0,0,0.0,0.0,0.0,0.0,0,0,0,0,0,0.0,0.0,0.0,0.0,0,False,"[{'fixture': 11, 'stats': [{'identifier': 'minutes', 'points': 0, 'value': 0, 'points_modification': 0}]}]",False,Bijol,2,11,39,Bijol,DEF,0
345,2,2025-26,0,0,0,0,0,0,0,0,0,0,0,0,0,0.0,0.0,0.0,0.0,0,0,0,0,0,0.0,0.0,0.0,0.0,0,False,"[{'fixture': 11, 'stats': [{'identifier': 'minutes', 'points': 0, 'value': 0, 'points_modification': 0}]}]",False,Bornauw,2,11,39,Bornauw,DEF,0
346,2,2025-26,7,0,0,0,1,0,0,0,0,0,0,0,-2,0.0,0.0,0.0,0.0,0,0,0,0,0,0.0,0.0,0.0,0.79,1,False,"[{'fixture': 11, 'stats': [{'identifier': 'minutes', 'points': 1, 'value': 7, 'points_modification': 0}]}]",False,Byram,2,11,39,Byram,DEF,1
347,2,2025-26,90,0,0,0,5,0,0,0,1,0,0,0,-19,9.4,0.5,0.0,1.0,5,1,3,8,1,0.0,0.0,0.0,2.88,-1,False,"[{'fixture': 11, 'stats': [{'identifier': 'minutes', 'points': 2, 'value': 90, 'points_modification': 0}, {'identifier': 'goals_conceded', 'points': -2, 'value': 5, 'points_modification': 0}, {'identifier': 'yellow_cards', 'points': -1, 'value': 1, 'points_modification': 0}]}]",False,Gudmundsson,2,11,40,Gudmundsson,DEF,-1
348,2,2025-26,90,0,0,0,5,0,0,0,0,0,0,0,-2,29.0,0.1,0.0,2.9,13,2,1,14,1,0.0,0.0,0.0,2.88,2,False,"[{'fixture': 11, 'stats': [{'identifier': 'minutes', 'points': 2, 'value': 90, 'points_modification': 0}, {'identifier': 'goals_conceded', 'points': -2, 'value': 5, 'points_modification': 0}, {'identifier': 'defensive_contribution', 'points': 2, 'value': 14, 'points_modification': 0}]}]",False,Rodon,2,11,40,Rodon,DEF,2
349,2,2025-26,0,0,0,0,0,0,0,0,0,0,0,0,0,0.0,0.0,0.0,0.0,0,0,0,0,0,0.0,0.0,0.0,0.0,0,False,"[{'fixture': 11, 'stats': [{'identifier': 'minutes', 'points': 0, 'value': 0, 'points_modification': 0}]}]",False,Schmidt,2,11,40,Schmidt,DEF,0
350,2,2025-26,24,0,0,0,1,0,0,0,0,0,0,0,6,2.2,0.4,0.0,0.3,0,2,1,3,0,0.0,0.04,0.04,0.87,1,False,"[{'fixture': 11, 'stats': [{'identifier': 'minutes', 'points': 1, 'value': 24, 'points_modification': 0}]}]",False,Aaronson,3,11,54,Aaronson,MID,1
351,2,2025-26,65,0,0,0,4,0,0,0,0,0,0,0,10,7.2,1.5,2.0,1.1,0,2,4,6,1,0.0,0.0,0.0,2.01,2,False,"[{'fixture': 11, 'stats': [{'identifier': 'minutes', 'points': 2, 'value': 65, 'points_modification': 0}]}]",False,Gnonto,3,11,53,Gnonto,MID,2
352,2,2025-26,0,0,0,0,0,0,0,0,0,0,0,0,0,0.0,0.0,0.0,0.0,0,0,0,0,0,0.0,0.0,0.0,0.0,0,False,"[{'fixture': 11, 'stats': [{'identifier': 'minutes', 'points': 0, 'value': 0, 'points_modification': 0}]}]",False,Harrison,3,11,53,Harrison,MID,0
353,2,2025-26,65,0,0,0,4,0,0,0,0,0,0,0,9,1.6,0.3,9.0,1.1,0,4,0,4,1,0.07,0.0,0.07,2.01,2,False,"[{'fixture': 11, 'stats': [{'identifier': 'minutes', 'points': 2, 'value': 65, 'points_modification': 0}]}]",False,James,3,11,53,James,MID,2
354,2,2025-26,0,0,0,0,0,0,0,0,0,0,0,0,0,0.0,0.0,0.0,0.0,0,0,0,0,0,0.0,0.0,0.0,0.0,0,False,"[{'fixture': 11, 'stats': [{'identifier': 'minutes', 'points': 0, 'value': 0, 'points_modification': 0}]}]",False,Ampadu,3,11,49,Ampadu,MID,0
355,2,2025-26,0,0,0,0,0,0,0,0,0,0,0,0,0,0.0,0.0,0.0,0.0,0,0,0,0,0,0.0,0.0,0.0,0.0,0,False,"[{'fixture': 11, 'stats': [{'identifier': 'minutes', 'points': 0, 'value': 0, 'points_modification': 0}]}]",False,Greenwood,3,11,49,Greenwood,MID,0
356,2,2025-26,90,0,0,0,5,0,0,0,0,0,0,0,15,9.4,0.7,0.0,1.0,2,3,1,6,1,0.0,0.0,0.0,2.88,2,False,"[{'fixture': 11, 'stats': [{'identifier': 'minutes', 'points': 2, 'value': 90, 'points_modification': 0}]}]",False,Gruev,3,11,49,Gruev,MID,2
357,2,2025-26,0,0,0,0,0,0,0,0,0,0,0,0,0,0.0,0.0,0.0,0.0,0,0,0,0,0,0.0,0.0,0.0,0.0,0,False,"[{'fixture': 11, 'stats': [{'identifier': 'minutes', 'points': 0, 'value': 0, 'points_modification': 0}]}]",False,Ramazani,3,11,49,Ramazani,MID,0
358,2,2025-26,57,0,0,0,4,0,0,0,0,0,0,0,2,0.0,3.3,0.0,0.3,0,2,0,2,1,0.0,0.0,0.0,1.85,1,False,"[{'fixture': 11, 'stats': [{'identifier': 'minutes', 'points': 1, 'value': 57, 'points_modification': 0}]}]",False,Tanaka,3,11,49,Tanaka,MID,1
359,2,2025-26,0,0,0,0,0,0,0,0,0,0,0,0,0,0.0,0.0,0.0,0.0,0,0,0,0,0,0.0,0.0,0.0,0.0,0,False,"[{'fixture': 11, 'stats': [{'identifier': 'minutes', 'points': 0, 'value': 0, 'points_modification': 0}]}]",False,Crew,3,11,45,Crew,MID,0
360,2,2025-26,0,0,0,0,0,0,0,0,0,0,0,0,0,0.0,0.0,0.0,0.0,0,0,0,0,0,0.0,0.0,0.0,0.0,0,False,"[{'fixture': 11, 'stats': [{'identifier': 'minutes', 'points': 0, 'value': 0, 'points_modification': 0}]}]",False,Gelhardt,3,11,45,Gelhardt,MID,0
361,2,2025-26,0,0,0,0,0,0,0,0,0,0,0,0,0,0.0,0.0,0.0,0.0,0,0,0,0,0,0.0,0.0,0.0,0.0,0,False,"[{'fixture': 11, 'stats': [{'identifier': 'minutes', 'points': 0, 'value': 0, 'points_modification': 0}]}]",False,Gyabi,3,11,45,Gyabi,MID,0
362,2,2025-26,57,0,0,0,4,0,0,0,0,0,0,0,3,0.0,1.3,0.0,0.1,0,1,0,1,1,0.0,0.0,0.0,1.85,1,False,"[{'fixture': 11, 'stats': [{'identifier': 'minutes', 'points': 1, 'value': 57, 'points_modification': 0}]}]",False,Piroe,4,11,52,Piroe,FWD,1
363,2,2025-26,0,0,0,0,0,0,0,0,0,0,0,0,0,0.0,0.0,0.0,0.0,0,0,0,0,0,0.0,0.0,0.0,0.0,0,False,"[{'fixture': 11, 'stats': [{'identifier': 'minutes', 'points': 0, 'value': 0, 'points_modification': 0}]}]",False,Bamford,4,11,49,Bamford,FWD,0
364,2,2025-26,0,0,0,0,0,0,0,0,0,0,0,0,0,0.0,0.0,0.0,0.0,0,0,0,0,0,0.0,0.0,0.0,0.0,0,False,"[{'fixture': 11, 'stats': [{'identifier': 'minutes', 'points': 0, 'value': 0, 'points_modification': 0}]}]",False,Mateo Joseph,4,11,50,Mateo Joseph,FWD,0
365,2,2025-26,32,0,0,0,1,0,0,0,0,0,0,0,3,0.0,0.1,0.0,0.0,0,0,0,0,0,0.0,0.0,0.0,1.03,1,False,"[{'fixture': 11, 'stats': [{'identifier': 'minutes', 'points': 1, 'value': 32, 'points_modification': 0}]}]",False,Nmecha,4,11,50,Nmecha,FWD,1
366,2,2025-26,90,0,0,0,2,0,0,0,0,0,1,0,7,14.4,0.0,0.0,1.4,5,10,0,0,1,0.0,0.0,0.0,0.93,1,False,"[{'fixture': 19, 'stats': [{'identifier': 'minutes', 'points': 2, 'value': 90, 'points_modification': 0}, {'identifier': 'goals_conceded', 'points': -1, 'value': 2, 'points_modification': 0}]}]",False,A.Becker,1,12,55,A.Becker,GK,1
367,2,2025-26,0,0,0,0,0,0,0,0,0,0,0,0,0,0.0,0.0,0.0,0.0,0,0,0,0,0,0.0,0.0,0.0,0.0,0,False,"[{'fixture': 19, 'stats': [{'identifier': 'minutes', 'points': 0, 'value': 0, 'points_modification': 0}]}]",False,Mamardashvili,1,12,43,Mamardashvili,GK,0
368,2,2025-26,0,0,0,0,0,0,0,0,0,0,0,0,0,0.0,0.0,0.0,0.0,0,0,0,0,0,0.0,0.0,0.0,0.0,0,False,"[{'fixture': 19, 'stats': [{'identifier': 'minutes', 'points': 0, 'value': 0, 'points_modification': 0}]}]",False,Pécsi,1,12,39,Pécsi,GK,0
369,2,2025-26,0,0,0,0,0,0,0,0,0,0,0,0,0,0.0,0.0,0.0,0.0,0,0,0,0,0,0.0,0.0,0.0,0.0,0,False,"[{'fixture': 19, 'stats': [{'identifier': 'minutes', 'points': 0, 'value': 0, 'points_modification': 0}]}]",False,Woodman,1,12,39,Woodman,GK,0
370,2,2025-26,0,0,0,0,0,0,0,0,0,0,0,0,0,0.0,0.0,0.0,0.0,0,0,0,0,0,0.0,0.0,0.0,0.0,0,False,"[{'fixture': 19, 'stats': [{'identifier': 'minutes', 'points': 0, 'value': 0, 'points_modification': 0}]}]",False,Frimpong,2,12,59,Frimpong,DEF,0
371,2,2025-26,90,0,0,0,2,0,0,0,0,0,0,0,7,17.6,1.1,0.0,1.9,7,4,2,9,1,0.0,0.0,0.0,0.93,1,False,"[{'fixture': 19, 'stats': [{'identifier': 'minutes', 'points': 2, 'value': 90, 'points_modification': 0}, {'identifier': 'goals_conceded', 'points': -1, 'value': 2, 'points_modification': 0}]}]",False,Kerkez,2,12,59,Kerkez,DEF,1
372,2,2025-26,0,0,0,0,0,0,0,0,0,0,0,0,0,0.0,0.0,0.0,0.0,0,0,0,0,0,0.0,0.0,0.0,0.0,0,False,"[{'fixture': 19, 'stats': [{'identifier': 'minutes', 'points': 0, 'value': 0, 'points_modification': 0}]}]",False,Robertson,2,12,58,Robertson,DEF,0
373,2,2025-26,90,0,0,0,2,0,0,0,0,0,0,0,10,38.6,0.3,0.0,3.9,15,1,0,15,1,0.0,0.0,0.0,0.93,3,False,"[{'fixture': 19, 'stats': [{'identifier': 'minutes', 'points': 2, 'value': 90, 'points_modification': 0}, {'identifier': 'goals_conceded', 'points': -1, 'value': 2, 'points_modification': 0}, {'identifier': 'defensive_contribution', 'points': 2, 'value': 15, 'points_modification': 0}]}]",False,Virgil,2,12,61,Virgil,DEF,3
374,2,2025-26,90,0,0,0,2,0,0,0,1,0,0,0,5,13.2,1.0,0.0,1.4,5,1,1,6,1,0.0,0.01,0.01,0.93,0,False,"[{'fixture': 19, 'stats': [{'identifier': 'minutes', 'points': 2, 'value': 90, 'points_modification': 0}, {'identifier': 'goals_conceded', 'points': -1, 'value': 2, 'points_modification': 0}, {'identifier': 'yellow_cards', 'points': -1, 'value': 1, 'points_modification': 0}]}]",False,Konaté,2,12,55,Konaté,DEF,0
375,2,2025-26,10,0,0,0,1,0,0,0,1,0,0,0,-7,4.0,1.3,2.0,0.7,1,0,0,1,0,0.0,0.01,0.01,0.16,0,False,"[{'fixture': 19, 'stats': [{'identifier': 'minutes', 'points': 1, 'value': 10, 'points_modification': 0}, {'identifier': 'yellow_cards', 'points': -1, 'value': 1, 'points_modification': 0}]}]",False,Bradley,2,12,50,Bradley,DEF,0
376,2,2025-26,0,0,0,0,0,0,0,0,0,0,0,0,0,0.0,0.0,0.0,0.0,0,0,0,0,0,0.0,0.0,0.0,0.0,0,False,"[{'fixture': 19, 'stats': [{'identifier': 'minutes', 'points': 0, 'value': 0, 'points_modification': 0}]}]",False,Gomez,2,12,50,Gomez,DEF,0
377,2,2025-26,0,0,0,0,0,0,0,0,0,0,0,0,0,0.0,0.0,0.0,0.0,0,0,0,0,0,0.0,0.0,0.0,0.0,0,False,"[{'fixture': 19, 'stats': [{'identifier': 'minutes', 'points': 0, 'value': 0, 'points_modification': 0}]}]",False,Tsimikas,2,12,48,Tsimikas,DEF,0
378,2,2025-26,0,0,0,0,0,0,0,0,0,0,0,0,0,0.0,0.0,0.0,0.0,0,0,0,0,0,0.0,0.0,0.0,0.0,0,False,"[{'fixture': 19, 'stats': [{'identifier': 'minutes', 'points': 0, 'value': 0, 'points_modification': 0}]}]",False,Nallo,2,12,39,Nallo,DEF,0
379,2,2025-26,0,0,0,0,0,0,0,0,0,0,0,0,0,0.0,0.0,0.0,0.0,0,0,0,0,0,0.0,0.0,0.0,0.0,0,False,"[{'fixture': 19, 'stats': [{'identifier': 'minutes', 'points': 0, 'value': 0, 'points_modification': 0}]}]",False,R.Williams,2,12,39,R.Williams,DEF,0
380,2,2025-26,0,0,0,0,0,0,0,0,0,0,0,0,0,0.0,0.0,0.0,0.0,0,0,0,0,0,0.0,0.0,0.0,0.0,0,False,"[{'fixture': 19, 'stats': [{'identifier': 'minutes', 'points': 0, 'value': 0, 'points_modification': 0}]}]",False,Ramsay,2,12,39,Ramsay,DEF,0
381,2,2025-26,90,0,1,0,2,0,0,0,0,0,0,0,24,21.0,28.3,6.0,5.5,1,1,0,2,1,0.0,0.21,0.21,0.93,5,False,"[{'fixture': 19, 'stats': [{'identifier': 'minutes', 'points': 2, 'value': 90, 'points_modification': 0}, {'identifier': 'assists', 'points': 3, 'value': 1, 'points_modification': 0}]}]",False,M.Salah,3,12,145,M.Salah,MID,5
382,2,2025-26,79,0,0,0,1,0,0,0,0,0,0,0,9,1.8,10.2,19.0,3.1,0,2,1,3,1,0.05,0.1,0.14,0.78,2,False,"[{'fixture': 19, 'stats': [{'identifier': 'minutes', 'points': 2, 'value': 79, 'points_modification': 0}]}]",False,Wirtz,3,12,82,Wirtz,MID,2
383,2,2025-26,0,0,0,0,0,0,0,0,0,0,0,0,0,0.0,0.0,0.0,0.0,0,0,0,0,0,0.0,0.0,0.0,0.0,0,False,"[{'fixture': 19, 'stats': [{'identifier': 'minutes', 'points': 0, 'value': 0, 'points_modification': 0}]}]",False,Luis Díaz,3,12,80,Luis Díaz,MID,0
384,2,2025-26,90,0,2,0,2,0,0,0,0,0,0,2,29,39.4,22.3,8.0,7.0,2,4,3,9,1,0.06,0.07,0.13,0.93,10,False,"[{'fixture': 19, 'stats': [{'identifier': 'minutes', 'points': 2, 'value': 90, 'points_modification': 0}, {'identifier': 'assists', 'points': 6, 'value': 2, 'points_modification': 0}, {'identifier': 'bonus', 'points': 2, 'value': 2, 'points_modification': 0}]}]",False,Gakpo,3,12,76,Gakpo,MID,10
385,2,2025-26,10,0,0,0,1,0,0,0,0,0,0,0,2,1.2,0.3,0.0,0.2,1,0,0,1,0,0.0,0.0,0.0,0.16,1,False,"[{'fixture': 19, 'stats': [{'identifier': 'minutes', 'points': 1, 'value': 10, 'points_modification': 0}]}]",False,Chiesa,3,12,64,Chiesa,MID,1
386,2,2025-26,0,0,0,0,0,0,0,0,0,0,0,0,0,0.0,0.0,0.0,0.0,0,0,0,0,0,0.0,0.0,0.0,0.0,0,False,"[{'fixture': 19, 'stats': [{'identifier': 'minutes', 'points': 0, 'value': 0, 'points_modification': 0}]}]",False,Mac Allister,3,12,64,Mac Allister,MID,0
387,2,2025-26,90,0,0,0,2,0,0,0,0,0,0,0,13,9.6,2.4,2.0,1.4,4,4,1,9,1,0.0,0.01,0.01,0.93,2,False,"[{'fixture': 19, 'stats': [{'identifier': 'minutes', 'points': 2, 'value': 90, 'points_modification': 0}]}]",False,Szoboszlai,3,12,65,Szoboszlai,MID,2
388,2,2025-26,90,0,0,0,2,0,0,0,0,0,0,0,16,12.4,7.8,0.0,2.0,0,6,4,10,1,0.0,0.02,0.02,0.93,2,False,"[{'fixture': 19, 'stats': [{'identifier': 'minutes', 'points': 2, 'value': 90, 'points_modification': 0}]}]",False,C.Jones,3,12,54,C.Jones,MID,2
389,2,2025-26,1,0,0,0,0,0,0,0,0,0,0,0,2,0.2,0.8,0.0,0.1,0,0,0,0,0,0.0,0.0,0.0,0.0,1,False,"[{'fixture': 19, 'stats': [{'identifier': 'minutes', 'points': 1, 'value': 1, 'points_modification': 0}]}]",False,Elliott,3,2,54,Elliott,MID,1
390,2,2025-26,90,1,0,0,2,0,0,0,1,0,0,1,28,40.6,6.3,7.0,5.4,3,4,1,8,1,0.02,0.01,0.03,0.93,7,False,"[{'fixture': 19, 'stats': [{'identifier': 'minutes', 'points': 2, 'value': 90, 'points_modification': 0}, {'identifier': 'goals_scored', 'points': 5, 'value': 1, 'points_modification': 0}, {'identifier': 'yellow_cards', 'points': -1, 'value': 1, 'points_modification': 0}, {'identifier': 'bonus', 'points': 1, 'value': 1, 'points_modification': 0}]}]",False,Gravenberch,3,12,56,Gravenberch,MID,7
391,2,2025-26,0,0,0,0,0,0,0,0,0,0,0,0,0,0.0,0.0,0.0,0.0,0,0,0,0,0,0.0,0.0,0.0,0.0,0,False,"[{'fixture': 12, 'stats': [{'identifier': 'minutes', 'points': 0, 'value': 0, 'points_modification': 0}]}]",False,Gannon-Doak,3,4,50,Gannon-Doak,MID,0
392,2,2025-26,1,0,0,0,0,0,0,0,0,0,0,0,3,0.0,0.0,0.0,0.0,0,0,0,0,0,0.0,0.0,0.0,0.0,1,False,"[{'fixture': 19, 'stats': [{'identifier': 'minutes', 'points': 1, 'value': 1, 'points_modification': 0}]}]",False,Endo,3,12,49,Endo,MID,1
393,2,2025-26,0,0,0,0,0,0,0,0,0,0,0,0,0,0.0,0.0,0.0,0.0,0,0,0,0,0,0.0,0.0,0.0,0.0,0,False,"[{'fixture': 19, 'stats': [{'identifier': 'minutes', 'points': 0, 'value': 0, 'points_modification': 0}]}]",False,Bajcetic,3,12,44,Bajcetic,MID,0
394,2,2025-26,0,0,0,0,0,0,0,0,0,0,0,0,0,0.0,0.0,0.0,0.0,0,0,0,0,0,0.0,0.0,0.0,0.0,0,False,"[{'fixture': 19, 'stats': [{'identifier': 'minutes', 'points': 0, 'value': 0, 'points_modification': 0}]}]",False,McConnell,3,12,44,McConnell,MID,0
395,2,2025-26,0,0,0,0,0,0,0,0,0,0,0,0,0,0.0,0.0,0.0,0.0,0,0,0,0,0,0.0,0.0,0.0,0.0,0,False,"[{'fixture': 19, 'stats': [{'identifier': 'minutes', 'points': 0, 'value': 0, 'points_modification': 0}]}]",False,Morton,3,12,45,Morton,MID,0
396,2,2025-26,0,0,0,0,0,0,0,0,0,0,0,0,0,0.0,0.0,0.0,0.0,0,0,0,0,0,0.0,0.0,0.0,0.0,0,False,"[{'fixture': 19, 'stats': [{'identifier': 'minutes', 'points': 0, 'value': 0, 'points_modification': 0}]}]",False,Nyoni,3,12,44,Nyoni,MID,0
397,2,2025-26,0,0,0,0,0,0,0,0,0,0,0,0,0,0.0,0.0,0.0,0.0,0,0,0,0,0,0.0,0.0,0.0,0.0,0,False,"[{'fixture': 19, 'stats': [{'identifier': 'minutes', 'points': 0, 'value': 0, 'points_modification': 0}]}]",False,Darwin,4,12,65,Darwin,FWD,0
398,2,2025-26,0,0,0,0,0,0,0,0,0,0,0,0,0,0.0,0.0,0.0,0.0,0,0,0,0,0,0.0,0.0,0.0,0.0,0,False,"[{'fixture': 19, 'stats': [{'identifier': 'minutes', 'points': 0, 'value': 0, 'points_modification': 0}]}]",False,Danns,4,12,44,Danns,FWD,0
399,2,2025-26,0,0,0,0,0,0,0,0,0,0,0,0,0,0.0,0.0,0.0,0.0,0,0,0,0,0,0.0,0.0,0.0,0.0,0,False,"[{'fixture': 18, 'stats': [{'identifier': 'minutes', 'points': 0, 'value': 0, 'points_modification': 0}]}]",False,Ederson M.,1,13,53,Ederson M.,GK,0
400,2,2025-26,0,0,0,0,0,0,0,0,0,0,0,0,0,0.0,0.0,0.0,0.0,0,0,0,0,0,0.0,0.0,0.0,0.0,0,False,"[{'fixture': 18, 'stats': [{'identifier': 'minutes', 'points': 0, 'value': 0, 'points_modification': 0}]}]",False,Ortega Moreno,1,13,49,Ortega Moreno,GK,0
401,2,2025-26,0,0,0,0,0,0,0,0,0,0,0,0,0,0.0,0.0,0.0,0.0,0,0,0,0,0,0.0,0.0,0.0,0.0,0,False,"[{'fixture': 18, 'stats': [{'identifier': 'minutes', 'points': 0, 'value': 0, 'points_modification': 0}]}]",False,Bettinelli,1,13,40,Bettinelli,GK,0
402,2,2025-26,22,0,0,0,0,0,0,0,0,0,0,0,2,0.0,0.4,0.0,0.0,0,2,0,0,1,0.0,0.0,0.0,0.08,1,False,"[{'fixture': 18, 'stats': [{'identifier': 'minutes', 'points': 1, 'value': 22, 'points_modification': 0}]}]",False,Aït-Nouri,2,13,59,Aït-Nouri,DEF,1
403,2,2025-26,0,0,0,0,0,0,0,0,0,0,0,0,0,0.0,0.0,0.0,0.0,0,0,0,0,0,0.0,0.0,0.0,0.0,0,False,"[{'fixture': 18, 'stats': [{'identifier': 'minutes', 'points': 0, 'value': 0, 'points_modification': 0}]}]",False,Gvardiol,2,13,58,Gvardiol,DEF,0
404,2,2025-26,0,0,0,0,0,0,0,0,0,0,0,0,0,0.0,0.0,0.0,0.0,0,0,0,0,0,0.0,0.0,0.0,0.0,0,False,"[{'fixture': 18, 'stats': [{'identifier': 'minutes', 'points': 0, 'value': 0, 'points_modification': 0}]}]",False,Akanji,2,13,54,Akanji,DEF,0
405,2,2025-26,67,0,0,0,2,0,0,0,0,0,0,0,9,15.2,9.8,5.0,3.0,4,2,1,5,0,0.14,0.12,0.26,1.03,1,False,"[{'fixture': 18, 'stats': [{'identifier': 'minutes', 'points': 2, 'value': 67, 'points_modification': 0}, {'identifier': 'goals_conceded', 'points': -1, 'value': 2, 'points_modification': 0}]}]",False,Aké,2,13,54,Aké,DEF,1
406,2,2025-26,0,0,0,0,0,0,0,0,0,0,0,0,0,0.0,0.0,0.0,0.0,0,0,0,0,0,0.0,0.0,0.0,0.0,0,False,"[{'fixture': 18, 'stats': [{'identifier': 'minutes', 'points': 0, 'value': 0, 'points_modification': 0}]}]",False,Khusanov,2,13,54,Khusanov,DEF,0
407,2,2025-26,0,0,0,0,0,0,0,0,0,0,0,0,0,0.0,0.0,0.0,0.0,0,0,0,0,0,0.0,0.0,0.0,0.0,0,False,"[{'fixture': 18, 'stats': [{'identifier': 'minutes', 'points': 0, 'value': 0, 'points_modification': 0}]}]",False,Matheus N.,2,13,53,Matheus N.,DEF,0
408,2,2025-26,90,0,0,0,2,0,0,0,0,0,0,0,5,18.2,1.6,0.0,2.0,5,2,2,7,1,0.0,0.01,0.01,1.11,1,False,"[{'fixture': 18, 'stats': [{'identifier': 'minutes', 'points': 2, 'value': 90, 'points_modification': 0}, {'identifier': 'goals_conceded', 'points': -1, 'value': 2, 'points_modification': 0}]}]",False,Rúben,2,13,55,Rúben,DEF,1
409,2,2025-26,90,0,0,0,2,0,0,0,0,0,0,0,9,23.8,1.8,0.0,2.6,8,4,0,8,1,0.0,0.02,0.02,1.11,1,False,"[{'fixture': 18, 'stats': [{'identifier': 'minutes', 'points': 2, 'value': 90, 'points_modification': 0}, {'identifier': 'goals_conceded', 'points': -1, 'value': 2, 'points_modification': 0}]}]",False,Stones,2,13,55,Stones,DEF,1
410,2,2025-26,90,0,0,0,2,0,0,0,0,0,0,0,3,16.4,14.8,5.0,3.6,4,3,2,6,1,0.02,0.08,0.1,1.11,1,False,"[{'fixture': 18, 'stats': [{'identifier': 'minutes', 'points': 2, 'value': 90, 'points_modification': 0}, {'identifier': 'goals_conceded', 'points': -1, 'value': 2, 'points_modification': 0}]}]",False,Lewis,2,13,50,Lewis,DEF,1
411,2,2025-26,0,0,0,0,0,0,0,0,0,0,0,0,0,0.0,0.0,0.0,0.0,0,0,0,0,0,0.0,0.0,0.0,0.0,0,False,"[{'fixture': 18, 'stats': [{'identifier': 'minutes', 'points': 0, 'value': 0, 'points_modification': 0}]}]",False,O’Reilly,2,13,49,O’Reilly,DEF,0
412,2,2025-26,0,0,0,0,0,0,0,0,0,0,0,0,0,0.0,0.0,0.0,0.0,0,0,0,0,0,0.0,0.0,0.0,0.0,0,False,"[{'fixture': 18, 'stats': [{'identifier': 'minutes', 'points': 0, 'value': 0, 'points_modification': 0}]}]",False,Vitor Reis,2,13,50,Vitor Reis,DEF,0
413,2,2025-26,53,0,0,0,2,0,0,0,0,0,0,0,7,13.0,2.8,36.0,5.2,2,1,1,4,1,0.65,0.01,0.66,0.62,1,False,"[{'fixture': 18, 'stats': [{'identifier': 'minutes', 'points': 1, 'value': 53, 'points_modification': 0}]}]",False,Marmoush,3,13,83,Marmoush,MID,1
414,2,2025-26,15,0,0,0,0,0,0,0,0,0,0,0,8,5.6,14.3,12.0,3.2,0,3,0,3,0,0.18,0.02,0.2,0.36,1,False,"[{'fixture': 18, 'stats': [{'identifier': 'minutes', 'points': 1, 'value': 15, 'points_modification': 0}]}]",False,Foden,3,13,81,Foden,MID,1
415,2,2025-26,0,0,0,0,0,0,0,0,0,0,0,0,0,0.0,0.0,0.0,0.0,0,0,0,0,0,0.0,0.0,0.0,0.0,0,False,"[{'fixture': 18, 'stats': [{'identifier': 'minutes', 'points': 0, 'value': 0, 'points_modification': 0}]}]",False,Savinho,3,13,69,Savinho,MID,0
416,2,2025-26,36,0,0,0,0,0,0,0,0,0,0,0,2,3.2,2.9,4.0,1.0,2,1,0,3,0,0.0,0.02,0.02,0.49,1,False,"[{'fixture': 18, 'stats': [{'identifier': 'minutes', 'points': 1, 'value': 36, 'points_modification': 0}]}]",False,Bernardo,3,13,64,Bernardo,MID,1
417,2,2025-26,53,0,0,0,2,0,0,0,0,0,0,0,10,14.4,25.5,8.0,4.8,1,3,4,8,1,0.0,0.44,0.44,0.62,1,False,"[{'fixture': 18, 'stats': [{'identifier': 'minutes', 'points': 1, 'value': 53, 'points_modification': 0}]}]",False,Cherki,3,13,63,Cherki,MID,1
418,2,2025-26,36,0,0,0,0,0,0,0,0,0,0,0,1,2.2,12.0,8.0,2.2,0,1,0,1,0,0.0,0.25,0.25,0.49,1,False,"[{'fixture': 18, 'stats': [{'identifier': 'minutes', 'points': 1, 'value': 36, 'points_modification': 0}]}]",False,Doku,3,13,65,Doku,MID,1
419,2,2025-26,90,0,2,1,0,0,0,0,0,0,0,2,37,48.2,35.3,12.0,9.6,1,7,3,11,1,0.01,0.7,0.71,2.43,11,True,"[{'fixture': 16, 'stats': [{'identifier': 'minutes', 'points': 2, 'value': 90, 'points_modification': 0}, {'identifier': 'assists', 'points': 6, 'value': 2, 'points_modification': 0}, {'identifier': 'clean_sheets', 'points': 1, 'value': 1, 'points_modification': 0}, {'identifier': 'bonus', 'points': 2, 'value': 2, 'points_modification': 0}]}]",False,Grealish,3,9,69,Grealish,MID,11
420,2,2025-26,0,0,0,0,0,0,0,0,0,0,0,0,0,0.0,0.0,0.0,0.0,0,0,0,0,0,0.0,0.0,0.0,0.0,0,False,"[{'fixture': 18, 'stats': [{'identifier': 'minutes', 'points': 0, 'value': 0, 'points_modification': 0}]}]",False,Gündoğan,3,13,63,Gündoğan,MID,0
421,2,2025-26,15,0,0,0,0,0,0,0,0,0,0,0,7,5.4,11.4,17.0,3.4,0,4,1,5,0,0.05,0.02,0.07,0.36,1,False,"[{'fixture': 18, 'stats': [{'identifier': 'minutes', 'points': 1, 'value': 15, 'points_modification': 0}]}]",False,Rodrigo,3,13,64,Rodrigo,MID,1
422,2,2025-26,0,0,0,0,0,0,0,0,0,0,0,0,0,0.0,0.0,0.0,0.0,0,0,0,0,0,0.0,0.0,0.0,0.0,0,False,"[{'fixture': 18, 'stats': [{'identifier': 'minutes', 'points': 0, 'value': 0, 'points_modification': 0}]}]",False,Kovačić,3,13,59,Kovačić,MID,0
423,2,2025-26,74,0,0,0,2,0,0,0,1,0,0,0,15,10.4,6.7,0.0,1.7,1,2,3,6,1,0.0,0.02,0.02,0.75,1,False,"[{'fixture': 18, 'stats': [{'identifier': 'minutes', 'points': 2, 'value': 74, 'points_modification': 0}, {'identifier': 'yellow_cards', 'points': -1, 'value': 1, 'points_modification': 0}]}]",False,N.Gonzalez,3,13,59,N.Gonzalez,MID,1
424,2,2025-26,74,0,0,0,2,0,0,0,0,0,0,0,12,11.8,30.1,14.0,5.6,0,2,3,5,1,0.0,0.21,0.21,0.75,2,False,"[{'fixture': 18, 'stats': [{'identifier': 'minutes', 'points': 2, 'value': 74, 'points_modification': 0}]}]",False,Bobb,3,13,55,Bobb,MID,2
425,2,2025-26,0,0,0,0,0,0,0,0,0,0,0,0,0,0.0,0.0,0.0,0.0,0,0,0,0,0,0.0,0.0,0.0,0.0,0,False,"[{'fixture': 18, 'stats': [{'identifier': 'minutes', 'points': 0, 'value': 0, 'points_modification': 0}]}]",False,Echeverri,3,13,54,Echeverri,MID,0
426,2,2025-26,18,0,0,0,0,0,0,0,0,0,0,0,4,1.4,11.3,2.0,1.5,0,0,0,0,0,0.0,0.03,0.03,0.0,1,False,"[{'fixture': 15, 'stats': [{'identifier': 'minutes', 'points': 1, 'value': 18, 'points_modification': 0}]}]",False,McAtee,3,16,53,McAtee,MID,1
427,2,2025-26,90,0,0,0,2,0,0,0,0,0,0,0,12,5.4,5.1,4.0,1.5,0,4,1,5,1,0.04,0.04,0.08,1.11,2,False,"[{'fixture': 18, 'stats': [{'identifier': 'minutes', 'points': 2, 'value': 90, 'points_modification': 0}]}]",False,Reijnders,3,13,57,Reijnders,MID,2
428,2,2025-26,0,0,0,0,0,0,0,0,0,0,0,0,0,0.0,0.0,0.0,0.0,0,0,0,0,0,0.0,0.0,0.0,0.0,0,False,"[{'fixture': 18, 'stats': [{'identifier': 'minutes', 'points': 0, 'value': 0, 'points_modification': 0}]}]",False,Nypan,3,13,50,Nypan,MID,0
429,2,2025-26,0,0,0,0,0,0,0,0,0,0,0,0,0,0.0,0.0,0.0,0.0,0,0,0,0,0,0.0,0.0,0.0,0.0,0,False,"[{'fixture': 18, 'stats': [{'identifier': 'minutes', 'points': 0, 'value': 0, 'points_modification': 0}]}]",False,Phillips,3,13,49,Phillips,MID,0
430,2,2025-26,90,0,0,0,2,0,0,0,0,0,0,0,6,1.4,15.2,15.0,3.2,1,3,0,4,1,0.47,0.3,0.77,1.11,2,False,"[{'fixture': 18, 'stats': [{'identifier': 'minutes', 'points': 2, 'value': 90, 'points_modification': 0}]}]",False,Haaland,4,13,143,Haaland,FWD,2
431,2,2025-26,90,0,0,0,1,0,0,0,0,0,2,0,13,16.0,10.0,0.0,2.6,0,6,0,0,1,0.0,0.03,0.03,1.76,2,False,"[{'fixture': 17, 'stats': [{'identifier': 'minutes', 'points': 2, 'value': 90, 'points_modification': 0}]}]",False,Bayindir,1,14,50,Bayindir,GK,2
432,2,2025-26,0,0,0,0,0,0,0,0,0,0,0,0,0,0.0,0.0,0.0,0.0,0,0,0,0,0,0.0,0.0,0.0,0.0,0,False,"[{'fixture': 17, 'stats': [{'identifier': 'minutes', 'points': 0, 'value': 0, 'points_modification': 0}]}]",False,Onana,1,14,49,Onana,GK,0
433,2,2025-26,0,0,0,0,0,0,0,0,0,0,0,0,0,0.0,0.0,0.0,0.0,0,0,0,0,0,0.0,0.0,0.0,0.0,0,False,"[{'fixture': 17, 'stats': [{'identifier': 'minutes', 'points': 0, 'value': 0, 'points_modification': 0}]}]",False,Harrison,1,14,40,Harrison,GK,0
434,2,2025-26,0,0,0,0,0,0,0,0,0,0,0,0,0,0.0,0.0,0.0,0.0,0,0,0,0,0,0.0,0.0,0.0,0.0,0,False,"[{'fixture': 17, 'stats': [{'identifier': 'minutes', 'points': 0, 'value': 0, 'points_modification': 0}]}]",False,Heaton,1,14,40,Heaton,GK,0
435,2,2025-26,0,0,0,0,0,0,0,0,0,0,0,0,0,0.0,0.0,0.0,0.0,0,0,0,0,0,0.0,0.0,0.0,0.0,0,False,"[{'fixture': 17, 'stats': [{'identifier': 'minutes', 'points': 0, 'value': 0, 'points_modification': 0}]}]",False,Mee,1,14,40,Mee,GK,0
436,2,2025-26,90,0,0,0,1,0,0,0,0,0,0,3,24,29.0,0.2,0.0,2.9,10,2,1,11,1,0.0,0.01,0.01,1.76,7,False,"[{'fixture': 17, 'stats': [{'identifier': 'minutes', 'points': 2, 'value': 90, 'points_modification': 0}, {'identifier': 'bonus', 'points': 3, 'value': 3, 'points_modification': 0}, {'identifier': 'defensive_contribution', 'points': 2, 'value': 11, 'points_modification': 0}]}]",False,De Ligt,2,14,50,De Ligt,DEF,7
437,2,2025-26,0,0,0,0,0,0,0,0,0,0,0,0,0,0.0,0.0,0.0,0.0,0,0,0,0,0,0.0,0.0,0.0,0.0,0,False,"[{'fixture': 17, 'stats': [{'identifier': 'minutes', 'points': 0, 'value': 0, 'points_modification': 0}]}]",False,Martinez,2,14,49,Martinez,DEF,0
438,2,2025-26,0,0,0,0,0,0,0,0,0,0,0,0,0,0.0,0.0,0.0,0.0,0,0,0,0,0,0.0,0.0,0.0,0.0,0,False,"[{'fixture': 17, 'stats': [{'identifier': 'minutes', 'points': 0, 'value': 0, 'points_modification': 0}]}]",False,Mazraoui,2,14,49,Mazraoui,DEF,0
439,2,2025-26,0,0,0,0,0,0,0,0,0,0,0,0,0,0.0,0.0,0.0,0.0,0,0,0,0,0,0.0,0.0,0.0,0.0,0,False,"[{'fixture': 17, 'stats': [{'identifier': 'minutes', 'points': 0, 'value': 0, 'points_modification': 0}]}]",False,D.Leon,2,14,43,D.Leon,DEF,0
440,2,2025-26,38,0,0,0,1,0,0,0,0,0,0,0,-4,0.0,4.8,10.0,1.4,1,1,1,2,0,0.01,0.01,0.02,0.86,1,False,"[{'fixture': 17, 'stats': [{'identifier': 'minutes', 'points': 1, 'value': 38, 'points_modification': 0}]}]",False,Dalot,2,14,44,Dalot,DEF,1
441,2,2025-26,90,0,0,0,1,0,0,0,0,0,0,0,4,4.8,4.5,6.0,1.5,4,1,0,4,1,0.0,0.04,0.04,1.76,2,False,"[{'fixture': 17, 'stats': [{'identifier': 'minutes', 'points': 2, 'value': 90, 'points_modification': 0}]}]",False,Dorgu,2,14,45,Dorgu,DEF,2
442,2,2025-26,3,0,0,0,0,0,0,0,0,0,0,0,2,0.2,0.0,4.0,0.4,1,0,0,1,0,0.1,0.0,0.1,0.03,1,False,"[{'fixture': 17, 'stats': [{'identifier': 'minutes', 'points': 1, 'value': 3, 'points_modification': 0}]}]",False,Maguire,2,14,44,Maguire,DEF,1
443,2,2025-26,86,0,0,0,1,0,0,0,0,0,0,0,5,9.6,2.8,0.0,1.2,4,1,1,5,1,0.0,0.01,0.01,1.73,2,False,"[{'fixture': 17, 'stats': [{'identifier': 'minutes', 'points': 2, 'value': 86, 'points_modification': 0}]}]",False,Shaw,2,14,45,Shaw,DEF,2
444,2,2025-26,86,0,1,0,1,0,0,0,0,0,0,1,22,15.0,11.3,9.0,3.5,6,1,2,8,1,0.18,0.01,0.19,1.73,6,False,"[{'fixture': 17, 'stats': [{'identifier': 'minutes', 'points': 2, 'value': 86, 'points_modification': 0}, {'identifier': 'assists', 'points': 3, 'value': 1, 'points_modification': 0}, {'identifier': 'bonus', 'points': 1, 'value': 1, 'points_modification': 0}]}]",False,Yoro,2,14,45,Yoro,DEF,6
445,2,2025-26,0,0,0,0,0,0,0,0,0,0,0,0,0,0.0,0.0,0.0,0.0,0,0,0,0,0,0.0,0.0,0.0,0.0,0,False,"[{'fixture': 17, 'stats': [{'identifier': 'minutes', 'points': 0, 'value': 0, 'points_modification': 0}]}]",False,Amass,2,14,40,Amass,DEF,0
446,2,2025-26,0,0,0,0,0,0,0,0,0,0,0,0,0,0.0,0.0,0.0,0.0,0,0,0,0,0,0.0,0.0,0.0,0.0,0,False,"[{'fixture': 17, 'stats': [{'identifier': 'minutes', 'points': 0, 'value': 0, 'points_modification': 0}]}]",False,Fredricson,2,14,39,Fredricson,DEF,0
447,2,2025-26,3,0,0,0,0,0,0,0,0,0,0,0,3,2.0,0.0,0.0,0.2,1,0,0,1,0,0.0,0.0,0.0,0.03,1,False,"[{'fixture': 17, 'stats': [{'identifier': 'minutes', 'points': 1, 'value': 3, 'points_modification': 0}]}]",False,Heaven,2,14,39,Heaven,DEF,1
448,2,2025-26,0,0,0,0,0,0,0,0,0,0,0,0,0,0.0,0.0,0.0,0.0,0,0,0,0,0,0.0,0.0,0.0,0.0,0,False,"[{'fixture': 17, 'stats': [{'identifier': 'minutes', 'points': 0, 'value': 0, 'points_modification': 0}]}]",False,Malacia,2,14,39,Malacia,DEF,0
449,2,2025-26,90,0,0,0,1,0,0,1,0,0,0,0,12,21.0,17.3,13.0,5.1,3,8,2,13,1,0.82,0.04,0.86,1.76,2,False,"[{'fixture': 17, 'stats': [{'identifier': 'minutes', 'points': 2, 'value': 90, 'points_modification': 0}, {'identifier': 'penalties_missed', 'points': -2, 'value': 1, 'points_modification': 0}, {'identifier': 'defensive_contribution', 'points': 2, 'value': 13, 'points_modification': 0}]}]",False,B.Fernandes,3,14,90,B.Fernandes,MID,2
450,2,2025-26,90,0,0,0,1,0,0,0,0,0,0,0,5,8.6,14.9,22.0,4.6,1,2,1,4,1,0.39,0.02,0.41,1.76,2,False,"[{'fixture': 17, 'stats': [{'identifier': 'minutes', 'points': 2, 'value': 90, 'points_modification': 0}]}]",False,Cunha,3,14,80,Cunha,MID,2
451,2,2025-26,0,0,0,0,0,0,0,0,0,0,0,0,0,0.0,0.0,0.0,0.0,0,0,0,0,0,0.0,0.0,0.0,0.0,0,False,"[{'fixture': 17, 'stats': [{'identifier': 'minutes', 'points': 0, 'value': 0, 'points_modification': 0}]}]",False,Rashford,3,14,70,Rashford,MID,0
452,2,2025-26,51,0,0,0,0,0,0,0,0,0,0,0,7,11.4,3.4,22.0,3.7,2,2,2,6,1,0.14,0.02,0.16,0.9,1,False,"[{'fixture': 17, 'stats': [{'identifier': 'minutes', 'points': 1, 'value': 51, 'points_modification': 0}]}]",False,Amad,3,14,63,Amad,MID,1
453,2,2025-26,0,0,0,0,0,0,0,0,0,0,0,0,0,0.0,0.0,0.0,0.0,0,0,0,0,0,0.0,0.0,0.0,0.0,0,False,"[{'fixture': 17, 'stats': [{'identifier': 'minutes', 'points': 0, 'value': 0, 'points_modification': 0}]}]",False,Garnacho,3,7,64,Garnacho,MID,0
454,2,2025-26,0,0,0,0,0,0,0,0,0,0,0,0,0,0.0,0.0,0.0,0.0,0,0,0,0,0,0.0,0.0,0.0,0.0,0,False,"[{'fixture': 17, 'stats': [{'identifier': 'minutes', 'points': 0, 'value': 0, 'points_modification': 0}]}]",False,Antony,3,14,59,Antony,MID,0
455,2,2025-26,68,0,0,1,0,0,0,0,0,0,0,0,10,6.4,28.5,6.0,4.1,0,1,2,3,1,0.0,0.19,0.19,1.06,3,False,"[{'fixture': 17, 'stats': [{'identifier': 'minutes', 'points': 2, 'value': 68, 'points_modification': 0}, {'identifier': 'clean_sheets', 'points': 1, 'value': 1, 'points_modification': 0}]}]",False,Mount,3,14,59,Mount,MID,3
456,2,2025-26,0,0,0,0,0,0,0,0,0,0,0,0,0,0.0,0.0,0.0,0.0,0,0,0,0,0,0.0,0.0,0.0,0.0,0,False,"[{'fixture': 17, 'stats': [{'identifier': 'minutes', 'points': 0, 'value': 0, 'points_modification': 0}]}]",False,Sancho,3,2,59,Sancho,MID,0
457,2,2025-26,52,0,0,0,0,0,0,0,1,0,0,0,4,7.8,0.5,2.0,1.0,2,3,2,7,1,0.0,0.0,0.0,0.9,0,False,"[{'fixture': 17, 'stats': [{'identifier': 'minutes', 'points': 1, 'value': 52, 'points_modification': 0}, {'identifier': 'yellow_cards', 'points': -1, 'value': 1, 'points_modification': 0}]}]",False,Casemiro,3,14,55,Casemiro,MID,0
458,2,2025-26,0,0,0,0,0,0,0,0,0,0,0,0,0,0.0,0.0,0.0,0.0,0,0,0,0,0,0.0,0.0,0.0,0.0,0,False,"[{'fixture': 17, 'stats': [{'identifier': 'minutes', 'points': 0, 'value': 0, 'points_modification': 0}]}]",False,Mainoo,3,14,48,Mainoo,MID,0
459,2,2025-26,21,0,0,0,1,0,0,0,0,0,0,0,7,8.6,0.8,0.0,0.9,2,0,3,5,0,0.0,0.0,0.0,0.7,1,False,"[{'fixture': 17, 'stats': [{'identifier': 'minutes', 'points': 1, 'value': 21, 'points_modification': 0}]}]",False,Ugarte,3,14,49,Ugarte,MID,1
460,2,2025-26,0,0,0,0,0,0,0,0,0,0,0,0,0,0.0,0.0,0.0,0.0,0,0,0,0,0,0.0,0.0,0.0,0.0,0,False,"[{'fixture': 17, 'stats': [{'identifier': 'minutes', 'points': 0, 'value': 0, 'points_modification': 0}]}]",False,Collyer,3,14,45,Collyer,MID,0
461,2,2025-26,0,0,0,0,0,0,0,0,0,0,0,0,0,0.0,0.0,0.0,0.0,0,0,0,0,0,0.0,0.0,0.0,0.0,0,False,"[{'fixture': 17, 'stats': [{'identifier': 'minutes', 'points': 0, 'value': 0, 'points_modification': 0}]}]",False,Fitzgerald,3,14,44,Fitzgerald,MID,0
462,2,2025-26,0,0,0,0,0,0,0,0,0,0,0,0,0,0.0,0.0,0.0,0.0,0,0,0,0,0,0.0,0.0,0.0,0.0,0,False,"[{'fixture': 17, 'stats': [{'identifier': 'minutes', 'points': 0, 'value': 0, 'points_modification': 0}]}]",False,J.Fletcher,3,14,44,J.Fletcher,MID,0
463,2,2025-26,0,0,0,0,0,0,0,0,0,0,0,0,0,0.0,0.0,0.0,0.0,0,0,0,0,0,0.0,0.0,0.0,0.0,0,False,"[{'fixture': 17, 'stats': [{'identifier': 'minutes', 'points': 0, 'value': 0, 'points_modification': 0}]}]",False,Kone,3,14,44,Kone,MID,0
464,2,2025-26,0,0,0,0,0,0,0,0,0,0,0,0,0,0.0,0.0,0.0,0.0,0,0,0,0,0,0.0,0.0,0.0,0.0,0,False,"[{'fixture': 17, 'stats': [{'identifier': 'minutes', 'points': 0, 'value': 0, 'points_modification': 0}]}]",False,Moorhouse,3,14,45,Moorhouse,MID,0
465,2,2025-26,0,0,0,0,0,0,0,0,0,0,0,0,0,0.0,0.0,0.0,0.0,0,0,0,0,0,0.0,0.0,0.0,0.0,0,False,"[{'fixture': 17, 'stats': [{'identifier': 'minutes', 'points': 0, 'value': 0, 'points_modification': 0}]}]",False,Højlund,4,14,63,Højlund,FWD,0
466,2,2025-26,0,0,0,0,0,0,0,0,0,0,0,0,0,0.0,0.0,0.0,0.0,0,0,0,0,0,0.0,0.0,0.0,0.0,0,False,"[{'fixture': 17, 'stats': [{'identifier': 'minutes', 'points': 0, 'value': 0, 'points_modification': 0}]}]",False,Zirkzee,4,14,59,Zirkzee,FWD,0
467,2,2025-26,0,0,0,0,0,0,0,0,0,0,0,0,0,0.0,0.0,0.0,0.0,0,0,0,0,0,0.0,0.0,0.0,0.0,0,False,"[{'fixture': 17, 'stats': [{'identifier': 'minutes', 'points': 0, 'value': 0, 'points_modification': 0}]}]",False,Obi,4,14,44,Obi,FWD,0
468,2,2025-26,0,0,0,0,0,0,0,0,0,0,0,0,0,0.0,0.0,0.0,0.0,0,0,0,0,0,0.0,0.0,0.0,0.0,0,False,"[{'fixture': 17, 'stats': [{'identifier': 'minutes', 'points': 0, 'value': 0, 'points_modification': 0}]}]",False,Wheatley,4,14,45,Wheatley,FWD,0
469,2,2025-26,90,0,1,0,3,0,0,0,0,0,1,0,7,10.0,0.0,0.0,1.0,1,4,0,0,1,0.0,0.0,0.0,0.7,4,False,"[{'fixture': 19, 'stats': [{'identifier': 'minutes', 'points': 2, 'value': 90, 'points_modification': 0}, {'identifier': 'assists', 'points': 3, 'value': 1, 'points_modification': 0}, {'identifier': 'goals_conceded', 'points': -1, 'value': 3, 'points_modification': 0}]}]",False,Pope,1,15,50,Pope,GK,4
470,2,2025-26,90,0,0,1,0,0,0,0,0,0,1,0,25,10.8,0.0,0.0,1.1,2,11,0,0,1,0.0,0.0,0.0,0.77,6,False,"[{'fixture': 14, 'stats': [{'identifier': 'minutes', 'points': 2, 'value': 90, 'points_modification': 0}, {'identifier': 'clean_sheets', 'points': 4, 'value': 1, 'points_modification': 0}]}]",False,Dúbravka,1,3,40,Dúbravka,GK,6
471,2,2025-26,0,0,0,0,0,0,0,0,0,0,0,0,0,0.0,0.0,0.0,0.0,0,0,0,0,0,0.0,0.0,0.0,0.0,0,False,"[{'fixture': 19, 'stats': [{'identifier': 'minutes', 'points': 0, 'value': 0, 'points_modification': 0}]}]",False,Gillespie,1,15,40,Gillespie,GK,0
472,2,2025-26,0,0,0,0,0,0,0,0,0,0,0,0,0,0.0,0.0,0.0,0.0,0,0,0,0,0,0.0,0.0,0.0,0.0,0,False,"[{'fixture': 19, 'stats': [{'identifier': 'minutes', 'points': 0, 'value': 0, 'points_modification': 0}]}]",False,Odysseas,1,15,40,Odysseas,GK,0
473,2,2025-26,14,0,0,0,1,0,0,0,0,0,0,0,1,7.4,0.5,0.0,0.8,4,1,1,5,0,0.0,0.0,0.0,0.37,1,False,"[{'fixture': 19, 'stats': [{'identifier': 'minutes', 'points': 1, 'value': 14, 'points_modification': 0}]}]",False,Hall,2,15,54,Hall,DEF,1
474,2,2025-26,80,0,0,0,2,0,0,0,0,0,0,0,5,15.2,0.3,6.0,2.2,5,3,3,8,1,0.0,0.0,0.0,0.33,1,False,"[{'fixture': 19, 'stats': [{'identifier': 'minutes', 'points': 2, 'value': 80, 'points_modification': 0}, {'identifier': 'goals_conceded', 'points': -1, 'value': 2, 'points_modification': 0}]}]",False,Schär,2,15,55,Schär,DEF,1
475,2,2025-26,0,0,0,0,0,0,0,0,0,0,0,0,0,0.0,0.0,0.0,0.0,0,0,0,0,0,0.0,0.0,0.0,0.0,0,False,"[{'fixture': 19, 'stats': [{'identifier': 'minutes', 'points': 0, 'value': 0, 'points_modification': 0}]}]",False,Botman,2,15,49,Botman,DEF,0
476,2,2025-26,90,0,0,0,3,0,0,0,1,0,0,0,-2,20.4,14.3,12.0,4.7,11,2,1,12,1,0.01,0.07,0.08,0.7,2,False,"[{'fixture': 19, 'stats': [{'identifier': 'minutes', 'points': 2, 'value': 90, 'points_modification': 0}, {'identifier': 'goals_conceded', 'points': -1, 'value': 3, 'points_modification': 0}, {'identifier': 'yellow_cards', 'points': -1, 'value': 1, 'points_modification': 0}, {'identifier': 'defensive_contribution', 'points': 2, 'value': 12, 'points_modification': 0}]}]",False,Burn,2,15,50,Burn,DEF,2
477,2,2025-26,90,0,1,0,3,0,0,0,0,0,0,0,12,24.8,15.3,4.0,4.4,1,3,0,1,1,0.0,0.2,0.2,0.7,4,False,"[{'fixture': 19, 'stats': [{'identifier': 'minutes', 'points': 2, 'value': 90, 'points_modification': 0}, {'identifier': 'assists', 'points': 3, 'value': 1, 'points_modification': 0}, {'identifier': 'goals_conceded', 'points': -1, 'value': 3, 'points_modification': 0}]}]",False,Livramento,2,15,51,Livramento,DEF,4
478,2,2025-26,75,0,0,0,2,0,0,0,0,0,0,0,-2,0.0,11.6,0.0,1.1,0,4,0,0,1,0.0,0.08,0.08,0.33,1,False,"[{'fixture': 19, 'stats': [{'identifier': 'minutes', 'points': 2, 'value': 75, 'points_modification': 0}, {'identifier': 'goals_conceded', 'points': -1, 'value': 2, 'points_modification': 0}]}]",False,Trippier,2,15,50,Trippier,DEF,1
479,2,2025-26,0,0,0,0,0,0,0,0,0,0,0,0,0,0.0,0.0,0.0,0.0,0,0,0,0,0,0.0,0.0,0.0,0.0,0,False,"[{'fixture': 19, 'stats': [{'identifier': 'minutes', 'points': 0, 'value': 0, 'points_modification': 0}]}]",False,Krafth,2,15,44,Krafth,DEF,0
480,2,2025-26,0,0,0,0,0,0,0,0,0,0,0,0,0,0.0,0.0,0.0,0.0,0,0,0,0,0,0.0,0.0,0.0,0.0,0,False,"[{'fixture': 19, 'stats': [{'identifier': 'minutes', 'points': 0, 'value': 0, 'points_modification': 0}]}]",False,Lascelles,2,15,44,Lascelles,DEF,0
481,2,2025-26,0,0,0,0,0,0,0,0,0,0,0,0,0,0.0,0.0,0.0,0.0,0,0,0,0,0,0.0,0.0,0.0,0.0,0,False,"[{'fixture': 19, 'stats': [{'identifier': 'minutes', 'points': 0, 'value': 0, 'points_modification': 0}]}]",False,A.Murphy,2,15,39,A.Murphy,DEF,0
482,2,2025-26,0,0,0,0,0,0,0,0,0,0,0,0,0,0.0,0.0,0.0,0.0,0,0,0,0,0,0.0,0.0,0.0,0.0,0,False,"[{'fixture': 19, 'stats': [{'identifier': 'minutes', 'points': 0, 'value': 0, 'points_modification': 0}]}]",False,Ashby,2,15,39,Ashby,DEF,0
483,2,2025-26,0,0,0,0,0,0,0,0,0,0,0,0,0,0.0,0.0,0.0,0.0,0,0,0,0,0,0.0,0.0,0.0,0.0,0,False,"[{'fixture': 19, 'stats': [{'identifier': 'minutes', 'points': 0, 'value': 0, 'points_modification': 0}]}]",False,Pivas,2,15,39,Pivas,DEF,0
484,2,2025-26,0,0,0,0,0,0,0,0,0,0,0,0,0,0.0,0.0,0.0,0.0,0,0,0,0,0,0.0,0.0,0.0,0.0,0,False,"[{'fixture': 19, 'stats': [{'identifier': 'minutes', 'points': 0, 'value': 0, 'points_modification': 0}]}]",False,Targett,2,15,40,Targett,DEF,0
485,2,2025-26,47,0,0,0,3,0,0,0,0,1,0,0,-6,0.0,11.2,45.0,5.4,0,3,0,3,1,0.48,0.02,0.5,0.07,-2,False,"[{'fixture': 19, 'stats': [{'identifier': 'minutes', 'points': 1, 'value': 47, 'points_modification': 0}, {'identifier': 'red_cards', 'points': -3, 'value': 1, 'points_modification': 0}]}]",False,Gordon,3,15,74,Gordon,MID,-2
486,2,2025-26,90,0,0,0,3,0,0,0,0,0,0,0,7,6.6,14.8,10.0,3.1,1,0,0,1,1,0.0,0.06,0.06,0.7,2,False,"[{'fixture': 19, 'stats': [{'identifier': 'minutes', 'points': 2, 'value': 90, 'points_modification': 0}]}]",False,Elanga,3,15,69,Elanga,MID,2
487,2,2025-26,75,0,0,0,2,0,0,0,0,0,0,0,10,4.2,15.8,2.0,2.2,0,2,0,2,1,0.0,0.36,0.36,0.33,2,False,"[{'fixture': 19, 'stats': [{'identifier': 'minutes', 'points': 2, 'value': 75, 'points_modification': 0}]}]",False,Barnes,3,15,65,Barnes,MID,2
488,2,2025-26,90,1,0,0,3,0,0,0,1,0,0,0,22,37.0,8.3,17.0,6.2,0,8,3,11,1,0.17,0.02,0.19,0.7,6,False,"[{'fixture': 19, 'stats': [{'identifier': 'minutes', 'points': 2, 'value': 90, 'points_modification': 0}, {'identifier': 'goals_scored', 'points': 5, 'value': 1, 'points_modification': 0}, {'identifier': 'yellow_cards', 'points': -1, 'value': 1, 'points_modification': 0}]}]",False,Bruno G.,3,15,65,Bruno G.,MID,6
489,2,2025-26,0,0,0,0,0,0,0,0,0,0,0,0,0,0.0,0.0,0.0,0.0,0,0,0,0,0,0.0,0.0,0.0,0.0,0,False,"[{'fixture': 19, 'stats': [{'identifier': 'minutes', 'points': 0, 'value': 0, 'points_modification': 0}]}]",False,J.Murphy,3,15,63,J.Murphy,MID,0
490,2,2025-26,75,0,0,0,2,0,0,0,0,0,0,0,7,6.6,0.4,7.0,1.4,2,3,2,7,1,0.03,0.0,0.03,0.33,2,False,"[{'fixture': 19, 'stats': [{'identifier': 'minutes', 'points': 2, 'value': 75, 'points_modification': 0}]}]",False,Joelinton,3,15,59,Joelinton,MID,2
491,2,2025-26,65,0,0,0,2,0,0,0,0,0,0,0,7,0.4,1.3,8.0,1.0,2,3,0,5,1,0.09,0.01,0.1,0.33,2,False,"[{'fixture': 19, 'stats': [{'identifier': 'minutes', 'points': 2, 'value': 65, 'points_modification': 0}]}]",False,Tonali,3,15,54,Tonali,MID,2
492,2,2025-26,0,0,0,0,0,0,0,0,0,0,0,0,0,0.0,0.0,0.0,0.0,0,0,0,0,0,0.0,0.0,0.0,0.0,0,False,"[{'fixture': 19, 'stats': [{'identifier': 'minutes', 'points': 0, 'value': 0, 'points_modification': 0}]}]",False,Antoñito C.,3,15,49,Antoñito C.,MID,0
493,2,2025-26,32,0,0,0,1,0,0,0,0,0,0,0,2,1.4,0.4,0.0,0.2,1,1,0,2,0,0.0,0.0,0.0,1.03,1,False,"[{'fixture': 11, 'stats': [{'identifier': 'minutes', 'points': 1, 'value': 32, 'points_modification': 0}]}]",False,Longstaff,3,11,49,Longstaff,MID,1
494,2,2025-26,0,0,0,0,0,0,0,0,0,0,0,0,0,0.0,0.0,0.0,0.0,0,0,0,0,0,0.0,0.0,0.0,0.0,0,False,"[{'fixture': 19, 'stats': [{'identifier': 'minutes', 'points': 0, 'value': 0, 'points_modification': 0}]}]",False,Willock,3,15,50,Willock,MID,0
495,2,2025-26,0,0,0,0,0,0,0,0,0,0,0,0,0,0.0,0.0,0.0,0.0,0,0,0,0,0,0.0,0.0,0.0,0.0,0,False,"[{'fixture': 19, 'stats': [{'identifier': 'minutes', 'points': 0, 'value': 0, 'points_modification': 0}]}]",False,Hayden,3,15,45,Hayden,MID,0
496,2,2025-26,0,0,0,0,0,0,0,0,0,0,0,0,0,0.0,0.0,0.0,0.0,0,0,0,0,0,0.0,0.0,0.0,0.0,0,False,"[{'fixture': 19, 'stats': [{'identifier': 'minutes', 'points': 0, 'value': 0, 'points_modification': 0}]}]",False,Kuol,3,15,44,Kuol,MID,0
497,2,2025-26,24,0,0,0,1,0,0,0,0,0,0,0,3,2.2,0.3,2.0,0.5,0,1,1,2,0,0.03,0.0,0.03,0.37,1,False,"[{'fixture': 19, 'stats': [{'identifier': 'minutes', 'points': 1, 'value': 24, 'points_modification': 0}]}]",False,L.Miley,3,15,44,L.Miley,MID,1
498,2,2025-26,0,0,0,0,0,0,0,0,0,0,0,0,0,0.0,0.0,0.0,0.0,0,0,0,0,0,0.0,0.0,0.0,0.0,0,False,"[{'fixture': 19, 'stats': [{'identifier': 'minutes', 'points': 0, 'value': 0, 'points_modification': 0}]}]",False,White,3,15,45,White,MID,0
499,2,2025-26,0,0,0,0,0,0,0,0,0,0,0,0,0,0.0,0.0,0.0,0.0,0,0,0,0,0,0.0,0.0,0.0,0.0,0,False,"[{'fixture': 19, 'stats': [{'identifier': 'minutes', 'points': 0, 'value': 0, 'points_modification': 0}]}]",False,Isak,4,12,105,Isak,FWD,0
500,2,2025-26,14,1,0,0,1,0,0,0,0,0,0,0,27,31.0,0.3,17.0,4.8,0,0,0,0,0,0.13,0.0,0.13,0.37,5,False,"[{'fixture': 19, 'stats': [{'identifier': 'minutes', 'points': 1, 'value': 14, 'points_modification': 0}, {'identifier': 'goals_scored', 'points': 4, 'value': 1, 'points_modification': 0}]}]",False,Osula,4,15,55,Osula,FWD,5
501,2,2025-26,0,0,0,0,0,0,0,0,0,0,0,0,0,0.0,0.0,0.0,0.0,0,0,0,0,0,0.0,0.0,0.0,0.0,0,False,"[{'fixture': 19, 'stats': [{'identifier': 'minutes', 'points': 0, 'value': 0, 'points_modification': 0}]}]",False,Neave,4,15,44,Neave,FWD,0
502,2,2025-26,90,0,0,0,1,0,0,0,1,0,3,0,11,21.6,0.0,0.0,2.2,0,13,0,0,1,0.0,0.0,0.0,1.1,2,False,"[{'fixture': 15, 'stats': [{'identifier': 'minutes', 'points': 2, 'value': 90, 'points_modification': 0}, {'identifier': 'yellow_cards', 'points': -1, 'value': 1, 'points_modification': 0}, {'identifier': 'saves', 'points': 1, 'value': 3, 'points_modification': 0}]}]",False,Sels,1,16,50,Sels,GK,2
503,2,2025-26,0,0,0,0,0,0,0,0,0,0,0,0,0,0.0,0.0,0.0,0.0,0,0,0,0,0,0.0,0.0,0.0,0.0,0,False,"[{'fixture': 15, 'stats': [{'identifier': 'minutes', 'points': 0, 'value': 0, 'points_modification': 0}]}]",False,C.Miguel,1,16,40,C.Miguel,GK,0
504,2,2025-26,0,0,0,0,0,0,0,0,0,0,0,0,0,0.0,0.0,0.0,0.0,0,0,0,0,0,0.0,0.0,0.0,0.0,0,False,"[{'fixture': 15, 'stats': [{'identifier': 'minutes', 'points': 0, 'value': 0, 'points_modification': 0}]}]",False,Turner,1,16,40,Turner,GK,0
505,2,2025-26,90,0,0,0,1,0,0,0,0,0,0,0,14,15.8,0.8,2.0,1.9,6,2,1,7,1,0.0,0.02,0.02,1.1,2,False,"[{'fixture': 15, 'stats': [{'identifier': 'minutes', 'points': 2, 'value': 90, 'points_modification': 0}]}]",False,Milenković,2,16,54,Milenković,DEF,2
506,2,2025-26,90,0,0,0,1,0,0,0,1,0,0,0,3,14.4,5.3,0.0,2.0,4,5,2,6,1,0.0,0.16,0.16,1.1,1,False,"[{'fixture': 15, 'stats': [{'identifier': 'minutes', 'points': 2, 'value': 90, 'points_modification': 0}, {'identifier': 'yellow_cards', 'points': -1, 'value': 1, 'points_modification': 0}]}]",False,Murillo,2,16,54,Murillo,DEF,1
507,2,2025-26,90,0,0,0,1,0,0,0,1,0,0,0,5,12.4,1.9,0.0,1.4,5,10,1,6,1,0.0,0.01,0.01,1.1,1,False,"[{'fixture': 15, 'stats': [{'identifier': 'minutes', 'points': 2, 'value': 90, 'points_modification': 0}, {'identifier': 'yellow_cards', 'points': -1, 'value': 1, 'points_modification': 0}]}]",False,Aina,2,16,49,Aina,DEF,1
508,2,2025-26,90,0,0,0,1,0,0,0,0,0,0,0,18,7.8,3.5,6.0,1.7,0,6,3,3,1,0.0,0.02,0.02,1.1,2,False,"[{'fixture': 15, 'stats': [{'identifier': 'minutes', 'points': 2, 'value': 90, 'points_modification': 0}]}]",False,N.Williams,2,16,49,N.Williams,DEF,2
509,2,2025-26,0,0,0,0,0,0,0,0,0,0,0,0,0,0.0,0.0,0.0,0.0,0,0,0,0,0,0.0,0.0,0.0,0.0,0,False,"[{'fixture': 15, 'stats': [{'identifier': 'minutes', 'points': 0, 'value': 0, 'points_modification': 0}]}]",False,David Carmo,2,16,45,David Carmo,DEF,0
510,2,2025-26,0,0,0,0,0,0,0,0,0,0,0,0,0,0.0,0.0,0.0,0.0,0,0,0,0,0,0.0,0.0,0.0,0.0,0,False,"[{'fixture': 15, 'stats': [{'identifier': 'minutes', 'points': 0, 'value': 0, 'points_modification': 0}]}]",False,Jair Cunha,2,16,44,Jair Cunha,DEF,0
511,2,2025-26,0,0,0,0,0,0,0,0,0,0,0,0,0,0.0,0.0,0.0,0.0,0,0,0,0,0,0.0,0.0,0.0,0.0,0,False,"[{'fixture': 15, 'stats': [{'identifier': 'minutes', 'points': 0, 'value': 0, 'points_modification': 0}]}]",False,Morato,2,16,44,Morato,DEF,0
512,2,2025-26,0,0,0,0,0,0,0,0,0,0,0,0,0,0.0,0.0,0.0,0.0,0,0,0,0,0,0.0,0.0,0.0,0.0,0,False,"[{'fixture': 15, 'stats': [{'identifier': 'minutes', 'points': 0, 'value': 0, 'points_modification': 0}]}]",False,O.Richards,2,16,45,O.Richards,DEF,0
513,2,2025-26,0,0,0,0,0,0,0,0,0,0,0,0,0,0.0,0.0,0.0,0.0,0,0,0,0,0,0.0,0.0,0.0,0.0,0,False,"[{'fixture': 15, 'stats': [{'identifier': 'minutes', 'points': 0, 'value': 0, 'points_modification': 0}]}]",False,Abbott,2,16,39,Abbott,DEF,0
514,2,2025-26,0,0,0,0,0,0,0,0,0,0,0,0,0,0.0,0.0,0.0,0.0,0,0,0,0,0,0.0,0.0,0.0,0.0,0,False,"[{'fixture': 15, 'stats': [{'identifier': 'minutes', 'points': 0, 'value': 0, 'points_modification': 0}]}]",False,Boly,2,16,39,Boly,DEF,0
515,2,2025-26,81,0,0,0,1,0,0,0,0,0,0,0,7,0.0,20.5,4.0,2.2,0,1,0,1,1,0.11,0.1,0.21,1.1,2,False,"[{'fixture': 15, 'stats': [{'identifier': 'minutes', 'points': 2, 'value': 81, 'points_modification': 0}]}]",False,Gibbs-White,3,16,75,Gibbs-White,MID,2
516,2,2025-26,71,1,0,0,1,0,0,0,0,0,0,3,26,35.6,3.3,24.0,6.3,1,1,1,3,1,0.31,0.02,0.33,1.1,10,False,"[{'fixture': 15, 'stats': [{'identifier': 'minutes', 'points': 2, 'value': 71, 'points_modification': 0}, {'identifier': 'goals_scored', 'points': 5, 'value': 1, 'points_modification': 0}, {'identifier': 'bonus', 'points': 3, 'value': 3, 'points_modification': 0}]}]",False,Hudson-Odoi,3,16,60,Hudson-Odoi,MID,10
517,2,2025-26,90,0,0,0,1,0,0,0,0,0,0,0,13,17.2,21.5,0.0,3.9,1,7,3,11,1,0.0,0.03,0.03,1.1,2,False,"[{'fixture': 15, 'stats': [{'identifier': 'minutes', 'points': 2, 'value': 90, 'points_modification': 0}]}]",False,Anderson,3,16,55,Anderson,MID,2
518,2,2025-26,0,0,0,0,0,0,0,0,0,0,0,0,0,0.0,0.0,0.0,0.0,0,0,0,0,0,0.0,0.0,0.0,0.0,0,False,"[{'fixture': 15, 'stats': [{'identifier': 'minutes', 'points': 0, 'value': 0, 'points_modification': 0}]}]",False,Jota,3,16,54,Jota,MID,0
519,2,2025-26,0,0,0,0,0,0,0,0,0,0,0,0,0,0.0,0.0,0.0,0.0,0,0,0,0,0,0.0,0.0,0.0,0.0,0,False,"[{'fixture': 15, 'stats': [{'identifier': 'minutes', 'points': 0, 'value': 0, 'points_modification': 0}]}]",False,Dominguez,3,16,50,Dominguez,MID,0
520,2,2025-26,0,0,0,0,0,0,0,0,0,0,0,0,0,0.0,0.0,0.0,0.0,0,0,0,0,0,0.0,0.0,0.0,0.0,0,False,"[{'fixture': 15, 'stats': [{'identifier': 'minutes', 'points': 0, 'value': 0, 'points_modification': 0}]}]",False,O'Brien,3,16,50,O'Brien,MID,0
521,2,2025-26,87,0,0,0,1,0,0,0,0,0,0,0,14,9.4,3.3,1.0,1.4,4,3,1,8,1,0.01,0.01,0.02,1.1,2,False,"[{'fixture': 15, 'stats': [{'identifier': 'minutes', 'points': 2, 'value': 87, 'points_modification': 0}]}]",False,Sangaré,3,16,50,Sangaré,MID,2
522,2,2025-26,2,0,0,0,0,0,0,0,0,0,0,0,3,2.6,1.8,0.0,0.4,1,0,0,1,0,0.0,0.0,0.0,0.0,1,False,"[{'fixture': 15, 'stats': [{'identifier': 'minutes', 'points': 1, 'value': 2, 'points_modification': 0}]}]",False,Yates,3,16,48,Yates,MID,1
523,2,2025-26,0,0,0,0,0,0,0,0,0,0,0,0,0,0.0,0.0,0.0,0.0,0,0,0,0,0,0.0,0.0,0.0,0.0,0,False,"[{'fixture': 15, 'stats': [{'identifier': 'minutes', 'points': 0, 'value': 0, 'points_modification': 0}]}]",False,Da Silva Moreira,3,16,45,Da Silva Moreira,MID,0
524,2,2025-26,0,0,0,0,0,0,0,0,0,0,0,0,0,0.0,0.0,0.0,0.0,0,0,0,0,0,0.0,0.0,0.0,0.0,0,False,"[{'fixture': 15, 'stats': [{'identifier': 'minutes', 'points': 0, 'value': 0, 'points_modification': 0}]}]",False,Stamenic,3,16,45,Stamenic,MID,0
525,2,2025-26,87,0,0,0,1,0,0,0,0,0,0,0,3,0.0,11.0,13.0,2.0,0,0,0,0,1,0.23,0.06,0.29,1.1,2,False,"[{'fixture': 15, 'stats': [{'identifier': 'minutes', 'points': 2, 'value': 87, 'points_modification': 0}]}]",False,Wood,4,16,75,Wood,FWD,2
526,2,2025-26,2,0,0,0,0,0,0,0,0,0,0,0,1,0.0,0.3,6.0,0.4,0,0,0,0,0,0.07,0.0,0.07,0.0,1,False,"[{'fixture': 15, 'stats': [{'identifier': 'minutes', 'points': 1, 'value': 2, 'points_modification': 0}]}]",False,Igor Jesus,4,16,58,Igor Jesus,FWD,1
527,2,2025-26,0,0,0,0,0,0,0,0,0,0,0,0,0,0.0,0.0,0.0,0.0,0,0,0,0,0,0.0,0.0,0.0,0.0,0,False,"[{'fixture': 15, 'stats': [{'identifier': 'minutes', 'points': 0, 'value': 0, 'points_modification': 0}]}]",False,Awoniyi,4,16,53,Awoniyi,FWD,0
528,2,2025-26,0,0,0,0,0,0,0,0,0,0,0,0,0,0.0,0.0,0.0,0.0,0,0,0,0,0,0.0,0.0,0.0,0.0,0,False,"[{'fixture': 14, 'stats': [{'identifier': 'minutes', 'points': 0, 'value': 0, 'points_modification': 0}]}]",False,Patterson,1,17,44,Patterson,GK,0
529,2,2025-26,0,0,0,0,0,0,0,0,0,0,0,0,0,0.0,0.0,0.0,0.0,0,0,0,0,0,0.0,0.0,0.0,0.0,0,False,"[{'fixture': 14, 'stats': [{'identifier': 'minutes', 'points': 0, 'value': 0, 'points_modification': 0}]}]",False,Moore,1,17,40,Moore,GK,0
530,2,2025-26,0,0,0,0,0,0,0,0,0,0,0,0,0,0.0,0.0,0.0,0.0,0,0,0,0,0,0.0,0.0,0.0,0.0,0,False,"[{'fixture': 14, 'stats': [{'identifier': 'minutes', 'points': 0, 'value': 0, 'points_modification': 0}]}]",False,Nna Noukeu,1,17,40,Nna Noukeu,GK,0
531,2,2025-26,8,0,0,0,0,0,0,0,0,0,0,0,8,5.2,10.3,2.0,1.8,2,0,0,2,1,0.0,0.17,0.17,0.0,1,False,"[{'fixture': 14, 'stats': [{'identifier': 'minutes', 'points': 1, 'value': 8, 'points_modification': 0}]}]",False,Ballard,2,17,46,Ballard,DEF,1
532,2,2025-26,90,0,0,0,2,0,0,0,0,0,0,0,5,10.6,14.0,2.0,2.7,1,3,2,3,1,0.03,0.03,0.06,1.0,1,False,"[{'fixture': 14, 'stats': [{'identifier': 'minutes', 'points': 2, 'value': 90, 'points_modification': 0}, {'identifier': 'goals_conceded', 'points': -1, 'value': 2, 'points_modification': 0}]}]",False,Hume,2,17,45,Hume,DEF,1
533,2,2025-26,0,0,0,0,0,0,0,0,0,0,0,0,0,0.0,0.0,0.0,0.0,0,0,0,0,0,0.0,0.0,0.0,0.0,0,False,"[{'fixture': 14, 'stats': [{'identifier': 'minutes', 'points': 0, 'value': 0, 'points_modification': 0}]}]",False,Alese,2,17,40,Alese,DEF,0
534,2,2025-26,0,0,0,0,0,0,0,0,0,0,0,0,0,0.0,0.0,0.0,0.0,0,0,0,0,0,0.0,0.0,0.0,0.0,0,False,"[{'fixture': 14, 'stats': [{'identifier': 'minutes', 'points': 0, 'value': 0, 'points_modification': 0}]}]",False,Anderson,2,17,39,Anderson,DEF,0
535,2,2025-26,0,0,0,0,0,0,0,0,0,0,0,0,0,0.0,0.0,0.0,0.0,0,0,0,0,0,0.0,0.0,0.0,0.0,0,False,"[{'fixture': 14, 'stats': [{'identifier': 'minutes', 'points': 0, 'value': 0, 'points_modification': 0}]}]",False,Cirkin,2,17,40,Cirkin,DEF,0
536,2,2025-26,0,0,0,0,0,0,0,0,0,0,0,0,0,0.0,0.0,0.0,0.0,0,0,0,0,0,0.0,0.0,0.0,0.0,0,False,"[{'fixture': 14, 'stats': [{'identifier': 'minutes', 'points': 0, 'value': 0, 'points_modification': 0}]}]",False,Hjelde,2,17,40,Hjelde,DEF,0
537,2,2025-26,0,0,0,0,0,0,0,0,0,0,0,0,0,0.0,0.0,0.0,0.0,0,0,0,0,0,0.0,0.0,0.0,0.0,0,False,"[{'fixture': 14, 'stats': [{'identifier': 'minutes', 'points': 0, 'value': 0, 'points_modification': 0}]}]",False,Huggins,2,17,40,Huggins,DEF,0
538,2,2025-26,0,0,0,0,0,0,0,0,0,0,0,0,0,0.0,0.0,0.0,0.0,0,0,0,0,0,0.0,0.0,0.0,0.0,0,False,"[{'fixture': 14, 'stats': [{'identifier': 'minutes', 'points': 0, 'value': 0, 'points_modification': 0}]}]",False,Johnson,2,17,39,Johnson,DEF,0
539,2,2025-26,0,0,0,0,0,0,0,0,0,0,0,0,0,0.0,0.0,0.0,0.0,0,0,0,0,0,0.0,0.0,0.0,0.0,0,False,"[{'fixture': 14, 'stats': [{'identifier': 'minutes', 'points': 0, 'value': 0, 'points_modification': 0}]}]",False,O'Nien,2,17,40,O'Nien,DEF,0
540,2,2025-26,0,0,0,0,0,0,0,0,0,0,0,0,0,0.0,0.0,0.0,0.0,0,0,0,0,0,0.0,0.0,0.0,0.0,0,False,"[{'fixture': 14, 'stats': [{'identifier': 'minutes', 'points': 0, 'value': 0, 'points_modification': 0}]}]",False,Pembele,2,17,39,Pembele,DEF,0
541,2,2025-26,90,0,0,0,2,0,0,0,0,0,0,0,14,29.4,10.4,0.0,4.0,7,3,5,12,1,0.0,0.02,0.02,1.0,3,False,"[{'fixture': 14, 'stats': [{'identifier': 'minutes', 'points': 2, 'value': 90, 'points_modification': 0}, {'identifier': 'goals_conceded', 'points': -1, 'value': 2, 'points_modification': 0}, {'identifier': 'defensive_contribution', 'points': 2, 'value': 12, 'points_modification': 0}]}]",False,Reinildo,2,17,40,Reinildo,DEF,3
542,2,2025-26,81,0,0,0,2,0,0,0,0,0,0,0,5,18.4,1.8,0.0,2.0,4,2,2,6,0,0.0,0.01,0.01,1.0,1,False,"[{'fixture': 14, 'stats': [{'identifier': 'minutes', 'points': 2, 'value': 81, 'points_modification': 0}, {'identifier': 'goals_conceded', 'points': -1, 'value': 2, 'points_modification': 0}]}]",False,Seelt,2,17,40,Seelt,DEF,1
543,2,2025-26,62,0,0,0,1,0,0,0,1,0,0,0,7,8.2,19.5,0.0,2.8,3,2,0,5,1,0.0,0.09,0.09,0.34,1,False,"[{'fixture': 14, 'stats': [{'identifier': 'minutes', 'points': 2, 'value': 62, 'points_modification': 0}, {'identifier': 'yellow_cards', 'points': -1, 'value': 1, 'points_modification': 0}]}]",False,Adingra,3,17,53,Adingra,MID,1
544,2,2025-26,79,0,0,0,1,0,0,0,0,0,0,0,7,3.6,16.6,4.0,2.4,1,2,0,3,1,0.0,0.04,0.04,0.34,2,False,"[{'fixture': 14, 'stats': [{'identifier': 'minutes', 'points': 2, 'value': 79, 'points_modification': 0}]}]",False,Diarra,3,17,55,Diarra,MID,2
545,2,2025-26,27,0,0,0,1,0,0,0,0,0,0,0,4,1.8,7.3,5.0,1.4,0,1,0,1,0,0.03,0.02,0.05,0.66,1,False,"[{'fixture': 14, 'stats': [{'identifier': 'minutes', 'points': 1, 'value': 27, 'points_modification': 0}]}]",False,Roberts,3,17,54,Roberts,MID,1
546,2,2025-26,0,0,0,0,0,0,0,0,0,0,0,0,0,0.0,0.0,0.0,0.0,0,0,0,0,0,0.0,0.0,0.0,0.0,0,False,"[{'fixture': 14, 'stats': [{'identifier': 'minutes', 'points': 0, 'value': 0, 'points_modification': 0}]}]",False,Aleksić,3,17,49,Aleksić,MID,0
547,2,2025-26,27,0,0,0,1,0,0,0,0,0,0,0,15,9.0,23.4,4.0,3.6,0,6,2,8,0,0.04,0.05,0.09,0.66,1,False,"[{'fixture': 14, 'stats': [{'identifier': 'minutes', 'points': 1, 'value': 27, 'points_modification': 0}]}]",False,E.Le Fée,3,17,49,E.Le Fée,MID,1
548,2,2025-26,0,0,0,0,0,0,0,0,0,0,0,0,0,0.0,0.0,0.0,0.0,0,0,0,0,0,0.0,0.0,0.0,0.0,0,False,"[{'fixture': 14, 'stats': [{'identifier': 'minutes', 'points': 0, 'value': 0, 'points_modification': 0}]}]",False,Mundle,3,17,49,Mundle,MID,0
549,2,2025-26,0,0,0,0,0,0,0,0,0,0,0,0,0,0.0,0.0,0.0,0.0,0,0,0,0,0,0.0,0.0,0.0,0.0,0,False,"[{'fixture': 14, 'stats': [{'identifier': 'minutes', 'points': 0, 'value': 0, 'points_modification': 0}]}]",False,Neil,3,17,49,Neil,MID,0
550,2,2025-26,0,0,0,0,0,0,0,0,0,0,0,0,0,0.0,0.0,0.0,0.0,0,0,0,0,0,0.0,0.0,0.0,0.0,0,False,"[{'fixture': 14, 'stats': [{'identifier': 'minutes', 'points': 0, 'value': 0, 'points_modification': 0}]}]",False,Poveda,3,17,49,Poveda,MID,0
551,2,2025-26,0,0,0,0,0,0,0,0,0,0,0,0,0,0.0,0.0,0.0,0.0,0,0,0,0,0,0.0,0.0,0.0,0.0,0,False,"[{'fixture': 14, 'stats': [{'identifier': 'minutes', 'points': 0, 'value': 0, 'points_modification': 0}]}]",False,Rigg,3,17,48,Rigg,MID,0
552,2,2025-26,90,0,0,0,2,0,0,0,0,0,0,0,13,9.4,9.5,4.0,2.3,2,0,2,4,1,0.0,0.08,0.08,1.0,2,False,"[{'fixture': 14, 'stats': [{'identifier': 'minutes', 'points': 2, 'value': 90, 'points_modification': 0}]}]",False,Sadiki,3,17,50,Sadiki,MID,2
553,2,2025-26,62,0,0,0,1,0,0,0,0,0,0,0,3,1.8,16.3,4.0,2.2,0,2,0,2,1,0.23,0.01,0.24,0.34,2,False,"[{'fixture': 14, 'stats': [{'identifier': 'minutes', 'points': 2, 'value': 62, 'points_modification': 0}]}]",False,Talbi,3,17,50,Talbi,MID,2
554,2,2025-26,0,0,0,0,0,0,0,0,0,0,0,0,0,0.0,0.0,0.0,0.0,0,0,0,0,0,0.0,0.0,0.0,0.0,0,False,"[{'fixture': 14, 'stats': [{'identifier': 'minutes', 'points': 0, 'value': 0, 'points_modification': 0}]}]",False,Ba,3,17,44,Ba,MID,0
555,2,2025-26,0,0,0,0,0,0,0,0,0,0,0,0,0,0.0,0.0,0.0,0.0,0,0,0,0,0,0.0,0.0,0.0,0.0,0,False,"[{'fixture': 14, 'stats': [{'identifier': 'minutes', 'points': 0, 'value': 0, 'points_modification': 0}]}]",False,Browne,3,17,45,Browne,MID,0
556,2,2025-26,0,0,0,0,0,0,0,0,0,0,0,0,0,0.0,0.0,0.0,0.0,0,0,0,0,0,0.0,0.0,0.0,0.0,0,False,"[{'fixture': 14, 'stats': [{'identifier': 'minutes', 'points': 0, 'value': 0, 'points_modification': 0}]}]",False,Ekwah,3,17,45,Ekwah,MID,0
557,2,2025-26,0,0,0,0,0,0,0,0,0,0,0,0,0,0.0,0.0,0.0,0.0,0,0,0,0,0,0.0,0.0,0.0,0.0,0,False,"[{'fixture': 14, 'stats': [{'identifier': 'minutes', 'points': 0, 'value': 0, 'points_modification': 0}]}]",False,H.Jones,3,17,44,H.Jones,MID,0
558,2,2025-26,0,0,0,0,0,0,0,0,0,0,0,0,0,0.0,0.0,0.0,0.0,0,0,0,0,0,0.0,0.0,0.0,0.0,0,False,"[{'fixture': 14, 'stats': [{'identifier': 'minutes', 'points': 0, 'value': 0, 'points_modification': 0}]}]",False,Matete,3,17,44,Matete,MID,0
559,2,2025-26,0,0,0,0,0,0,0,0,0,0,0,0,0,0.0,0.0,0.0,0.0,0,0,0,0,0,0.0,0.0,0.0,0.0,0,False,"[{'fixture': 14, 'stats': [{'identifier': 'minutes', 'points': 0, 'value': 0, 'points_modification': 0}]}]",False,Triantis,3,17,44,Triantis,MID,0
560,2,2025-26,27,0,0,0,1,0,0,0,0,0,0,0,0,0.0,0.0,4.0,0.4,0,0,0,0,0,0.0,0.0,0.0,0.66,1,False,"[{'fixture': 14, 'stats': [{'identifier': 'minutes', 'points': 1, 'value': 27, 'points_modification': 0}]}]",False,Isidor,4,17,55,Isidor,FWD,1
561,2,2025-26,62,0,0,0,1,0,0,0,0,0,0,0,3,11.2,0.3,19.0,3.1,2,2,1,5,1,0.3,0.0,0.3,0.34,2,False,"[{'fixture': 14, 'stats': [{'identifier': 'minutes', 'points': 2, 'value': 62, 'points_modification': 0}]}]",False,Mayenda,4,17,55,Mayenda,FWD,2
562,2,2025-26,0,0,0,0,0,0,0,0,0,0,0,0,0,0.0,0.0,0.0,0.0,0,0,0,0,0,0.0,0.0,0.0,0.0,0,False,"[{'fixture': 14, 'stats': [{'identifier': 'minutes', 'points': 0, 'value': 0, 'points_modification': 0}]}]",False,Abdullahi,4,17,44,Abdullahi,FWD,0
563,2,2025-26,0,0,0,0,0,0,0,0,0,0,0,0,0,0.0,0.0,0.0,0.0,0,0,0,0,0,0.0,0.0,0.0,0.0,0,False,"[{'fixture': 14, 'stats': [{'identifier': 'minutes', 'points': 0, 'value': 0, 'points_modification': 0}]}]",False,Luís Hemir,4,17,44,Luís Hemir,FWD,0
564,2,2025-26,0,0,0,0,0,0,0,0,0,0,0,0,0,0.0,0.0,0.0,0.0,0,0,0,0,0,0.0,0.0,0.0,0.0,0,False,"[{'fixture': 14, 'stats': [{'identifier': 'minutes', 'points': 0, 'value': 0, 'points_modification': 0}]}]",False,Rusyn,4,17,44,Rusyn,FWD,0
565,2,2025-26,90,0,0,1,0,0,0,0,0,0,4,2,30,28.4,0.0,0.0,2.8,1,6,0,0,1,0.0,0.01,0.01,1.55,9,False,"[{'fixture': 18, 'stats': [{'identifier': 'minutes', 'points': 2, 'value': 90, 'points_modification': 0}, {'identifier': 'clean_sheets', 'points': 4, 'value': 1, 'points_modification': 0}, {'identifier': 'saves', 'points': 1, 'value': 4, 'points_modification': 0}, {'identifier': 'bonus', 'points': 2, 'value': 2, 'points_modification': 0}]}]",False,Vicario,1,18,51,Vicario,GK,9
566,2,2025-26,0,0,0,0,0,0,0,0,0,0,0,0,0,0.0,0.0,0.0,0.0,0,0,0,0,0,0.0,0.0,0.0,0.0,0,False,"[{'fixture': 18, 'stats': [{'identifier': 'minutes', 'points': 0, 'value': 0, 'points_modification': 0}]}]",False,Austin,1,18,40,Austin,GK,0
567,2,2025-26,0,0,0,0,0,0,0,0,0,0,0,0,0,0.0,0.0,0.0,0.0,0,0,0,0,0,0.0,0.0,0.0,0.0,0,False,"[{'fixture': 18, 'stats': [{'identifier': 'minutes', 'points': 0, 'value': 0, 'points_modification': 0}]}]",False,Kinsky,1,18,39,Kinsky,GK,0
568,2,2025-26,90,0,0,1,0,0,0,0,1,0,0,0,20,15.2,33.4,8.0,5.7,5,4,1,6,1,0.08,0.13,0.21,1.55,5,False,"[{'fixture': 18, 'stats': [{'identifier': 'minutes', 'points': 2, 'value': 90, 'points_modification': 0}, {'identifier': 'clean_sheets', 'points': 4, 'value': 1, 'points_modification': 0}, {'identifier': 'yellow_cards', 'points': -1, 'value': 1, 'points_modification': 0}]}]",False,Pedro Porro,2,18,56,Pedro Porro,DEF,5
569,2,2025-26,90,0,0,1,0,0,0,0,1,0,0,0,28,20.6,0.3,2.0,2.3,7,6,3,10,1,0.0,0.0,0.0,1.55,7,False,"[{'fixture': 18, 'stats': [{'identifier': 'minutes', 'points': 2, 'value': 90, 'points_modification': 0}, {'identifier': 'clean_sheets', 'points': 4, 'value': 1, 'points_modification': 0}, {'identifier': 'yellow_cards', 'points': -1, 'value': 1, 'points_modification': 0}, {'identifier': 'defensive_contribution', 'points': 2, 'value': 10, 'points_modification': 0}]}]",False,Romero,2,18,51,Romero,DEF,7
570,2,2025-26,1,0,0,0,0,0,0,0,0,0,0,0,4,4.2,0.0,0.0,0.4,2,0,0,2,0,0.0,0.0,0.0,0.0,1,False,"[{'fixture': 18, 'stats': [{'identifier': 'minutes', 'points': 1, 'value': 1, 'points_modification': 0}]}]",False,Danso,2,18,43,Danso,DEF,1
571,2,2025-26,0,0,0,0,0,0,0,0,0,0,0,0,0,0.0,0.0,0.0,0.0,0,0,0,0,0,0.0,0.0,0.0,0.0,0,False,"[{'fixture': 18, 'stats': [{'identifier': 'minutes', 'points': 0, 'value': 0, 'points_modification': 0}]}]",False,Davies,2,18,44,Davies,DEF,0
572,2,2025-26,0,0,0,0,0,0,0,0,0,0,0,0,0,0.0,0.0,0.0,0.0,0,0,0,0,0,0.0,0.0,0.0,0.0,0,False,"[{'fixture': 18, 'stats': [{'identifier': 'minutes', 'points': 0, 'value': 0, 'points_modification': 0}]}]",False,Dragusin,2,18,45,Dragusin,DEF,0
573,2,2025-26,90,0,0,1,0,0,0,0,0,0,0,0,19,10.4,2.6,2.0,1.5,4,4,2,6,1,0.0,0.02,0.02,1.55,6,False,"[{'fixture': 18, 'stats': [{'identifier': 'minutes', 'points': 2, 'value': 90, 'points_modification': 0}, {'identifier': 'clean_sheets', 'points': 4, 'value': 1, 'points_modification': 0}]}]",False,Spence,2,18,45,Spence,DEF,6
574,2,2025-26,0,0,0,0,0,0,0,0,0,0,0,0,0,0.0,0.0,0.0,0.0,0,0,0,0,0,0.0,0.0,0.0,0.0,0,False,"[{'fixture': 18, 'stats': [{'identifier': 'minutes', 'points': 0, 'value': 0, 'points_modification': 0}]}]",False,Udogie,2,18,44,Udogie,DEF,0
575,2,2025-26,90,0,0,1,0,0,0,0,0,0,0,0,26,12.6,0.7,0.0,1.3,3,3,1,4,1,0.0,0.0,0.0,1.55,6,False,"[{'fixture': 18, 'stats': [{'identifier': 'minutes', 'points': 2, 'value': 90, 'points_modification': 0}, {'identifier': 'clean_sheets', 'points': 4, 'value': 1, 'points_modification': 0}]}]",False,Van de Ven,2,18,47,Van de Ven,DEF,6
576,2,2025-26,0,0,0,0,0,0,0,0,0,0,0,0,0,0.0,0.0,0.0,0.0,0,0,0,0,0,0.0,0.0,0.0,0.0,0,False,"[{'fixture': 18, 'stats': [{'identifier': 'minutes', 'points': 0, 'value': 0, 'points_modification': 0}]}]",False,Phillips,2,18,40,Phillips,DEF,0
577,2,2025-26,0,0,0,0,0,0,0,0,0,0,0,0,0,0.0,0.0,0.0,0.0,0,0,0,0,0,0.0,0.0,0.0,0.0,0,False,"[{'fixture': 18, 'stats': [{'identifier': 'minutes', 'points': 0, 'value': 0, 'points_modification': 0}]}]",False,Takai,2,18,40,Takai,DEF,0
578,2,2025-26,0,0,0,0,0,0,0,0,0,0,0,0,0,0.0,0.0,0.0,0.0,0,0,0,0,0,0.0,0.0,0.0,0.0,0,False,"[{'fixture': 18, 'stats': [{'identifier': 'minutes', 'points': 0, 'value': 0, 'points_modification': 0}]}]",False,Vuskovic,2,18,39,Vuskovic,DEF,0
579,2,2025-26,0,0,0,0,0,0,0,0,0,0,0,0,0,0.0,0.0,0.0,0.0,0,0,0,0,0,0.0,0.0,0.0,0.0,0,False,"[{'fixture': 18, 'stats': [{'identifier': 'minutes', 'points': 0, 'value': 0, 'points_modification': 0}]}]",False,Son,3,18,85,Son,MID,0
580,2,2025-26,77,1,0,1,0,0,0,0,1,0,0,2,30,42.6,15.8,22.0,8.0,0,2,4,6,1,0.4,0.03,0.43,1.37,9,False,"[{'fixture': 18, 'stats': [{'identifier': 'minutes', 'points': 2, 'value': 77, 'points_modification': 0}, {'identifier': 'goals_scored', 'points': 5, 'value': 1, 'points_modification': 0}, {'identifier': 'clean_sheets', 'points': 1, 'value': 1, 'points_modification': 0}, {'identifier': 'yellow_cards', 'points': -1, 'value': 1, 'points_modification': 0}, {'identifier': 'bonus', 'points': 2, 'value': 2, 'points_modification': 0}]}]",False,Johnson,3,18,70,Johnson,MID,9
581,2,2025-26,0,0,0,0,0,0,0,0,0,0,0,0,0,0.0,0.0,0.0,0.0,0,0,0,0,0,0.0,0.0,0.0,0.0,0,False,"[{'fixture': 18, 'stats': [{'identifier': 'minutes', 'points': 0, 'value': 0, 'points_modification': 0}]}]",False,Maddison,3,18,69,Maddison,MID,0
582,2,2025-26,85,0,0,1,0,0,0,0,0,0,0,0,14,11.4,18.9,2.0,3.2,0,6,3,9,1,0.0,0.09,0.09,1.55,3,False,"[{'fixture': 18, 'stats': [{'identifier': 'minutes', 'points': 2, 'value': 85, 'points_modification': 0}, {'identifier': 'clean_sheets', 'points': 1, 'value': 1, 'points_modification': 0}]}]",False,Kudus,3,18,67,Kudus,MID,3
583,2,2025-26,0,0,0,0,0,0,0,0,0,0,0,0,0,0.0,0.0,0.0,0.0,0,0,0,0,0,0.0,0.0,0.0,0.0,0,False,"[{'fixture': 18, 'stats': [{'identifier': 'minutes', 'points': 0, 'value': 0, 'points_modification': 0}]}]",False,Kulusevski,3,18,64,Kulusevski,MID,0
584,2,2025-26,0,0,0,0,0,0,0,0,0,0,0,0,0,0.0,0.0,0.0,0.0,0,0,0,0,0,0.0,0.0,0.0,0.0,0,False,"[{'fixture': 18, 'stats': [{'identifier': 'minutes', 'points': 0, 'value': 0, 'points_modification': 0}]}]",False,Tel,3,18,63,Tel,MID,0
585,2,2025-26,90,0,0,1,0,0,0,0,0,0,0,0,14,11.4,12.2,2.0,2.6,3,6,2,11,1,0.0,0.0,0.0,1.55,3,False,"[{'fixture': 18, 'stats': [{'identifier': 'minutes', 'points': 2, 'value': 90, 'points_modification': 0}, {'identifier': 'clean_sheets', 'points': 1, 'value': 1, 'points_modification': 0}]}]",False,Bentancur,3,18,54,Bentancur,MID,3
586,2,2025-26,4,0,0,0,0,0,0,0,0,0,0,0,5,8.0,10.5,2.0,2.1,3,0,0,3,0,0.0,0.05,0.05,0.0,1,False,"[{'fixture': 18, 'stats': [{'identifier': 'minutes', 'points': 1, 'value': 4, 'points_modification': 0}]}]",False,Bergvall,3,18,54,Bergvall,MID,1
587,2,2025-26,0,0,0,0,0,0,0,0,0,0,0,0,0,0.0,0.0,0.0,0.0,0,0,0,0,0,0.0,0.0,0.0,0.0,0,False,"[{'fixture': 18, 'stats': [{'identifier': 'minutes', 'points': 0, 'value': 0, 'points_modification': 0}]}]",False,Bissouma,3,18,52,Bissouma,MID,0
588,2,2025-26,12,0,0,0,0,0,0,0,0,0,0,0,1,2.4,0.3,21.0,2.4,0,2,0,2,0,0.25,0.0,0.25,0.18,1,False,"[{'fixture': 18, 'stats': [{'identifier': 'minutes', 'points': 1, 'value': 12, 'points_modification': 0}]}]",False,Odobert,3,18,53,Odobert,MID,1
589,2,2025-26,0,0,0,0,0,0,0,0,0,0,0,0,0,0.0,0.0,0.0,0.0,0,0,0,0,0,0.0,0.0,0.0,0.0,0,False,"[{'fixture': 18, 'stats': [{'identifier': 'minutes', 'points': 0, 'value': 0, 'points_modification': 0}]}]",False,Solomon,3,18,54,Solomon,MID,0
590,2,2025-26,0,0,0,0,0,0,0,0,0,0,0,0,0,0.0,0.0,0.0,0.0,0,0,0,0,0,0.0,0.0,0.0,0.0,0,False,"[{'fixture': 18, 'stats': [{'identifier': 'minutes', 'points': 0, 'value': 0, 'points_modification': 0}]}]",False,Bryan,3,18,49,Bryan,MID,0
591,2,2025-26,0,0,0,0,0,0,0,0,0,0,0,0,0,0.0,0.0,0.0,0.0,0,0,0,0,0,0.0,0.0,0.0,0.0,0,False,"[{'fixture': 18, 'stats': [{'identifier': 'minutes', 'points': 0, 'value': 0, 'points_modification': 0}]}]",False,Gray,3,18,49,Gray,MID,0
592,2,2025-26,0,0,0,0,0,0,0,0,0,0,0,0,0,0.0,0.0,0.0,0.0,0,0,0,0,0,0.0,0.0,0.0,0.0,0,False,"[{'fixture': 18, 'stats': [{'identifier': 'minutes', 'points': 0, 'value': 0, 'points_modification': 0}]}]",False,Moore,3,18,50,Moore,MID,0
593,2,2025-26,90,0,0,1,0,0,0,0,0,0,0,0,7,6.2,1.5,19.0,2.7,1,6,2,9,1,0.03,0.01,0.04,1.55,3,False,"[{'fixture': 18, 'stats': [{'identifier': 'minutes', 'points': 2, 'value': 90, 'points_modification': 0}, {'identifier': 'clean_sheets', 'points': 1, 'value': 1, 'points_modification': 0}]}]",False,P.M.Sarr,3,18,50,P.M.Sarr,MID,3
594,2,2025-26,0,0,0,0,0,0,0,0,0,0,0,0,0,0.0,0.0,0.0,0.0,0,0,0,0,0,0.0,0.0,0.0,0.0,0,False,"[{'fixture': 18, 'stats': [{'identifier': 'minutes', 'points': 0, 'value': 0, 'points_modification': 0}]}]",False,Min-hyeok,3,18,45,Min-hyeok,MID,0
595,2,2025-26,0,0,0,0,0,0,0,0,0,0,0,0,0,0.0,0.0,0.0,0.0,0,0,0,0,0,0.0,0.0,0.0,0.0,0,False,"[{'fixture': 18, 'stats': [{'identifier': 'minutes', 'points': 0, 'value': 0, 'points_modification': 0}]}]",False,Olusesi,3,18,44,Olusesi,MID,0
596,2,2025-26,12,0,0,0,0,0,0,0,0,0,0,0,5,4.0,0.0,19.0,2.3,1,0,0,1,0,0.12,0.0,0.12,0.18,1,False,"[{'fixture': 18, 'stats': [{'identifier': 'minutes', 'points': 1, 'value': 12, 'points_modification': 0}]}]",False,Solanke,4,18,72,Solanke,FWD,1
597,2,2025-26,77,0,1,1,0,0,0,0,1,0,0,0,18,17.0,10.8,23.0,5.1,2,4,2,8,1,0.1,0.11,0.21,1.37,4,False,"[{'fixture': 18, 'stats': [{'identifier': 'minutes', 'points': 2, 'value': 77, 'points_modification': 0}, {'identifier': 'assists', 'points': 3, 'value': 1, 'points_modification': 0}, {'identifier': 'yellow_cards', 'points': -1, 'value': 1, 'points_modification': 0}]}]",False,Richarlison,4,18,68,Richarlison,FWD,4
598,2,2025-26,0,0,0,0,0,0,0,0,0,0,0,0,0,0.0,0.0,0.0,0.0,0,0,0,0,0,0.0,0.0,0.0,0.0,0,False,"[{'fixture': 18, 'stats': [{'identifier': 'minutes', 'points': 0, 'value': 0, 'points_modification': 0}]}]",False,Lankshear,4,18,45,Lankshear,FWD,0
599,2,2025-26,0,0,0,0,0,0,0,0,0,0,0,0,0,0.0,0.0,0.0,0.0,0,0,0,0,0,0.0,0.0,0.0,0.0,0,False,"[{'fixture': 18, 'stats': [{'identifier': 'minutes', 'points': 0, 'value': 0, 'points_modification': 0}]}]",False,Scarlett,4,18,44,Scarlett,FWD,0
600,2,2025-26,0,0,0,0,0,0,0,0,0,0,0,0,0,0.0,0.0,0.0,0.0,0,0,0,0,0,0.0,0.0,0.0,0.0,0,False,"[{'fixture': 20, 'stats': [{'identifier': 'minutes', 'points': 0, 'value': 0, 'points_modification': 0}]}]",False,Areola,1,19,43,Areola,GK,0
601,2,2025-26,0,0,0,0,0,0,0,0,0,0,0,0,0,0.0,0.0,0.0,0.0,0,0,0,0,0,0.0,0.0,0.0,0.0,0,False,"[{'fixture': 20, 'stats': [{'identifier': 'minutes', 'points': 0, 'value': 0, 'points_modification': 0}]}]",False,Foderingham,1,19,40,Foderingham,GK,0
602,2,2025-26,0,0,0,0,0,0,0,0,0,0,0,0,0,0.0,0.0,0.0,0.0,0,0,0,0,0,0.0,0.0,0.0,0.0,0,False,"[{'fixture': 20, 'stats': [{'identifier': 'minutes', 'points': 0, 'value': 0, 'points_modification': 0}]}]",False,Hegyi,1,19,40,Hegyi,GK,0
603,2,2025-26,90,0,1,0,5,0,0,0,0,0,0,0,-1,20.6,12.7,2.0,3.5,3,5,1,4,1,0.0,0.01,0.01,2.74,3,False,"[{'fixture': 20, 'stats': [{'identifier': 'minutes', 'points': 2, 'value': 90, 'points_modification': 0}, {'identifier': 'assists', 'points': 3, 'value': 1, 'points_modification': 0}, {'identifier': 'goals_conceded', 'points': -2, 'value': 5, 'points_modification': 0}]}]",False,Diouf,2,19,44,Diouf,DEF,3
604,2,2025-26,0,0,0,0,0,0,0,0,0,0,0,0,0,0.0,0.0,0.0,0.0,0,0,0,0,0,0.0,0.0,0.0,0.0,0,False,"[{'fixture': 20, 'stats': [{'identifier': 'minutes', 'points': 0, 'value': 0, 'points_modification': 0}]}]",False,Emerson,2,19,44,Emerson,DEF,0
605,2,2025-26,90,0,0,0,5,0,0,0,0,0,0,0,-18,4.0,0.3,7.0,1.1,5,1,0,5,1,0.19,0.0,0.19,2.74,0,False,"[{'fixture': 20, 'stats': [{'identifier': 'minutes', 'points': 2, 'value': 90, 'points_modification': 0}, {'identifier': 'goals_conceded', 'points': -2, 'value': 5, 'points_modification': 0}]}]",False,Kilman,2,19,44,Kilman,DEF,0
606,2,2025-26,0,0,0,0,0,0,0,0,0,0,0,0,0,0.0,0.0,0.0,0.0,0,0,0,0,0,0.0,0.0,0.0,0.0,0,False,"[{'fixture': 20, 'stats': [{'identifier': 'minutes', 'points': 0, 'value': 0, 'points_modification': 0}]}]",False,Mavropanos,2,19,44,Mavropanos,DEF,0
607,2,2025-26,90,0,0,0,5,0,0,0,0,0,0,0,-2,24.4,0.9,8.0,3.3,12,4,1,13,1,0.1,0.01,0.11,2.74,2,False,"[{'fixture': 20, 'stats': [{'identifier': 'minutes', 'points': 2, 'value': 90, 'points_modification': 0}, {'identifier': 'goals_conceded', 'points': -2, 'value': 5, 'points_modification': 0}, {'identifier': 'defensive_contribution', 'points': 2, 'value': 13, 'points_modification': 0}]}]",False,N.Aguerd,2,19,44,N.Aguerd,DEF,2
608,2,2025-26,0,0,0,0,0,0,0,0,0,0,0,0,0,0.0,0.0,0.0,0.0,0,0,0,0,0,0.0,0.0,0.0,0.0,0,False,"[{'fixture': 20, 'stats': [{'identifier': 'minutes', 'points': 0, 'value': 0, 'points_modification': 0}]}]",False,Scarles,2,19,44,Scarles,DEF,0
609,2,2025-26,45,0,0,0,3,0,0,0,0,0,0,0,-9,5.4,0.3,0.0,0.6,3,0,0,3,1,0.0,0.0,0.0,1.62,0,False,"[{'fixture': 20, 'stats': [{'identifier': 'minutes', 'points': 1, 'value': 45, 'points_modification': 0}, {'identifier': 'goals_conceded', 'points': -1, 'value': 3, 'points_modification': 0}]}]",False,Todibo,2,19,44,Todibo,DEF,0
610,2,2025-26,90,0,0,0,5,0,0,0,0,0,0,0,-8,17.0,19.8,0.0,3.7,5,2,0,5,1,0.0,0.06,0.06,2.74,0,False,"[{'fixture': 20, 'stats': [{'identifier': 'minutes', 'points': 2, 'value': 90, 'points_modification': 0}, {'identifier': 'goals_conceded', 'points': -2, 'value': 5, 'points_modification': 0}]}]",False,Wan-Bissaka,2,19,43,Wan-Bissaka,DEF,0
611,2,2025-26,0,0,0,0,0,0,0,0,0,0,0,0,0,0.0,0.0,0.0,0.0,0,0,0,0,0,0.0,0.0,0.0,0.0,0,False,"[{'fixture': 20, 'stats': [{'identifier': 'minutes', 'points': 0, 'value': 0, 'points_modification': 0}]}]",False,Casey,2,19,40,Casey,DEF,0
612,2,2025-26,90,1,0,0,5,0,0,0,0,0,0,2,39,54.4,18.3,14.0,8.7,1,5,5,11,1,0.07,0.09,0.16,2.74,9,False,"[{'fixture': 20, 'stats': [{'identifier': 'minutes', 'points': 2, 'value': 90, 'points_modification': 0}, {'identifier': 'goals_scored', 'points': 5, 'value': 1, 'points_modification': 0}, {'identifier': 'bonus', 'points': 2, 'value': 2, 'points_modification': 0}]}]",False,L.Paquetá,3,19,59,L.Paquetá,MID,9
613,2,2025-26,69,0,0,0,5,0,0,0,0,0,0,0,8,6.0,0.7,22.0,2.9,1,4,1,6,1,0.09,0.0,0.09,2.43,2,False,"[{'fixture': 20, 'stats': [{'identifier': 'minutes', 'points': 2, 'value': 69, 'points_modification': 0}]}]",False,Souček,3,19,57,Souček,MID,2
614,2,2025-26,90,0,0,0,5,0,0,0,0,0,0,0,23,17.6,58.6,2.0,7.8,3,1,2,6,1,0.11,0.31,0.42,2.74,2,False,"[{'fixture': 20, 'stats': [{'identifier': 'minutes', 'points': 2, 'value': 90, 'points_modification': 0}]}]",False,Ward-Prowse,3,19,58,Ward-Prowse,MID,2
615,2,2025-26,0,0,0,0,0,0,0,0,0,0,0,0,0,0.0,0.0,0.0,0.0,0,0,0,0,0,0.0,0.0,0.0,0.0,0,False,"[{'fixture': 20, 'stats': [{'identifier': 'minutes', 'points': 0, 'value': 0, 'points_modification': 0}]}]",False,Summerville,3,19,55,Summerville,MID,0
616,2,2025-26,0,0,0,0,0,0,0,0,0,0,0,0,0,0.0,0.0,0.0,0.0,0,0,0,0,0,0.0,0.0,0.0,0.0,0,False,"[{'fixture': 20, 'stats': [{'identifier': 'minutes', 'points': 0, 'value': 0, 'points_modification': 0}]}]",False,Álvarez,3,19,49,Álvarez,MID,0
617,2,2025-26,0,0,0,0,0,0,0,0,0,0,0,0,0,0.0,0.0,0.0,0.0,0,0,0,0,0,0.0,0.0,0.0,0.0,0,False,"[{'fixture': 20, 'stats': [{'identifier': 'minutes', 'points': 0, 'value': 0, 'points_modification': 0}]}]",False,Cornet,3,19,49,Cornet,MID,0
618,2,2025-26,0,0,0,0,0,0,0,0,0,0,0,0,0,0.0,0.0,0.0,0.0,0,0,0,0,0,0.0,0.0,0.0,0.0,0,False,"[{'fixture': 20, 'stats': [{'identifier': 'minutes', 'points': 0, 'value': 0, 'points_modification': 0}]}]",False,G.Rodriguez,3,19,49,G.Rodriguez,MID,0
619,2,2025-26,0,0,0,0,0,0,0,0,0,0,0,0,0,0.0,0.0,0.0,0.0,0,0,0,0,0,0.0,0.0,0.0,0.0,0,False,"[{'fixture': 20, 'stats': [{'identifier': 'minutes', 'points': 0, 'value': 0, 'points_modification': 0}]}]",False,L.Guilherme,3,19,49,L.Guilherme,MID,0
620,2,2025-26,0,0,0,0,0,0,0,0,0,0,0,0,0,0.0,0.0,0.0,0.0,0,0,0,0,0,0.0,0.0,0.0,0.0,0,False,"[{'fixture': 20, 'stats': [{'identifier': 'minutes', 'points': 0, 'value': 0, 'points_modification': 0}]}]",False,Earthy,3,19,45,Earthy,MID,0
621,2,2025-26,0,0,0,0,0,0,0,0,0,0,0,0,0,0.0,0.0,0.0,0.0,0,0,0,0,0,0.0,0.0,0.0,0.0,0,False,"[{'fixture': 20, 'stats': [{'identifier': 'minutes', 'points': 0, 'value': 0, 'points_modification': 0}]}]",False,Irving,3,19,44,Irving,MID,0
622,2,2025-26,0,0,0,0,0,0,0,0,0,0,0,0,0,0.0,0.0,0.0,0.0,0,0,0,0,0,0.0,0.0,0.0,0.0,0,False,"[{'fixture': 20, 'stats': [{'identifier': 'minutes', 'points': 0, 'value': 0, 'points_modification': 0}]}]",False,Orford,3,19,44,Orford,MID,0
623,2,2025-26,45,0,0,0,2,0,0,0,0,0,0,0,2,6.2,2.2,2.0,1.0,1,2,1,4,0,0.0,0.0,0.0,1.12,1,False,"[{'fixture': 20, 'stats': [{'identifier': 'minutes', 'points': 1, 'value': 45, 'points_modification': 0}]}]",False,Potts,3,19,44,Potts,MID,1
624,2,2025-26,90,0,0,0,5,0,0,0,0,0,0,0,10,9.8,21.2,30.0,6.1,0,1,0,1,1,0.09,0.11,0.2,2.74,2,False,"[{'fixture': 20, 'stats': [{'identifier': 'minutes', 'points': 2, 'value': 90, 'points_modification': 0}]}]",False,Bowen,4,19,77,Bowen,FWD,2
625,2,2025-26,45,0,0,0,3,0,0,0,0,0,0,0,3,1.2,10.5,2.0,1.4,0,1,0,1,1,0.0,0.02,0.02,1.62,1,False,"[{'fixture': 20, 'stats': [{'identifier': 'minutes', 'points': 1, 'value': 45, 'points_modification': 0}]}]",False,Füllkrug,4,19,57,Füllkrug,FWD,1
626,2,2025-26,0,0,0,0,0,0,0,0,0,0,0,0,0,0.0,0.0,0.0,0.0,0,0,0,0,0,0.0,0.0,0.0,0.0,0,False,"[{'fixture': 20, 'stats': [{'identifier': 'minutes', 'points': 0, 'value': 0, 'points_modification': 0}]}]",False,Marshall,4,19,44,Marshall,FWD,0
627,2,2025-26,0,0,0,0,0,0,0,0,0,0,0,0,0,0.0,0.0,0.0,0.0,0,0,0,0,0,0.0,0.0,0.0,0.0,0,False,"[{'fixture': 12, 'stats': [{'identifier': 'minutes', 'points': 0, 'value': 0, 'points_modification': 0}]}]",False,Johnstone,1,20,45,Johnstone,GK,0
628,2,2025-26,90,0,0,0,1,0,0,0,0,0,3,0,14,21.0,10.0,0.0,3.1,1,12,0,0,1,0.0,0.03,0.03,1.29,3,False,"[{'fixture': 12, 'stats': [{'identifier': 'minutes', 'points': 2, 'value': 90, 'points_modification': 0}, {'identifier': 'saves', 'points': 1, 'value': 3, 'points_modification': 0}]}]",False,José Sá,1,20,45,José Sá,GK,3
629,2,2025-26,0,0,0,0,0,0,0,0,0,0,0,0,0,0.0,0.0,0.0,0.0,0,0,0,0,0,0.0,0.0,0.0,0.0,0,False,"[{'fixture': 12, 'stats': [{'identifier': 'minutes', 'points': 0, 'value': 0, 'points_modification': 0}]}]",False,Bentley,1,20,40,Bentley,GK,0
630,2,2025-26,0,0,0,0,0,0,0,0,0,0,0,0,0,0.0,0.0,0.0,0.0,0,0,0,0,0,0.0,0.0,0.0,0.0,0,False,"[{'fixture': 16, 'stats': [{'identifier': 'minutes', 'points': 0, 'value': 0, 'points_modification': 0}]}]",False,King,1,9,40,King,GK,0
631,2,2025-26,90,0,0,0,1,0,0,0,0,0,0,0,17,36.0,0.7,4.0,4.1,12,3,2,14,1,0.1,0.03,0.13,1.29,4,False,"[{'fixture': 12, 'stats': [{'identifier': 'minutes', 'points': 2, 'value': 90, 'points_modification': 0}, {'identifier': 'defensive_contribution', 'points': 2, 'value': 14, 'points_modification': 0}]}]",False,Agbadou,2,20,45,Agbadou,DEF,4
632,2,2025-26,90,0,0,0,1,0,0,0,1,0,0,0,5,19.2,1.8,0.0,2.1,6,2,3,9,1,0.0,0.02,0.02,1.29,1,False,"[{'fixture': 12, 'stats': [{'identifier': 'minutes', 'points': 2, 'value': 90, 'points_modification': 0}, {'identifier': 'yellow_cards', 'points': -1, 'value': 1, 'points_modification': 0}]}]",False,Doherty,2,20,44,Doherty,DEF,1
633,2,2025-26,45,0,0,0,0,0,0,0,1,0,0,0,3,5.6,18.7,5.0,2.9,2,1,1,3,0,0.06,0.1,0.16,0.57,0,False,"[{'fixture': 12, 'stats': [{'identifier': 'minutes', 'points': 1, 'value': 45, 'points_modification': 0}, {'identifier': 'yellow_cards', 'points': -1, 'value': 1, 'points_modification': 0}]}]",False,H.Bueno,2,20,44,H.Bueno,DEF,0
634,2,2025-26,0,0,0,0,0,0,0,0,0,0,0,0,0,0.0,0.0,0.0,0.0,0,0,0,0,0,0.0,0.0,0.0,0.0,0,False,"[{'fixture': 12, 'stats': [{'identifier': 'minutes', 'points': 0, 'value': 0, 'points_modification': 0}]}]",False,Mosquera,2,20,44,Mosquera,DEF,0
635,2,2025-26,0,0,0,0,0,0,0,0,0,0,0,0,0,0.0,0.0,0.0,0.0,0,0,0,0,0,0.0,0.0,0.0,0.0,0,False,"[{'fixture': 12, 'stats': [{'identifier': 'minutes', 'points': 0, 'value': 0, 'points_modification': 0}]}]",False,R.Gomes,2,20,45,R.Gomes,DEF,0
636,2,2025-26,34,0,0,0,0,0,0,0,0,0,0,0,6,12.0,0.2,0.0,1.2,2,1,2,4,0,0.0,0.0,0.0,0.46,1,False,"[{'fixture': 12, 'stats': [{'identifier': 'minutes', 'points': 1, 'value': 34, 'points_modification': 0}]}]",False,S.Bueno,2,20,44,S.Bueno,DEF,1
637,2,2025-26,48,0,0,0,1,0,0,0,0,1,0,0,-9,7.6,0.6,0.0,0.8,6,2,0,6,1,0.0,0.0,0.0,0.72,-2,False,"[{'fixture': 12, 'stats': [{'identifier': 'minutes', 'points': 1, 'value': 48, 'points_modification': 0}, {'identifier': 'red_cards', 'points': -3, 'value': 1, 'points_modification': 0}]}]",False,Toti,2,20,44,Toti,DEF,-2
638,2,2025-26,34,0,0,0,1,0,0,0,0,0,0,0,1,5.2,14.4,2.0,2.2,1,0,0,1,1,0.0,0.1,0.1,0.63,1,False,"[{'fixture': 12, 'stats': [{'identifier': 'minutes', 'points': 1, 'value': 34, 'points_modification': 0}]}]",False,Hoever,2,20,40,Hoever,DEF,1
639,2,2025-26,0,0,0,0,0,0,0,0,0,0,0,0,0,0.0,0.0,0.0,0.0,0,0,0,0,0,0.0,0.0,0.0,0.0,0,False,"[{'fixture': 12, 'stats': [{'identifier': 'minutes', 'points': 0, 'value': 0, 'points_modification': 0}]}]",False,Meupiyou,2,20,40,Meupiyou,DEF,0
640,2,2025-26,0,0,0,0,0,0,0,0,0,0,0,0,0,0.0,0.0,0.0,0.0,0,0,0,0,0,0.0,0.0,0.0,0.0,0,False,"[{'fixture': 12, 'stats': [{'identifier': 'minutes', 'points': 0, 'value': 0, 'points_modification': 0}]}]",False,Pedro Lima,2,20,40,Pedro Lima,DEF,0
641,2,2025-26,0,0,0,0,0,0,0,0,0,0,0,0,0,0.0,0.0,0.0,0.0,0,0,0,0,0,0.0,0.0,0.0,0.0,0,False,"[{'fixture': 12, 'stats': [{'identifier': 'minutes', 'points': 0, 'value': 0, 'points_modification': 0}]}]",False,Pond,2,20,39,Pond,DEF,0
642,2,2025-26,12,0,0,0,0,0,0,0,0,0,0,0,0,0.0,0.0,0.0,0.0,0,0,0,0,0,0.0,0.0,0.0,0.16,1,False,"[{'fixture': 12, 'stats': [{'identifier': 'minutes', 'points': 1, 'value': 12, 'points_modification': 0}]}]",False,Hee Chan,3,20,59,Hee Chan,MID,1
643,2,2025-26,45,0,0,0,0,0,0,0,0,0,0,0,8,8.0,1.8,0.0,1.0,1,2,2,5,0,0.0,0.01,0.01,0.57,1,False,"[{'fixture': 12, 'stats': [{'identifier': 'minutes', 'points': 1, 'value': 45, 'points_modification': 0}]}]",False,André,3,20,54,André,MID,1
644,2,2025-26,45,0,0,0,1,0,0,0,0,0,0,0,6,2.8,5.2,2.0,1.0,1,1,2,4,1,0.01,0.01,0.02,0.72,1,False,"[{'fixture': 12, 'stats': [{'identifier': 'minutes', 'points': 1, 'value': 45, 'points_modification': 0}]}]",False,Bellegarde,3,20,53,Bellegarde,MID,1
645,2,2025-26,0,0,0,0,0,0,0,0,0,0,0,0,0,0.0,0.0,0.0,0.0,0,0,0,0,0,0.0,0.0,0.0,0.0,0,False,"[{'fixture': 12, 'stats': [{'identifier': 'minutes', 'points': 0, 'value': 0, 'points_modification': 0}]}]",False,Fer López,3,20,54,Fer López,MID,0
646,2,2025-26,90,0,0,0,1,0,0,0,1,0,0,0,13,8.6,3.0,2.0,1.4,3,5,3,11,1,0.0,0.02,0.02,1.29,1,False,"[{'fixture': 12, 'stats': [{'identifier': 'minutes', 'points': 2, 'value': 90, 'points_modification': 0}, {'identifier': 'yellow_cards', 'points': -1, 'value': 1, 'points_modification': 0}]}]",False,Gomes,3,20,54,Gomes,MID,1
647,2,2025-26,0,0,0,0,0,0,0,0,0,0,0,0,0,0.0,0.0,0.0,0.0,0,0,0,0,0,0.0,0.0,0.0,0.0,0,False,"[{'fixture': 12, 'stats': [{'identifier': 'minutes', 'points': 0, 'value': 0, 'points_modification': 0}]}]",False,Guedes,3,20,55,Guedes,MID,0
648,2,2025-26,90,0,0,0,1,0,0,0,0,0,0,0,7,4.2,1.2,4.0,0.9,3,2,1,6,1,0.06,0.01,0.07,1.29,2,False,"[{'fixture': 12, 'stats': [{'identifier': 'minutes', 'points': 2, 'value': 90, 'points_modification': 0}]}]",False,Munetsi,3,20,54,Munetsi,MID,2
649,2,2025-26,0,0,0,0,0,0,0,0,0,0,0,0,0,0.0,0.0,0.0,0.0,0,0,0,0,0,0.0,0.0,0.0,0.0,0,False,"[{'fixture': 12, 'stats': [{'identifier': 'minutes', 'points': 0, 'value': 0, 'points_modification': 0}]}]",False,B.Traore,3,20,50,B.Traore,MID,0
650,2,2025-26,0,0,0,0,0,0,0,0,0,0,0,0,0,0.0,0.0,0.0,0.0,0,0,0,0,0,0.0,0.0,0.0,0.0,0,False,"[{'fixture': 12, 'stats': [{'identifier': 'minutes', 'points': 0, 'value': 0, 'points_modification': 0}]}]",False,Chirewa,3,20,44,Chirewa,MID,0
651,2,2025-26,0,0,0,0,0,0,0,0,0,0,0,0,0,0.0,0.0,0.0,0.0,0,0,0,0,0,0.0,0.0,0.0,0.0,0,False,"[{'fixture': 12, 'stats': [{'identifier': 'minutes', 'points': 0, 'value': 0, 'points_modification': 0}]}]",False,Edozie,3,20,44,Edozie,MID,0
652,2,2025-26,0,0,0,0,0,0,0,0,0,0,0,0,0,0.0,0.0,0.0,0.0,0,0,0,0,0,0.0,0.0,0.0,0.0,0,False,"[{'fixture': 12, 'stats': [{'identifier': 'minutes', 'points': 0, 'value': 0, 'points_modification': 0}]}]",False,Gonzalez,3,20,44,Gonzalez,MID,0
653,2,2025-26,0,0,0,0,0,0,0,0,0,0,0,0,0,0.0,0.0,0.0,0.0,0,0,0,0,0,0.0,0.0,0.0,0.0,0,False,"[{'fixture': 12, 'stats': [{'identifier': 'minutes', 'points': 0, 'value': 0, 'points_modification': 0}]}]",False,Hodge,3,20,45,Hodge,MID,0
654,2,2025-26,77,0,0,0,1,0,0,0,0,0,0,0,4,3.2,3.8,23.0,3.0,1,0,0,1,1,0.1,0.01,0.11,1.13,2,False,"[{'fixture': 12, 'stats': [{'identifier': 'minutes', 'points': 2, 'value': 77, 'points_modification': 0}]}]",False,Strand Larsen,4,20,64,Strand Larsen,FWD,2
655,2,2025-26,0,0,0,0,0,0,0,0,0,0,0,0,0,0.0,0.0,0.0,0.0,0,0,0,0,0,0.0,0.0,0.0,0.0,0,False,"[{'fixture': 12, 'stats': [{'identifier': 'minutes', 'points': 0, 'value': 0, 'points_modification': 0}]}]",False,Fábio Silva,4,20,49,Fábio Silva,FWD,0
656,2,2025-26,0,0,0,0,0,0,0,0,0,0,0,0,0,0.0,0.0,0.0,0.0,0,0,0,0,0,0.0,0.0,0.0,0.0,0,False,"[{'fixture': 12, 'stats': [{'identifier': 'minutes', 'points': 0, 'value': 0, 'points_modification': 0}]}]",False,Kalajdžić,4,20,49,Kalajdžić,FWD,0
657,2,2025-26,0,0,0,0,0,0,0,0,0,0,0,0,0,0.0,0.0,0.0,0.0,0,0,0,0,0,0.0,0.0,0.0,0.0,0,False,"[{'fixture': 12, 'stats': [{'identifier': 'minutes', 'points': 0, 'value': 0, 'points_modification': 0}]}]",False,Chiwome,4,20,45,Chiwome,FWD,0
658,2,2025-26,0,0,0,0,0,0,0,0,0,0,0,0,0,0.0,0.0,0.0,0.0,0,0,0,0,0,0.0,0.0,0.0,0.0,0,False,"[{'fixture': 12, 'stats': [{'identifier': 'minutes', 'points': 0, 'value': 0, 'points_modification': 0}]}]",False,Fraser,4,20,44,Fraser,FWD,0
659,2,2025-26,20,0,0,0,0,0,0,0,0,0,0,0,3,0.0,1.6,6.0,0.7,0,1,0,0,0,0.04,0.0,0.04,0.31,1,False,"[{'fixture': 20, 'stats': [{'identifier': 'minutes', 'points': 1, 'value': 20, 'points_modification': 0}]}]",False,Walker-Peters,2,19,44,Walker-Peters,DEF,1
660,2,2025-26,90,0,0,0,5,0,0,0,0,0,0,0,6,2.4,35.7,0.0,3.8,1,1,2,4,1,0.0,0.07,0.07,2.88,2,False,"[{'fixture': 11, 'stats': [{'identifier': 'minutes', 'points': 2, 'value': 90, 'points_modification': 0}]}]",False,Stach,3,11,50,Stach,MID,2
661,2,2025-26,79,1,0,0,1,0,0,0,0,0,0,3,33,39.8,22.4,23.0,8.5,3,2,0,5,1,0.21,0.06,0.27,0.78,9,False,"[{'fixture': 19, 'stats': [{'identifier': 'minutes', 'points': 2, 'value': 79, 'points_modification': 0}, {'identifier': 'goals_scored', 'points': 4, 'value': 1, 'points_modification': 0}, {'identifier': 'bonus', 'points': 3, 'value': 3, 'points_modification': 0}]}]",False,Ekitiké,4,12,87,Ekitiké,FWD,9
662,2,2025-26,26,0,0,0,0,0,0,0,0,0,0,0,7,4.8,0.0,0.0,0.5,0,0,2,2,0,0.0,0.0,0.0,0.0,1,False,"[{'fixture': 11, 'stats': [{'identifier': 'minutes', 'points': 1, 'value': 26, 'points_modification': 0}]}]",False,Mosquera,2,1,54,Mosquera,DEF,1
663,2,2025-26,55,0,0,0,1,0,0,0,0,0,0,0,4,5.6,1.6,4.0,1.1,1,2,4,7,1,0.13,0.01,0.14,0.83,1,False,"[{'fixture': 12, 'stats': [{'identifier': 'minutes', 'points': 1, 'value': 55, 'points_modification': 0}]}]",False,J.Arias,3,20,52,J.Arias,MID,1
664,2,2025-26,0,0,0,0,0,0,0,0,0,0,0,0,0,0.0,0.0,0.0,0.0,0,0,0,0,0,0.0,0.0,0.0,0.0,0,False,"[{'fixture': 17, 'stats': [{'identifier': 'minutes', 'points': 0, 'value': 0, 'points_modification': 0}]}]",False,Lecomte,1,10,40,Lecomte,GK,0
665,2,2025-26,90,0,0,0,5,0,0,0,0,0,0,0,-13,2.8,0.0,0.0,0.3,0,4,0,0,1,0.0,0.0,0.0,2.88,0,False,"[{'fixture': 11, 'stats': [{'identifier': 'minutes', 'points': 2, 'value': 90, 'points_modification': 0}, {'identifier': 'goals_conceded', 'points': -2, 'value': 5, 'points_modification': 0}]}]",False,Perri,1,11,45,Perri,GK,0
666,2,2025-26,90,2,0,1,0,0,0,0,0,0,0,2,44,67.0,1.6,44.0,11.3,2,3,0,5,1,1.28,0.03,1.31,0.17,12,True,"[{'fixture': 11, 'stats': [{'identifier': 'minutes', 'points': 2, 'value': 90, 'points_modification': 0}, {'identifier': 'goals_scored', 'points': 8, 'value': 2, 'points_modification': 0}, {'identifier': 'bonus', 'points': 2, 'value': 2, 'points_modification': 0}]}]",False,Gyökeres,4,1,90,Gyökeres,FWD,12
667,2,2025-26,0,0,0,0,0,0,0,0,0,0,0,0,0,0.0,0.0,0.0,0.0,0,0,0,0,0,0.0,0.0,0.0,0.0,0,False,"[{'fixture': 16, 'stats': [{'identifier': 'minutes', 'points': 0, 'value': 0, 'points_modification': 0}]}]",False,Aznou,2,9,44,Aznou,DEF,0
668,2,2025-26,90,0,0,0,2,0,0,0,0,0,0,0,14,19.6,22.1,3.0,4.5,5,6,2,13,1,0.05,0.06,0.11,1.0,4,False,"[{'fixture': 14, 'stats': [{'identifier': 'minutes', 'points': 2, 'value': 90, 'points_modification': 0}, {'identifier': 'defensive_contribution', 'points': 2, 'value': 13, 'points_modification': 0}]}]",False,Xhaka,3,17,50,Xhaka,MID,4
669,2,2025-26,70,0,1,0,1,0,0,0,0,0,0,2,21,23.8,29.2,8.0,6.1,2,3,0,5,1,0.0,0.35,0.35,1.1,7,False,"[{'fixture': 15, 'stats': [{'identifier': 'minutes', 'points': 2, 'value': 70, 'points_modification': 0}, {'identifier': 'assists', 'points': 3, 'value': 1, 'points_modification': 0}, {'identifier': 'bonus', 'points': 2, 'value': 2, 'points_modification': 0}]}]",False,Ndoye,3,16,61,Ndoye,MID,7
670,2,2025-26,90,0,0,0,2,0,0,0,0,0,0,0,0,4.2,0.0,0.0,0.4,1,8,0,0,1,0.0,0.0,0.0,1.0,1,False,"[{'fixture': 14, 'stats': [{'identifier': 'minutes', 'points': 2, 'value': 90, 'points_modification': 0}, {'identifier': 'goals_conceded', 'points': -1, 'value': 2, 'points_modification': 0}]}]",False,Roefs,1,17,45,Roefs,GK,1
671,2,2025-26,45,0,0,0,2,0,0,0,0,0,0,0,1,2.4,11.8,8.0,2.2,1,0,0,1,0,0.03,0.04,0.07,1.12,1,False,"[{'fixture': 20, 'stats': [{'identifier': 'minutes', 'points': 1, 'value': 45, 'points_modification': 0}]}]",False,Wilson,4,19,59,Wilson,FWD,1
672,2,2025-26,21,0,0,0,0,0,0,0,1,0,0,0,-2,1.2,1.0,0.0,0.2,1,1,0,1,0,0.0,0.0,0.0,0.44,0,False,"[{'fixture': 20, 'stats': [{'identifier': 'minutes', 'points': 1, 'value': 21, 'points_modification': 0}, {'identifier': 'yellow_cards', 'points': -1, 'value': 1, 'points_modification': 0}]}]",False,Hato,2,7,48,Hato,DEF,0
673,2,2025-26,90,1,0,1,0,0,0,0,0,0,0,3,31,49.8,0.7,19.0,7.0,3,2,4,9,1,0.14,0.0,0.14,1.55,11,False,"[{'fixture': 18, 'stats': [{'identifier': 'minutes', 'points': 2, 'value': 90, 'points_modification': 0}, {'identifier': 'goals_scored', 'points': 5, 'value': 1, 'points_modification': 0}, {'identifier': 'clean_sheets', 'points': 1, 'value': 1, 'points_modification': 0}, {'identifier': 'bonus', 'points': 3, 'value': 3, 'points_modification': 0}]}]",False,J.Palhinha,3,18,55,J.Palhinha,MID,11
674,2,2025-26,0,0,0,0,0,0,0,0,0,0,0,0,0,0.0,0.0,0.0,0.0,0,0,0,0,0,0.0,0.0,0.0,0.0,0,False,"[{'fixture': 19, 'stats': [{'identifier': 'minutes', 'points': 0, 'value': 0, 'points_modification': 0}]}]",False,Ramsdale,1,15,49,Ramsdale,GK,0
675,2,2025-26,0,0,0,0,0,0,0,0,0,0,0,0,0,0.0,0.0,0.0,0.0,0,0,0,0,0,0.0,0.0,0.0,0.0,0,False,"[{'fixture': 15, 'stats': [{'identifier': 'minutes', 'points': 0, 'value': 0, 'points_modification': 0}]}]",False,Gunn,1,16,40,Gunn,GK,0
676,2,2025-26,68,0,0,1,0,0,0,0,0,0,0,0,11,7.8,16.7,3.0,2.8,1,1,2,4,1,0.02,0.02,0.04,0.61,3,False,"[{'fixture': 14, 'stats': [{'identifier': 'minutes', 'points': 2, 'value': 68, 'points_modification': 0}, {'identifier': 'clean_sheets', 'points': 1, 'value': 1, 'points_modification': 0}]}]",False,Ugochukwu,3,3,50,Ugochukwu,MID,3
677,2,2025-26,15,0,0,0,0,0,0,0,0,0,0,0,1,2.4,1.0,2.0,0.5,0,1,1,2,0,0.0,0.01,0.01,0.11,1,False,"[{'fixture': 13, 'stats': [{'identifier': 'minutes', 'points': 1, 'value': 15, 'points_modification': 0}]}]",False,Guessand,3,2,63,Guessand,MID,1
678,2,2025-26,0,0,0,0,0,0,0,0,0,0,0,0,0,0.0,0.0,0.0,0.0,0,0,0,0,0,0.0,0.0,0.0,0.0,0,False,"[{'fixture': 14, 'stats': [{'identifier': 'minutes', 'points': 0, 'value': 0, 'points_modification': 0}]}]",False,Masuaku,2,17,40,Masuaku,DEF,0
679,2,2025-26,90,0,0,0,5,0,0,0,0,0,2,0,-8,16.8,0.0,0.0,1.7,2,7,0,0,1,0.0,0.0,0.0,2.74,0,False,"[{'fixture': 20, 'stats': [{'identifier': 'minutes', 'points': 2, 'value': 90, 'points_modification': 0}, {'identifier': 'goals_conceded', 'points': -2, 'value': 5, 'points_modification': 0}]}]",False,Hermansen,1,19,45,Hermansen,GK,0
680,2,2025-26,0,0,0,0,0,0,0,0,0,0,0,0,0,0.0,0.0,0.0,0.0,0,0,0,0,0,0.0,0.0,0.0,0.0,0,False,"[{'fixture': 14, 'stats': [{'identifier': 'minutes', 'points': 0, 'value': 0, 'points_modification': 0}]}]",False,Broja,4,3,53,Broja,FWD,0
681,2,2025-26,37,0,0,0,1,0,0,0,0,0,0,0,2,0.4,2.3,2.0,0.5,0,1,0,1,0,0.0,0.04,0.04,0.86,1,False,"[{'fixture': 17, 'stats': [{'identifier': 'minutes', 'points': 1, 'value': 37, 'points_modification': 0}]}]",False,Šeško,4,14,73,Šeško,FWD,1
682,2,2025-26,45,0,0,0,1,0,0,0,0,0,0,0,3,2.2,0.3,2.0,0.5,0,2,1,1,1,0.0,0.0,0.0,0.72,1,False,"[{'fixture': 12, 'stats': [{'identifier': 'minutes', 'points': 1, 'value': 45, 'points_modification': 0}]}]",False,Møller Wolfe,2,20,45,Møller Wolfe,DEF,1
683,2,2025-26,90,0,0,0,2,0,0,0,0,0,0,0,9,25.0,5.7,10.0,4.1,7,6,2,9,1,0.06,0.02,0.08,1.0,1,False,"[{'fixture': 14, 'stats': [{'identifier': 'minutes', 'points': 2, 'value': 90, 'points_modification': 0}, {'identifier': 'goals_conceded', 'points': -1, 'value': 2, 'points_modification': 0}]}]",False,Alderete,2,17,40,Alderete,DEF,1
684,2,2025-26,9,0,0,0,1,0,0,0,0,0,0,0,-1,1.8,0.1,0.0,0.2,1,0,0,1,0,0.0,0.0,0.0,0.37,1,False,"[{'fixture': 19, 'stats': [{'identifier': 'minutes', 'points': 1, 'value': 9, 'points_modification': 0}]}]",False,Thiaw,2,15,49,Thiaw,DEF,1
685,2,2025-26,90,0,0,1,0,0,0,0,0,0,0,2,34,20.8,0.9,0.0,2.2,7,3,3,10,1,0.0,0.0,0.0,0.46,10,True,"[{'fixture': 12, 'stats': [{'identifier': 'minutes', 'points': 2, 'value': 90, 'points_modification': 0}, {'identifier': 'clean_sheets', 'points': 4, 'value': 1, 'points_modification': 0}, {'identifier': 'bonus', 'points': 2, 'value': 2, 'points_modification': 0}, {'identifier': 'defensive_contribution', 'points': 2, 'value': 10, 'points_modification': 0}]}]",False,Diakité,2,4,45,Diakité,DEF,10
686,2,2025-26,1,1,0,0,0,0,0,0,0,0,0,0,27,34.0,0.1,17.0,5.1,0,0,0,0,0,0.37,0.0,0.37,0.0,6,False,"[{'fixture': 19, 'stats': [{'identifier': 'minutes', 'points': 1, 'value': 1, 'points_modification': 0}, {'identifier': 'goals_scored', 'points': 5, 'value': 1, 'points_modification': 0}]}]",False,Ngumoha,3,12,45,Ngumoha,MID,6
687,2,2025-26,0,0,0,0,0,0,0,0,0,0,0,0,0,0.0,0.0,0.0,0.0,0,0,0,0,0,0.0,0.0,0.0,0.0,0,False,"[{'fixture': 12, 'stats': [{'identifier': 'minutes', 'points': 0, 'value': 0, 'points_modification': 0}]}]",False,Rees-Dottin,3,4,45,Rees-Dottin,MID,0
688,2,2025-26,0,0,0,0,0,0,0,0,0,0,0,0,0,0.0,0.0,0.0,0.0,0,0,0,0,0,0.0,0.0,0.0,0.0,0,False,"[{'fixture': 13, 'stats': [{'identifier': 'minutes', 'points': 0, 'value': 0, 'points_modification': 0}]}]",False,Wright,1,2,40,Wright,GK,0
689,2,2025-26,0,0,0,0,0,0,0,0,0,0,0,0,0,0.0,0.0,0.0,0.0,0,0,0,0,0,0.0,0.0,0.0,0.0,0,False,"[{'fixture': 19, 'stats': [{'identifier': 'minutes', 'points': 0, 'value': 0, 'points_modification': 0}]}]",False,Seung soo,3,15,44,Seung soo,MID,0
690,2,2025-26,0,0,0,0,0,0,0,0,0,0,0,0,0,0.0,0.0,0.0,0.0,0,0,0,0,0,0.0,0.0,0.0,0.0,0,False,"[{'fixture': 15, 'stats': [{'identifier': 'minutes', 'points': 0, 'value': 0, 'points_modification': 0}]}]",False,Cardines,3,8,44,Cardines,MID,0
691,2,2025-26,0,0,0,0,0,0,0,0,0,0,0,0,0,0.0,0.0,0.0,0.0,0,0,0,0,0,0.0,0.0,0.0,0.0,0,False,"[{'fixture': 11, 'stats': [{'identifier': 'minutes', 'points': 0, 'value': 0, 'points_modification': 0}]}]",False,Calvert-Lewin,4,11,55,Calvert-Lewin,FWD,0
692,2,2025-26,0,0,0,0,0,0,0,0,0,0,0,0,0,0.0,0.0,0.0,0.0,0,0,0,0,0,0.0,0.0,0.0,0.0,0,False,"[{'fixture': 19, 'stats': [{'identifier': 'minutes', 'points': 0, 'value': 0, 'points_modification': 0}]}]",False,Leoni,2,12,50,Leoni,DEF,0
693,2,2025-26,8,0,0,0,0,0,0,0,0,0,0,0,-2,0.0,0.6,8.0,0.5,0,0,0,0,0,0.2,0.0,0.2,0.0,1,False,"[{'fixture': 15, 'stats': [{'identifier': 'minutes', 'points': 1, 'value': 8, 'points_modification': 0}]}]",False,Hutchinson,3,16,55,Hutchinson,MID,1
694,2,2025-26,0,0,0,0,0,0,0,0,0,0,0,0,0,0.0,0.0,0.0,0.0,0,0,0,0,0,0.0,0.0,0.0,0.0,0,False,"[{'fixture': 14, 'stats': [{'identifier': 'minutes', 'points': 0, 'value': 0, 'points_modification': 0}]}]",False,Mukiele,2,17,40,Mukiele,DEF,0
695,2,2025-26,55,0,0,0,0,0,0,0,0,0,0,0,7,8.6,16.8,4.0,2.9,4,3,0,4,0,0.0,0.02,0.02,0.66,1,False,"[{'fixture': 12, 'stats': [{'identifier': 'minutes', 'points': 1, 'value': 55, 'points_modification': 0}]}]",False,Tchatchoua,2,20,45,Tchatchoua,DEF,1
696,2,2025-26,19,0,0,0,0,0,0,0,0,0,0,0,2,1.0,1.6,0.0,0.3,1,1,0,2,0,0.0,0.0,0.0,0.0,1,False,"[{'fixture': 15, 'stats': [{'identifier': 'minutes', 'points': 1, 'value': 19, 'points_modification': 0}]}]",False,Kalimuendo,4,16,60,Kalimuendo,FWD,1
697,2,2025-26,24,0,0,0,0,0,0,0,0,0,0,0,9,10.4,15.0,2.0,2.7,1,2,3,6,0,0.0,0.02,0.02,0.06,1,False,"[{'fixture': 12, 'stats': [{'identifier': 'minutes', 'points': 1, 'value': 24, 'points_modification': 0}]}]",False,Adli,3,4,55,Adli,MID,1
698,2,2025-26,24,0,0,0,1,0,0,0,0,0,0,0,3,4.6,0.3,0.0,0.5,0,2,2,4,0,0.0,0.0,0.0,0.87,1,False,"[{'fixture': 11, 'stats': [{'identifier': 'minutes', 'points': 1, 'value': 24, 'points_modification': 0}]}]",False,Okafor,3,11,55,Okafor,MID,1
699,2,2025-26,0,0,0,0,0,0,0,0,0,0,0,0,0,0.0,0.0,0.0,0.0,0,0,0,0,0,0.0,0.0,0.0,0.0,0,False,"[{'fixture': 15, 'stats': [{'identifier': 'minutes', 'points': 0, 'value': 0, 'points_modification': 0}]}]",False,Douglas Luiz,3,16,50,Douglas Luiz,MID,0
700,2,2025-26,26,0,1,0,0,0,0,0,0,0,0,0,13,1.0,0.5,15.0,1.7,0,1,2,3,0,0.08,0.02,0.1,0.0,4,False,"[{'fixture': 11, 'stats': [{'identifier': 'minutes', 'points': 1, 'value': 26, 'points_modification': 0}, {'identifier': 'assists', 'points': 3, 'value': 1, 'points_modification': 0}]}]",False,Dowman,3,1,45,Dowman,MID,4
701,2,2025-26,0,0,0,0,0,0,0,0,0,0,0,0,0,0.0,0.0,0.0,0.0,0,0,0,0,0,0.0,0.0,0.0,0.0,0,False,"[{'fixture': 13, 'stats': [{'identifier': 'minutes', 'points': 0, 'value': 0, 'points_modification': 0}]}]",False,Rowe,2,2,40,Rowe,DEF,0
702,2,2025-26,0,0,0,0,0,0,0,0,0,0,0,0,0,0.0,0.0,0.0,0.0,0,0,0,0,0,0.0,0.0,0.0,0.0,0,False,"[{'fixture': 13, 'stats': [{'identifier': 'minutes', 'points': 0, 'value': 0, 'points_modification': 0}]}]",False,Burrowes,3,2,45,Burrowes,MID,0
703,2,2025-26,0,0,0,0,0,0,0,0,0,0,0,0,0,0.0,0.0,0.0,0.0,0,0,0,0,0,0.0,0.0,0.0,0.0,0,False,"[{'fixture': 13, 'stats': [{'identifier': 'minutes', 'points': 0, 'value': 0, 'points_modification': 0}]}]",False,Proctor,1,2,40,Proctor,GK,0
704,2,2025-26,0,0,0,0,0,0,0,0,0,0,0,0,0,0.0,0.0,0.0,0.0,0,0,0,0,0,0.0,0.0,0.0,0.0,0,False,"[{'fixture': 16, 'stats': [{'identifier': 'minutes', 'points': 0, 'value': 0, 'points_modification': 0}]}]",False,Onyango,3,9,45,Onyango,MID,0
705,2,2025-26,0,0,0,0,0,0,0,0,0,0,0,0,0,0.0,0.0,0.0,0.0,0,0,0,0,0,0.0,0.0,0.0,0.0,0,False,"[{'fixture': 16, 'stats': [{'identifier': 'minutes', 'points': 0, 'value': 0, 'points_modification': 0}]}]",False,Campbell,2,9,40,Campbell,DEF,0
