element,gameweek,season,minutes,goals_scored,assists,clean_sheets,goals_conceded,own_goals,penalties_saved,penalties_missed,yellow_cards,red_cards,saves,bonus,bps,influence,creativity,threat,ict_index,clearances_blocks_interceptions,recoveries,tackles,defensive_contribution,starts,expected_goals,expected_assists,expected_goal_involvements,expected_goals_conceded,total_points,in_dreamteam,explain,modified,web_name,element_type,team,now_cost,name,position,xP
1,3,2025-26,90,0,0,0,1,0,0,0,0,0,2,0,12,20.0,10.0,0.0,3.0,0,12,0,0,1,0.0,0.02,0.02,0.52,2,False,"[{'fixture': 25, 'stats': [{'identifier': 'minutes', 'points': 2, 'value': 90, 'points_modification': 0}]}]",False,Raya,1,1,56,Raya,GK,2
2,3,2025-26,0,0,0,0,0,0,0,0,0,0,0,0,0,0.0,0.0,0.0,0.0,0,0,0,0,0,0.0,0.0,0.0,0.0,0,False,"[{'fixture': 25, 'stats': [{'identifier': 'minutes', 'points': 0, 'value': 0, 'points_modification': 0}]}]",False,Arrizabalaga,1,1,43,Arrizabalaga,GK,0
3,3,2025-26,0,0,0,0,0,0,0,0,0,0,0,0,0,0.0,0.0,0.0,0.0,0,0,0,0,0,0.0,0.0,0.0,0.0,0,False,"[{'fixture': 25, 'stats': [{'identifier': 'minutes', 'points': 0, 'value': 0, 'points_modification': 0}]}]",False,Hein,1,1,40,Hein,GK,0
4,3,2025-26,0,0,0,0,0,0,0,0,0,0,0,0,0,0.0,0.0,0.0,0.0,0,0,0,0,0,0.0,0.0,0.0,0.0,0,False,"[{'fixture': 25, 'stats': [{'identifier': 'minutes', 'points': 0, 'value': 0, 'points_modification': 0}]}]",False,Setford,1,1,40,Setford,GK,0
5,3,2025-26,90,0,0,0,1,0,0,0,0,0,0,0,8,15.4,1.4,2.0,1.9,6,2,1,7,1,0.02,0.01,0.03,0.52,2,False,"[{'fixture': 25, 'stats': [{'identifier': 'minutes', 'points': 2, 'value': 90, 'points_modification': 0}]}]",False,Gabriel,2,1,61,Gabriel,DEF,2
6,3,2025-26,4,0,0,0,0,0,0,0,0,0,0,0,4,3.0,0.0,0.0,0.3,3,0,0,3,1,0.0,0.0,0.0,0.0,1,False,"[{'fixture': 25, 'stats': [{'identifier': 'minutes', 'points': 1, 'value': 4, 'points_modification': 0}]}]",False,Saliba,2,1,60,Saliba,DEF,1
7,3,2025-26,90,0,0,0,1,0,0,0,0,0,0,0,9,9.8,1.9,11.0,2.3,5,3,2,7,1,0.13,0.01,0.14,0.52,2,False,"[{'fixture': 25, 'stats': [{'identifier': 'minutes', 'points': 2, 'value': 90, 'points_modification': 0}]}]",False,Calafiori,2,1,57,Calafiori,DEF,2
8,3,2025-26,90,0,0,0,1,0,0,0,0,0,0,0,7,11.4,12.4,11.0,3.5,5,4,2,7,1,0.09,0.05,0.14,0.52,2,False,"[{'fixture': 25, 'stats': [{'identifier': 'minutes', 'points': 2, 'value': 90, 'points_modification': 0}]}]",False,J.Timber,2,1,58,J.Timber,DEF,2
9,3,2025-26,0,0,0,0,0,0,0,0,0,0,0,0,0,0.0,0.0,0.0,0.0,0,0,0,0,0,0.0,0.0,0.0,0.0,0,False,"[{'fixture': 25, 'stats': [{'identifier': 'minutes', 'points': 0, 'value': 0, 'points_modification': 0}]}]",False,Kiwior,2,1,54,Kiwior,DEF,0
10,3,2025-26,0,0,0,0,0,0,0,0,0,0,0,0,0,0.0,0.0,0.0,0.0,0,0,0,0,0,0.0,0.0,0.0,0.0,0,False,"[{'fixture': 25, 'stats': [{'identifier': 'minutes', 'points': 0, 'value': 0, 'points_modification': 0}]}]",False,Lewis-Skelly,2,1,53,Lewis-Skelly,DEF,0
11,3,2025-26,0,0,0,0,0,0,0,0,0,0,0,0,0,0.0,0.0,0.0,0.0,0,0,0,0,0,0.0,0.0,0.0,0.0,0,False,"[{'fixture': 25, 'stats': [{'identifier': 'minutes', 'points': 0, 'value': 0, 'points_modification': 0}]}]",False,White,2,1,54,White,DEF,0
12,3,2025-26,0,0,0,0,0,0,0,0,0,0,0,0,0,0.0,0.0,0.0,0.0,0,0,0,0,0,0.0,0.0,0.0,0.0,0,False,"[{'fixture': 25, 'stats': [{'identifier': 'minutes', 'points': 0, 'value': 0, 'points_modification': 0}]}]",False,Zinchenko,2,16,49,Zinchenko,DEF,0
13,3,2025-26,0,0,0,0,0,0,0,0,0,0,0,0,0,0.0,0.0,0.0,0.0,0,0,0,0,0,0.0,0.0,0.0,0.0,0,False,"[{'fixture': 25, 'stats': [{'identifier': 'minutes', 'points': 0, 'value': 0, 'points_modification': 0}]}]",False,Clarke,2,1,40,Clarke,DEF,0
14,3,2025-26,0,0,0,0,0,0,0,0,0,0,0,0,0,0.0,0.0,0.0,0.0,0,0,0,0,0,0.0,0.0,0.0,0.0,0,False,"[{'fixture': 25, 'stats': [{'identifier': 'minutes', 'points': 0, 'value': 0, 'points_modification': 0}]}]",False,Kacurri,2,1,39,Kacurri,DEF,0
15,3,2025-26,0,0,0,0,0,0,0,0,0,0,0,0,0,0.0,0.0,0.0,0.0,0,0,0,0,0,0.0,0.0,0.0,0.0,0,False,"[{'fixture': 25, 'stats': [{'identifier': 'minutes', 'points': 0, 'value': 0, 'points_modification': 0}]}]",False,Nichols,2,1,39,Nichols,DEF,0
16,3,2025-26,0,0,0,0,0,0,0,0,0,0,0,0,0,0.0,0.0,0.0,0.0,0,0,0,0,0,0.0,0.0,0.0,0.0,0,False,"[{'fixture': 25, 'stats': [{'identifier': 'minutes', 'points': 0, 'value': 0, 'points_modification': 0}]}]",False,Saka,3,1,98,Saka,MID,0
17,3,2025-26,20,0,0,0,1,0,0,0,0,0,0,0,3,1.4,2.2,2.0,0.6,0,1,0,1,0,0.0,0.01,0.01,0.25,1,False,"[{'fixture': 25, 'stats': [{'identifier': 'minutes', 'points': 1, 'value': 20, 'points_modification': 0}]}]",False,Ødegaard,3,1,79,Ødegaard,MID,1
18,3,2025-26,88,0,0,0,1,0,0,0,0,0,0,0,5,0.0,1.6,38.0,3.9,0,2,0,2,1,0.14,0.03,0.17,0.4,2,False,"[{'fixture': 25, 'stats': [{'identifier': 'minutes', 'points': 2, 'value': 88, 'points_modification': 0}]}]",False,Madueke,3,1,70,Madueke,MID,2
19,3,2025-26,69,0,0,1,0,0,0,0,0,0,0,0,9,1.4,0.4,6.0,0.8,0,2,1,3,1,0.0,0.0,0.0,0.28,3,False,"[{'fixture': 25, 'stats': [{'identifier': 'minutes', 'points': 2, 'value': 69, 'points_modification': 0}, {'identifier': 'clean_sheets', 'points': 1, 'value': 1, 'points_modification': 0}]}]",False,Martinelli,3,1,69,Martinelli,MID,3
20,3,2025-26,0,0,0,0,0,0,0,0,0,0,0,0,0,0.0,0.0,0.0,0.0,0,0,0,0,0,0.0,0.0,0.0,0.0,0,False,"[{'fixture': 25, 'stats': [{'identifier': 'minutes', 'points': 0, 'value': 0, 'points_modification': 0}]}]",False,Trossard,3,1,69,Trossard,MID,0
21,3,2025-26,90,0,0,0,1,0,0,0,0,0,0,0,13,13.2,22.7,3.0,3.9,6,7,0,13,1,0.02,0.1,0.12,0.52,4,False,"[{'fixture': 25, 'stats': [{'identifier': 'minutes', 'points': 2, 'value': 90, 'points_modification': 0}, {'identifier': 'defensive_contribution', 'points': 2, 'value': 13, 'points_modification': 0}]}]",False,Rice,3,1,65,Rice,MID,4
22,3,2025-26,69,0,0,1,0,0,0,0,0,0,0,0,6,5.2,2.3,0.0,0.8,0,2,3,5,1,0.0,0.02,0.02,0.28,3,False,"[{'fixture': 25, 'stats': [{'identifier': 'minutes', 'points': 2, 'value': 69, 'points_modification': 0}, {'identifier': 'clean_sheets', 'points': 1, 'value': 1, 'points_modification': 0}]}]",False,Merino,3,1,59,Merino,MID,3
23,3,2025-26,0,0,0,0,0,0,0,0,0,0,0,0,0,0.0,0.0,0.0,0.0,0,0,0,0,0,0.0,0.0,0.0,0.0,0,False,"[{'fixture': 25, 'stats': [{'identifier': 'minutes', 'points': 0, 'value': 0, 'points_modification': 0}]}]",False,Fábio Vieira,3,1,54,Fábio Vieira,MID,0
24,3,2025-26,0,0,0,0,0,0,0,0,0,0,0,0,0,0.0,0.0,0.0,0.0,0,0,0,0,0,0.0,0.0,0.0,0.0,0,False,"[{'fixture': 25, 'stats': [{'identifier': 'minutes', 'points': 0, 'value': 0, 'points_modification': 0}]}]",False,Nørgaard,3,1,53,Nørgaard,MID,0
25,3,2025-26,0,0,0,0,0,0,0,0,0,0,0,0,0,0.0,0.0,0.0,0.0,0,0,0,0,0,0.0,0.0,0.0,0.0,0,False,"[{'fixture': 25, 'stats': [{'identifier': 'minutes', 'points': 0, 'value': 0, 'points_modification': 0}]}]",False,Nwaneri,3,1,53,Nwaneri,MID,0
26,3,2025-26,90,0,0,0,1,0,0,0,1,0,0,0,4,1.4,2.6,5.0,0.9,1,5,1,7,1,0.03,0.02,0.05,0.52,1,False,"[{'fixture': 25, 'stats': [{'identifier': 'minutes', 'points': 2, 'value': 90, 'points_modification': 0}, {'identifier': 'yellow_cards', 'points': -1, 'value': 1, 'points_modification': 0}]}]",False,Zubimendi,3,1,55,Zubimendi,MID,1
27,3,2025-26,0,0,0,0,0,0,0,0,0,0,0,0,0,0.0,0.0,0.0,0.0,0,0,0,0,0,0.0,0.0,0.0,0.0,0,False,"[{'fixture': 25, 'stats': [{'identifier': 'minutes', 'points': 0, 'value': 0, 'points_modification': 0}]}]",False,Nelson,3,5,49,Nelson,MID,0
28,3,2025-26,0,0,0,0,0,0,0,0,0,0,0,0,0,0.0,0.0,0.0,0.0,0,0,0,0,0,0.0,0.0,0.0,0.0,0,False,"[{'fixture': 25, 'stats': [{'identifier': 'minutes', 'points': 0, 'value': 0, 'points_modification': 0}]}]",False,Kabia,3,1,45,Kabia,MID,0
29,3,2025-26,0,0,0,0,0,0,0,0,0,0,0,0,0,0.0,0.0,0.0,0.0,0,0,0,0,0,0.0,0.0,0.0,0.0,0,False,"[{'fixture': 25, 'stats': [{'identifier': 'minutes', 'points': 0, 'value': 0, 'points_modification': 0}]}]",False,Sambi,3,1,45,Sambi,MID,0
30,3,2025-26,0,0,0,0,0,0,0,0,0,0,0,0,0,0.0,0.0,0.0,0.0,0,0,0,0,0,0.0,0.0,0.0,0.0,0,False,"[{'fixture': 25, 'stats': [{'identifier': 'minutes', 'points': 0, 'value': 0, 'points_modification': 0}]}]",False,Havertz,4,1,73,Havertz,FWD,0
31,3,2025-26,0,0,0,0,0,0,0,0,0,0,0,0,0,0.0,0.0,0.0,0.0,0,0,0,0,0,0.0,0.0,0.0,0.0,0,False,"[{'fixture': 25, 'stats': [{'identifier': 'minutes', 'points': 0, 'value': 0, 'points_modification': 0}]}]",False,G.Jesus,4,1,64,G.Jesus,FWD,0
32,3,2025-26,0,0,0,0,0,0,0,0,0,0,0,0,0,0.0,0.0,0.0,0.0,0,0,0,0,0,0.0,0.0,0.0,0.0,0,False,"[{'fixture': 21, 'stats': [{'identifier': 'minutes', 'points': 0, 'value': 0, 'points_modification': 0}]}]",False,Martinez,1,2,50,Martinez,GK,0
33,3,2025-26,90,0,0,0,3,0,0,0,1,0,1,0,-7,5.8,0.0,0.0,0.6,3,7,0,0,1,0.0,0.0,0.0,2.67,0,False,"[{'fixture': 21, 'stats': [{'identifier': 'minutes', 'points': 2, 'value': 90, 'points_modification': 0}, {'identifier': 'goals_conceded', 'points': -1, 'value': 3, 'points_modification': 0}, {'identifier': 'yellow_cards', 'points': -1, 'value': 1, 'points_modification': 0}]}]",False,M.Bizot,1,2,45,M.Bizot,GK,0
34,3,2025-26,0,0,0,0,0,0,0,0,0,0,0,0,0,0.0,0.0,0.0,0.0,0,0,0,0,0,0.0,0.0,0.0,0.0,0,False,"[{'fixture': 21, 'stats': [{'identifier': 'minutes', 'points': 0, 'value': 0, 'points_modification': 0}]}]",False,Gauci,1,2,40,Gauci,GK,0
35,3,2025-26,0,0,0,0,0,0,0,0,0,0,0,0,0,0.0,0.0,0.0,0.0,0,0,0,0,0,0.0,0.0,0.0,0.0,0,False,"[{'fixture': 21, 'stats': [{'identifier': 'minutes', 'points': 0, 'value': 0, 'points_modification': 0}]}]",False,Marschall,1,2,40,Marschall,GK,0
36,3,2025-26,73,0,0,0,2,0,0,0,1,0,0,0,-1,6.2,22.3,1.0,3.0,3,1,0,3,1,0.01,0.11,0.12,1.77,0,False,"[{'fixture': 21, 'stats': [{'identifier': 'minutes', 'points': 2, 'value': 73, 'points_modification': 0}, {'identifier': 'goals_conceded', 'points': -1, 'value': 2, 'points_modification': 0}, {'identifier': 'yellow_cards', 'points': -1, 'value': 1, 'points_modification': 0}]}]",False,Cash,2,2,46,Cash,DEF,0
37,3,2025-26,7,0,0,0,0,0,0,0,0,0,0,0,3,0.0,0.7,0.0,0.1,0,0,0,0,0,0.0,0.0,0.0,0.38,1,False,"[{'fixture': 21, 'stats': [{'identifier': 'minutes', 'points': 1, 'value': 7, 'points_modification': 0}]}]",False,Digne,2,2,45,Digne,DEF,1
38,3,2025-26,90,0,0,0,3,0,0,0,0,0,0,0,3,18.4,14.3,4.0,3.7,5,5,0,5,1,0.0,0.03,0.03,2.67,1,False,"[{'fixture': 21, 'stats': [{'identifier': 'minutes', 'points': 2, 'value': 90, 'points_modification': 0}, {'identifier': 'goals_conceded', 'points': -1, 'value': 3, 'points_modification': 0}]}]",False,Konsa,2,2,45,Konsa,DEF,1
39,3,2025-26,83,0,0,0,3,0,0,0,0,0,0,0,6,19.0,38.1,5.0,6.2,6,5,0,6,1,0.09,0.12,0.21,2.29,1,False,"[{'fixture': 21, 'stats': [{'identifier': 'minutes', 'points': 2, 'value': 83, 'points_modification': 0}, {'identifier': 'goals_conceded', 'points': -1, 'value': 3, 'points_modification': 0}]}]",False,Maatsen,2,2,44,Maatsen,DEF,1
40,3,2025-26,90,0,0,0,3,0,0,0,0,0,0,0,1,14.4,2.1,0.0,1.7,3,2,1,4,1,0.0,0.02,0.02,2.67,1,False,"[{'fixture': 21, 'stats': [{'identifier': 'minutes', 'points': 2, 'value': 90, 'points_modification': 0}, {'identifier': 'goals_conceded', 'points': -1, 'value': 3, 'points_modification': 0}]}]",False,Mings,2,2,45,Mings,DEF,1
41,3,2025-26,16,0,0,0,1,0,0,0,0,0,0,0,-1,3.4,0.5,0.0,0.4,0,1,1,1,0,0.0,0.0,0.0,0.9,1,False,"[{'fixture': 21, 'stats': [{'identifier': 'minutes', 'points': 1, 'value': 16, 'points_modification': 0}]}]",False,Pau,2,2,44,Pau,DEF,1
42,3,2025-26,0,0,0,0,0,0,0,0,0,0,0,0,0,0.0,0.0,0.0,0.0,0,0,0,0,0,0.0,0.0,0.0,0.0,0,False,"[{'fixture': 21, 'stats': [{'identifier': 'minutes', 'points': 0, 'value': 0, 'points_modification': 0}]}]",False,A.García,2,2,39,A.García,DEF,0
43,3,2025-26,0,0,0,0,0,0,0,0,0,0,0,0,0,0.0,0.0,0.0,0.0,0,0,0,0,0,0.0,0.0,0.0,0.0,0,False,"[{'fixture': 21, 'stats': [{'identifier': 'minutes', 'points': 0, 'value': 0, 'points_modification': 0}]}]",False,Alex Moreno,2,2,40,Alex Moreno,DEF,0
44,3,2025-26,6,0,0,0,0,0,0,0,0,0,0,0,3,0.2,1.7,0.0,0.2,0,0,0,0,0,0.0,0.0,0.0,0.38,1,False,"[{'fixture': 21, 'stats': [{'identifier': 'minutes', 'points': 1, 'value': 6, 'points_modification': 0}]}]",False,Bogarde,2,2,40,Bogarde,DEF,1
45,3,2025-26,0,0,0,0,0,0,0,0,0,0,0,0,0,0.0,0.0,0.0,0.0,0,0,0,0,0,0.0,0.0,0.0,0.0,0,False,"[{'fixture': 21, 'stats': [{'identifier': 'minutes', 'points': 0, 'value': 0, 'points_modification': 0}]}]",False,Sousa,2,2,40,Sousa,DEF,0
46,3,2025-26,0,0,0,0,0,0,0,0,0,0,0,0,0,0.0,0.0,0.0,0.0,0,0,0,0,0,0.0,0.0,0.0,0.0,0,False,"[{'fixture': 21, 'stats': [{'identifier': 'minutes', 'points': 0, 'value': 0, 'points_modification': 0}]}]",False,Yasin,2,2,40,Yasin,DEF,0
47,3,2025-26,90,0,0,0,3,0,0,0,0,0,0,0,9,9.4,4.9,21.0,3.5,2,4,1,7,1,0.04,0.04,0.08,2.67,2,False,"[{'fixture': 21, 'stats': [{'identifier': 'minutes', 'points': 2, 'value': 90, 'points_modification': 0}]}]",False,Rogers,3,2,69,Rogers,MID,2
48,3,2025-26,90,0,0,0,3,0,0,0,0,0,0,0,18,15.6,20.0,17.0,5.3,1,5,1,7,1,0.09,0.05,0.14,2.67,2,False,"[{'fixture': 21, 'stats': [{'identifier': 'minutes', 'points': 2, 'value': 90, 'points_modification': 0}]}]",False,Tielemans,3,2,59,Tielemans,MID,2
49,3,2025-26,0,0,0,0,0,0,0,0,0,0,0,0,0,0.0,0.0,0.0,0.0,0,0,0,0,0,0.0,0.0,0.0,0.0,0,False,"[{'fixture': 21, 'stats': [{'identifier': 'minutes', 'points': 0, 'value': 0, 'points_modification': 0}]}]",False,Bailey,3,2,55,Bailey,MID,0
50,3,2025-26,45,0,0,0,2,0,0,0,0,0,0,0,7,11.4,34.1,12.0,5.8,1,3,3,7,0,0.01,0.12,0.13,0.95,1,False,"[{'fixture': 21, 'stats': [{'identifier': 'minutes', 'points': 1, 'value': 45, 'points_modification': 0}]}]",False,Buendía,3,2,53,Buendía,MID,1
51,3,2025-26,0,0,0,0,0,0,0,0,0,0,0,0,0,0.0,0.0,0.0,0.0,0,0,0,0,0,0.0,0.0,0.0,0.0,0,False,"[{'fixture': 21, 'stats': [{'identifier': 'minutes', 'points': 0, 'value': 0, 'points_modification': 0}]}]",False,Iling Jr,3,2,55,Iling Jr,MID,0
52,3,2025-26,45,0,0,0,0,0,0,0,0,0,0,0,8,9.2,30.8,7.0,4.7,0,2,0,2,1,0.03,0.1,0.13,0.54,1,False,"[{'fixture': 24, 'stats': [{'identifier': 'minutes', 'points': 1, 'value': 45, 'points_modification': 0}]}]",False,J.Ramsey,3,15,53,J.Ramsey,MID,1
53,3,2025-26,82,0,0,0,3,0,0,0,0,0,0,0,1,0.0,6.2,5.0,0.9,0,3,0,3,1,0.18,0.02,0.2,2.29,2,False,"[{'fixture': 21, 'stats': [{'identifier': 'minutes', 'points': 2, 'value': 82, 'points_modification': 0}]}]",False,Malen,3,2,52,Malen,MID,2
54,3,2025-26,73,0,0,0,2,0,0,0,0,0,0,0,18,8.0,13.9,0.0,2.2,1,3,2,6,1,0.0,0.12,0.12,1.77,2,False,"[{'fixture': 21, 'stats': [{'identifier': 'minutes', 'points': 2, 'value': 73, 'points_modification': 0}]}]",False,McGinn,3,2,54,McGinn,MID,2
55,3,2025-26,0,0,0,0,0,0,0,0,0,0,0,0,0,0.0,0.0,0.0,0.0,0,0,0,0,0,0.0,0.0,0.0,0.0,0,False,"[{'fixture': 21, 'stats': [{'identifier': 'minutes', 'points': 0, 'value': 0, 'points_modification': 0}]}]",False,Barkley,3,2,48,Barkley,MID,0
56,3,2025-26,0,0,0,0,0,0,0,0,0,0,0,0,0,0.0,0.0,0.0,0.0,0,0,0,0,0,0.0,0.0,0.0,0.0,0,False,"[{'fixture': 21, 'stats': [{'identifier': 'minutes', 'points': 0, 'value': 0, 'points_modification': 0}]}]",False,Barrenechea,3,2,50,Barrenechea,MID,0
57,3,2025-26,0,0,0,0,0,0,0,0,0,0,0,0,0,0.0,0.0,0.0,0.0,0,0,0,0,0,0.0,0.0,0.0,0.0,0,False,"[{'fixture': 21, 'stats': [{'identifier': 'minutes', 'points': 0, 'value': 0, 'points_modification': 0}]}]",False,Dobbin,3,2,50,Dobbin,MID,0
58,3,2025-26,0,0,0,0,0,0,0,0,0,0,0,0,0,0.0,0.0,0.0,0.0,0,0,0,0,0,0.0,0.0,0.0,0.0,0,False,"[{'fixture': 21, 'stats': [{'identifier': 'minutes', 'points': 0, 'value': 0, 'points_modification': 0}]}]",False,Kamara,3,2,49,Kamara,MID,0
59,3,2025-26,0,0,0,0,0,0,0,0,0,0,0,0,0,0.0,0.0,0.0,0.0,0,0,0,0,0,0.0,0.0,0.0,0.0,0,False,"[{'fixture': 21, 'stats': [{'identifier': 'minutes', 'points': 0, 'value': 0, 'points_modification': 0}]}]",False,Onana,3,2,49,Onana,MID,0
60,3,2025-26,0,0,0,0,0,0,0,0,0,0,0,0,0,0.0,0.0,0.0,0.0,0,0,0,0,0,0.0,0.0,0.0,0.0,0,False,"[{'fixture': 21, 'stats': [{'identifier': 'minutes', 'points': 0, 'value': 0, 'points_modification': 0}]}]",False,Broggio,3,2,45,Broggio,MID,0
61,3,2025-26,0,0,0,0,0,0,0,0,0,0,0,0,0,0.0,0.0,0.0,0.0,0,0,0,0,0,0.0,0.0,0.0,0.0,0,False,"[{'fixture': 21, 'stats': [{'identifier': 'minutes', 'points': 0, 'value': 0, 'points_modification': 0}]}]",False,Dendoncker,3,2,45,Dendoncker,MID,0
62,3,2025-26,0,0,0,0,0,0,0,0,0,0,0,0,0,0.0,0.0,0.0,0.0,0,0,0,0,0,0.0,0.0,0.0,0.0,0,False,"[{'fixture': 21, 'stats': [{'identifier': 'minutes', 'points': 0, 'value': 0, 'points_modification': 0}]}]",False,Jimoh-Aloba,3,2,45,Jimoh-Aloba,MID,0
63,3,2025-26,0,0,0,0,0,0,0,0,0,0,0,0,0,0.0,0.0,0.0,0.0,0,0,0,0,0,0.0,0.0,0.0,0.0,0,False,"[{'fixture': 21, 'stats': [{'identifier': 'minutes', 'points': 0, 'value': 0, 'points_modification': 0}]}]",False,Young,3,2,44,Young,MID,0
64,3,2025-26,90,0,0,0,3,0,0,0,0,0,0,0,4,3.8,11.8,43.0,5.9,0,0,1,1,1,0.64,0.04,0.68,2.67,2,False,"[{'fixture': 21, 'stats': [{'identifier': 'minutes', 'points': 2, 'value': 90, 'points_modification': 0}]}]",False,Watkins,4,2,87,Watkins,FWD,2
65,3,2025-26,0,0,0,0,0,0,0,0,0,0,0,0,0,0.0,0.0,0.0,0.0,0,0,0,0,0,0.0,0.0,0.0,0.0,0,False,"[{'fixture': 21, 'stats': [{'identifier': 'minutes', 'points': 0, 'value': 0, 'points_modification': 0}]}]",False,Redmond,4,2,45,Redmond,FWD,0
66,3,2025-26,0,0,0,0,0,0,0,0,0,0,0,0,0,0.0,0.0,0.0,0.0,0,0,0,0,0,0.0,0.0,0.0,0.0,0,False,"[{'fixture': 29, 'stats': [{'identifier': 'minutes', 'points': 0, 'value': 0, 'points_modification': 0}]}]",False,Neto,1,4,45,Neto,GK,0
67,3,2025-26,90,0,0,1,0,0,0,0,1,0,1,0,22,11.2,0.0,0.0,1.1,2,10,0,0,1,0.0,0.0,0.0,0.19,5,False,"[{'fixture': 29, 'stats': [{'identifier': 'minutes', 'points': 2, 'value': 90, 'points_modification': 0}, {'identifier': 'clean_sheets', 'points': 4, 'value': 1, 'points_modification': 0}, {'identifier': 'yellow_cards', 'points': -1, 'value': 1, 'points_modification': 0}]}]",False,Petrović,1,4,45,Petrović,GK,5
68,3,2025-26,0,0,0,0,0,0,0,0,0,0,0,0,0,0.0,0.0,0.0,0.0,0,0,0,0,0,0.0,0.0,0.0,0.0,0,False,"[{'fixture': 29, 'stats': [{'identifier': 'minutes', 'points': 0, 'value': 0, 'points_modification': 0}]}]",False,Dennis,1,4,40,Dennis,GK,0
69,3,2025-26,0,0,0,0,0,0,0,0,0,0,0,0,0,0.0,0.0,0.0,0.0,0,0,0,0,0,0.0,0.0,0.0,0.0,0,False,"[{'fixture': 29, 'stats': [{'identifier': 'minutes', 'points': 0, 'value': 0, 'points_modification': 0}]}]",False,McKenna,1,4,40,McKenna,GK,0
70,3,2025-26,0,0,0,0,0,0,0,0,0,0,0,0,0,0.0,0.0,0.0,0.0,0,0,0,0,0,0.0,0.0,0.0,0.0,0,False,"[{'fixture': 29, 'stats': [{'identifier': 'minutes', 'points': 0, 'value': 0, 'points_modification': 0}]}]",False,Paulsen,1,4,40,Paulsen,GK,0
71,3,2025-26,0,0,0,0,0,0,0,0,0,0,0,0,0,0.0,0.0,0.0,0.0,0,0,0,0,0,0.0,0.0,0.0,0.0,0,False,"[{'fixture': 29, 'stats': [{'identifier': 'minutes', 'points': 0, 'value': 0, 'points_modification': 0}]}]",False,Zabarnyi,2,4,50,Zabarnyi,DEF,0
72,3,2025-26,90,0,1,1,0,0,0,0,0,0,0,3,42,37.4,10.7,6.0,5.4,12,6,2,14,1,0.14,0.03,0.17,0.19,14,True,"[{'fixture': 29, 'stats': [{'identifier': 'minutes', 'points': 2, 'value': 90, 'points_modification': 0}, {'identifier': 'assists', 'points': 3, 'value': 1, 'points_modification': 0}, {'identifier': 'clean_sheets', 'points': 4, 'value': 1, 'points_modification': 0}, {'identifier': 'bonus', 'points': 3, 'value': 3, 'points_modification': 0}, {'identifier': 'defensive_contribution', 'points': 2, 'value': 14, 'points_modification': 0}]}]",False,Senesi,2,4,48,Senesi,DEF,14
73,3,2025-26,25,0,0,0,0,0,0,0,0,0,0,0,2,0.0,0.1,0.0,0.0,0,0,0,0,1,0.0,0.0,0.0,0.0,1,False,"[{'fixture': 29, 'stats': [{'identifier': 'minutes', 'points': 1, 'value': 25, 'points_modification': 0}]}]",False,Smith,2,4,44,Smith,DEF,1
74,3,2025-26,90,0,0,1,0,0,0,0,0,0,0,1,24,19.8,19.4,1.0,4.0,4,0,5,9,1,0.01,0.1,0.11,0.19,7,False,"[{'fixture': 29, 'stats': [{'identifier': 'minutes', 'points': 2, 'value': 90, 'points_modification': 0}, {'identifier': 'clean_sheets', 'points': 4, 'value': 1, 'points_modification': 0}, {'identifier': 'bonus', 'points': 1, 'value': 1, 'points_modification': 0}]}]",False,Truffert,2,4,45,Truffert,DEF,7
75,3,2025-26,0,0,0,0,0,0,0,0,0,0,0,0,0,0.0,0.0,0.0,0.0,0,0,0,0,0,0.0,0.0,0.0,0.0,0,False,"[{'fixture': 29, 'stats': [{'identifier': 'minutes', 'points': 0, 'value': 0, 'points_modification': 0}]}]",False,Akinmboni,2,4,40,Akinmboni,DEF,0
76,3,2025-26,0,0,0,0,0,0,0,0,0,0,0,0,0,0.0,0.0,0.0,0.0,0,0,0,0,0,0.0,0.0,0.0,0.0,0,False,"[{'fixture': 29, 'stats': [{'identifier': 'minutes', 'points': 0, 'value': 0, 'points_modification': 0}]}]",False,Bevan,2,4,40,Bevan,DEF,0
77,3,2025-26,64,0,0,1,0,0,0,0,1,0,0,0,17,7.6,0.7,4.0,1.2,5,4,0,5,0,0.0,0.0,0.0,0.19,5,False,"[{'fixture': 29, 'stats': [{'identifier': 'minutes', 'points': 2, 'value': 64, 'points_modification': 0}, {'identifier': 'clean_sheets', 'points': 4, 'value': 1, 'points_modification': 0}, {'identifier': 'yellow_cards', 'points': -1, 'value': 1, 'points_modification': 0}]}]",False,Hill,2,4,40,Hill,DEF,5
78,3,2025-26,0,0,0,0,0,0,0,0,0,0,0,0,0,0.0,0.0,0.0,0.0,0,0,0,0,0,0.0,0.0,0.0,0.0,0,False,"[{'fixture': 29, 'stats': [{'identifier': 'minutes', 'points': 0, 'value': 0, 'points_modification': 0}]}]",False,J.Araujo,2,4,40,J.Araujo,DEF,0
79,3,2025-26,0,0,0,0,0,0,0,0,0,0,0,0,0,0.0,0.0,0.0,0.0,0,0,0,0,0,0.0,0.0,0.0,0.0,0,False,"[{'fixture': 29, 'stats': [{'identifier': 'minutes', 'points': 0, 'value': 0, 'points_modification': 0}]}]",False,Mepham,2,4,40,Mepham,DEF,0
80,3,2025-26,0,0,0,0,0,0,0,0,0,0,0,0,0,0.0,0.0,0.0,0.0,0,0,0,0,0,0.0,0.0,0.0,0.0,0,False,"[{'fixture': 29, 'stats': [{'identifier': 'minutes', 'points': 0, 'value': 0, 'points_modification': 0}]}]",False,Soler,2,4,40,Soler,DEF,0
81,3,2025-26,9,0,0,0,0,0,0,0,0,0,0,0,1,0.8,3.3,2.0,0.6,0,1,0,1,0,0.0,0.0,0.0,0.07,1,False,"[{'fixture': 29, 'stats': [{'identifier': 'minutes', 'points': 1, 'value': 9, 'points_modification': 0}]}]",False,Kluivert,3,4,70,Kluivert,MID,1
82,3,2025-26,90,0,0,1,0,0,0,0,1,0,0,0,4,11.6,23.4,30.0,6.5,0,8,2,10,1,0.21,0.06,0.27,0.19,2,False,"[{'fixture': 29, 'stats': [{'identifier': 'minutes', 'points': 2, 'value': 90, 'points_modification': 0}, {'identifier': 'clean_sheets', 'points': 1, 'value': 1, 'points_modification': 0}, {'identifier': 'yellow_cards', 'points': -1, 'value': 1, 'points_modification': 0}]}]",False,Semenyo,3,4,77,Semenyo,MID,2
83,3,2025-26,90,0,0,0,2,0,0,0,0,0,0,0,6,7.2,0.7,19.0,2.7,4,3,0,7,1,0.08,0.0,0.08,1.54,2,False,"[{'fixture': 28, 'stats': [{'identifier': 'minutes', 'points': 2, 'value': 90, 'points_modification': 0}]}]",False,O.Dango,3,5,60,O.Dango,MID,2
84,3,2025-26,80,0,0,1,0,0,0,0,0,0,0,0,0,4.4,17.3,19.0,4.1,0,2,3,5,1,0.31,0.05,0.36,0.12,3,False,"[{'fixture': 29, 'stats': [{'identifier': 'minutes', 'points': 2, 'value': 80, 'points_modification': 0}, {'identifier': 'clean_sheets', 'points': 1, 'value': 1, 'points_modification': 0}]}]",False,Tavernier,3,4,55,Tavernier,MID,3
85,3,2025-26,90,0,0,1,0,0,0,0,1,0,0,0,14,11.2,1.8,17.0,3.0,3,7,2,12,1,0.03,0.01,0.04,0.19,4,False,"[{'fixture': 29, 'stats': [{'identifier': 'minutes', 'points': 2, 'value': 90, 'points_modification': 0}, {'identifier': 'clean_sheets', 'points': 1, 'value': 1, 'points_modification': 0}, {'identifier': 'yellow_cards', 'points': -1, 'value': 1, 'points_modification': 0}, {'identifier': 'defensive_contribution', 'points': 2, 'value': 12, 'points_modification': 0}]}]",False,Adams,3,4,50,Adams,MID,4
86,3,2025-26,63,0,0,1,0,0,0,0,0,0,0,1,24,18.6,25.1,37.0,8.1,0,1,4,5,1,0.34,0.32,0.66,0.01,4,False,"[{'fixture': 29, 'stats': [{'identifier': 'minutes', 'points': 2, 'value': 63, 'points_modification': 0}, {'identifier': 'clean_sheets', 'points': 1, 'value': 1, 'points_modification': 0}, {'identifier': 'bonus', 'points': 1, 'value': 1, 'points_modification': 0}]}]",False,Brooks,3,4,50,Brooks,MID,4
87,3,2025-26,27,0,0,0,0,0,0,0,0,0,0,0,10,10.4,0.3,2.0,1.3,2,3,4,9,0,0.0,0.0,0.0,0.18,1,False,"[{'fixture': 29, 'stats': [{'identifier': 'minutes', 'points': 1, 'value': 27, 'points_modification': 0}]}]",False,Christie,3,4,50,Christie,MID,1
88,3,2025-26,0,0,0,0,0,0,0,0,0,0,0,0,0,0.0,0.0,0.0,0.0,0,0,0,0,0,0.0,0.0,0.0,0.0,0,False,"[{'fixture': 29, 'stats': [{'identifier': 'minutes', 'points': 0, 'value': 0, 'points_modification': 0}]}]",False,Cook,3,4,49,Cook,MID,0
89,3,2025-26,0,0,0,0,0,0,0,0,0,0,0,0,0,0.0,0.0,0.0,0.0,0,0,0,0,0,0.0,0.0,0.0,0.0,0,False,"[{'fixture': 29, 'stats': [{'identifier': 'minutes', 'points': 0, 'value': 0, 'points_modification': 0}]}]",False,Philip,3,4,49,Philip,MID,0
90,3,2025-26,62,0,0,1,0,0,0,0,0,0,0,0,14,12.2,30.4,5.0,4.8,2,3,2,7,1,0.05,0.13,0.18,0.01,3,False,"[{'fixture': 29, 'stats': [{'identifier': 'minutes', 'points': 2, 'value': 62, 'points_modification': 0}, {'identifier': 'clean_sheets', 'points': 1, 'value': 1, 'points_modification': 0}]}]",False,Scott,3,4,50,Scott,MID,3
91,3,2025-26,0,0,0,0,0,0,0,0,0,0,0,0,0,0.0,0.0,0.0,0.0,0,0,0,0,0,0.0,0.0,0.0,0.0,0,False,"[{'fixture': 29, 'stats': [{'identifier': 'minutes', 'points': 0, 'value': 0, 'points_modification': 0}]}]",False,Sinisterra,3,4,50,Sinisterra,MID,0
92,3,2025-26,0,0,0,0,0,0,0,0,0,0,0,0,0,0.0,0.0,0.0,0.0,0,0,0,0,0,0.0,0.0,0.0,0.0,0,False,"[{'fixture': 29, 'stats': [{'identifier': 'minutes', 'points': 0, 'value': 0, 'points_modification': 0}]}]",False,Faivre,3,4,45,Faivre,MID,0
93,3,2025-26,0,0,0,0,0,0,0,0,0,0,0,0,0,0.0,0.0,0.0,0.0,0,0,0,0,0,0.0,0.0,0.0,0.0,0,False,"[{'fixture': 29, 'stats': [{'identifier': 'minutes', 'points': 0, 'value': 0, 'points_modification': 0}]}]",False,H.Traorè,3,4,45,H.Traorè,MID,0
94,3,2025-26,0,0,0,0,0,0,0,0,0,0,0,0,0,0.0,0.0,0.0,0.0,0,0,0,0,0,0.0,0.0,0.0,0.0,0,False,"[{'fixture': 29, 'stats': [{'identifier': 'minutes', 'points': 0, 'value': 0, 'points_modification': 0}]}]",False,Sadi,3,4,45,Sadi,MID,0
95,3,2025-26,0,0,0,0,0,0,0,0,0,0,0,0,0,0.0,0.0,0.0,0.0,0,0,0,0,0,0.0,0.0,0.0,0.0,0,False,"[{'fixture': 29, 'stats': [{'identifier': 'minutes', 'points': 0, 'value': 0, 'points_modification': 0}]}]",False,Silcott-Duberry,3,4,44,Silcott-Duberry,MID,0
96,3,2025-26,0,0,0,0,0,0,0,0,0,0,0,0,0,0.0,0.0,0.0,0.0,0,0,0,0,0,0.0,0.0,0.0,0.0,0,False,"[{'fixture': 29, 'stats': [{'identifier': 'minutes', 'points': 0, 'value': 0, 'points_modification': 0}]}]",False,Winterburn,3,4,45,Winterburn,MID,0
97,3,2025-26,80,1,0,1,0,0,0,0,0,0,0,2,34,40.6,21.7,63.0,12.5,2,3,0,5,1,0.5,0.06,0.56,0.12,8,False,"[{'fixture': 29, 'stats': [{'identifier': 'minutes', 'points': 2, 'value': 80, 'points_modification': 0}, {'identifier': 'goals_scored', 'points': 4, 'value': 1, 'points_modification': 0}, {'identifier': 'bonus', 'points': 2, 'value': 2, 'points_modification': 0}]}]",False,Evanilson,4,4,70,Evanilson,FWD,8
98,3,2025-26,0,0,0,0,0,0,0,0,0,0,0,0,0,0.0,0.0,0.0,0.0,0,0,0,0,0,0.0,0.0,0.0,0.0,0,False,"[{'fixture': 29, 'stats': [{'identifier': 'minutes', 'points': 0, 'value': 0, 'points_modification': 0}]}]",False,Enes Ünal,4,4,55,Enes Ünal,FWD,0
99,3,2025-26,0,0,0,0,0,0,0,0,0,0,0,0,0,0.0,0.0,0.0,0.0,0,0,0,0,0,0.0,0.0,0.0,0.0,0,False,"[{'fixture': 29, 'stats': [{'identifier': 'minutes', 'points': 0, 'value': 0, 'points_modification': 0}]}]",False,Adu-Adjei,4,4,44,Adu-Adjei,FWD,0
100,3,2025-26,9,0,0,0,0,0,0,0,0,0,0,0,3,0.0,0.0,0.0,0.0,0,1,0,1,0,0.0,0.0,0.0,0.07,1,False,"[{'fixture': 29, 'stats': [{'identifier': 'minutes', 'points': 1, 'value': 9, 'points_modification': 0}]}]",False,Kroupi.Jr,4,4,45,Kroupi.Jr,FWD,1
101,3,2025-26,90,0,0,0,2,0,0,0,0,0,1,0,2,12.8,0.0,0.0,1.3,0,4,0,0,1,0.0,0.0,0.0,1.54,1,False,"[{'fixture': 28, 'stats': [{'identifier': 'minutes', 'points': 2, 'value': 90, 'points_modification': 0}, {'identifier': 'goals_conceded', 'points': -1, 'value': 2, 'points_modification': 0}]}]",False,Kelleher,1,5,45,Kelleher,GK,1
102,3,2025-26,0,0,0,0,0,0,0,0,0,0,0,0,0,0.0,0.0,0.0,0.0,0,0,0,0,0,0.0,0.0,0.0,0.0,0,False,"[{'fixture': 28, 'stats': [{'identifier': 'minutes', 'points': 0, 'value': 0, 'points_modification': 0}]}]",False,Balcombe,1,5,40,Balcombe,GK,0
103,3,2025-26,0,0,0,0,0,0,0,0,0,0,0,0,0,0.0,0.0,0.0,0.0,0,0,0,0,0,0.0,0.0,0.0,0.0,0,False,"[{'fixture': 28, 'stats': [{'identifier': 'minutes', 'points': 0, 'value': 0, 'points_modification': 0}]}]",False,Cox,1,5,40,Cox,GK,0
104,3,2025-26,0,0,0,0,0,0,0,0,0,0,0,0,0,0.0,0.0,0.0,0.0,0,0,0,0,0,0.0,0.0,0.0,0.0,0,False,"[{'fixture': 28, 'stats': [{'identifier': 'minutes', 'points': 0, 'value': 0, 'points_modification': 0}]}]",False,Eyestone,1,5,40,Eyestone,GK,0
105,3,2025-26,0,0,0,0,0,0,0,0,0,0,0,0,0,0.0,0.0,0.0,0.0,0,0,0,0,0,0.0,0.0,0.0,0.0,0,False,"[{'fixture': 28, 'stats': [{'identifier': 'minutes', 'points': 0, 'value': 0, 'points_modification': 0}]}]",False,Valdimarsson,1,5,40,Valdimarsson,GK,0
106,3,2025-26,90,0,0,0,2,0,0,0,0,0,0,0,12,25.2,0.4,2.0,2.8,10,5,1,11,1,0.0,0.0,0.0,1.54,3,False,"[{'fixture': 28, 'stats': [{'identifier': 'minutes', 'points': 2, 'value': 90, 'points_modification': 0}, {'identifier': 'goals_conceded', 'points': -1, 'value': 2, 'points_modification': 0}, {'identifier': 'defensive_contribution', 'points': 2, 'value': 11, 'points_modification': 0}]}]",False,Collins,2,5,50,Collins,DEF,3
107,3,2025-26,71,0,0,1,0,0,0,0,0,0,0,0,21,8.8,0.3,0.0,0.9,3,5,2,5,1,0.0,0.0,0.0,0.48,6,False,"[{'fixture': 28, 'stats': [{'identifier': 'minutes', 'points': 2, 'value': 71, 'points_modification': 0}, {'identifier': 'clean_sheets', 'points': 4, 'value': 1, 'points_modification': 0}]}]",False,Lewis-Potter,2,5,50,Lewis-Potter,DEF,6
108,3,2025-26,0,0,0,0,0,0,0,0,0,0,0,0,0,0.0,0.0,0.0,0.0,0,0,0,0,0,0.0,0.0,0.0,0.0,0,False,"[{'fixture': 28, 'stats': [{'identifier': 'minutes', 'points': 0, 'value': 0, 'points_modification': 0}]}]",False,Ajer,2,5,44,Ajer,DEF,0
109,3,2025-26,18,0,0,0,2,0,0,0,1,0,0,0,-8,0.0,0.3,2.0,0.1,1,2,1,2,0,0.03,0.02,0.05,1.06,-1,False,"[{'fixture': 28, 'stats': [{'identifier': 'minutes', 'points': 1, 'value': 18, 'points_modification': 0}, {'identifier': 'goals_conceded', 'points': -1, 'value': 2, 'points_modification': 0}, {'identifier': 'yellow_cards', 'points': -1, 'value': 1, 'points_modification': 0}]}]",False,Henry,2,5,44,Henry,DEF,-1
110,3,2025-26,90,0,0,0,2,0,0,0,0,0,0,0,6,7.4,2.1,2.0,1.2,2,3,1,3,1,0.0,0.01,0.01,1.54,1,False,"[{'fixture': 28, 'stats': [{'identifier': 'minutes', 'points': 2, 'value': 90, 'points_modification': 0}, {'identifier': 'goals_conceded', 'points': -1, 'value': 2, 'points_modification': 0}]}]",False,Kayode,2,5,45,Kayode,DEF,1
111,3,2025-26,0,0,0,0,0,0,0,0,0,0,0,0,0,0.0,0.0,0.0,0.0,0,0,0,0,0,0.0,0.0,0.0,0.0,0,False,"[{'fixture': 28, 'stats': [{'identifier': 'minutes', 'points': 0, 'value': 0, 'points_modification': 0}]}]",False,Pinnock,2,5,44,Pinnock,DEF,0
112,3,2025-26,0,0,0,0,0,0,0,0,0,0,0,0,0,0.0,0.0,0.0,0.0,0,0,0,0,0,0.0,0.0,0.0,0.0,0,False,"[{'fixture': 28, 'stats': [{'identifier': 'minutes', 'points': 0, 'value': 0, 'points_modification': 0}]}]",False,Roerslev,2,5,45,Roerslev,DEF,0
113,3,2025-26,90,0,0,0,2,0,0,0,0,0,0,0,11,23.2,0.7,2.0,2.6,11,4,0,11,1,0.0,0.03,0.03,1.54,3,False,"[{'fixture': 28, 'stats': [{'identifier': 'minutes', 'points': 2, 'value': 90, 'points_modification': 0}, {'identifier': 'goals_conceded', 'points': -1, 'value': 2, 'points_modification': 0}, {'identifier': 'defensive_contribution', 'points': 2, 'value': 11, 'points_modification': 0}]}]",False,Van den Berg,2,5,45,Van den Berg,DEF,3
114,3,2025-26,0,0,0,0,0,0,0,0,0,0,0,0,0,0.0,0.0,0.0,0.0,0,0,0,0,0,0.0,0.0,0.0,0.0,0,False,"[{'fixture': 28, 'stats': [{'identifier': 'minutes', 'points': 0, 'value': 0, 'points_modification': 0}]}]",False,Arthur,2,5,40,Arthur,DEF,0
115,3,2025-26,0,0,0,0,0,0,0,0,0,0,0,0,0,0.0,0.0,0.0,0.0,0,0,0,0,0,0.0,0.0,0.0,0.0,0,False,"[{'fixture': 28, 'stats': [{'identifier': 'minutes', 'points': 0, 'value': 0, 'points_modification': 0}]}]",False,Fredrick,2,5,40,Fredrick,DEF,0
116,3,2025-26,0,0,0,0,0,0,0,0,0,0,0,0,0,0.0,0.0,0.0,0.0,0,0,0,0,0,0.0,0.0,0.0,0.0,0,False,"[{'fixture': 28, 'stats': [{'identifier': 'minutes', 'points': 0, 'value': 0, 'points_modification': 0}]}]",False,Hickey,2,5,40,Hickey,DEF,0
117,3,2025-26,0,0,0,0,0,0,0,0,0,0,0,0,0,0.0,0.0,0.0,0.0,0,0,0,0,0,0.0,0.0,0.0,0.0,0,False,"[{'fixture': 28, 'stats': [{'identifier': 'minutes', 'points': 0, 'value': 0, 'points_modification': 0}]}]",False,Ji-soo,2,5,39,Ji-soo,DEF,0
118,3,2025-26,0,0,0,0,0,0,0,0,0,0,0,0,0,0.0,0.0,0.0,0.0,0,0,0,0,0,0.0,0.0,0.0,0.0,0,False,"[{'fixture': 28, 'stats': [{'identifier': 'minutes', 'points': 0, 'value': 0, 'points_modification': 0}]}]",False,Meghoma,2,5,40,Meghoma,DEF,0
119,3,2025-26,90,1,0,0,2,0,0,0,0,0,0,3,39,48.2,78.2,50.0,17.6,0,1,0,1,1,0.66,0.66,1.32,1.2,10,False,"[{'fixture': 26, 'stats': [{'identifier': 'minutes', 'points': 2, 'value': 90, 'points_modification': 0}, {'identifier': 'goals_scored', 'points': 5, 'value': 1, 'points_modification': 0}, {'identifier': 'bonus', 'points': 3, 'value': 3, 'points_modification': 0}]}]",False,Mbeumo,3,14,81,Mbeumo,MID,10
120,3,2025-26,89,0,0,0,1,0,0,1,0,0,0,0,-6,6.6,0.7,29.0,3.6,1,2,1,4,1,0.95,0.0,0.95,1.41,0,False,"[{'fixture': 28, 'stats': [{'identifier': 'minutes', 'points': 2, 'value': 89, 'points_modification': 0}, {'identifier': 'penalties_missed', 'points': -2, 'value': 1, 'points_modification': 0}]}]",False,Schade,3,5,70,Schade,MID,0
121,3,2025-26,90,0,0,0,2,0,0,0,0,0,0,0,6,11.2,38.5,2.0,5.2,1,0,0,1,1,0.0,0.27,0.27,1.54,2,False,"[{'fixture': 28, 'stats': [{'identifier': 'minutes', 'points': 2, 'value': 90, 'points_modification': 0}]}]",False,Damsgaard,3,5,59,Damsgaard,MID,2
122,3,2025-26,0,0,0,0,0,0,0,0,0,0,0,0,0,0.0,0.0,0.0,0.0,0,0,0,0,0,0.0,0.0,0.0,0.0,0,False,"[{'fixture': 28, 'stats': [{'identifier': 'minutes', 'points': 0, 'value': 0, 'points_modification': 0}]}]",False,Milambo,3,5,53,Milambo,MID,0
123,3,2025-26,1,0,0,0,1,0,0,0,0,0,0,0,3,0.0,0.1,0.0,0.0,0,0,0,0,0,0.0,0.0,0.0,0.13,1,False,"[{'fixture': 28, 'stats': [{'identifier': 'minutes', 'points': 1, 'value': 1, 'points_modification': 0}]}]",False,Carvalho,3,5,49,Carvalho,MID,1
124,3,2025-26,70,0,0,1,0,0,0,0,0,0,0,0,9,3.8,6.7,0.0,1.1,2,3,0,5,1,0.0,0.01,0.01,0.48,3,False,"[{'fixture': 28, 'stats': [{'identifier': 'minutes', 'points': 2, 'value': 70, 'points_modification': 0}, {'identifier': 'clean_sheets', 'points': 1, 'value': 1, 'points_modification': 0}]}]",False,Henderson,3,5,50,Henderson,MID,3
125,3,2025-26,0,0,0,0,0,0,0,0,0,0,0,0,0,0.0,0.0,0.0,0.0,0,0,0,0,0,0.0,0.0,0.0,0.0,0,False,"[{'fixture': 28, 'stats': [{'identifier': 'minutes', 'points': 0, 'value': 0, 'points_modification': 0}]}]",False,Janelt,3,5,49,Janelt,MID,0
126,3,2025-26,0,0,0,0,0,0,0,0,0,0,0,0,0,0.0,0.0,0.0,0.0,0,0,0,0,0,0.0,0.0,0.0,0.0,0,False,"[{'fixture': 28, 'stats': [{'identifier': 'minutes', 'points': 0, 'value': 0, 'points_modification': 0}]}]",False,Jensen,3,5,49,Jensen,MID,0
127,3,2025-26,0,0,0,0,0,0,0,0,0,0,0,0,0,0.0,0.0,0.0,0.0,0,0,0,0,0,0.0,0.0,0.0,0.0,0,False,"[{'fixture': 28, 'stats': [{'identifier': 'minutes', 'points': 0, 'value': 0, 'points_modification': 0}]}]",False,Nunes,3,5,49,Nunes,MID,0
128,3,2025-26,19,0,1,0,2,0,0,0,0,0,0,0,16,20.0,12.0,2.0,3.4,0,0,1,1,0,0.0,0.36,0.36,1.06,4,False,"[{'fixture': 28, 'stats': [{'identifier': 'minutes', 'points': 1, 'value': 19, 'points_modification': 0}, {'identifier': 'assists', 'points': 3, 'value': 1, 'points_modification': 0}]}]",False,Onyeka,3,5,50,Onyeka,MID,4
129,3,2025-26,90,0,0,0,2,0,0,0,0,0,0,0,13,14.4,2.8,7.0,2.4,1,4,2,7,1,0.01,0.01,0.02,1.54,2,False,"[{'fixture': 28, 'stats': [{'identifier': 'minutes', 'points': 2, 'value': 90, 'points_modification': 0}]}]",False,Yarmoliuk,3,5,50,Yarmoliuk,MID,2
130,3,2025-26,0,0,0,0,0,0,0,0,0,0,0,0,0,0.0,0.0,0.0,0.0,0,0,0,0,0,0.0,0.0,0.0,0.0,0,False,"[{'fixture': 28, 'stats': [{'identifier': 'minutes', 'points': 0, 'value': 0, 'points_modification': 0}]}]",False,Donovan,3,5,45,Donovan,MID,0
131,3,2025-26,0,0,0,0,0,0,0,0,0,0,0,0,0,0.0,0.0,0.0,0.0,0,0,0,0,0,0.0,0.0,0.0,0.0,0,False,"[{'fixture': 28, 'stats': [{'identifier': 'minutes', 'points': 0, 'value': 0, 'points_modification': 0}]}]",False,Konak,3,5,44,Konak,MID,0
132,3,2025-26,0,0,0,0,0,0,0,0,0,0,0,0,0,0.0,0.0,0.0,0.0,0,0,0,0,0,0.0,0.0,0.0,0.0,0,False,"[{'fixture': 28, 'stats': [{'identifier': 'minutes', 'points': 0, 'value': 0, 'points_modification': 0}]}]",False,Maghoma,3,5,45,Maghoma,MID,0
133,3,2025-26,0,0,0,0,0,0,0,0,0,0,0,0,0,0.0,0.0,0.0,0.0,0,0,0,0,0,0.0,0.0,0.0,0.0,0,False,"[{'fixture': 28, 'stats': [{'identifier': 'minutes', 'points': 0, 'value': 0, 'points_modification': 0}]}]",False,Peart-Harris,3,5,45,Peart-Harris,MID,0
134,3,2025-26,0,0,0,0,0,0,0,0,0,0,0,0,0,0.0,0.0,0.0,0.0,0,0,0,0,0,0.0,0.0,0.0,0.0,0,False,"[{'fixture': 28, 'stats': [{'identifier': 'minutes', 'points': 0, 'value': 0, 'points_modification': 0}]}]",False,Trevitt,3,5,45,Trevitt,MID,0
135,3,2025-26,0,0,0,0,0,0,0,0,0,0,0,0,0,0.0,0.0,0.0,0.0,0,0,0,0,0,0.0,0.0,0.0,0.0,0,False,"[{'fixture': 28, 'stats': [{'identifier': 'minutes', 'points': 0, 'value': 0, 'points_modification': 0}]}]",False,Wissa,4,15,74,Wissa,FWD,0
136,3,2025-26,90,1,0,0,2,0,0,0,1,0,0,1,29,43.4,17.4,19.0,8.0,5,0,0,5,1,0.12,0.1,0.22,1.54,6,False,"[{'fixture': 28, 'stats': [{'identifier': 'minutes', 'points': 2, 'value': 90, 'points_modification': 0}, {'identifier': 'goals_scored', 'points': 4, 'value': 1, 'points_modification': 0}, {'identifier': 'yellow_cards', 'points': -1, 'value': 1, 'points_modification': 0}, {'identifier': 'bonus', 'points': 1, 'value': 1, 'points_modification': 0}]}]",False,Thiago,4,5,60,Thiago,FWD,6
137,3,2025-26,0,0,0,0,0,0,0,0,0,0,0,0,0,0.0,0.0,0.0,0.0,0,0,0,0,0,0.0,0.0,0.0,0.0,0,False,"[{'fixture': 28, 'stats': [{'identifier': 'minutes', 'points': 0, 'value': 0, 'points_modification': 0}]}]",False,Morgan,4,5,44,Morgan,FWD,0
138,3,2025-26,0,0,0,0,0,0,0,0,0,0,0,0,0,0.0,0.0,0.0,0.0,0,0,0,0,0,0.0,0.0,0.0,0.0,0,False,"[{'fixture': 22, 'stats': [{'identifier': 'minutes', 'points': 0, 'value': 0, 'points_modification': 0}]}]",False,Steele,1,6,44,Steele,GK,0
139,3,2025-26,90,0,0,0,1,0,0,0,0,0,2,0,11,20.2,0.0,0.0,2.0,0,10,0,0,1,0.0,0.0,0.0,1.82,2,False,"[{'fixture': 22, 'stats': [{'identifier': 'minutes', 'points': 2, 'value': 90, 'points_modification': 0}]}]",False,Verbruggen,1,6,45,Verbruggen,GK,2
140,3,2025-26,0,0,0,0,0,0,0,0,0,0,0,0,0,0.0,0.0,0.0,0.0,0,0,0,0,0,0.0,0.0,0.0,0.0,0,False,"[{'fixture': 22, 'stats': [{'identifier': 'minutes', 'points': 0, 'value': 0, 'points_modification': 0}]}]",False,McGill,1,6,40,McGill,GK,0
141,3,2025-26,0,0,0,0,0,0,0,0,0,0,0,0,0,0.0,0.0,0.0,0.0,0,0,0,0,0,0.0,0.0,0.0,0.0,0,False,"[{'fixture': 22, 'stats': [{'identifier': 'minutes', 'points': 0, 'value': 0, 'points_modification': 0}]}]",False,Rushworth,1,6,40,Rushworth,GK,0
142,3,2025-26,0,0,0,0,0,0,0,0,0,0,0,0,0,0.0,0.0,0.0,0.0,0,0,0,0,0,0.0,0.0,0.0,0.0,0,False,"[{'fixture': 22, 'stats': [{'identifier': 'minutes', 'points': 0, 'value': 0, 'points_modification': 0}]}]",False,Scherpen,1,6,40,Scherpen,GK,0
143,3,2025-26,0,0,0,0,0,0,0,0,0,0,0,0,0,0.0,0.0,0.0,0.0,0,0,0,0,0,0.0,0.0,0.0,0.0,0,False,"[{'fixture': 22, 'stats': [{'identifier': 'minutes', 'points': 0, 'value': 0, 'points_modification': 0}]}]",False,Boscagli,2,6,44,Boscagli,DEF,0
144,3,2025-26,1,0,0,0,0,0,0,0,0,0,0,0,3,0.0,0.0,0.0,0.0,0,0,0,0,0,0.0,0.0,0.0,0.06,1,False,"[{'fixture': 22, 'stats': [{'identifier': 'minutes', 'points': 1, 'value': 1, 'points_modification': 0}]}]",False,Coppola,2,6,44,Coppola,DEF,1
145,3,2025-26,90,0,0,0,1,0,0,0,0,0,0,0,12,4.8,9.8,2.0,1.7,2,8,1,3,1,0.0,0.36,0.36,1.82,2,False,"[{'fixture': 22, 'stats': [{'identifier': 'minutes', 'points': 2, 'value': 90, 'points_modification': 0}]}]",False,De Cuyper,2,6,44,De Cuyper,DEF,2
146,3,2025-26,90,0,1,0,1,0,0,0,0,0,0,0,16,4.2,0.5,11.0,1.6,3,3,0,3,1,0.09,0.01,0.1,1.82,5,False,"[{'fixture': 22, 'stats': [{'identifier': 'minutes', 'points': 2, 'value': 90, 'points_modification': 0}, {'identifier': 'assists', 'points': 3, 'value': 1, 'points_modification': 0}]}]",False,Dunk,2,6,45,Dunk,DEF,5
147,3,2025-26,0,0,0,0,0,0,0,0,0,0,0,0,0,0.0,0.0,0.0,0.0,0,0,0,0,0,0.0,0.0,0.0,0.0,0,False,"[{'fixture': 22, 'stats': [{'identifier': 'minutes', 'points': 0, 'value': 0, 'points_modification': 0}]}]",False,Estupiñan,2,6,45,Estupiñan,DEF,0
148,3,2025-26,0,0,0,0,0,0,0,0,0,0,0,0,0,0.0,0.0,0.0,0.0,0,0,0,0,0,0.0,0.0,0.0,0.0,0,False,"[{'fixture': 22, 'stats': [{'identifier': 'minutes', 'points': 0, 'value': 0, 'points_modification': 0}]}]",False,F.Kadıoğlu,2,6,44,F.Kadıoğlu,DEF,0
149,3,2025-26,0,0,0,0,0,0,0,0,0,0,0,0,0,0.0,0.0,0.0,0.0,0,0,0,0,0,0.0,0.0,0.0,0.0,0,False,"[{'fixture': 22, 'stats': [{'identifier': 'minutes', 'points': 0, 'value': 0, 'points_modification': 0}]}]",False,Igor,2,19,45,Igor,DEF,0
150,3,2025-26,0,0,0,0,0,0,0,0,0,0,0,0,0,0.0,0.0,0.0,0.0,0,0,0,0,0,0.0,0.0,0.0,0.0,0,False,"[{'fixture': 22, 'stats': [{'identifier': 'minutes', 'points': 0, 'value': 0, 'points_modification': 0}]}]",False,Lamptey,2,6,44,Lamptey,DEF,0
151,3,2025-26,90,0,0,0,1,0,0,0,1,0,0,0,4,17.2,0.4,33.0,5.1,4,5,1,5,1,0.29,0.0,0.29,1.82,1,False,"[{'fixture': 22, 'stats': [{'identifier': 'minutes', 'points': 2, 'value': 90, 'points_modification': 0}, {'identifier': 'yellow_cards', 'points': -1, 'value': 1, 'points_modification': 0}]}]",False,Van Hecke,2,6,44,Van Hecke,DEF,1
152,3,2025-26,90,0,0,0,1,0,0,0,1,0,0,0,5,8.2,3.3,2.0,1.4,2,0,3,5,1,0.0,0.0,0.0,1.82,1,False,"[{'fixture': 22, 'stats': [{'identifier': 'minutes', 'points': 2, 'value': 90, 'points_modification': 0}, {'identifier': 'yellow_cards', 'points': -1, 'value': 1, 'points_modification': 0}]}]",False,Veltman,2,6,44,Veltman,DEF,1
153,3,2025-26,0,0,0,0,0,0,0,0,0,0,0,0,0,0.0,0.0,0.0,0.0,0,0,0,0,0,0.0,0.0,0.0,0.0,0,False,"[{'fixture': 22, 'stats': [{'identifier': 'minutes', 'points': 0, 'value': 0, 'points_modification': 0}]}]",False,Webster,2,6,44,Webster,DEF,0
154,3,2025-26,0,0,0,0,0,0,0,0,0,0,0,0,0,0.0,0.0,0.0,0.0,0,0,0,0,0,0.0,0.0,0.0,0.0,0,False,"[{'fixture': 22, 'stats': [{'identifier': 'minutes', 'points': 0, 'value': 0, 'points_modification': 0}]}]",False,Cashin,2,6,40,Cashin,DEF,0
155,3,2025-26,0,0,0,0,0,0,0,0,0,0,0,0,0,0.0,0.0,0.0,0.0,0,0,0,0,0,0.0,0.0,0.0,0.0,0,False,"[{'fixture': 22, 'stats': [{'identifier': 'minutes', 'points': 0, 'value': 0, 'points_modification': 0}]}]",False,Slater,2,6,40,Slater,DEF,0
156,3,2025-26,0,0,0,0,0,0,0,0,0,0,0,0,0,0.0,0.0,0.0,0.0,0,0,0,0,0,0.0,0.0,0.0,0.0,0,False,"[{'fixture': 22, 'stats': [{'identifier': 'minutes', 'points': 0, 'value': 0, 'points_modification': 0}]}]",False,Tasker,2,6,40,Tasker,DEF,0
157,3,2025-26,90,0,1,0,1,0,0,0,0,0,0,0,21,27.4,33.3,12.0,7.3,3,2,2,7,1,0.08,0.04,0.12,1.82,5,False,"[{'fixture': 22, 'stats': [{'identifier': 'minutes', 'points': 2, 'value': 90, 'points_modification': 0}, {'identifier': 'assists', 'points': 3, 'value': 1, 'points_modification': 0}]}]",False,Mitoma,3,6,64,Mitoma,MID,5
158,3,2025-26,29,0,0,0,0,0,0,0,0,0,0,0,5,5.2,12.1,19.0,3.6,0,0,0,0,0,0.07,0.06,0.13,0.17,1,False,"[{'fixture': 22, 'stats': [{'identifier': 'minutes', 'points': 1, 'value': 29, 'points_modification': 0}]}]",False,Georginio,3,6,58,Georginio,MID,1
159,3,2025-26,0,0,0,0,0,0,0,0,0,0,0,0,0,0.0,0.0,0.0,0.0,0,0,0,0,0,0.0,0.0,0.0,0.0,0,False,"[{'fixture': 22, 'stats': [{'identifier': 'minutes', 'points': 0, 'value': 0, 'points_modification': 0}]}]",False,March,3,6,58,March,MID,0
160,3,2025-26,90,0,0,0,1,0,0,0,0,0,0,0,18,13.6,11.4,29.0,5.4,2,7,3,12,1,0.2,0.03,0.23,1.76,4,False,"[{'fixture': 22, 'stats': [{'identifier': 'minutes', 'points': 2, 'value': 90, 'points_modification': 0}, {'identifier': 'defensive_contribution', 'points': 2, 'value': 12, 'points_modification': 0}]}]",False,Minteh,3,6,59,Minteh,MID,4
161,3,2025-26,0,0,0,0,0,0,0,0,0,0,0,0,0,0.0,0.0,0.0,0.0,0,0,0,0,0,0.0,0.0,0.0,0.0,0,False,"[{'fixture': 22, 'stats': [{'identifier': 'minutes', 'points': 0, 'value': 0, 'points_modification': 0}]}]",False,Enciso,3,6,54,Enciso,MID,0
162,3,2025-26,29,1,0,0,0,0,0,0,0,0,0,2,27,39.2,10.4,35.0,8.5,0,2,0,2,0,0.78,0.0,0.78,0.17,8,False,"[{'fixture': 22, 'stats': [{'identifier': 'minutes', 'points': 1, 'value': 29, 'points_modification': 0}, {'identifier': 'goals_scored', 'points': 5, 'value': 1, 'points_modification': 0}, {'identifier': 'bonus', 'points': 2, 'value': 2, 'points_modification': 0}]}]",False,Gruda,3,6,54,Gruda,MID,8
163,3,2025-26,60,0,0,0,1,0,0,0,0,0,0,0,11,4.8,0.8,0.0,0.6,2,4,2,8,1,0.0,0.0,0.0,1.65,2,False,"[{'fixture': 22, 'stats': [{'identifier': 'minutes', 'points': 2, 'value': 60, 'points_modification': 0}]}]",False,Hinshelwood,3,6,52,Hinshelwood,MID,2
164,3,2025-26,0,0,0,0,0,0,0,0,0,0,0,0,0,0.0,0.0,0.0,0.0,0,0,0,0,0,0.0,0.0,0.0,0.0,0,False,"[{'fixture': 22, 'stats': [{'identifier': 'minutes', 'points': 0, 'value': 0, 'points_modification': 0}]}]",False,O'Riley,3,6,55,O'Riley,MID,0
165,3,2025-26,0,0,0,0,0,0,0,0,0,0,0,0,0,0.0,0.0,0.0,0.0,0,0,0,0,0,0.0,0.0,0.0,0.0,0,False,"[{'fixture': 22, 'stats': [{'identifier': 'minutes', 'points': 0, 'value': 0, 'points_modification': 0}]}]",False,Sima,3,6,54,Sima,MID,0
166,3,2025-26,29,0,0,0,0,0,0,0,0,0,0,0,3,6.8,24.7,0.0,3.2,1,1,1,3,0,0.0,0.01,0.01,0.17,1,False,"[{'fixture': 22, 'stats': [{'identifier': 'minutes', 'points': 1, 'value': 29, 'points_modification': 0}]}]",False,Ayari,3,6,49,Ayari,MID,1
167,3,2025-26,59,0,0,0,1,0,0,0,0,0,0,0,3,0.0,2.3,0.0,0.2,0,3,0,3,1,0.0,0.0,0.0,1.65,1,False,"[{'fixture': 22, 'stats': [{'identifier': 'minutes', 'points': 1, 'value': 59, 'points_modification': 0}]}]",False,Baleba,3,6,48,Baleba,MID,1
168,3,2025-26,0,0,0,0,0,0,0,0,0,0,0,0,0,0.0,0.0,0.0,0.0,0,0,0,0,0,0.0,0.0,0.0,0.0,0,False,"[{'fixture': 22, 'stats': [{'identifier': 'minutes', 'points': 0, 'value': 0, 'points_modification': 0}]}]",False,Buonanotte,3,7,48,Buonanotte,MID,0
169,3,2025-26,60,0,0,0,1,0,0,0,0,0,0,0,12,3.8,0.3,0.0,0.4,0,3,3,6,1,0.0,0.0,0.0,1.65,2,False,"[{'fixture': 22, 'stats': [{'identifier': 'minutes', 'points': 2, 'value': 60, 'points_modification': 0}]}]",False,Gomez,3,6,49,Gomez,MID,2
170,3,2025-26,30,1,0,0,0,0,0,0,0,0,0,0,19,35.6,0.4,17.0,5.3,0,1,1,2,0,0.79,0.01,0.8,0.17,6,False,"[{'fixture': 22, 'stats': [{'identifier': 'minutes', 'points': 1, 'value': 30, 'points_modification': 0}, {'identifier': 'goals_scored', 'points': 5, 'value': 1, 'points_modification': 0}]}]",False,Milner,3,6,50,Milner,MID,6
171,3,2025-26,0,0,0,0,0,0,0,0,0,0,0,0,0,0.0,0.0,0.0,0.0,0,0,0,0,0,0.0,0.0,0.0,0.0,0,False,"[{'fixture': 22, 'stats': [{'identifier': 'minutes', 'points': 0, 'value': 0, 'points_modification': 0}]}]",False,Sarmiento,3,6,49,Sarmiento,MID,0
172,3,2025-26,0,0,0,0,0,0,0,0,0,0,0,0,0,0.0,0.0,0.0,0.0,0,0,0,0,0,0.0,0.0,0.0,0.0,0,False,"[{'fixture': 22, 'stats': [{'identifier': 'minutes', 'points': 0, 'value': 0, 'points_modification': 0}]}]",False,Watson,3,6,49,Watson,MID,0
173,3,2025-26,0,0,0,0,0,0,0,0,0,0,0,0,0,0.0,0.0,0.0,0.0,0,0,0,0,0,0.0,0.0,0.0,0.0,0,False,"[{'fixture': 22, 'stats': [{'identifier': 'minutes', 'points': 0, 'value': 0, 'points_modification': 0}]}]",False,Wieffer,3,6,49,Wieffer,MID,0
174,3,2025-26,0,0,0,0,0,0,0,0,0,0,0,0,0,0.0,0.0,0.0,0.0,0,0,0,0,0,0.0,0.0,0.0,0.0,0,False,"[{'fixture': 22, 'stats': [{'identifier': 'minutes', 'points': 0, 'value': 0, 'points_modification': 0}]}]",False,Yalcouye,3,6,50,Yalcouye,MID,0
175,3,2025-26,0,0,0,0,0,0,0,0,0,0,0,0,0,0.0,0.0,0.0,0.0,0,0,0,0,0,0.0,0.0,0.0,0.0,0,False,"[{'fixture': 22, 'stats': [{'identifier': 'minutes', 'points': 0, 'value': 0, 'points_modification': 0}]}]",False,Knight,3,6,45,Knight,MID,0
176,3,2025-26,0,0,0,0,0,0,0,0,0,0,0,0,0,0.0,0.0,0.0,0.0,0,0,0,0,0,0.0,0.0,0.0,0.0,0,False,"[{'fixture': 22, 'stats': [{'identifier': 'minutes', 'points': 0, 'value': 0, 'points_modification': 0}]}]",False,Mazilu,3,6,45,Mazilu,MID,0
177,3,2025-26,0,0,0,0,0,0,0,0,0,0,0,0,0,0.0,0.0,0.0,0.0,0,0,0,0,0,0.0,0.0,0.0,0.0,0,False,"[{'fixture': 22, 'stats': [{'identifier': 'minutes', 'points': 0, 'value': 0, 'points_modification': 0}]}]",False,Moran,3,6,45,Moran,MID,0
178,3,2025-26,60,0,0,0,1,0,0,0,0,0,0,0,6,0.4,16.5,2.0,1.9,0,2,0,2,1,0.0,0.17,0.17,1.65,2,False,"[{'fixture': 22, 'stats': [{'identifier': 'minutes', 'points': 2, 'value': 60, 'points_modification': 0}]}]",False,Welbeck,4,6,63,Welbeck,FWD,2
179,3,2025-26,0,0,0,0,0,0,0,0,0,0,0,0,0,0.0,0.0,0.0,0.0,0,0,0,0,0,0.0,0.0,0.0,0.0,0,False,"[{'fixture': 22, 'stats': [{'identifier': 'minutes', 'points': 0, 'value': 0, 'points_modification': 0}]}]",False,Ferguson,4,6,55,Ferguson,FWD,0
180,3,2025-26,0,0,0,0,0,0,0,0,0,0,0,0,0,0.0,0.0,0.0,0.0,0,0,0,0,0,0.0,0.0,0.0,0.0,0,False,"[{'fixture': 22, 'stats': [{'identifier': 'minutes', 'points': 0, 'value': 0, 'points_modification': 0}]}]",False,Tzimas,4,6,54,Tzimas,FWD,0
181,3,2025-26,0,0,0,0,0,0,0,0,0,0,0,0,0,0.0,0.0,0.0,0.0,0,0,0,0,0,0.0,0.0,0.0,0.0,0,False,"[{'fixture': 22, 'stats': [{'identifier': 'minutes', 'points': 0, 'value': 0, 'points_modification': 0}]}]",False,Kostoulas,4,6,49,Kostoulas,FWD,0
182,3,2025-26,90,0,0,0,2,0,0,0,0,0,5,0,18,40.6,0.0,0.0,4.1,1,13,0,0,1,0.0,0.0,0.0,2.3,2,False,"[{'fixture': 22, 'stats': [{'identifier': 'minutes', 'points': 2, 'value': 90, 'points_modification': 0}, {'identifier': 'goals_conceded', 'points': -1, 'value': 2, 'points_modification': 0}, {'identifier': 'saves', 'points': 1, 'value': 5, 'points_modification': 0}]}]",False,Trafford,1,13,48,Trafford,GK,2
183,3,2025-26,0,0,0,0,0,0,0,0,0,0,0,0,0,0.0,0.0,0.0,0.0,0,0,0,0,0,0.0,0.0,0.0,0.0,0,False,"[{'fixture': 26, 'stats': [{'identifier': 'minutes', 'points': 0, 'value': 0, 'points_modification': 0}]}]",False,Weiss,1,3,44,Weiss,GK,0
184,3,2025-26,0,0,0,0,0,0,0,0,0,0,0,0,0,0.0,0.0,0.0,0.0,0,0,0,0,0,0.0,0.0,0.0,0.0,0,False,"[{'fixture': 26, 'stats': [{'identifier': 'minutes', 'points': 0, 'value': 0, 'points_modification': 0}]}]",False,Green,1,3,40,Green,GK,0
185,3,2025-26,0,0,0,0,0,0,0,0,0,0,0,0,0,0.0,0.0,0.0,0.0,0,0,0,0,0,0.0,0.0,0.0,0.0,0,False,"[{'fixture': 26, 'stats': [{'identifier': 'minutes', 'points': 0, 'value': 0, 'points_modification': 0}]}]",False,Hladký,1,3,40,Hladký,GK,0
186,3,2025-26,0,0,0,0,0,0,0,0,0,0,0,0,0,0.0,0.0,0.0,0.0,0,0,0,0,0,0.0,0.0,0.0,0.0,0,False,"[{'fixture': 26, 'stats': [{'identifier': 'minutes', 'points': 0, 'value': 0, 'points_modification': 0}]}]",False,Roberts,2,3,44,Roberts,DEF,0
187,3,2025-26,90,0,0,0,3,0,0,0,1,0,0,0,-1,15.4,4.3,0.0,2.0,4,3,3,7,1,0.0,0.1,0.1,3.63,0,False,"[{'fixture': 26, 'stats': [{'identifier': 'minutes', 'points': 2, 'value': 90, 'points_modification': 0}, {'identifier': 'goals_conceded', 'points': -1, 'value': 3, 'points_modification': 0}, {'identifier': 'yellow_cards', 'points': -1, 'value': 1, 'points_modification': 0}]}]",False,Walker,2,3,45,Walker,DEF,0
188,3,2025-26,0,0,0,0,0,0,0,0,0,0,0,0,0,0.0,0.0,0.0,0.0,0,0,0,0,0,0.0,0.0,0.0,0.0,0,False,"[{'fixture': 26, 'stats': [{'identifier': 'minutes', 'points': 0, 'value': 0, 'points_modification': 0}]}]",False,Delcroix,2,3,39,Delcroix,DEF,0
189,3,2025-26,0,0,0,0,0,0,0,0,0,0,0,0,0,0.0,0.0,0.0,0.0,0,0,0,0,0,0.0,0.0,0.0,0.0,0,False,"[{'fixture': 26, 'stats': [{'identifier': 'minutes', 'points': 0, 'value': 0, 'points_modification': 0}]}]",False,Dodgson,2,3,40,Dodgson,DEF,0
190,3,2025-26,82,0,0,0,2,0,0,0,0,0,0,0,11,24.6,0.3,2.0,2.7,10,6,2,12,1,0.0,0.0,0.0,2.57,3,False,"[{'fixture': 26, 'stats': [{'identifier': 'minutes', 'points': 2, 'value': 82, 'points_modification': 0}, {'identifier': 'goals_conceded', 'points': -1, 'value': 2, 'points_modification': 0}, {'identifier': 'defensive_contribution', 'points': 2, 'value': 12, 'points_modification': 0}]}]",False,Ekdal,2,3,40,Ekdal,DEF,3
191,3,2025-26,90,0,0,0,3,0,0,0,0,0,0,0,-2,16.4,0.2,2.0,1.9,7,1,1,8,1,0.0,0.0,0.0,3.63,1,False,"[{'fixture': 26, 'stats': [{'identifier': 'minutes', 'points': 2, 'value': 90, 'points_modification': 0}, {'identifier': 'goals_conceded', 'points': -1, 'value': 3, 'points_modification': 0}]}]",False,Estève,2,3,40,Estève,DEF,1
192,3,2025-26,90,0,0,0,3,0,0,0,0,0,0,0,2,19.6,1.8,7.0,2.8,7,3,2,9,1,0.09,0.0,0.09,3.63,1,False,"[{'fixture': 26, 'stats': [{'identifier': 'minutes', 'points': 2, 'value': 90, 'points_modification': 0}, {'identifier': 'goals_conceded', 'points': -1, 'value': 3, 'points_modification': 0}]}]",False,Hartman,2,3,40,Hartman,DEF,1
193,3,2025-26,0,0,0,0,0,0,0,0,0,0,0,0,0,0.0,0.0,0.0,0.0,0,0,0,0,0,0.0,0.0,0.0,0.0,0,False,"[{'fixture': 26, 'stats': [{'identifier': 'minutes', 'points': 0, 'value': 0, 'points_modification': 0}]}]",False,Humphreys,2,3,40,Humphreys,DEF,0
194,3,2025-26,0,0,0,0,0,0,0,0,0,0,0,0,0,0.0,0.0,0.0,0.0,0,0,0,0,0,0.0,0.0,0.0,0.0,0,False,"[{'fixture': 26, 'stats': [{'identifier': 'minutes', 'points': 0, 'value': 0, 'points_modification': 0}]}]",False,Jordan,2,3,40,Jordan,DEF,0
195,3,2025-26,0,0,0,0,0,0,0,0,0,0,0,0,0,0.0,0.0,0.0,0.0,0,0,0,0,0,0.0,0.0,0.0,0.0,0,False,"[{'fixture': 26, 'stats': [{'identifier': 'minutes', 'points': 0, 'value': 0, 'points_modification': 0}]}]",False,Lucas Pires,2,3,39,Lucas Pires,DEF,0
196,3,2025-26,0,0,0,0,0,0,0,0,0,0,0,0,0,0.0,0.0,0.0,0.0,0,0,0,0,0,0.0,0.0,0.0,0.0,0,False,"[{'fixture': 26, 'stats': [{'identifier': 'minutes', 'points': 0, 'value': 0, 'points_modification': 0}]}]",False,Sambo,2,3,40,Sambo,DEF,0
197,3,2025-26,8,0,0,0,1,0,0,0,0,0,0,0,1,3.0,0.0,0.0,0.3,1,0,1,2,0,0.0,0.0,0.0,1.06,1,False,"[{'fixture': 26, 'stats': [{'identifier': 'minutes', 'points': 1, 'value': 8, 'points_modification': 0}]}]",False,Sonne,2,3,40,Sonne,DEF,1
198,3,2025-26,0,0,0,0,0,0,0,0,0,0,0,0,0,0.0,0.0,0.0,0.0,0,0,0,0,0,0.0,0.0,0.0,0.0,0,False,"[{'fixture': 26, 'stats': [{'identifier': 'minutes', 'points': 0, 'value': 0, 'points_modification': 0}]}]",False,Tuanzebe,2,3,39,Tuanzebe,DEF,0
199,3,2025-26,7,0,0,0,1,0,0,0,0,0,0,0,1,3.0,0.0,0.0,0.3,2,1,0,2,0,0.0,0.0,0.0,1.06,1,False,"[{'fixture': 26, 'stats': [{'identifier': 'minutes', 'points': 1, 'value': 7, 'points_modification': 0}]}]",False,Worrall,2,3,40,Worrall,DEF,1
200,3,2025-26,90,1,0,0,3,0,0,0,1,0,0,0,21,40.8,0.8,35.0,7.7,4,2,0,6,1,0.38,0.01,0.39,3.63,6,False,"[{'fixture': 26, 'stats': [{'identifier': 'minutes', 'points': 2, 'value': 90, 'points_modification': 0}, {'identifier': 'goals_scored', 'points': 5, 'value': 1, 'points_modification': 0}, {'identifier': 'yellow_cards', 'points': -1, 'value': 1, 'points_modification': 0}]}]",False,Anthony,3,3,56,Anthony,MID,6
201,3,2025-26,0,0,0,0,0,0,0,0,0,0,0,0,0,0.0,0.0,0.0,0.0,0,0,0,0,0,0.0,0.0,0.0,0.0,0,False,"[{'fixture': 26, 'stats': [{'identifier': 'minutes', 'points': 0, 'value': 0, 'points_modification': 0}]}]",False,Benson,3,3,54,Benson,MID,0
202,3,2025-26,81,0,1,0,2,0,0,0,0,0,0,0,22,29.2,26.6,8.0,6.4,4,2,1,7,1,0.03,0.32,0.35,2.57,5,False,"[{'fixture': 26, 'stats': [{'identifier': 'minutes', 'points': 2, 'value': 81, 'points_modification': 0}, {'identifier': 'assists', 'points': 3, 'value': 1, 'points_modification': 0}]}]",False,Bruun Larsen,3,3,54,Bruun Larsen,MID,5
203,3,2025-26,0,0,0,0,0,0,0,0,0,0,0,0,0,0.0,0.0,0.0,0.0,0,0,0,0,0,0.0,0.0,0.0,0.0,0,False,"[{'fixture': 26, 'stats': [{'identifier': 'minutes', 'points': 0, 'value': 0, 'points_modification': 0}]}]",False,Boateng,3,3,49,Boateng,MID,0
204,3,2025-26,0,0,0,0,0,0,0,0,0,0,0,0,0,0.0,0.0,0.0,0.0,0,0,0,0,0,0.0,0.0,0.0,0.0,0,False,"[{'fixture': 26, 'stats': [{'identifier': 'minutes', 'points': 0, 'value': 0, 'points_modification': 0}]}]",False,Churlinov,3,3,49,Churlinov,MID,0
205,3,2025-26,90,0,0,0,3,1,0,0,0,0,0,0,7,15.4,3.3,0.0,1.9,7,5,2,14,1,0.0,0.05,0.05,3.63,2,False,"[{'fixture': 26, 'stats': [{'identifier': 'minutes', 'points': 2, 'value': 90, 'points_modification': 0}, {'identifier': 'own_goals', 'points': -2, 'value': 1, 'points_modification': 0}, {'identifier': 'defensive_contribution', 'points': 2, 'value': 14, 'points_modification': 0}]}]",False,Cullen,3,3,50,Cullen,MID,2
206,3,2025-26,0,0,0,0,0,0,0,0,0,0,0,0,0,0.0,0.0,0.0,0.0,0,0,0,0,0,0.0,0.0,0.0,0.0,0,False,"[{'fixture': 26, 'stats': [{'identifier': 'minutes', 'points': 0, 'value': 0, 'points_modification': 0}]}]",False,Edwards,3,3,48,Edwards,MID,0
207,3,2025-26,64,0,0,0,2,0,0,0,0,0,0,0,7,2.8,6.1,4.0,1.3,1,0,2,3,1,0.11,0.0,0.11,2.38,2,False,"[{'fixture': 26, 'stats': [{'identifier': 'minutes', 'points': 2, 'value': 64, 'points_modification': 0}]}]",False,Hannibal,3,3,50,Hannibal,MID,2
208,3,2025-26,0,0,0,0,0,0,0,0,0,0,0,0,0,0.0,0.0,0.0,0.0,0,0,0,0,0,0.0,0.0,0.0,0.0,0,False,"[{'fixture': 26, 'stats': [{'identifier': 'minutes', 'points': 0, 'value': 0, 'points_modification': 0}]}]",False,Koleosho,3,3,50,Koleosho,MID,0
209,3,2025-26,14,0,0,0,1,0,0,0,1,0,0,0,1,2.4,0.1,2.0,0.5,2,2,0,4,0,0.0,0.0,0.0,1.13,0,False,"[{'fixture': 26, 'stats': [{'identifier': 'minutes', 'points': 1, 'value': 14, 'points_modification': 0}, {'identifier': 'yellow_cards', 'points': -1, 'value': 1, 'points_modification': 0}]}]",False,Laurent,3,3,49,Laurent,MID,0
210,3,2025-26,25,0,1,0,1,0,0,0,1,0,0,0,12,4.2,1.3,17.0,2.3,0,0,1,1,0,0.13,0.0,0.13,1.25,3,False,"[{'fixture': 26, 'stats': [{'identifier': 'minutes', 'points': 1, 'value': 25, 'points_modification': 0}, {'identifier': 'assists', 'points': 3, 'value': 1, 'points_modification': 0}, {'identifier': 'yellow_cards', 'points': -1, 'value': 1, 'points_modification': 0}]}]",False,Tchaouna,3,3,49,Tchaouna,MID,3
211,3,2025-26,0,0,0,0,0,0,0,0,0,0,0,0,0,0.0,0.0,0.0,0.0,0,0,0,0,0,0.0,0.0,0.0,0.0,0,False,"[{'fixture': 26, 'stats': [{'identifier': 'minutes', 'points': 0, 'value': 0, 'points_modification': 0}]}]",False,A.Ramsey,3,3,44,A.Ramsey,MID,0
212,3,2025-26,0,0,0,0,0,0,0,0,0,0,0,0,0,0.0,0.0,0.0,0.0,0,0,0,0,0,0.0,0.0,0.0,0.0,0,False,"[{'fixture': 26, 'stats': [{'identifier': 'minutes', 'points': 0, 'value': 0, 'points_modification': 0}]}]",False,Adewumi,3,3,45,Adewumi,MID,0
213,3,2025-26,0,0,0,0,0,0,0,0,0,0,0,0,0,0.0,0.0,0.0,0.0,0,0,0,0,0,0.0,0.0,0.0,0.0,0,False,"[{'fixture': 26, 'stats': [{'identifier': 'minutes', 'points': 0, 'value': 0, 'points_modification': 0}]}]",False,Banel,3,3,45,Banel,MID,0
214,3,2025-26,0,0,0,0,0,0,0,0,0,0,0,0,0,0.0,0.0,0.0,0.0,0,0,0,0,0,0.0,0.0,0.0,0.0,0,False,"[{'fixture': 26, 'stats': [{'identifier': 'minutes', 'points': 0, 'value': 0, 'points_modification': 0}]}]",False,Trésor,3,3,44,Trésor,MID,0
215,3,2025-26,0,0,0,0,0,0,0,0,0,0,0,0,0,0.0,0.0,0.0,0.0,0,0,0,0,0,0.0,0.0,0.0,0.0,0,False,"[{'fixture': 26, 'stats': [{'identifier': 'minutes', 'points': 0, 'value': 0, 'points_modification': 0}]}]",False,Flemming,4,3,54,Flemming,FWD,0
216,3,2025-26,0,0,0,0,0,0,0,0,0,0,0,0,0,0.0,0.0,0.0,0.0,0,0,0,0,0,0.0,0.0,0.0,0.0,0,False,"[{'fixture': 26, 'stats': [{'identifier': 'minutes', 'points': 0, 'value': 0, 'points_modification': 0}]}]",False,Amdouni,4,3,49,Amdouni,FWD,0
217,3,2025-26,90,1,0,0,3,0,0,0,1,0,0,1,27,39.2,3.3,25.0,6.8,1,4,1,6,1,0.51,0.0,0.51,3.63,6,False,"[{'fixture': 26, 'stats': [{'identifier': 'minutes', 'points': 2, 'value': 90, 'points_modification': 0}, {'identifier': 'goals_scored', 'points': 4, 'value': 1, 'points_modification': 0}, {'identifier': 'yellow_cards', 'points': -1, 'value': 1, 'points_modification': 0}, {'identifier': 'bonus', 'points': 1, 'value': 1, 'points_modification': 0}]}]",False,Foster,4,3,50,Foster,FWD,6
218,3,2025-26,0,0,0,0,0,0,0,0,0,0,0,0,0,0.0,0.0,0.0,0.0,0,0,0,0,0,0.0,0.0,0.0,0.0,0,False,"[{'fixture': 26, 'stats': [{'identifier': 'minutes', 'points': 0, 'value': 0, 'points_modification': 0}]}]",False,Barnes,4,3,44,Barnes,FWD,0
219,3,2025-26,0,0,0,0,0,0,0,0,0,0,0,0,0,0.0,0.0,0.0,0.0,0,0,0,0,0,0.0,0.0,0.0,0.0,0,False,"[{'fixture': 26, 'stats': [{'identifier': 'minutes', 'points': 0, 'value': 0, 'points_modification': 0}]}]",False,Obafemi,4,3,44,Obafemi,FWD,0
220,3,2025-26,90,0,0,1,0,0,0,0,0,0,1,0,22,7.2,0.0,0.0,0.7,0,6,0,0,1,0.0,0.0,0.0,1.02,6,False,"[{'fixture': 23, 'stats': [{'identifier': 'minutes', 'points': 2, 'value': 90, 'points_modification': 0}, {'identifier': 'clean_sheets', 'points': 4, 'value': 1, 'points_modification': 0}]}]",False,Sánchez,1,7,49,Sánchez,GK,6
221,3,2025-26,0,0,0,0,0,0,0,0,0,0,0,0,0,0.0,0.0,0.0,0.0,0,0,0,0,0,0.0,0.0,0.0,0.0,0,False,"[{'fixture': 23, 'stats': [{'identifier': 'minutes', 'points': 0, 'value': 0, 'points_modification': 0}]}]",False,Jörgensen,1,7,44,Jörgensen,GK,0
222,3,2025-26,0,0,0,0,0,0,0,0,0,0,0,0,0,0.0,0.0,0.0,0.0,0,0,0,0,0,0.0,0.0,0.0,0.0,0,False,"[{'fixture': 23, 'stats': [{'identifier': 'minutes', 'points': 0, 'value': 0, 'points_modification': 0}]}]",False,Penders,1,7,40,Penders,GK,0
223,3,2025-26,0,0,0,0,0,0,0,0,0,0,0,0,0,0.0,0.0,0.0,0.0,0,0,0,0,0,0.0,0.0,0.0,0.0,0,False,"[{'fixture': 23, 'stats': [{'identifier': 'minutes', 'points': 0, 'value': 0, 'points_modification': 0}]}]",False,Slonina,1,7,40,Slonina,GK,0
224,3,2025-26,90,0,0,1,0,0,0,0,0,0,0,0,31,25.0,26.5,0.0,5.2,6,3,3,9,1,0.0,0.03,0.03,1.02,6,False,"[{'fixture': 23, 'stats': [{'identifier': 'minutes', 'points': 2, 'value': 90, 'points_modification': 0}, {'identifier': 'clean_sheets', 'points': 4, 'value': 1, 'points_modification': 0}]}]",False,Cucurella,2,7,62,Cucurella,DEF,6
225,3,2025-26,9,0,0,0,0,0,0,0,0,0,0,0,4,3.4,0.3,7.0,1.1,0,0,0,0,0,0.04,0.0,0.04,0.68,1,False,"[{'fixture': 23, 'stats': [{'identifier': 'minutes', 'points': 1, 'value': 9, 'points_modification': 0}]}]",False,James,2,7,54,James,DEF,1
226,3,2025-26,90,0,1,1,0,0,0,0,0,0,0,2,43,26.4,8.6,17.0,5.2,6,2,5,11,1,0.12,0.21,0.33,1.02,13,True,"[{'fixture': 23, 'stats': [{'identifier': 'minutes', 'points': 2, 'value': 90, 'points_modification': 0}, {'identifier': 'assists', 'points': 3, 'value': 1, 'points_modification': 0}, {'identifier': 'clean_sheets', 'points': 4, 'value': 1, 'points_modification': 0}, {'identifier': 'bonus', 'points': 2, 'value': 2, 'points_modification': 0}, {'identifier': 'defensive_contribution', 'points': 2, 'value': 11, 'points_modification': 0}]}]",False,Chalobah,2,7,52,Chalobah,DEF,13
227,3,2025-26,0,0,0,0,0,0,0,0,0,0,0,0,0,0.0,0.0,0.0,0.0,0,0,0,0,0,0.0,0.0,0.0,0.0,0,False,"[{'fixture': 23, 'stats': [{'identifier': 'minutes', 'points': 0, 'value': 0, 'points_modification': 0}]}]",False,Colwill,2,7,48,Colwill,DEF,0
228,3,2025-26,90,0,0,1,0,0,0,0,0,0,0,0,30,13.8,15.5,4.0,3.3,3,7,2,5,1,0.0,0.05,0.05,1.02,6,False,"[{'fixture': 23, 'stats': [{'identifier': 'minutes', 'points': 2, 'value': 90, 'points_modification': 0}, {'identifier': 'clean_sheets', 'points': 4, 'value': 1, 'points_modification': 0}]}]",False,Gusto,2,7,49,Gusto,DEF,6
229,3,2025-26,0,0,0,0,0,0,0,0,0,0,0,0,0,0.0,0.0,0.0,0.0,0,0,0,0,0,0.0,0.0,0.0,0.0,0,False,"[{'fixture': 23, 'stats': [{'identifier': 'minutes', 'points': 0, 'value': 0, 'points_modification': 0}]}]",False,B.Badiashile,2,7,44,B.Badiashile,DEF,0
230,3,2025-26,0,0,0,0,0,0,0,0,0,0,0,0,0,0.0,0.0,0.0,0.0,0,0,0,0,0,0.0,0.0,0.0,0.0,0,False,"[{'fixture': 23, 'stats': [{'identifier': 'minutes', 'points': 0, 'value': 0, 'points_modification': 0}]}]",False,Fofana,2,7,44,Fofana,DEF,0
231,3,2025-26,0,0,0,0,0,0,0,0,0,0,0,0,0,0.0,0.0,0.0,0.0,0,0,0,0,0,0.0,0.0,0.0,0.0,0,False,"[{'fixture': 23, 'stats': [{'identifier': 'minutes', 'points': 0, 'value': 0, 'points_modification': 0}]}]",False,M.Sarr,2,7,45,M.Sarr,DEF,0
232,3,2025-26,90,0,0,1,0,0,0,0,0,0,0,0,27,26.0,0.7,2.0,2.9,9,3,2,11,1,0.0,0.01,0.01,1.02,8,False,"[{'fixture': 23, 'stats': [{'identifier': 'minutes', 'points': 2, 'value': 90, 'points_modification': 0}, {'identifier': 'clean_sheets', 'points': 4, 'value': 1, 'points_modification': 0}, {'identifier': 'defensive_contribution', 'points': 2, 'value': 11, 'points_modification': 0}]}]",False,Tosin,2,7,45,Tosin,DEF,8
233,3,2025-26,0,0,0,0,0,0,0,0,0,0,0,0,0,0.0,0.0,0.0,0.0,0,0,0,0,0,0.0,0.0,0.0,0.0,0,False,"[{'fixture': 23, 'stats': [{'identifier': 'minutes', 'points': 0, 'value': 0, 'points_modification': 0}]}]",False,Acheampong,2,7,40,Acheampong,DEF,0
234,3,2025-26,0,0,0,0,0,0,0,0,0,0,0,0,0,0.0,0.0,0.0,0.0,0,0,0,0,0,0.0,0.0,0.0,0.0,0,False,"[{'fixture': 23, 'stats': [{'identifier': 'minutes', 'points': 0, 'value': 0, 'points_modification': 0}]}]",False,Anselmino,2,7,40,Anselmino,DEF,0
235,3,2025-26,0,0,0,0,0,0,0,0,0,0,0,0,0,0.0,0.0,0.0,0.0,0,0,0,0,0,0.0,0.0,0.0,0.0,0,False,"[{'fixture': 23, 'stats': [{'identifier': 'minutes', 'points': 0, 'value': 0, 'points_modification': 0}]}]",False,Palmer,3,7,104,Palmer,MID,0
236,3,2025-26,80,0,0,1,0,0,0,0,0,0,0,0,12,8.8,32.5,0.0,4.1,2,2,0,4,1,0.0,0.17,0.17,0.35,3,False,"[{'fixture': 23, 'stats': [{'identifier': 'minutes', 'points': 2, 'value': 80, 'points_modification': 0}, {'identifier': 'clean_sheets', 'points': 1, 'value': 1, 'points_modification': 0}]}]",False,Neto,3,7,70,Neto,MID,3
237,3,2025-26,90,1,1,1,0,0,0,0,0,0,0,1,39,60.4,40.4,25.0,12.6,3,3,0,6,1,0.79,0.24,1.03,1.02,12,True,"[{'fixture': 23, 'stats': [{'identifier': 'minutes', 'points': 2, 'value': 90, 'points_modification': 0}, {'identifier': 'goals_scored', 'points': 5, 'value': 1, 'points_modification': 0}, {'identifier': 'assists', 'points': 3, 'value': 1, 'points_modification': 0}, {'identifier': 'clean_sheets', 'points': 1, 'value': 1, 'points_modification': 0}, {'identifier': 'bonus', 'points': 1, 'value': 1, 'points_modification': 0}]}]",False,Enzo,3,7,67,Enzo,MID,12
238,3,2025-26,67,0,0,1,0,0,0,0,0,0,0,0,4,8.4,16.1,29.0,5.4,1,2,0,3,1,0.36,0.06,0.42,0.35,3,False,"[{'fixture': 23, 'stats': [{'identifier': 'minutes', 'points': 2, 'value': 67, 'points_modification': 0}, {'identifier': 'clean_sheets', 'points': 1, 'value': 1, 'points_modification': 0}]}]",False,Estêvão,3,7,65,Estêvão,MID,3
239,3,2025-26,22,0,0,0,0,0,0,0,0,0,0,0,4,1.0,0.0,5.0,0.6,0,1,1,2,0,0.03,0.0,0.03,0.68,1,False,"[{'fixture': 23, 'stats': [{'identifier': 'minutes', 'points': 1, 'value': 22, 'points_modification': 0}]}]",False,Gittens,3,7,62,Gittens,MID,1
240,3,2025-26,0,0,0,0,0,0,0,0,0,0,0,0,0,0.0,0.0,0.0,0.0,0,0,0,0,0,0.0,0.0,0.0,0.0,0,False,"[{'fixture': 23, 'stats': [{'identifier': 'minutes', 'points': 0, 'value': 0, 'points_modification': 0}]}]",False,Nkunku,3,7,59,Nkunku,MID,0
241,3,2025-26,90,0,0,1,0,0,0,0,1,0,0,0,16,23.8,3.9,5.0,3.3,8,11,4,23,1,0.06,0.03,0.09,1.02,4,False,"[{'fixture': 23, 'stats': [{'identifier': 'minutes', 'points': 2, 'value': 90, 'points_modification': 0}, {'identifier': 'clean_sheets', 'points': 1, 'value': 1, 'points_modification': 0}, {'identifier': 'yellow_cards', 'points': -1, 'value': 1, 'points_modification': 0}, {'identifier': 'defensive_contribution', 'points': 2, 'value': 23, 'points_modification': 0}]}]",False,Caicedo,3,7,56,Caicedo,MID,4
242,3,2025-26,90,1,1,0,2,0,0,0,1,0,0,3,49,55.4,44.1,19.0,11.9,0,5,1,6,1,0.06,0.59,0.65,1.11,12,True,"[{'fixture': 30, 'stats': [{'identifier': 'minutes', 'points': 2, 'value': 90, 'points_modification': 0}, {'identifier': 'goals_scored', 'points': 5, 'value': 1, 'points_modification': 0}, {'identifier': 'assists', 'points': 3, 'value': 1, 'points_modification': 0}, {'identifier': 'yellow_cards', 'points': -1, 'value': 1, 'points_modification': 0}, {'identifier': 'bonus', 'points': 3, 'value': 3, 'points_modification': 0}]}]",False,Dewsbury-Hall,3,9,50,Dewsbury-Hall,MID,12
243,3,2025-26,66,0,0,1,0,0,0,0,0,0,0,0,4,3.6,1.3,33.0,3.8,0,1,0,1,0,0.21,0.01,0.22,0.27,3,False,"[{'fixture': 23, 'stats': [{'identifier': 'minutes', 'points': 2, 'value': 66, 'points_modification': 0}, {'identifier': 'clean_sheets', 'points': 1, 'value': 1, 'points_modification': 0}]}]",False,George,3,7,49,George,MID,3
244,3,2025-26,0,0,0,0,0,0,0,0,0,0,0,0,0,0.0,0.0,0.0,0.0,0,0,0,0,0,0.0,0.0,0.0,0.0,0,False,"[{'fixture': 23, 'stats': [{'identifier': 'minutes', 'points': 0, 'value': 0, 'points_modification': 0}]}]",False,Lavia,3,7,49,Lavia,MID,0
245,3,2025-26,0,0,0,0,0,0,0,0,0,0,0,0,0,0.0,0.0,0.0,0.0,0,0,0,0,0,0.0,0.0,0.0,0.0,0,False,"[{'fixture': 23, 'stats': [{'identifier': 'minutes', 'points': 0, 'value': 0, 'points_modification': 0}]}]",False,Mudryk,3,7,50,Mudryk,MID,0
246,3,2025-26,9,0,0,0,0,0,0,0,1,0,0,0,2,2.6,10.6,2.0,1.5,0,1,1,2,0,0.0,0.01,0.01,0.68,0,False,"[{'fixture': 23, 'stats': [{'identifier': 'minutes', 'points': 1, 'value': 9, 'points_modification': 0}, {'identifier': 'yellow_cards', 'points': -1, 'value': 1, 'points_modification': 0}]}]",False,Andrey Santos,3,7,45,Andrey Santos,MID,0
247,3,2025-26,0,0,0,0,0,0,0,0,0,0,0,0,0,0.0,0.0,0.0,0.0,0,0,0,0,0,0.0,0.0,0.0,0.0,0,False,"[{'fixture': 23, 'stats': [{'identifier': 'minutes', 'points': 0, 'value': 0, 'points_modification': 0}]}]",False,D.Essugo,3,7,44,D.Essugo,MID,0
248,3,2025-26,0,0,0,0,0,0,0,0,0,0,0,0,0,0.0,0.0,0.0,0.0,0,0,0,0,0,0.0,0.0,0.0,0.0,0,False,"[{'fixture': 23, 'stats': [{'identifier': 'minutes', 'points': 0, 'value': 0, 'points_modification': 0}]}]",False,Paez,3,7,45,Paez,MID,0
249,3,2025-26,90,1,0,1,0,0,0,0,0,0,0,3,46,49.8,13.6,51.0,11.4,3,6,1,10,1,0.66,0.02,0.68,1.02,9,True,"[{'fixture': 23, 'stats': [{'identifier': 'minutes', 'points': 2, 'value': 90, 'points_modification': 0}, {'identifier': 'goals_scored', 'points': 4, 'value': 1, 'points_modification': 0}, {'identifier': 'bonus', 'points': 3, 'value': 3, 'points_modification': 0}]}]",False,João Pedro,4,7,78,João Pedro,FWD,9
250,3,2025-26,13,0,0,0,0,0,0,0,0,0,0,0,1,0.0,0.0,5.0,0.0,0,0,0,0,1,0.09,0.0,0.09,0.08,1,False,"[{'fixture': 23, 'stats': [{'identifier': 'minutes', 'points': 1, 'value': 13, 'points_modification': 0}]}]",False,Delap,4,7,62,Delap,FWD,1
251,3,2025-26,0,0,0,0,0,0,0,0,0,0,0,0,0,0.0,0.0,0.0,0.0,0,0,0,0,0,0.0,0.0,0.0,0.0,0,False,"[{'fixture': 23, 'stats': [{'identifier': 'minutes', 'points': 0, 'value': 0, 'points_modification': 0}]}]",False,N.Jackson,4,7,65,N.Jackson,FWD,0
252,3,2025-26,3,0,0,0,0,0,0,0,0,0,0,0,3,1.0,0.0,0.0,0.1,1,0,0,1,0,0.0,0.0,0.0,0.0,1,False,"[{'fixture': 28, 'stats': [{'identifier': 'minutes', 'points': 1, 'value': 3, 'points_modification': 0}]}]",False,Marc Guiu,4,7,43,Marc Guiu,FWD,1
253,3,2025-26,90,0,0,1,0,0,0,0,0,0,4,0,31,31.0,0.0,0.0,3.1,0,7,0,0,1,0.0,0.0,0.0,1.13,7,False,"[{'fixture': 21, 'stats': [{'identifier': 'minutes', 'points': 2, 'value': 90, 'points_modification': 0}, {'identifier': 'clean_sheets', 'points': 4, 'value': 1, 'points_modification': 0}, {'identifier': 'saves', 'points': 1, 'value': 4, 'points_modification': 0}]}]",False,Henderson,1,8,50,Henderson,GK,7
254,3,2025-26,0,0,0,0,0,0,0,0,0,0,0,0,0,0.0,0.0,0.0,0.0,0,0,0,0,0,0.0,0.0,0.0,0.0,0,False,"[{'fixture': 21, 'stats': [{'identifier': 'minutes', 'points': 0, 'value': 0, 'points_modification': 0}]}]",False,Benitez,1,8,40,Benitez,GK,0
255,3,2025-26,0,0,0,0,0,0,0,0,0,0,0,0,0,0.0,0.0,0.0,0.0,0,0,0,0,0,0.0,0.0,0.0,0.0,0,False,"[{'fixture': 21, 'stats': [{'identifier': 'minutes', 'points': 0, 'value': 0, 'points_modification': 0}]}]",False,Matthews,1,8,40,Matthews,GK,0
256,3,2025-26,90,0,0,1,0,0,0,0,0,0,0,1,37,25.2,16.7,4.0,4.6,6,8,5,11,1,0.0,0.48,0.48,1.13,9,False,"[{'fixture': 21, 'stats': [{'identifier': 'minutes', 'points': 2, 'value': 90, 'points_modification': 0}, {'identifier': 'clean_sheets', 'points': 4, 'value': 1, 'points_modification': 0}, {'identifier': 'bonus', 'points': 1, 'value': 1, 'points_modification': 0}, {'identifier': 'defensive_contribution', 'points': 2, 'value': 11, 'points_modification': 0}]}]",False,Muñoz,2,8,56,Muñoz,DEF,9
257,3,2025-26,90,0,1,1,0,0,0,0,0,0,0,2,39,33.0,10.9,2.0,4.6,9,1,0,9,1,0.0,0.12,0.12,1.13,11,True,"[{'fixture': 21, 'stats': [{'identifier': 'minutes', 'points': 2, 'value': 90, 'points_modification': 0}, {'identifier': 'assists', 'points': 3, 'value': 1, 'points_modification': 0}, {'identifier': 'clean_sheets', 'points': 4, 'value': 1, 'points_modification': 0}, {'identifier': 'bonus', 'points': 2, 'value': 2, 'points_modification': 0}]}]",False,Lacroix,2,8,51,Lacroix,DEF,11
258,3,2025-26,90,0,0,1,0,0,0,0,0,0,0,0,30,22.6,17.9,4.0,4.5,3,3,6,9,1,0.0,0.02,0.02,1.13,6,False,"[{'fixture': 21, 'stats': [{'identifier': 'minutes', 'points': 2, 'value': 90, 'points_modification': 0}, {'identifier': 'clean_sheets', 'points': 4, 'value': 1, 'points_modification': 0}]}]",False,Mitchell,2,8,50,Mitchell,DEF,6
259,3,2025-26,0,0,0,0,0,0,0,0,0,0,0,0,0,0.0,0.0,0.0,0.0,0,0,0,0,0,0.0,0.0,0.0,0.0,0,False,"[{'fixture': 21, 'stats': [{'identifier': 'minutes', 'points': 0, 'value': 0, 'points_modification': 0}]}]",False,Sosa,2,8,49,Sosa,DEF,0
260,3,2025-26,90,1,0,1,0,0,0,0,0,0,0,3,46,53.8,1.8,17.0,7.3,6,5,3,9,1,0.05,0.01,0.06,1.13,15,True,"[{'fixture': 21, 'stats': [{'identifier': 'minutes', 'points': 2, 'value': 90, 'points_modification': 0}, {'identifier': 'goals_scored', 'points': 6, 'value': 1, 'points_modification': 0}, {'identifier': 'clean_sheets', 'points': 4, 'value': 1, 'points_modification': 0}, {'identifier': 'bonus', 'points': 3, 'value': 3, 'points_modification': 0}]}]",False,Guéhi,2,8,47,Guéhi,DEF,15
261,3,2025-26,90,0,0,1,0,0,0,0,0,0,0,0,31,30.6,0.9,0.0,3.2,9,1,4,13,1,0.0,0.0,0.0,1.13,8,False,"[{'fixture': 21, 'stats': [{'identifier': 'minutes', 'points': 2, 'value': 90, 'points_modification': 0}, {'identifier': 'clean_sheets', 'points': 4, 'value': 1, 'points_modification': 0}, {'identifier': 'defensive_contribution', 'points': 2, 'value': 13, 'points_modification': 0}]}]",False,Richards,2,8,45,Richards,DEF,8
262,3,2025-26,0,0,0,0,0,0,0,0,0,0,0,0,0,0.0,0.0,0.0,0.0,0,0,0,0,0,0.0,0.0,0.0,0.0,0,False,"[{'fixture': 21, 'stats': [{'identifier': 'minutes', 'points': 0, 'value': 0, 'points_modification': 0}]}]",False,Chadi Riad,2,8,40,Chadi Riad,DEF,0
263,3,2025-26,4,0,0,0,0,0,0,0,0,0,0,0,5,3.4,0.5,0.0,0.4,1,0,1,2,0,0.0,0.0,0.0,0.0,1,False,"[{'fixture': 21, 'stats': [{'identifier': 'minutes', 'points': 1, 'value': 4, 'points_modification': 0}]}]",False,Clyne,2,8,40,Clyne,DEF,1
264,3,2025-26,0,0,0,0,0,0,0,0,0,0,0,0,0,0.0,0.0,0.0,0.0,0,0,0,0,0,0.0,0.0,0.0,0.0,0,False,"[{'fixture': 21, 'stats': [{'identifier': 'minutes', 'points': 0, 'value': 0, 'points_modification': 0}]}]",False,Holding,2,8,40,Holding,DEF,0
265,3,2025-26,0,0,0,0,0,0,0,0,0,0,0,0,0,0.0,0.0,0.0,0.0,0,0,0,0,0,0.0,0.0,0.0,0.0,0,False,"[{'fixture': 21, 'stats': [{'identifier': 'minutes', 'points': 0, 'value': 0, 'points_modification': 0}]}]",False,Kporha,2,8,40,Kporha,DEF,0
266,3,2025-26,20,0,0,0,1,0,0,0,0,0,0,0,4,1.8,2.8,2.0,0.7,0,1,0,1,0,0.0,0.03,0.03,0.25,1,False,"[{'fixture': 25, 'stats': [{'identifier': 'minutes', 'points': 1, 'value': 20, 'points_modification': 0}]}]",False,Eze,3,1,75,Eze,MID,1
267,3,2025-26,90,1,0,1,0,0,0,0,1,0,0,0,16,37.4,2.3,40.0,8.0,2,5,1,8,1,1.45,0.0,1.45,1.13,7,False,"[{'fixture': 21, 'stats': [{'identifier': 'minutes', 'points': 2, 'value': 90, 'points_modification': 0}, {'identifier': 'goals_scored', 'points': 5, 'value': 1, 'points_modification': 0}, {'identifier': 'clean_sheets', 'points': 1, 'value': 1, 'points_modification': 0}, {'identifier': 'yellow_cards', 'points': -1, 'value': 1, 'points_modification': 0}]}]",False,Sarr,3,8,64,Sarr,MID,7
268,3,2025-26,0,0,0,0,0,0,0,0,0,0,0,0,0,0.0,0.0,0.0,0.0,0,0,0,0,0,0.0,0.0,0.0,0.0,0,False,"[{'fixture': 21, 'stats': [{'identifier': 'minutes', 'points': 0, 'value': 0, 'points_modification': 0}]}]",False,Doucouré,3,8,49,Doucouré,MID,0
269,3,2025-26,0,0,0,0,0,0,0,0,0,0,0,0,0,0.0,0.0,0.0,0.0,0,0,0,0,0,0.0,0.0,0.0,0.0,0,False,"[{'fixture': 21, 'stats': [{'identifier': 'minutes', 'points': 0, 'value': 0, 'points_modification': 0}]}]",False,Esse,3,8,48,Esse,MID,0
270,3,2025-26,70,0,0,1,0,0,0,0,1,0,0,0,5,4.0,2.5,0.0,0.7,6,2,0,8,1,0.0,0.02,0.02,0.85,2,False,"[{'fixture': 21, 'stats': [{'identifier': 'minutes', 'points': 2, 'value': 70, 'points_modification': 0}, {'identifier': 'clean_sheets', 'points': 1, 'value': 1, 'points_modification': 0}, {'identifier': 'yellow_cards', 'points': -1, 'value': 1, 'points_modification': 0}]}]",False,Hughes,3,8,49,Hughes,MID,2
271,3,2025-26,85,0,1,1,0,0,0,0,0,0,0,0,25,5.8,10.3,2.0,1.8,1,4,2,7,1,0.0,0.17,0.17,1.13,6,False,"[{'fixture': 21, 'stats': [{'identifier': 'minutes', 'points': 2, 'value': 85, 'points_modification': 0}, {'identifier': 'assists', 'points': 3, 'value': 1, 'points_modification': 0}, {'identifier': 'clean_sheets', 'points': 1, 'value': 1, 'points_modification': 0}]}]",False,Kamada,3,8,50,Kamada,MID,6
272,3,2025-26,34,0,0,0,0,0,0,0,0,0,0,0,-1,4.0,3.5,17.0,2.5,1,1,1,3,0,0.36,0.01,0.37,0.38,1,False,"[{'fixture': 21, 'stats': [{'identifier': 'minutes', 'points': 1, 'value': 34, 'points_modification': 0}]}]",False,Lerma,3,8,49,Lerma,MID,1
273,3,2025-26,55,0,0,0,0,0,0,0,0,0,0,0,9,3.2,5.9,0.0,0.9,0,5,0,5,1,0.0,0.01,0.01,0.75,1,False,"[{'fixture': 21, 'stats': [{'identifier': 'minutes', 'points': 1, 'value': 55, 'points_modification': 0}]}]",False,Wharton,3,8,50,Wharton,MID,1
274,3,2025-26,0,0,0,0,0,0,0,0,0,0,0,0,0,0.0,0.0,0.0,0.0,0,0,0,0,0,0.0,0.0,0.0,0.0,0,False,"[{'fixture': 21, 'stats': [{'identifier': 'minutes', 'points': 0, 'value': 0, 'points_modification': 0}]}]",False,Agbinone,3,8,45,Agbinone,MID,0
275,3,2025-26,0,0,0,0,0,0,0,0,0,0,0,0,0,0.0,0.0,0.0,0.0,0,0,0,0,0,0.0,0.0,0.0,0.0,0,False,"[{'fixture': 21, 'stats': [{'identifier': 'minutes', 'points': 0, 'value': 0, 'points_modification': 0}]}]",False,Ahamada,3,8,44,Ahamada,MID,0
276,3,2025-26,5,0,0,0,0,0,0,0,0,0,0,0,2,1.0,1.5,0.0,0.3,0,0,1,1,0,0.0,0.0,0.0,0.0,1,False,"[{'fixture': 21, 'stats': [{'identifier': 'minutes', 'points': 1, 'value': 5, 'points_modification': 0}]}]",False,Devenny,3,8,45,Devenny,MID,1
277,3,2025-26,0,0,0,0,0,0,0,0,0,0,0,0,0,0.0,0.0,0.0,0.0,0,0,0,0,0,0.0,0.0,0.0,0.0,0,False,"[{'fixture': 21, 'stats': [{'identifier': 'minutes', 'points': 0, 'value': 0, 'points_modification': 0}]}]",False,Ebiowei,3,8,45,Ebiowei,MID,0
278,3,2025-26,0,0,0,0,0,0,0,0,0,0,0,0,0,0.0,0.0,0.0,0.0,0,0,0,0,0,0.0,0.0,0.0,0.0,0,False,"[{'fixture': 21, 'stats': [{'identifier': 'minutes', 'points': 0, 'value': 0, 'points_modification': 0}]}]",False,J.Rak-Sakyi,3,8,44,J.Rak-Sakyi,MID,0
279,3,2025-26,0,0,0,0,0,0,0,0,0,0,0,0,0,0.0,0.0,0.0,0.0,0,0,0,0,0,0.0,0.0,0.0,0.0,0,False,"[{'fixture': 21, 'stats': [{'identifier': 'minutes', 'points': 0, 'value': 0, 'points_modification': 0}]}]",False,M.França,3,8,45,M.França,MID,0
280,3,2025-26,0,0,0,0,0,0,0,0,0,0,0,0,0,0.0,0.0,0.0,0.0,0,0,0,0,0,0.0,0.0,0.0,0.0,0,False,"[{'fixture': 21, 'stats': [{'identifier': 'minutes', 'points': 0, 'value': 0, 'points_modification': 0}]}]",False,Ozoh,3,8,45,Ozoh,MID,0
281,3,2025-26,0,0,0,0,0,0,0,0,0,0,0,0,0,0.0,0.0,0.0,0.0,0,0,0,0,0,0.0,0.0,0.0,0.0,0,False,"[{'fixture': 21, 'stats': [{'identifier': 'minutes', 'points': 0, 'value': 0, 'points_modification': 0}]}]",False,Rodney,3,8,45,Rodney,MID,0
282,3,2025-26,0,0,0,0,0,0,0,0,0,0,0,0,0,0.0,0.0,0.0,0.0,0,0,0,0,0,0.0,0.0,0.0,0.0,0,False,"[{'fixture': 21, 'stats': [{'identifier': 'minutes', 'points': 0, 'value': 0, 'points_modification': 0}]}]",False,Umeh,3,8,45,Umeh,MID,0
283,3,2025-26,84,1,0,1,0,0,0,0,1,0,0,0,22,37.4,3.8,21.0,6.2,3,2,0,5,1,0.79,0.33,1.12,1.13,5,False,"[{'fixture': 21, 'stats': [{'identifier': 'minutes', 'points': 2, 'value': 84, 'points_modification': 0}, {'identifier': 'goals_scored', 'points': 4, 'value': 1, 'points_modification': 0}, {'identifier': 'yellow_cards', 'points': -1, 'value': 1, 'points_modification': 0}]}]",False,Mateta,4,8,76,Mateta,FWD,5
284,3,2025-26,0,0,0,0,0,0,0,0,0,0,0,0,0,0.0,0.0,0.0,0.0,0,0,0,0,0,0.0,0.0,0.0,0.0,0,False,"[{'fixture': 21, 'stats': [{'identifier': 'minutes', 'points': 0, 'value': 0, 'points_modification': 0}]}]",False,Nketiah,4,8,54,Nketiah,FWD,0
285,3,2025-26,0,0,0,0,0,0,0,0,0,0,0,0,0,0.0,0.0,0.0,0.0,0,0,0,0,0,0.0,0.0,0.0,0.0,0,False,"[{'fixture': 21, 'stats': [{'identifier': 'minutes', 'points': 0, 'value': 0, 'points_modification': 0}]}]",False,Édouard,4,8,50,Édouard,FWD,0
286,3,2025-26,0,0,0,0,0,0,0,0,0,0,0,0,0,0.0,0.0,0.0,0.0,0,0,0,0,0,0.0,0.0,0.0,0.0,0,False,"[{'fixture': 21, 'stats': [{'identifier': 'minutes', 'points': 0, 'value': 0, 'points_modification': 0}]}]",False,Marsh,4,8,45,Marsh,FWD,0
287,3,2025-26,90,0,0,0,2,0,0,0,0,0,2,0,5,15.0,0.0,0.0,1.5,3,8,0,0,1,0.0,0.01,0.01,1.11,1,False,"[{'fixture': 30, 'stats': [{'identifier': 'minutes', 'points': 2, 'value': 90, 'points_modification': 0}, {'identifier': 'goals_conceded', 'points': -1, 'value': 2, 'points_modification': 0}]}]",False,Pickford,1,9,55,Pickford,GK,1
288,3,2025-26,0,0,0,0,0,0,0,0,0,0,0,0,0,0.0,0.0,0.0,0.0,0,0,0,0,0,0.0,0.0,0.0,0.0,0,False,"[{'fixture': 30, 'stats': [{'identifier': 'minutes', 'points': 0, 'value': 0, 'points_modification': 0}]}]",False,Travers,1,9,44,Travers,GK,0
289,3,2025-26,0,0,0,0,0,0,0,0,0,0,0,0,0,0.0,0.0,0.0,0.0,0,0,0,0,0,0.0,0.0,0.0,0.0,0,False,"[{'fixture': 30, 'stats': [{'identifier': 'minutes', 'points': 0, 'value': 0, 'points_modification': 0}]}]",False,Tyrer,1,9,40,Tyrer,GK,0
290,3,2025-26,0,0,0,0,0,0,0,0,0,0,0,0,0,0.0,0.0,0.0,0.0,0,0,0,0,0,0.0,0.0,0.0,0.0,0,False,"[{'fixture': 30, 'stats': [{'identifier': 'minutes', 'points': 0, 'value': 0, 'points_modification': 0}]}]",False,Branthwaite,2,9,53,Branthwaite,DEF,0
291,3,2025-26,90,0,0,0,2,0,0,0,0,0,0,0,5,23.2,0.3,0.0,2.4,10,4,1,11,1,0.0,0.0,0.0,1.11,3,False,"[{'fixture': 30, 'stats': [{'identifier': 'minutes', 'points': 2, 'value': 90, 'points_modification': 0}, {'identifier': 'goals_conceded', 'points': -1, 'value': 2, 'points_modification': 0}, {'identifier': 'defensive_contribution', 'points': 2, 'value': 11, 'points_modification': 0}]}]",False,Tarkowski,2,9,55,Tarkowski,DEF,3
292,3,2025-26,90,0,0,0,2,0,0,0,0,0,0,0,3,7.4,5.3,2.0,1.5,6,4,1,7,1,0.0,0.07,0.07,1.11,1,False,"[{'fixture': 30, 'stats': [{'identifier': 'minutes', 'points': 2, 'value': 90, 'points_modification': 0}, {'identifier': 'goals_conceded', 'points': -1, 'value': 2, 'points_modification': 0}]}]",False,Mykolenko,2,9,49,Mykolenko,DEF,1
293,3,2025-26,90,0,0,0,2,0,0,0,0,0,0,0,-3,16.8,9.0,4.0,3.0,7,2,1,8,1,0.07,0.01,0.08,1.11,1,False,"[{'fixture': 30, 'stats': [{'identifier': 'minutes', 'points': 2, 'value': 90, 'points_modification': 0}, {'identifier': 'goals_conceded', 'points': -1, 'value': 2, 'points_modification': 0}]}]",False,O'Brien,2,9,50,O'Brien,DEF,1
294,3,2025-26,1,0,0,0,0,0,0,0,0,0,0,0,3,0.0,0.0,0.0,0.0,0,0,0,0,0,0.0,0.0,0.0,0.0,1,False,"[{'fixture': 30, 'stats': [{'identifier': 'minutes', 'points': 1, 'value': 1, 'points_modification': 0}]}]",False,Coleman,2,9,44,Coleman,DEF,1
295,3,2025-26,90,0,0,0,2,0,0,0,0,0,0,0,6,24.6,0.2,0.0,2.5,13,1,1,14,1,0.0,0.0,0.0,1.11,3,False,"[{'fixture': 30, 'stats': [{'identifier': 'minutes', 'points': 2, 'value': 90, 'points_modification': 0}, {'identifier': 'goals_conceded', 'points': -1, 'value': 2, 'points_modification': 0}, {'identifier': 'defensive_contribution', 'points': 2, 'value': 14, 'points_modification': 0}]}]",False,Keane,2,9,45,Keane,DEF,3
296,3,2025-26,0,0,0,0,0,0,0,0,0,0,0,0,0,0.0,0.0,0.0,0.0,0,0,0,0,0,0.0,0.0,0.0,0.0,0,False,"[{'fixture': 30, 'stats': [{'identifier': 'minutes', 'points': 0, 'value': 0, 'points_modification': 0}]}]",False,Patterson,2,9,44,Patterson,DEF,0
297,3,2025-26,0,0,0,0,0,0,0,0,0,0,0,0,0,0.0,0.0,0.0,0.0,0,0,0,0,0,0.0,0.0,0.0,0.0,0,False,"[{'fixture': 30, 'stats': [{'identifier': 'minutes', 'points': 0, 'value': 0, 'points_modification': 0}]}]",False,Dixon,2,9,40,Dixon,DEF,0
298,3,2025-26,0,0,0,0,0,0,0,0,0,0,0,0,0,0.0,0.0,0.0,0.0,0,0,0,0,0,0.0,0.0,0.0,0.0,0,False,"[{'fixture': 30, 'stats': [{'identifier': 'minutes', 'points': 0, 'value': 0, 'points_modification': 0}]}]",False,Welch,2,9,39,Welch,DEF,0
299,3,2025-26,90,1,0,0,2,0,0,0,0,0,0,0,21,39.6,24.0,25.0,8.9,0,5,3,8,1,0.56,0.05,0.61,1.11,7,False,"[{'fixture': 30, 'stats': [{'identifier': 'minutes', 'points': 2, 'value': 90, 'points_modification': 0}, {'identifier': 'goals_scored', 'points': 5, 'value': 1, 'points_modification': 0}]}]",False,Ndiaye,3,9,65,Ndiaye,MID,7
300,3,2025-26,0,0,0,0,0,0,0,0,0,0,0,0,0,0.0,0.0,0.0,0.0,0,0,0,0,0,0.0,0.0,0.0,0.0,0,False,"[{'fixture': 30, 'stats': [{'identifier': 'minutes', 'points': 0, 'value': 0, 'points_modification': 0}]}]",False,McNeil,3,9,57,McNeil,MID,0
301,3,2025-26,2,0,0,0,0,0,0,0,0,0,0,0,5,2.0,0.0,0.0,0.2,0,1,1,2,0,0.0,0.0,0.0,0.12,1,False,"[{'fixture': 30, 'stats': [{'identifier': 'minutes', 'points': 1, 'value': 2, 'points_modification': 0}]}]",False,Alcaraz,3,9,53,Alcaraz,MID,1
302,3,2025-26,75,0,0,0,1,0,0,0,0,0,0,0,16,7.4,12.8,11.0,3.1,0,6,3,9,1,0.3,0.03,0.33,0.65,2,False,"[{'fixture': 30, 'stats': [{'identifier': 'minutes', 'points': 2, 'value': 75, 'points_modification': 0}]}]",False,Gana,3,9,54,Gana,MID,2
303,3,2025-26,90,0,0,0,2,0,0,0,0,0,0,0,18,13.4,3.3,0.0,1.7,4,5,3,12,1,0.0,0.02,0.02,1.11,4,False,"[{'fixture': 30, 'stats': [{'identifier': 'minutes', 'points': 2, 'value': 90, 'points_modification': 0}, {'identifier': 'defensive_contribution', 'points': 2, 'value': 12, 'points_modification': 0}]}]",False,Garner,3,9,50,Garner,MID,4
304,3,2025-26,14,0,0,0,1,0,0,0,0,0,0,0,4,6.2,0.0,2.0,0.8,2,0,0,2,0,0.03,0.0,0.03,0.46,1,False,"[{'fixture': 30, 'stats': [{'identifier': 'minutes', 'points': 1, 'value': 14, 'points_modification': 0}]}]",False,Iroegbunam,3,9,49,Iroegbunam,MID,1
305,3,2025-26,0,0,0,0,0,0,0,0,0,0,0,0,0,0.0,0.0,0.0,0.0,0,0,0,0,0,0.0,0.0,0.0,0.0,0,False,"[{'fixture': 30, 'stats': [{'identifier': 'minutes', 'points': 0, 'value': 0, 'points_modification': 0}]}]",False,Armstrong,3,9,45,Armstrong,MID,0
306,3,2025-26,0,0,0,0,0,0,0,0,0,0,0,0,0,0.0,0.0,0.0,0.0,0,0,0,0,0,0.0,0.0,0.0,0.0,0,False,"[{'fixture': 30, 'stats': [{'identifier': 'minutes', 'points': 0, 'value': 0, 'points_modification': 0}]}]",False,Bates,3,9,45,Bates,MID,0
307,3,2025-26,0,0,0,0,0,0,0,0,0,0,0,0,0,0.0,0.0,0.0,0.0,0,0,0,0,0,0.0,0.0,0.0,0.0,0,False,"[{'fixture': 30, 'stats': [{'identifier': 'minutes', 'points': 0, 'value': 0, 'points_modification': 0}]}]",False,Ebere,3,9,45,Ebere,MID,0
308,3,2025-26,0,0,0,0,0,0,0,0,0,0,0,0,0,0.0,0.0,0.0,0.0,0,0,0,0,0,0.0,0.0,0.0,0.0,0,False,"[{'fixture': 30, 'stats': [{'identifier': 'minutes', 'points': 0, 'value': 0, 'points_modification': 0}]}]",False,Heath,3,9,45,Heath,MID,0
309,3,2025-26,0,0,0,0,0,0,0,0,0,0,0,0,0,0.0,0.0,0.0,0.0,0,0,0,0,0,0.0,0.0,0.0,0.0,0,False,"[{'fixture': 30, 'stats': [{'identifier': 'minutes', 'points': 0, 'value': 0, 'points_modification': 0}]}]",False,Metcalfe,3,9,45,Metcalfe,MID,0
310,3,2025-26,14,0,0,0,1,0,0,0,0,0,0,0,3,6.2,3.9,0.0,1.0,2,0,0,2,0,0.0,0.0,0.0,0.46,1,False,"[{'fixture': 30, 'stats': [{'identifier': 'minutes', 'points': 1, 'value': 14, 'points_modification': 0}]}]",False,Barry,4,9,58,Barry,FWD,1
311,3,2025-26,75,1,0,0,1,0,0,0,0,0,0,1,33,32.2,14.1,39.0,8.5,0,1,0,1,1,0.63,0.08,0.71,0.65,7,False,"[{'fixture': 30, 'stats': [{'identifier': 'minutes', 'points': 2, 'value': 75, 'points_modification': 0}, {'identifier': 'goals_scored', 'points': 4, 'value': 1, 'points_modification': 0}, {'identifier': 'bonus', 'points': 1, 'value': 1, 'points_modification': 0}]}]",False,Beto,4,9,54,Beto,FWD,7
312,3,2025-26,0,0,0,0,0,0,0,0,0,0,0,0,0,0.0,0.0,0.0,0.0,0,0,0,0,0,0.0,0.0,0.0,0.0,0,False,"[{'fixture': 30, 'stats': [{'identifier': 'minutes', 'points': 0, 'value': 0, 'points_modification': 0}]}]",False,Y.Chermiti,4,9,49,Y.Chermiti,FWD,0
313,3,2025-26,0,0,0,0,0,0,0,0,0,0,0,0,0,0.0,0.0,0.0,0.0,0,0,0,0,0,0.0,0.0,0.0,0.0,0,False,"[{'fixture': 30, 'stats': [{'identifier': 'minutes', 'points': 0, 'value': 0, 'points_modification': 0}]}]",False,Sherif,4,9,44,Sherif,FWD,0
314,3,2025-26,90,0,0,0,2,0,0,0,0,0,4,0,12,29.2,0.0,0.0,2.9,0,13,1,0,1,0.0,0.0,0.0,2.35,2,False,"[{'fixture': 23, 'stats': [{'identifier': 'minutes', 'points': 2, 'value': 90, 'points_modification': 0}, {'identifier': 'goals_conceded', 'points': -1, 'value': 2, 'points_modification': 0}, {'identifier': 'saves', 'points': 1, 'value': 4, 'points_modification': 0}]}]",False,Leno,1,10,50,Leno,GK,2
315,3,2025-26,0,0,0,0,0,0,0,0,0,0,0,0,0,0.0,0.0,0.0,0.0,0,0,0,0,0,0.0,0.0,0.0,0.0,0,False,"[{'fixture': 23, 'stats': [{'identifier': 'minutes', 'points': 0, 'value': 0, 'points_modification': 0}]}]",False,Benda,1,10,40,Benda,GK,0
316,3,2025-26,23,0,0,0,0,0,0,0,0,0,0,0,4,5.2,5.3,2.0,1.3,1,1,0,1,0,0.0,0.04,0.04,0.12,1,False,"[{'fixture': 23, 'stats': [{'identifier': 'minutes', 'points': 1, 'value': 23, 'points_modification': 0}]}]",False,Robinson,2,10,50,Robinson,DEF,1
317,3,2025-26,90,0,0,0,2,0,0,0,0,0,0,0,13,20.8,11.2,8.0,4.0,7,4,3,10,1,0.21,0.02,0.23,2.35,3,False,"[{'fixture': 23, 'stats': [{'identifier': 'minutes', 'points': 2, 'value': 90, 'points_modification': 0}, {'identifier': 'goals_conceded', 'points': -1, 'value': 2, 'points_modification': 0}, {'identifier': 'defensive_contribution', 'points': 2, 'value': 10, 'points_modification': 0}]}]",False,Andersen,2,10,45,Andersen,DEF,3
318,3,2025-26,90,0,0,0,2,0,0,0,0,0,0,0,7,13.6,1.3,0.0,1.5,2,4,2,4,1,0.0,0.01,0.01,2.35,1,False,"[{'fixture': 23, 'stats': [{'identifier': 'minutes', 'points': 2, 'value': 90, 'points_modification': 0}, {'identifier': 'goals_conceded', 'points': -1, 'value': 2, 'points_modification': 0}]}]",False,Bassey,2,10,45,Bassey,DEF,1
319,3,2025-26,59,0,0,0,2,0,0,0,0,0,0,0,-5,10.0,10.7,7.0,2.8,1,2,3,4,1,0.08,0.03,0.11,2.19,0,False,"[{'fixture': 23, 'stats': [{'identifier': 'minutes', 'points': 1, 'value': 59, 'points_modification': 0}, {'identifier': 'goals_conceded', 'points': -1, 'value': 2, 'points_modification': 0}]}]",False,Castagne,2,10,44,Castagne,DEF,0
320,3,2025-26,0,0,0,0,0,0,0,0,0,0,0,0,0,0.0,0.0,0.0,0.0,0,0,0,0,0,0.0,0.0,0.0,0.0,0,False,"[{'fixture': 23, 'stats': [{'identifier': 'minutes', 'points': 0, 'value': 0, 'points_modification': 0}]}]",False,Diop,2,10,44,Diop,DEF,0
321,3,2025-26,0,0,0,0,0,0,0,0,0,0,0,0,0,0.0,0.0,0.0,0.0,0,0,0,0,0,0.0,0.0,0.0,0.0,0,False,"[{'fixture': 23, 'stats': [{'identifier': 'minutes', 'points': 0, 'value': 0, 'points_modification': 0}]}]",False,J.Cuenca,2,10,44,J.Cuenca,DEF,0
322,3,2025-26,90,0,0,0,2,0,0,0,0,0,0,0,7,22.0,3.9,4.0,3.0,7,2,4,11,1,0.07,0.01,0.08,2.35,3,False,"[{'fixture': 23, 'stats': [{'identifier': 'minutes', 'points': 2, 'value': 90, 'points_modification': 0}, {'identifier': 'goals_conceded', 'points': -1, 'value': 2, 'points_modification': 0}, {'identifier': 'defensive_contribution', 'points': 2, 'value': 11, 'points_modification': 0}]}]",False,Tete,2,10,45,Tete,DEF,3
323,3,2025-26,0,0,0,0,0,0,0,0,0,0,0,0,0,0.0,0.0,0.0,0.0,0,0,0,0,0,0.0,0.0,0.0,0.0,0,False,"[{'fixture': 23, 'stats': [{'identifier': 'minutes', 'points': 0, 'value': 0, 'points_modification': 0}]}]",False,Amissah,2,10,39,Amissah,DEF,0
324,3,2025-26,83,0,0,0,2,0,0,0,1,0,0,0,4,4.0,9.8,1.0,1.5,1,5,3,9,1,0.03,0.05,0.08,2.31,1,False,"[{'fixture': 23, 'stats': [{'identifier': 'minutes', 'points': 2, 'value': 83, 'points_modification': 0}, {'identifier': 'yellow_cards', 'points': -1, 'value': 1, 'points_modification': 0}]}]",False,Iwobi,3,10,65,Iwobi,MID,1
325,3,2025-26,23,0,0,0,0,0,0,0,0,0,0,0,4,3.8,12.3,0.0,1.6,0,0,0,0,0,0.0,0.03,0.03,0.12,1,False,"[{'fixture': 23, 'stats': [{'identifier': 'minutes', 'points': 1, 'value': 23, 'points_modification': 0}]}]",False,Smith Rowe,3,10,58,Smith Rowe,MID,1
326,3,2025-26,6,0,0,0,0,0,0,0,0,0,0,0,5,4.2,14.7,6.0,2.5,0,1,0,1,0,0.0,0.07,0.07,0.04,1,False,"[{'fixture': 23, 'stats': [{'identifier': 'minutes', 'points': 1, 'value': 6, 'points_modification': 0}]}]",False,Adama,3,10,53,Adama,MID,1
327,3,2025-26,0,0,0,0,0,0,0,0,0,0,0,0,0,0.0,0.0,0.0,0.0,0,0,0,0,0,0.0,0.0,0.0,0.0,0,False,"[{'fixture': 23, 'stats': [{'identifier': 'minutes', 'points': 0, 'value': 0, 'points_modification': 0}]}]",False,Andreas,3,10,53,Andreas,MID,0
328,3,2025-26,66,0,0,0,2,0,0,0,0,0,0,0,3,10.6,1.2,2.0,1.4,5,1,4,10,1,0.0,0.0,0.0,2.23,2,False,"[{'fixture': 23, 'stats': [{'identifier': 'minutes', 'points': 2, 'value': 66, 'points_modification': 0}]}]",False,Sessegnon,3,10,54,Sessegnon,MID,2
329,3,2025-26,30,0,0,0,0,0,0,0,0,0,0,0,5,2.4,0.8,7.0,1.0,0,0,1,1,0,0.03,0.01,0.04,0.16,1,False,"[{'fixture': 23, 'stats': [{'identifier': 'minutes', 'points': 1, 'value': 30, 'points_modification': 0}]}]",False,Wilson,3,10,54,Wilson,MID,1
330,3,2025-26,90,0,0,0,2,0,0,0,0,0,0,0,12,14.6,1.3,9.0,2.5,2,7,2,11,1,0.41,0.01,0.42,2.35,2,False,"[{'fixture': 23, 'stats': [{'identifier': 'minutes', 'points': 2, 'value': 90, 'points_modification': 0}]}]",False,Berge,3,10,50,Berge,MID,2
331,3,2025-26,0,0,0,0,0,0,0,0,0,0,0,0,0,0.0,0.0,0.0,0.0,0,0,0,0,0,0.0,0.0,0.0,0.0,0,False,"[{'fixture': 23, 'stats': [{'identifier': 'minutes', 'points': 0, 'value': 0, 'points_modification': 0}]}]",False,Cairney,3,10,49,Cairney,MID,0
332,3,2025-26,90,0,0,0,2,0,0,0,1,0,0,0,8,23.6,47.8,2.0,7.3,2,3,5,10,1,0.0,0.11,0.11,2.35,1,False,"[{'fixture': 23, 'stats': [{'identifier': 'minutes', 'points': 2, 'value': 90, 'points_modification': 0}, {'identifier': 'yellow_cards', 'points': -1, 'value': 1, 'points_modification': 0}]}]",False,Lukić,3,10,50,Lukić,MID,1
333,3,2025-26,0,0,0,0,0,0,0,0,0,0,0,0,0,0.0,0.0,0.0,0.0,0,0,0,0,0,0.0,0.0,0.0,0.0,0,False,"[{'fixture': 23, 'stats': [{'identifier': 'minutes', 'points': 0, 'value': 0, 'points_modification': 0}]}]",False,Godo,3,10,45,Godo,MID,0
334,3,2025-26,0,0,0,0,0,0,0,0,0,0,0,0,0,0.0,0.0,0.0,0.0,0,0,0,0,0,0.0,0.0,0.0,0.0,0,False,"[{'fixture': 23, 'stats': [{'identifier': 'minutes', 'points': 0, 'value': 0, 'points_modification': 0}]}]",False,Harris,3,10,45,Harris,MID,0
335,3,2025-26,66,0,0,0,2,0,0,0,0,0,0,0,11,10.8,12.6,11.0,3.4,2,3,0,5,1,0.04,0.08,0.12,2.23,2,False,"[{'fixture': 23, 'stats': [{'identifier': 'minutes', 'points': 2, 'value': 66, 'points_modification': 0}]}]",False,King,3,10,45,King,MID,2
336,3,2025-26,0,0,0,0,0,0,0,0,0,0,0,0,0,0.0,0.0,0.0,0.0,0,0,0,0,0,0.0,0.0,0.0,0.0,0,False,"[{'fixture': 23, 'stats': [{'identifier': 'minutes', 'points': 0, 'value': 0, 'points_modification': 0}]}]",False,Reed,3,10,44,Reed,MID,0
337,3,2025-26,31,0,0,0,0,0,0,0,0,0,0,0,-2,0.0,1.0,7.0,0.8,1,0,1,2,0,0.11,0.0,0.11,0.16,1,False,"[{'fixture': 23, 'stats': [{'identifier': 'minutes', 'points': 1, 'value': 31, 'points_modification': 0}]}]",False,Raúl,4,10,63,Raúl,FWD,1
338,3,2025-26,58,0,0,0,2,0,0,0,0,0,0,0,-1,0.0,10.3,4.0,1.4,1,0,0,1,1,0.04,0.0,0.04,2.19,1,False,"[{'fixture': 23, 'stats': [{'identifier': 'minutes', 'points': 1, 'value': 58, 'points_modification': 0}]}]",False,Muniz,4,10,55,Muniz,FWD,1
339,3,2025-26,0,0,0,0,0,0,0,0,0,0,0,0,0,0.0,0.0,0.0,0.0,0,0,0,0,0,0.0,0.0,0.0,0.0,0,False,"[{'fixture': 24, 'stats': [{'identifier': 'minutes', 'points': 0, 'value': 0, 'points_modification': 0}]}]",False,Meslier,1,11,44,Meslier,GK,0
340,3,2025-26,0,0,0,0,0,0,0,0,0,0,0,0,0,0.0,0.0,0.0,0.0,0,0,0,0,0,0.0,0.0,0.0,0.0,0,False,"[{'fixture': 24, 'stats': [{'identifier': 'minutes', 'points': 0, 'value': 0, 'points_modification': 0}]}]",False,Cairns,1,11,40,Cairns,GK,0
341,3,2025-26,0,0,0,0,0,0,0,0,0,0,0,0,0,0.0,0.0,0.0,0.0,0,0,0,0,0,0.0,0.0,0.0,0.0,0,False,"[{'fixture': 24, 'stats': [{'identifier': 'minutes', 'points': 0, 'value': 0, 'points_modification': 0}]}]",False,Darlow,1,11,40,Darlow,GK,0
342,3,2025-26,90,0,0,1,0,0,0,0,0,0,0,0,23,10.6,12.4,9.0,3.2,5,9,2,7,1,0.08,0.02,0.1,0.46,6,False,"[{'fixture': 24, 'stats': [{'identifier': 'minutes', 'points': 2, 'value': 90, 'points_modification': 0}, {'identifier': 'clean_sheets', 'points': 4, 'value': 1, 'points_modification': 0}]}]",False,Bogle,2,11,45,Bogle,DEF,6
343,3,2025-26,90,0,0,1,0,0,0,0,0,0,0,0,27,10.0,1.2,0.0,1.1,4,3,0,4,1,0.0,0.01,0.01,0.46,6,False,"[{'fixture': 24, 'stats': [{'identifier': 'minutes', 'points': 2, 'value': 90, 'points_modification': 0}, {'identifier': 'clean_sheets', 'points': 4, 'value': 1, 'points_modification': 0}]}]",False,Struijk,2,11,45,Struijk,DEF,6
344,3,2025-26,0,0,0,0,0,0,0,0,0,0,0,0,0,0.0,0.0,0.0,0.0,0,0,0,0,0,0.0,0.0,0.0,0.0,0,False,"[{'fixture': 24, 'stats': [{'identifier': 'minutes', 'points': 0, 'value': 0, 'points_modification': 0}]}]",False,Bijol,2,11,39,Bijol,DEF,0
345,3,2025-26,0,0,0,0,0,0,0,0,0,0,0,0,0,0.0,0.0,0.0,0.0,0,0,0,0,0,0.0,0.0,0.0,0.0,0,False,"[{'fixture': 24, 'stats': [{'identifier': 'minutes', 'points': 0, 'value': 0, 'points_modification': 0}]}]",False,Bornauw,2,11,39,Bornauw,DEF,0
346,3,2025-26,0,0,0,0,0,0,0,0,0,0,0,0,0,0.0,0.0,0.0,0.0,0,0,0,0,0,0.0,0.0,0.0,0.0,0,False,"[{'fixture': 24, 'stats': [{'identifier': 'minutes', 'points': 0, 'value': 0, 'points_modification': 0}]}]",False,Byram,2,11,39,Byram,DEF,0
347,3,2025-26,79,0,0,1,0,0,0,0,0,0,0,3,34,20.4,25.5,2.0,4.8,3,2,2,5,1,0.0,0.03,0.03,0.43,9,False,"[{'fixture': 24, 'stats': [{'identifier': 'minutes', 'points': 2, 'value': 79, 'points_modification': 0}, {'identifier': 'clean_sheets', 'points': 4, 'value': 1, 'points_modification': 0}, {'identifier': 'bonus', 'points': 3, 'value': 3, 'points_modification': 0}]}]",False,Gudmundsson,2,11,40,Gudmundsson,DEF,9
348,3,2025-26,90,0,0,1,0,0,0,0,0,0,0,1,28,15.4,0.8,2.0,1.8,6,3,1,7,1,0.0,0.0,0.0,0.46,7,False,"[{'fixture': 24, 'stats': [{'identifier': 'minutes', 'points': 2, 'value': 90, 'points_modification': 0}, {'identifier': 'clean_sheets', 'points': 4, 'value': 1, 'points_modification': 0}, {'identifier': 'bonus', 'points': 1, 'value': 1, 'points_modification': 0}]}]",False,Rodon,2,11,40,Rodon,DEF,7
349,3,2025-26,0,0,0,0,0,0,0,0,0,0,0,0,0,0.0,0.0,0.0,0.0,0,0,0,0,0,0.0,0.0,0.0,0.0,0,False,"[{'fixture': 24, 'stats': [{'identifier': 'minutes', 'points': 0, 'value': 0, 'points_modification': 0}]}]",False,Schmidt,2,11,40,Schmidt,DEF,0
350,3,2025-26,30,0,0,0,0,0,0,0,0,0,0,0,7,5.2,2.1,0.0,0.7,0,0,1,1,0,0.0,0.02,0.02,0.07,1,False,"[{'fixture': 24, 'stats': [{'identifier': 'minutes', 'points': 1, 'value': 30, 'points_modification': 0}]}]",False,Aaronson,3,11,54,Aaronson,MID,1
351,3,2025-26,59,0,0,0,0,0,0,0,1,0,0,0,0,0.0,13.6,3.0,1.6,0,3,0,3,1,0.04,0.05,0.09,0.39,0,False,"[{'fixture': 24, 'stats': [{'identifier': 'minutes', 'points': 1, 'value': 59, 'points_modification': 0}, {'identifier': 'yellow_cards', 'points': -1, 'value': 1, 'points_modification': 0}]}]",False,Gnonto,3,11,53,Gnonto,MID,0
352,3,2025-26,30,0,0,0,0,0,0,0,0,0,0,0,10,7.6,4.4,2.0,1.4,3,2,1,6,0,0.0,0.03,0.03,0.07,1,False,"[{'fixture': 24, 'stats': [{'identifier': 'minutes', 'points': 1, 'value': 30, 'points_modification': 0}]}]",False,Harrison,3,11,53,Harrison,MID,1
353,3,2025-26,59,0,0,0,0,0,0,0,0,0,0,0,5,4.0,15.1,9.0,2.8,0,2,1,3,1,0.22,0.12,0.34,0.39,1,False,"[{'fixture': 24, 'stats': [{'identifier': 'minutes', 'points': 1, 'value': 59, 'points_modification': 0}]}]",False,James,3,11,53,James,MID,1
354,3,2025-26,0,0,0,0,0,0,0,0,0,0,0,0,0,0.0,0.0,0.0,0.0,0,0,0,0,0,0.0,0.0,0.0,0.0,0,False,"[{'fixture': 24, 'stats': [{'identifier': 'minutes', 'points': 0, 'value': 0, 'points_modification': 0}]}]",False,Ampadu,3,11,49,Ampadu,MID,0
355,3,2025-26,0,0,0,0,0,0,0,0,0,0,0,0,0,0.0,0.0,0.0,0.0,0,0,0,0,0,0.0,0.0,0.0,0.0,0,False,"[{'fixture': 24, 'stats': [{'identifier': 'minutes', 'points': 0, 'value': 0, 'points_modification': 0}]}]",False,Greenwood,3,11,49,Greenwood,MID,0
356,3,2025-26,90,0,0,1,0,0,0,0,0,0,0,0,19,13.4,7.5,2.0,2.3,3,2,3,8,1,0.0,0.01,0.01,0.46,3,False,"[{'fixture': 24, 'stats': [{'identifier': 'minutes', 'points': 2, 'value': 90, 'points_modification': 0}, {'identifier': 'clean_sheets', 'points': 1, 'value': 1, 'points_modification': 0}]}]",False,Gruev,3,11,49,Gruev,MID,3
357,3,2025-26,0,0,0,0,0,0,0,0,0,0,0,0,0,0.0,0.0,0.0,0.0,0,0,0,0,0,0.0,0.0,0.0,0.0,0,False,"[{'fixture': 24, 'stats': [{'identifier': 'minutes', 'points': 0, 'value': 0, 'points_modification': 0}]}]",False,Ramazani,3,11,49,Ramazani,MID,0
358,3,2025-26,0,0,0,0,0,0,0,0,0,0,0,0,0,0.0,0.0,0.0,0.0,0,0,0,0,0,0.0,0.0,0.0,0.0,0,False,"[{'fixture': 24, 'stats': [{'identifier': 'minutes', 'points': 0, 'value': 0, 'points_modification': 0}]}]",False,Tanaka,3,11,49,Tanaka,MID,0
359,3,2025-26,0,0,0,0,0,0,0,0,0,0,0,0,0,0.0,0.0,0.0,0.0,0,0,0,0,0,0.0,0.0,0.0,0.0,0,False,"[{'fixture': 24, 'stats': [{'identifier': 'minutes', 'points': 0, 'value': 0, 'points_modification': 0}]}]",False,Crew,3,11,45,Crew,MID,0
360,3,2025-26,0,0,0,0,0,0,0,0,0,0,0,0,0,0.0,0.0,0.0,0.0,0,0,0,0,0,0.0,0.0,0.0,0.0,0,False,"[{'fixture': 24, 'stats': [{'identifier': 'minutes', 'points': 0, 'value': 0, 'points_modification': 0}]}]",False,Gelhardt,3,11,45,Gelhardt,MID,0
361,3,2025-26,0,0,0,0,0,0,0,0,0,0,0,0,0,0.0,0.0,0.0,0.0,0,0,0,0,0,0.0,0.0,0.0,0.0,0,False,"[{'fixture': 24, 'stats': [{'identifier': 'minutes', 'points': 0, 'value': 0, 'points_modification': 0}]}]",False,Gyabi,3,11,45,Gyabi,MID,0
362,3,2025-26,0,0,0,0,0,0,0,0,0,0,0,0,0,0.0,0.0,0.0,0.0,0,0,0,0,0,0.0,0.0,0.0,0.0,0,False,"[{'fixture': 24, 'stats': [{'identifier': 'minutes', 'points': 0, 'value': 0, 'points_modification': 0}]}]",False,Piroe,4,11,52,Piroe,FWD,0
363,3,2025-26,0,0,0,0,0,0,0,0,0,0,0,0,0,0.0,0.0,0.0,0.0,0,0,0,0,0,0.0,0.0,0.0,0.0,0,False,"[{'fixture': 24, 'stats': [{'identifier': 'minutes', 'points': 0, 'value': 0, 'points_modification': 0}]}]",False,Bamford,4,11,49,Bamford,FWD,0
364,3,2025-26,0,0,0,0,0,0,0,0,0,0,0,0,0,0.0,0.0,0.0,0.0,0,0,0,0,0,0.0,0.0,0.0,0.0,0,False,"[{'fixture': 24, 'stats': [{'identifier': 'minutes', 'points': 0, 'value': 0, 'points_modification': 0}]}]",False,Mateo Joseph,4,11,50,Mateo Joseph,FWD,0
365,3,2025-26,69,0,0,1,0,0,0,0,0,0,0,0,8,10.6,5.1,11.0,2.7,5,4,0,9,1,0.1,0.02,0.12,0.39,2,False,"[{'fixture': 24, 'stats': [{'identifier': 'minutes', 'points': 2, 'value': 69, 'points_modification': 0}]}]",False,Nmecha,4,11,50,Nmecha,FWD,2
366,3,2025-26,90,0,0,1,0,0,0,0,0,0,1,2,29,16.8,0.0,0.0,1.7,2,9,0,0,1,0.0,0.0,0.0,0.49,8,True,"[{'fixture': 25, 'stats': [{'identifier': 'minutes', 'points': 2, 'value': 90, 'points_modification': 0}, {'identifier': 'clean_sheets', 'points': 4, 'value': 1, 'points_modification': 0}, {'identifier': 'bonus', 'points': 2, 'value': 2, 'points_modification': 0}]}]",False,A.Becker,1,12,55,A.Becker,GK,8
367,3,2025-26,0,0,0,0,0,0,0,0,0,0,0,0,0,0.0,0.0,0.0,0.0,0,0,0,0,0,0.0,0.0,0.0,0.0,0,False,"[{'fixture': 25, 'stats': [{'identifier': 'minutes', 'points': 0, 'value': 0, 'points_modification': 0}]}]",False,Mamardashvili,1,12,43,Mamardashvili,GK,0
368,3,2025-26,0,0,0,0,0,0,0,0,0,0,0,0,0,0.0,0.0,0.0,0.0,0,0,0,0,0,0.0,0.0,0.0,0.0,0,False,"[{'fixture': 25, 'stats': [{'identifier': 'minutes', 'points': 0, 'value': 0, 'points_modification': 0}]}]",False,Pécsi,1,12,39,Pécsi,GK,0
369,3,2025-26,0,0,0,0,0,0,0,0,0,0,0,0,0,0.0,0.0,0.0,0.0,0,0,0,0,0,0.0,0.0,0.0,0.0,0,False,"[{'fixture': 25, 'stats': [{'identifier': 'minutes', 'points': 0, 'value': 0, 'points_modification': 0}]}]",False,Woodman,1,12,39,Woodman,GK,0
370,3,2025-26,0,0,0,0,0,0,0,0,0,0,0,0,0,0.0,0.0,0.0,0.0,0,0,0,0,0,0.0,0.0,0.0,0.0,0,False,"[{'fixture': 25, 'stats': [{'identifier': 'minutes', 'points': 0, 'value': 0, 'points_modification': 0}]}]",False,Frimpong,2,12,59,Frimpong,DEF,0
371,3,2025-26,90,0,0,1,0,0,0,0,0,0,0,0,27,22.0,1.8,0.0,2.4,6,2,3,9,1,0.0,0.0,0.0,0.49,6,False,"[{'fixture': 25, 'stats': [{'identifier': 'minutes', 'points': 2, 'value': 90, 'points_modification': 0}, {'identifier': 'clean_sheets', 'points': 4, 'value': 1, 'points_modification': 0}]}]",False,Kerkez,2,12,59,Kerkez,DEF,6
372,3,2025-26,0,0,0,0,0,0,0,0,0,0,0,0,0,0.0,0.0,0.0,0.0,0,0,0,0,0,0.0,0.0,0.0,0.0,0,False,"[{'fixture': 25, 'stats': [{'identifier': 'minutes', 'points': 0, 'value': 0, 'points_modification': 0}]}]",False,Robertson,2,12,58,Robertson,DEF,0
373,3,2025-26,90,0,0,1,0,0,0,0,0,0,0,2,29,31.2,3.7,2.0,3.7,8,2,0,8,1,0.0,0.02,0.02,0.49,8,False,"[{'fixture': 25, 'stats': [{'identifier': 'minutes', 'points': 2, 'value': 90, 'points_modification': 0}, {'identifier': 'clean_sheets', 'points': 4, 'value': 1, 'points_modification': 0}, {'identifier': 'bonus', 'points': 2, 'value': 2, 'points_modification': 0}]}]",False,Virgil,2,12,61,Virgil,DEF,8
374,3,2025-26,78,0,0,1,0,0,0,0,0,0,0,0,26,16.2,0.8,0.0,1.7,4,2,1,5,1,0.0,0.0,0.0,0.4,6,False,"[{'fixture': 25, 'stats': [{'identifier': 'minutes', 'points': 2, 'value': 78, 'points_modification': 0}, {'identifier': 'clean_sheets', 'points': 4, 'value': 1, 'points_modification': 0}]}]",False,Konaté,2,12,55,Konaté,DEF,6
375,3,2025-26,0,0,0,0,0,0,0,0,0,0,0,0,0,0.0,0.0,0.0,0.0,0,0,0,0,0,0.0,0.0,0.0,0.0,0,False,"[{'fixture': 25, 'stats': [{'identifier': 'minutes', 'points': 0, 'value': 0, 'points_modification': 0}]}]",False,Bradley,2,12,50,Bradley,DEF,0
376,3,2025-26,11,0,0,0,0,0,0,0,0,0,0,0,6,12.2,0.1,0.0,1.2,7,0,0,7,0,0.0,0.0,0.0,0.09,1,False,"[{'fixture': 25, 'stats': [{'identifier': 'minutes', 'points': 1, 'value': 11, 'points_modification': 0}]}]",False,Gomez,2,12,50,Gomez,DEF,1
377,3,2025-26,0,0,0,0,0,0,0,0,0,0,0,0,0,0.0,0.0,0.0,0.0,0,0,0,0,0,0.0,0.0,0.0,0.0,0,False,"[{'fixture': 25, 'stats': [{'identifier': 'minutes', 'points': 0, 'value': 0, 'points_modification': 0}]}]",False,Tsimikas,2,12,48,Tsimikas,DEF,0
378,3,2025-26,0,0,0,0,0,0,0,0,0,0,0,0,0,0.0,0.0,0.0,0.0,0,0,0,0,0,0.0,0.0,0.0,0.0,0,False,"[{'fixture': 25, 'stats': [{'identifier': 'minutes', 'points': 0, 'value': 0, 'points_modification': 0}]}]",False,Nallo,2,12,39,Nallo,DEF,0
379,3,2025-26,0,0,0,0,0,0,0,0,0,0,0,0,0,0.0,0.0,0.0,0.0,0,0,0,0,0,0.0,0.0,0.0,0.0,0,False,"[{'fixture': 25, 'stats': [{'identifier': 'minutes', 'points': 0, 'value': 0, 'points_modification': 0}]}]",False,R.Williams,2,12,39,R.Williams,DEF,0
380,3,2025-26,0,0,0,0,0,0,0,0,0,0,0,0,0,0.0,0.0,0.0,0.0,0,0,0,0,0,0.0,0.0,0.0,0.0,0,False,"[{'fixture': 25, 'stats': [{'identifier': 'minutes', 'points': 0, 'value': 0, 'points_modification': 0}]}]",False,Ramsay,2,12,39,Ramsay,DEF,0
381,3,2025-26,90,0,0,1,0,0,0,0,0,0,0,0,5,0.4,6.8,17.0,2.4,0,2,0,2,1,0.05,0.03,0.08,0.49,3,False,"[{'fixture': 25, 'stats': [{'identifier': 'minutes', 'points': 2, 'value': 90, 'points_modification': 0}, {'identifier': 'clean_sheets', 'points': 1, 'value': 1, 'points_modification': 0}]}]",False,M.Salah,3,12,145,M.Salah,MID,3
382,3,2025-26,88,0,0,1,0,0,0,0,0,0,0,0,18,14.8,12.6,23.0,5.0,2,4,2,8,1,0.18,0.06,0.24,0.4,3,False,"[{'fixture': 25, 'stats': [{'identifier': 'minutes', 'points': 2, 'value': 88, 'points_modification': 0}, {'identifier': 'clean_sheets', 'points': 1, 'value': 1, 'points_modification': 0}]}]",False,Wirtz,3,12,82,Wirtz,MID,3
383,3,2025-26,0,0,0,0,0,0,0,0,0,0,0,0,0,0.0,0.0,0.0,0.0,0,0,0,0,0,0.0,0.0,0.0,0.0,0,False,"[{'fixture': 25, 'stats': [{'identifier': 'minutes', 'points': 0, 'value': 0, 'points_modification': 0}]}]",False,Luis Díaz,3,12,80,Luis Díaz,MID,0
384,3,2025-26,90,0,0,1,0,0,0,0,0,0,0,0,10,11.4,13.9,22.0,4.7,2,2,1,5,1,0.05,0.01,0.06,0.49,3,False,"[{'fixture': 25, 'stats': [{'identifier': 'minutes', 'points': 2, 'value': 90, 'points_modification': 0}, {'identifier': 'clean_sheets', 'points': 1, 'value': 1, 'points_modification': 0}]}]",False,Gakpo,3,12,76,Gakpo,MID,3
385,3,2025-26,11,0,0,0,0,0,0,0,0,0,0,0,2,0.2,0.1,2.0,0.2,0,0,0,0,0,0.12,0.0,0.12,0.09,1,False,"[{'fixture': 25, 'stats': [{'identifier': 'minutes', 'points': 1, 'value': 11, 'points_modification': 0}]}]",False,Chiesa,3,12,64,Chiesa,MID,1
386,3,2025-26,60,0,0,1,0,0,0,0,0,0,0,0,7,6.2,21.5,5.0,3.3,2,7,0,9,1,0.05,0.05,0.1,0.31,3,False,"[{'fixture': 25, 'stats': [{'identifier': 'minutes', 'points': 2, 'value': 60, 'points_modification': 0}, {'identifier': 'clean_sheets', 'points': 1, 'value': 1, 'points_modification': 0}]}]",False,Mac Allister,3,12,64,Mac Allister,MID,3
387,3,2025-26,90,1,0,1,0,0,0,0,0,0,0,3,45,56.0,17.0,7.0,8.0,7,5,2,14,1,0.03,0.02,0.05,0.49,13,True,"[{'fixture': 25, 'stats': [{'identifier': 'minutes', 'points': 2, 'value': 90, 'points_modification': 0}, {'identifier': 'goals_scored', 'points': 5, 'value': 1, 'points_modification': 0}, {'identifier': 'clean_sheets', 'points': 1, 'value': 1, 'points_modification': 0}, {'identifier': 'bonus', 'points': 3, 'value': 3, 'points_modification': 0}, {'identifier': 'defensive_contribution', 'points': 2, 'value': 14, 'points_modification': 0}]}]",False,Szoboszlai,3,12,65,Szoboszlai,MID,13
388,3,2025-26,29,0,1,0,0,0,0,0,0,0,0,0,14,5.6,11.6,0.0,1.7,1,2,0,3,0,0.0,0.02,0.02,0.18,4,False,"[{'fixture': 25, 'stats': [{'identifier': 'minutes', 'points': 1, 'value': 29, 'points_modification': 0}, {'identifier': 'assists', 'points': 3, 'value': 1, 'points_modification': 0}]}]",False,C.Jones,3,12,54,C.Jones,MID,4
389,3,2025-26,0,0,0,0,0,0,0,0,0,0,0,0,0,0.0,0.0,0.0,0.0,0,0,0,0,0,0.0,0.0,0.0,0.0,0,False,"[{'fixture': 25, 'stats': [{'identifier': 'minutes', 'points': 0, 'value': 0, 'points_modification': 0}]}]",False,Elliott,3,2,54,Elliott,MID,0
390,3,2025-26,90,0,0,1,0,0,0,0,1,0,0,0,13,6.2,15.3,1.0,2.3,1,7,1,9,1,0.02,0.01,0.03,0.49,2,False,"[{'fixture': 25, 'stats': [{'identifier': 'minutes', 'points': 2, 'value': 90, 'points_modification': 0}, {'identifier': 'clean_sheets', 'points': 1, 'value': 1, 'points_modification': 0}, {'identifier': 'yellow_cards', 'points': -1, 'value': 1, 'points_modification': 0}]}]",False,Gravenberch,3,12,56,Gravenberch,MID,2
391,3,2025-26,0,0,0,0,0,0,0,0,0,0,0,0,0,0.0,0.0,0.0,0.0,0,0,0,0,0,0.0,0.0,0.0,0.0,0,False,"[{'fixture': 29, 'stats': [{'identifier': 'minutes', 'points': 0, 'value': 0, 'points_modification': 0}]}]",False,Gannon-Doak,3,4,50,Gannon-Doak,MID,0
392,3,2025-26,1,0,0,0,0,0,0,0,1,0,0,0,-2,0.0,0.0,0.0,0.0,1,0,0,1,0,0.0,0.0,0.0,0.09,0,False,"[{'fixture': 25, 'stats': [{'identifier': 'minutes', 'points': 1, 'value': 1, 'points_modification': 0}, {'identifier': 'yellow_cards', 'points': -1, 'value': 1, 'points_modification': 0}]}]",False,Endo,3,12,49,Endo,MID,0
393,3,2025-26,0,0,0,0,0,0,0,0,0,0,0,0,0,0.0,0.0,0.0,0.0,0,0,0,0,0,0.0,0.0,0.0,0.0,0,False,"[{'fixture': 25, 'stats': [{'identifier': 'minutes', 'points': 0, 'value': 0, 'points_modification': 0}]}]",False,Bajcetic,3,12,44,Bajcetic,MID,0
394,3,2025-26,0,0,0,0,0,0,0,0,0,0,0,0,0,0.0,0.0,0.0,0.0,0,0,0,0,0,0.0,0.0,0.0,0.0,0,False,"[{'fixture': 25, 'stats': [{'identifier': 'minutes', 'points': 0, 'value': 0, 'points_modification': 0}]}]",False,McConnell,3,12,44,McConnell,MID,0
395,3,2025-26,0,0,0,0,0,0,0,0,0,0,0,0,0,0.0,0.0,0.0,0.0,0,0,0,0,0,0.0,0.0,0.0,0.0,0,False,"[{'fixture': 25, 'stats': [{'identifier': 'minutes', 'points': 0, 'value': 0, 'points_modification': 0}]}]",False,Morton,3,12,45,Morton,MID,0
396,3,2025-26,0,0,0,0,0,0,0,0,0,0,0,0,0,0.0,0.0,0.0,0.0,0,0,0,0,0,0.0,0.0,0.0,0.0,0,False,"[{'fixture': 25, 'stats': [{'identifier': 'minutes', 'points': 0, 'value': 0, 'points_modification': 0}]}]",False,Nyoni,3,12,44,Nyoni,MID,0
397,3,2025-26,0,0,0,0,0,0,0,0,0,0,0,0,0,0.0,0.0,0.0,0.0,0,0,0,0,0,0.0,0.0,0.0,0.0,0,False,"[{'fixture': 25, 'stats': [{'identifier': 'minutes', 'points': 0, 'value': 0, 'points_modification': 0}]}]",False,Darwin,4,12,65,Darwin,FWD,0
398,3,2025-26,0,0,0,0,0,0,0,0,0,0,0,0,0,0.0,0.0,0.0,0.0,0,0,0,0,0,0.0,0.0,0.0,0.0,0,False,"[{'fixture': 25, 'stats': [{'identifier': 'minutes', 'points': 0, 'value': 0, 'points_modification': 0}]}]",False,Danns,4,12,44,Danns,FWD,0
399,3,2025-26,0,0,0,0,0,0,0,0,0,0,0,0,0,0.0,0.0,0.0,0.0,0,0,0,0,0,0.0,0.0,0.0,0.0,0,False,"[{'fixture': 22, 'stats': [{'identifier': 'minutes', 'points': 0, 'value': 0, 'points_modification': 0}]}]",False,Ederson M.,1,13,53,Ederson M.,GK,0
400,3,2025-26,0,0,0,0,0,0,0,0,0,0,0,0,0,0.0,0.0,0.0,0.0,0,0,0,0,0,0.0,0.0,0.0,0.0,0,False,"[{'fixture': 22, 'stats': [{'identifier': 'minutes', 'points': 0, 'value': 0, 'points_modification': 0}]}]",False,Ortega Moreno,1,13,49,Ortega Moreno,GK,0
401,3,2025-26,0,0,0,0,0,0,0,0,0,0,0,0,0,0.0,0.0,0.0,0.0,0,0,0,0,0,0.0,0.0,0.0,0.0,0,False,"[{'fixture': 22, 'stats': [{'identifier': 'minutes', 'points': 0, 'value': 0, 'points_modification': 0}]}]",False,Bettinelli,1,13,40,Bettinelli,GK,0
402,3,2025-26,90,0,0,0,2,0,0,0,1,0,0,0,-1,12.6,12.8,4.0,2.9,5,3,3,8,1,0.0,0.46,0.46,2.3,0,False,"[{'fixture': 22, 'stats': [{'identifier': 'minutes', 'points': 2, 'value': 90, 'points_modification': 0}, {'identifier': 'goals_conceded', 'points': -1, 'value': 2, 'points_modification': 0}, {'identifier': 'yellow_cards', 'points': -1, 'value': 1, 'points_modification': 0}]}]",False,Aït-Nouri,2,13,59,Aït-Nouri,DEF,0
403,3,2025-26,0,0,0,0,0,0,0,0,0,0,0,0,0,0.0,0.0,0.0,0.0,0,0,0,0,0,0.0,0.0,0.0,0.0,0,False,"[{'fixture': 22, 'stats': [{'identifier': 'minutes', 'points': 0, 'value': 0, 'points_modification': 0}]}]",False,Gvardiol,2,13,58,Gvardiol,DEF,0
404,3,2025-26,0,0,0,0,0,0,0,0,0,0,0,0,0,0.0,0.0,0.0,0.0,0,0,0,0,0,0.0,0.0,0.0,0.0,0,False,"[{'fixture': 22, 'stats': [{'identifier': 'minutes', 'points': 0, 'value': 0, 'points_modification': 0}]}]",False,Akanji,2,13,54,Akanji,DEF,0
405,3,2025-26,0,0,0,0,0,0,0,0,0,0,0,0,0,0.0,0.0,0.0,0.0,0,0,0,0,0,0.0,0.0,0.0,0.0,0,False,"[{'fixture': 22, 'stats': [{'identifier': 'minutes', 'points': 0, 'value': 0, 'points_modification': 0}]}]",False,Aké,2,13,54,Aké,DEF,0
406,3,2025-26,84,0,0,0,1,0,0,0,1,0,0,0,8,14.0,2.3,0.0,1.6,2,1,4,6,1,0.0,0.01,0.01,1.19,1,False,"[{'fixture': 22, 'stats': [{'identifier': 'minutes', 'points': 2, 'value': 84, 'points_modification': 0}, {'identifier': 'yellow_cards', 'points': -1, 'value': 1, 'points_modification': 0}]}]",False,Khusanov,2,13,54,Khusanov,DEF,1
407,3,2025-26,84,0,0,0,1,0,0,0,0,0,0,0,7,10.6,5.3,0.0,1.6,6,5,0,6,1,0.0,0.02,0.02,1.19,2,False,"[{'fixture': 22, 'stats': [{'identifier': 'minutes', 'points': 2, 'value': 84, 'points_modification': 0}]}]",False,Matheus N.,2,13,53,Matheus N.,DEF,2
408,3,2025-26,5,0,0,0,1,0,0,0,0,0,0,0,-1,5.6,0.1,0.0,0.6,1,0,0,1,0,0.0,0.0,0.0,1.11,1,False,"[{'fixture': 22, 'stats': [{'identifier': 'minutes', 'points': 1, 'value': 5, 'points_modification': 0}]}]",False,Rúben,2,13,55,Rúben,DEF,1
409,3,2025-26,90,0,0,0,2,0,0,0,0,0,0,0,7,15.6,1.8,0.0,1.7,4,5,0,4,1,0.0,0.01,0.01,2.3,1,False,"[{'fixture': 22, 'stats': [{'identifier': 'minutes', 'points': 2, 'value': 90, 'points_modification': 0}, {'identifier': 'goals_conceded', 'points': -1, 'value': 2, 'points_modification': 0}]}]",False,Stones,2,13,55,Stones,DEF,1
410,3,2025-26,5,0,0,0,1,0,0,0,0,0,0,0,0,0.8,0.3,0.0,0.1,0,0,0,0,0,0.0,0.0,0.0,1.11,1,False,"[{'fixture': 22, 'stats': [{'identifier': 'minutes', 'points': 1, 'value': 5, 'points_modification': 0}]}]",False,Lewis,2,13,50,Lewis,DEF,1
411,3,2025-26,18,0,0,0,1,0,0,0,0,0,0,0,-1,7.8,1.5,2.0,1.1,1,1,2,3,0,0.02,0.0,0.02,1.23,1,False,"[{'fixture': 22, 'stats': [{'identifier': 'minutes', 'points': 1, 'value': 18, 'points_modification': 0}]}]",False,O’Reilly,2,13,49,O’Reilly,DEF,1
412,3,2025-26,0,0,0,0,0,0,0,0,0,0,0,0,0,0.0,0.0,0.0,0.0,0,0,0,0,0,0.0,0.0,0.0,0.0,0,False,"[{'fixture': 22, 'stats': [{'identifier': 'minutes', 'points': 0, 'value': 0, 'points_modification': 0}]}]",False,Vitor Reis,2,13,50,Vitor Reis,DEF,0
413,3,2025-26,71,0,1,0,1,0,0,0,0,0,0,2,27,25.2,32.5,16.0,7.4,1,5,2,8,1,0.05,0.44,0.49,1.07,7,False,"[{'fixture': 22, 'stats': [{'identifier': 'minutes', 'points': 2, 'value': 71, 'points_modification': 0}, {'identifier': 'assists', 'points': 3, 'value': 1, 'points_modification': 0}, {'identifier': 'bonus', 'points': 2, 'value': 2, 'points_modification': 0}]}]",False,Marmoush,3,13,83,Marmoush,MID,7
414,3,2025-26,0,0,0,0,0,0,0,0,0,0,0,0,0,0.0,0.0,0.0,0.0,0,0,0,0,0,0.0,0.0,0.0,0.0,0,False,"[{'fixture': 22, 'stats': [{'identifier': 'minutes', 'points': 0, 'value': 0, 'points_modification': 0}]}]",False,Foden,3,13,81,Foden,MID,0
415,3,2025-26,0,0,0,0,0,0,0,0,0,0,0,0,0,0.0,0.0,0.0,0.0,0,0,0,0,0,0.0,0.0,0.0,0.0,0,False,"[{'fixture': 22, 'stats': [{'identifier': 'minutes', 'points': 0, 'value': 0, 'points_modification': 0}]}]",False,Savinho,3,13,69,Savinho,MID,0
416,3,2025-26,71,0,0,0,1,0,0,0,0,0,0,0,8,3.2,5.2,2.0,1.0,2,1,1,4,1,0.0,0.03,0.03,1.07,2,False,"[{'fixture': 22, 'stats': [{'identifier': 'minutes', 'points': 2, 'value': 71, 'points_modification': 0}]}]",False,Bernardo,3,13,64,Bernardo,MID,2
417,3,2025-26,0,0,0,0,0,0,0,0,0,0,0,0,0,0.0,0.0,0.0,0.0,0,0,0,0,0,0.0,0.0,0.0,0.0,0,False,"[{'fixture': 22, 'stats': [{'identifier': 'minutes', 'points': 0, 'value': 0, 'points_modification': 0}]}]",False,Cherki,3,13,63,Cherki,MID,0
418,3,2025-26,18,0,0,0,1,0,0,0,0,0,0,0,4,4.0,21.3,2.0,2.7,0,0,0,0,0,0.0,0.01,0.01,1.23,1,False,"[{'fixture': 22, 'stats': [{'identifier': 'minutes', 'points': 1, 'value': 18, 'points_modification': 0}]}]",False,Doku,3,13,65,Doku,MID,1
419,3,2025-26,87,0,2,0,2,0,0,0,0,0,0,2,45,47.2,36.0,34.0,11.7,2,8,1,11,1,0.28,0.59,0.87,0.99,10,True,"[{'fixture': 30, 'stats': [{'identifier': 'minutes', 'points': 2, 'value': 87, 'points_modification': 0}, {'identifier': 'assists', 'points': 6, 'value': 2, 'points_modification': 0}, {'identifier': 'bonus', 'points': 2, 'value': 2, 'points_modification': 0}]}]",False,Grealish,3,9,69,Grealish,MID,10
420,3,2025-26,0,0,0,0,0,0,0,0,0,0,0,0,0,0.0,0.0,0.0,0.0,0,0,0,0,0,0.0,0.0,0.0,0.0,0,False,"[{'fixture': 22, 'stats': [{'identifier': 'minutes', 'points': 0, 'value': 0, 'points_modification': 0}]}]",False,Gündoğan,3,13,63,Gündoğan,MID,0
421,3,2025-26,90,0,0,0,2,0,0,0,0,0,0,0,14,13.0,17.4,1.0,3.1,1,8,1,10,1,0.03,0.16,0.19,2.3,2,False,"[{'fixture': 22, 'stats': [{'identifier': 'minutes', 'points': 2, 'value': 90, 'points_modification': 0}]}]",False,Rodrigo,3,13,64,Rodrigo,MID,2
422,3,2025-26,0,0,0,0,0,0,0,0,0,0,0,0,0,0.0,0.0,0.0,0.0,0,0,0,0,0,0.0,0.0,0.0,0.0,0,False,"[{'fixture': 22, 'stats': [{'identifier': 'minutes', 'points': 0, 'value': 0, 'points_modification': 0}]}]",False,Kovačić,3,13,59,Kovačić,MID,0
423,3,2025-26,0,0,0,0,0,0,0,0,0,0,0,0,0,0.0,0.0,0.0,0.0,0,0,0,0,0,0.0,0.0,0.0,0.0,0,False,"[{'fixture': 22, 'stats': [{'identifier': 'minutes', 'points': 0, 'value': 0, 'points_modification': 0}]}]",False,N.Gonzalez,3,13,59,N.Gonzalez,MID,0
424,3,2025-26,90,0,0,0,2,0,0,0,0,0,0,0,5,3.2,10.5,16.0,3.0,1,4,1,6,1,0.3,0.18,0.48,2.3,2,False,"[{'fixture': 22, 'stats': [{'identifier': 'minutes', 'points': 2, 'value': 90, 'points_modification': 0}]}]",False,Bobb,3,13,55,Bobb,MID,2
425,3,2025-26,0,0,0,0,0,0,0,0,0,0,0,0,0,0.0,0.0,0.0,0.0,0,0,0,0,0,0.0,0.0,0.0,0.0,0,False,"[{'fixture': 22, 'stats': [{'identifier': 'minutes', 'points': 0, 'value': 0, 'points_modification': 0}]}]",False,Echeverri,3,13,54,Echeverri,MID,0
426,3,2025-26,32,0,0,0,3,0,0,0,0,0,0,0,7,5.4,12.3,2.0,2.0,0,3,1,4,0,0.0,0.09,0.09,1.95,1,False,"[{'fixture': 27, 'stats': [{'identifier': 'minutes', 'points': 1, 'value': 32, 'points_modification': 0}]}]",False,McAtee,3,16,53,McAtee,MID,1
427,3,2025-26,90,0,0,0,2,0,0,0,0,0,0,0,18,11.8,32.3,1.0,4.5,1,3,1,5,1,0.02,0.12,0.14,2.3,2,False,"[{'fixture': 22, 'stats': [{'identifier': 'minutes', 'points': 2, 'value': 90, 'points_modification': 0}]}]",False,Reijnders,3,13,57,Reijnders,MID,2
428,3,2025-26,0,0,0,0,0,0,0,0,0,0,0,0,0,0.0,0.0,0.0,0.0,0,0,0,0,0,0.0,0.0,0.0,0.0,0,False,"[{'fixture': 22, 'stats': [{'identifier': 'minutes', 'points': 0, 'value': 0, 'points_modification': 0}]}]",False,Nypan,3,13,50,Nypan,MID,0
429,3,2025-26,0,0,0,0,0,0,0,0,0,0,0,0,0,0.0,0.0,0.0,0.0,0,0,0,0,0,0.0,0.0,0.0,0.0,0,False,"[{'fixture': 22, 'stats': [{'identifier': 'minutes', 'points': 0, 'value': 0, 'points_modification': 0}]}]",False,Phillips,3,13,49,Phillips,MID,0
430,3,2025-26,90,1,0,0,2,0,0,0,0,0,0,3,29,30.4,0.4,96.0,12.7,0,1,0,1,1,1.4,0.0,1.4,2.3,9,False,"[{'fixture': 22, 'stats': [{'identifier': 'minutes', 'points': 2, 'value': 90, 'points_modification': 0}, {'identifier': 'goals_scored', 'points': 4, 'value': 1, 'points_modification': 0}, {'identifier': 'bonus', 'points': 3, 'value': 3, 'points_modification': 0}]}]",False,Haaland,4,13,143,Haaland,FWD,9
431,3,2025-26,90,0,0,0,2,0,0,0,0,0,1,0,5,11.6,0.0,0.0,1.2,0,12,0,0,1,0.0,0.01,0.01,1.2,1,False,"[{'fixture': 26, 'stats': [{'identifier': 'minutes', 'points': 2, 'value': 90, 'points_modification': 0}, {'identifier': 'goals_conceded', 'points': -1, 'value': 2, 'points_modification': 0}]}]",False,Bayindir,1,14,50,Bayindir,GK,1
432,3,2025-26,0,0,0,0,0,0,0,0,0,0,0,0,0,0.0,0.0,0.0,0.0,0,0,0,0,0,0.0,0.0,0.0,0.0,0,False,"[{'fixture': 26, 'stats': [{'identifier': 'minutes', 'points': 0, 'value': 0, 'points_modification': 0}]}]",False,Onana,1,14,49,Onana,GK,0
433,3,2025-26,0,0,0,0,0,0,0,0,0,0,0,0,0,0.0,0.0,0.0,0.0,0,0,0,0,0,0.0,0.0,0.0,0.0,0,False,"[{'fixture': 26, 'stats': [{'identifier': 'minutes', 'points': 0, 'value': 0, 'points_modification': 0}]}]",False,Harrison,1,14,40,Harrison,GK,0
434,3,2025-26,0,0,0,0,0,0,0,0,0,0,0,0,0,0.0,0.0,0.0,0.0,0,0,0,0,0,0.0,0.0,0.0,0.0,0,False,"[{'fixture': 26, 'stats': [{'identifier': 'minutes', 'points': 0, 'value': 0, 'points_modification': 0}]}]",False,Heaton,1,14,40,Heaton,GK,0
435,3,2025-26,0,0,0,0,0,0,0,0,0,0,0,0,0,0.0,0.0,0.0,0.0,0,0,0,0,0,0.0,0.0,0.0,0.0,0,False,"[{'fixture': 26, 'stats': [{'identifier': 'minutes', 'points': 0, 'value': 0, 'points_modification': 0}]}]",False,Mee,1,14,40,Mee,GK,0
436,3,2025-26,90,0,0,0,2,0,0,0,0,0,0,0,4,10.2,0.2,5.0,1.5,4,4,0,4,1,0.1,0.0,0.1,1.2,1,False,"[{'fixture': 26, 'stats': [{'identifier': 'minutes', 'points': 2, 'value': 90, 'points_modification': 0}, {'identifier': 'goals_conceded', 'points': -1, 'value': 2, 'points_modification': 0}]}]",False,De Ligt,2,14,50,De Ligt,DEF,1
437,3,2025-26,0,0,0,0,0,0,0,0,0,0,0,0,0,0.0,0.0,0.0,0.0,0,0,0,0,0,0.0,0.0,0.0,0.0,0,False,"[{'fixture': 26, 'stats': [{'identifier': 'minutes', 'points': 0, 'value': 0, 'points_modification': 0}]}]",False,Martinez,2,14,49,Martinez,DEF,0
438,3,2025-26,5,0,0,0,0,0,0,0,0,0,0,0,5,4.6,0.5,0.0,0.5,1,0,1,2,0,0.0,0.0,0.0,0.0,1,False,"[{'fixture': 26, 'stats': [{'identifier': 'minutes', 'points': 1, 'value': 5, 'points_modification': 0}]}]",False,Mazraoui,2,14,49,Mazraoui,DEF,1
439,3,2025-26,0,0,0,0,0,0,0,0,0,0,0,0,0,0.0,0.0,0.0,0.0,0,0,0,0,0,0.0,0.0,0.0,0.0,0,False,"[{'fixture': 26, 'stats': [{'identifier': 'minutes', 'points': 0, 'value': 0, 'points_modification': 0}]}]",False,D.Leon,2,14,43,D.Leon,DEF,0
440,3,2025-26,90,0,1,0,2,0,0,0,0,0,0,0,20,36.8,33.1,6.0,7.6,4,3,2,6,1,0.0,0.46,0.46,1.2,4,False,"[{'fixture': 26, 'stats': [{'identifier': 'minutes', 'points': 2, 'value': 90, 'points_modification': 0}, {'identifier': 'assists', 'points': 3, 'value': 1, 'points_modification': 0}, {'identifier': 'goals_conceded', 'points': -1, 'value': 2, 'points_modification': 0}]}]",False,Dalot,2,14,44,Dalot,DEF,4
441,3,2025-26,0,0,0,0,0,0,0,0,0,0,0,0,0,0.0,0.0,0.0,0.0,0,0,0,0,0,0.0,0.0,0.0,0.0,0,False,"[{'fixture': 26, 'stats': [{'identifier': 'minutes', 'points': 0, 'value': 0, 'points_modification': 0}]}]",False,Dorgu,2,14,45,Dorgu,DEF,0
442,3,2025-26,0,0,0,0,0,0,0,0,0,0,0,0,0,0.0,0.0,0.0,0.0,0,0,0,0,0,0.0,0.0,0.0,0.0,0,False,"[{'fixture': 26, 'stats': [{'identifier': 'minutes', 'points': 0, 'value': 0, 'points_modification': 0}]}]",False,Maguire,2,14,44,Maguire,DEF,0
443,3,2025-26,90,0,0,0,2,0,0,0,0,0,0,0,4,13.0,3.8,0.0,1.7,1,2,3,4,1,0.0,0.02,0.02,1.2,1,False,"[{'fixture': 26, 'stats': [{'identifier': 'minutes', 'points': 2, 'value': 90, 'points_modification': 0}, {'identifier': 'goals_conceded', 'points': -1, 'value': 2, 'points_modification': 0}]}]",False,Shaw,2,14,45,Shaw,DEF,1
444,3,2025-26,84,0,0,0,2,0,0,0,0,0,0,0,2,7.8,4.6,4.0,1.6,2,1,2,4,1,0.09,0.02,0.11,1.2,1,False,"[{'fixture': 26, 'stats': [{'identifier': 'minutes', 'points': 2, 'value': 84, 'points_modification': 0}, {'identifier': 'goals_conceded', 'points': -1, 'value': 2, 'points_modification': 0}]}]",False,Yoro,2,14,45,Yoro,DEF,1
445,3,2025-26,0,0,0,0,0,0,0,0,0,0,0,0,0,0.0,0.0,0.0,0.0,0,0,0,0,0,0.0,0.0,0.0,0.0,0,False,"[{'fixture': 26, 'stats': [{'identifier': 'minutes', 'points': 0, 'value': 0, 'points_modification': 0}]}]",False,Amass,2,14,40,Amass,DEF,0
446,3,2025-26,0,0,0,0,0,0,0,0,0,0,0,0,0,0.0,0.0,0.0,0.0,0,0,0,0,0,0.0,0.0,0.0,0.0,0,False,"[{'fixture': 26, 'stats': [{'identifier': 'minutes', 'points': 0, 'value': 0, 'points_modification': 0}]}]",False,Fredricson,2,14,39,Fredricson,DEF,0
447,3,2025-26,0,0,0,0,0,0,0,0,0,0,0,0,0,0.0,0.0,0.0,0.0,0,0,0,0,0,0.0,0.0,0.0,0.0,0,False,"[{'fixture': 26, 'stats': [{'identifier': 'minutes', 'points': 0, 'value': 0, 'points_modification': 0}]}]",False,Heaven,2,14,39,Heaven,DEF,0
448,3,2025-26,0,0,0,0,0,0,0,0,0,0,0,0,0,0.0,0.0,0.0,0.0,0,0,0,0,0,0.0,0.0,0.0,0.0,0,False,"[{'fixture': 26, 'stats': [{'identifier': 'minutes', 'points': 0, 'value': 0, 'points_modification': 0}]}]",False,Malacia,2,14,39,Malacia,DEF,0
449,3,2025-26,90,1,0,0,2,0,0,0,1,0,0,2,35,59.0,83.7,27.0,17.0,4,10,3,17,1,0.92,0.25,1.17,1.2,10,False,"[{'fixture': 26, 'stats': [{'identifier': 'minutes', 'points': 2, 'value': 90, 'points_modification': 0}, {'identifier': 'goals_scored', 'points': 5, 'value': 1, 'points_modification': 0}, {'identifier': 'yellow_cards', 'points': -1, 'value': 1, 'points_modification': 0}, {'identifier': 'bonus', 'points': 2, 'value': 2, 'points_modification': 0}, {'identifier': 'defensive_contribution', 'points': 2, 'value': 17, 'points_modification': 0}]}]",False,B.Fernandes,3,14,90,B.Fernandes,MID,10
450,3,2025-26,30,0,0,0,0,0,0,0,0,0,0,0,7,6.8,15.1,9.0,3.1,0,1,0,1,1,0.03,0.15,0.18,0.0,1,False,"[{'fixture': 26, 'stats': [{'identifier': 'minutes', 'points': 1, 'value': 30, 'points_modification': 0}]}]",False,Cunha,3,14,80,Cunha,MID,1
451,3,2025-26,0,0,0,0,0,0,0,0,0,0,0,0,0,0.0,0.0,0.0,0.0,0,0,0,0,0,0.0,0.0,0.0,0.0,0,False,"[{'fixture': 26, 'stats': [{'identifier': 'minutes', 'points': 0, 'value': 0, 'points_modification': 0}]}]",False,Rashford,3,14,70,Rashford,MID,0
452,3,2025-26,90,0,1,0,2,0,0,0,0,0,0,0,24,15.4,27.3,33.0,7.6,2,7,1,10,1,0.63,0.06,0.69,1.2,5,False,"[{'fixture': 26, 'stats': [{'identifier': 'minutes', 'points': 2, 'value': 90, 'points_modification': 0}, {'identifier': 'assists', 'points': 3, 'value': 1, 'points_modification': 0}]}]",False,Amad,3,14,63,Amad,MID,5
453,3,2025-26,0,0,0,0,0,0,0,0,0,0,0,0,0,0.0,0.0,0.0,0.0,0,0,0,0,0,0.0,0.0,0.0,0.0,0,False,"[{'fixture': 26, 'stats': [{'identifier': 'minutes', 'points': 0, 'value': 0, 'points_modification': 0}]}]",False,Garnacho,3,7,64,Garnacho,MID,0
454,3,2025-26,0,0,0,0,0,0,0,0,0,0,0,0,0,0.0,0.0,0.0,0.0,0,0,0,0,0,0.0,0.0,0.0,0.0,0,False,"[{'fixture': 26, 'stats': [{'identifier': 'minutes', 'points': 0, 'value': 0, 'points_modification': 0}]}]",False,Antony,3,14,59,Antony,MID,0
455,3,2025-26,45,0,0,0,0,0,0,0,0,0,0,0,6,5.0,15.3,7.0,2.7,0,5,2,7,1,0.06,0.1,0.16,0.2,1,False,"[{'fixture': 26, 'stats': [{'identifier': 'minutes', 'points': 1, 'value': 45, 'points_modification': 0}]}]",False,Mount,3,14,59,Mount,MID,1
456,3,2025-26,0,0,0,0,0,0,0,0,0,0,0,0,0,0.0,0.0,0.0,0.0,0,0,0,0,0,0.0,0.0,0.0,0.0,0,False,"[{'fixture': 26, 'stats': [{'identifier': 'minutes', 'points': 0, 'value': 0, 'points_modification': 0}]}]",False,Sancho,3,2,59,Sancho,MID,0
457,3,2025-26,71,0,1,0,2,0,0,0,0,0,0,0,20,6.6,7.8,4.0,1.8,2,3,1,6,1,0.13,0.02,0.15,1.2,5,False,"[{'fixture': 26, 'stats': [{'identifier': 'minutes', 'points': 2, 'value': 71, 'points_modification': 0}, {'identifier': 'assists', 'points': 3, 'value': 1, 'points_modification': 0}]}]",False,Casemiro,3,14,55,Casemiro,MID,5
458,3,2025-26,45,0,0,0,2,0,0,0,0,0,0,0,5,5.4,16.7,3.0,2.5,0,4,1,5,0,0.07,0.09,0.16,1.0,1,False,"[{'fixture': 26, 'stats': [{'identifier': 'minutes', 'points': 1, 'value': 45, 'points_modification': 0}]}]",False,Mainoo,3,14,48,Mainoo,MID,1
459,3,2025-26,0,0,0,0,0,0,0,0,0,0,0,0,0,0.0,0.0,0.0,0.0,0,0,0,0,0,0.0,0.0,0.0,0.0,0,False,"[{'fixture': 26, 'stats': [{'identifier': 'minutes', 'points': 0, 'value': 0, 'points_modification': 0}]}]",False,Ugarte,3,14,49,Ugarte,MID,0
460,3,2025-26,0,0,0,0,0,0,0,0,0,0,0,0,0,0.0,0.0,0.0,0.0,0,0,0,0,0,0.0,0.0,0.0,0.0,0,False,"[{'fixture': 26, 'stats': [{'identifier': 'minutes', 'points': 0, 'value': 0, 'points_modification': 0}]}]",False,Collyer,3,14,45,Collyer,MID,0
461,3,2025-26,0,0,0,0,0,0,0,0,0,0,0,0,0,0.0,0.0,0.0,0.0,0,0,0,0,0,0.0,0.0,0.0,0.0,0,False,"[{'fixture': 26, 'stats': [{'identifier': 'minutes', 'points': 0, 'value': 0, 'points_modification': 0}]}]",False,Fitzgerald,3,14,44,Fitzgerald,MID,0
462,3,2025-26,0,0,0,0,0,0,0,0,0,0,0,0,0,0.0,0.0,0.0,0.0,0,0,0,0,0,0.0,0.0,0.0,0.0,0,False,"[{'fixture': 26, 'stats': [{'identifier': 'minutes', 'points': 0, 'value': 0, 'points_modification': 0}]}]",False,J.Fletcher,3,14,44,J.Fletcher,MID,0
463,3,2025-26,0,0,0,0,0,0,0,0,0,0,0,0,0,0.0,0.0,0.0,0.0,0,0,0,0,0,0.0,0.0,0.0,0.0,0,False,"[{'fixture': 26, 'stats': [{'identifier': 'minutes', 'points': 0, 'value': 0, 'points_modification': 0}]}]",False,Kone,3,14,44,Kone,MID,0
464,3,2025-26,0,0,0,0,0,0,0,0,0,0,0,0,0,0.0,0.0,0.0,0.0,0,0,0,0,0,0.0,0.0,0.0,0.0,0,False,"[{'fixture': 26, 'stats': [{'identifier': 'minutes', 'points': 0, 'value': 0, 'points_modification': 0}]}]",False,Moorhouse,3,14,45,Moorhouse,MID,0
465,3,2025-26,0,0,0,0,0,0,0,0,0,0,0,0,0,0.0,0.0,0.0,0.0,0,0,0,0,0,0.0,0.0,0.0,0.0,0,False,"[{'fixture': 26, 'stats': [{'identifier': 'minutes', 'points': 0, 'value': 0, 'points_modification': 0}]}]",False,Højlund,4,14,63,Højlund,FWD,0
466,3,2025-26,59,0,0,0,2,0,0,0,0,0,0,0,-2,8.2,15.4,52.0,7.6,2,1,0,3,0,0.67,0.03,0.7,1.2,1,False,"[{'fixture': 26, 'stats': [{'identifier': 'minutes', 'points': 1, 'value': 59, 'points_modification': 0}]}]",False,Zirkzee,4,14,59,Zirkzee,FWD,1
467,3,2025-26,0,0,0,0,0,0,0,0,0,0,0,0,0,0.0,0.0,0.0,0.0,0,0,0,0,0,0.0,0.0,0.0,0.0,0,False,"[{'fixture': 26, 'stats': [{'identifier': 'minutes', 'points': 0, 'value': 0, 'points_modification': 0}]}]",False,Obi,4,14,44,Obi,FWD,0
468,3,2025-26,0,0,0,0,0,0,0,0,0,0,0,0,0,0.0,0.0,0.0,0.0,0,0,0,0,0,0.0,0.0,0.0,0.0,0,False,"[{'fixture': 26, 'stats': [{'identifier': 'minutes', 'points': 0, 'value': 0, 'points_modification': 0}]}]",False,Wheatley,4,14,45,Wheatley,FWD,0
469,3,2025-26,90,0,0,1,0,0,0,0,1,0,1,0,21,10.2,0.0,0.0,1.0,1,11,0,0,1,0.0,0.0,0.0,0.69,5,False,"[{'fixture': 24, 'stats': [{'identifier': 'minutes', 'points': 2, 'value': 90, 'points_modification': 0}, {'identifier': 'clean_sheets', 'points': 4, 'value': 1, 'points_modification': 0}, {'identifier': 'yellow_cards', 'points': -1, 'value': 1, 'points_modification': 0}]}]",False,Pope,1,15,50,Pope,GK,5
470,3,2025-26,90,0,0,0,3,0,0,0,0,0,5,0,8,35.4,0.0,0.0,3.5,2,7,0,0,1,0.0,0.0,0.0,3.63,2,False,"[{'fixture': 26, 'stats': [{'identifier': 'minutes', 'points': 2, 'value': 90, 'points_modification': 0}, {'identifier': 'goals_conceded', 'points': -1, 'value': 3, 'points_modification': 0}, {'identifier': 'saves', 'points': 1, 'value': 5, 'points_modification': 0}]}]",False,Dúbravka,1,3,40,Dúbravka,GK,2
471,3,2025-26,0,0,0,0,0,0,0,0,0,0,0,0,0,0.0,0.0,0.0,0.0,0,0,0,0,0,0.0,0.0,0.0,0.0,0,False,"[{'fixture': 24, 'stats': [{'identifier': 'minutes', 'points': 0, 'value': 0, 'points_modification': 0}]}]",False,Gillespie,1,15,40,Gillespie,GK,0
472,3,2025-26,0,0,0,0,0,0,0,0,0,0,0,0,0,0.0,0.0,0.0,0.0,0,0,0,0,0,0.0,0.0,0.0,0.0,0,False,"[{'fixture': 24, 'stats': [{'identifier': 'minutes', 'points': 0, 'value': 0, 'points_modification': 0}]}]",False,Odysseas,1,15,40,Odysseas,GK,0
473,3,2025-26,29,0,0,0,0,0,0,0,0,0,0,0,3,1.6,0.9,3.0,0.6,1,0,1,2,0,0.04,0.0,0.04,0.07,1,False,"[{'fixture': 24, 'stats': [{'identifier': 'minutes', 'points': 1, 'value': 29, 'points_modification': 0}]}]",False,Hall,2,15,54,Hall,DEF,1
474,3,2025-26,90,0,0,1,0,0,0,0,0,0,0,0,23,22.4,11.5,3.0,3.7,5,3,0,5,1,0.04,0.01,0.05,0.69,6,False,"[{'fixture': 24, 'stats': [{'identifier': 'minutes', 'points': 2, 'value': 90, 'points_modification': 0}, {'identifier': 'clean_sheets', 'points': 4, 'value': 1, 'points_modification': 0}]}]",False,Schär,2,15,55,Schär,DEF,6
475,3,2025-26,67,0,0,1,0,0,0,0,0,0,0,2,29,19.8,0.3,0.0,2.0,7,5,2,9,1,0.0,0.0,0.0,0.62,8,False,"[{'fixture': 24, 'stats': [{'identifier': 'minutes', 'points': 2, 'value': 67, 'points_modification': 0}, {'identifier': 'clean_sheets', 'points': 4, 'value': 1, 'points_modification': 0}, {'identifier': 'bonus', 'points': 2, 'value': 2, 'points_modification': 0}]}]",False,Botman,2,15,49,Botman,DEF,8
476,3,2025-26,90,0,0,1,0,0,0,0,0,0,0,0,24,6.4,1.3,0.0,0.8,1,4,0,1,1,0.0,0.01,0.01,0.69,6,False,"[{'fixture': 24, 'stats': [{'identifier': 'minutes', 'points': 2, 'value': 90, 'points_modification': 0}, {'identifier': 'clean_sheets', 'points': 4, 'value': 1, 'points_modification': 0}]}]",False,Burn,2,15,50,Burn,DEF,6
477,3,2025-26,90,0,0,1,0,0,0,0,0,0,0,0,21,2.8,4.0,4.0,1.1,0,7,0,0,1,0.0,0.03,0.03,0.69,6,False,"[{'fixture': 24, 'stats': [{'identifier': 'minutes', 'points': 2, 'value': 90, 'points_modification': 0}, {'identifier': 'clean_sheets', 'points': 4, 'value': 1, 'points_modification': 0}]}]",False,Livramento,2,15,51,Livramento,DEF,6
478,3,2025-26,61,0,0,1,0,0,0,0,0,0,0,0,21,4.8,13.3,2.0,2.0,0,4,1,1,1,0.0,0.02,0.02,0.62,6,False,"[{'fixture': 24, 'stats': [{'identifier': 'minutes', 'points': 2, 'value': 61, 'points_modification': 0}, {'identifier': 'clean_sheets', 'points': 4, 'value': 1, 'points_modification': 0}]}]",False,Trippier,2,15,50,Trippier,DEF,6
479,3,2025-26,0,0,0,0,0,0,0,0,0,0,0,0,0,0.0,0.0,0.0,0.0,0,0,0,0,0,0.0,0.0,0.0,0.0,0,False,"[{'fixture': 24, 'stats': [{'identifier': 'minutes', 'points': 0, 'value': 0, 'points_modification': 0}]}]",False,Krafth,2,15,44,Krafth,DEF,0
480,3,2025-26,0,0,0,0,0,0,0,0,0,0,0,0,0,0.0,0.0,0.0,0.0,0,0,0,0,0,0.0,0.0,0.0,0.0,0,False,"[{'fixture': 24, 'stats': [{'identifier': 'minutes', 'points': 0, 'value': 0, 'points_modification': 0}]}]",False,Lascelles,2,15,44,Lascelles,DEF,0
481,3,2025-26,0,0,0,0,0,0,0,0,0,0,0,0,0,0.0,0.0,0.0,0.0,0,0,0,0,0,0.0,0.0,0.0,0.0,0,False,"[{'fixture': 24, 'stats': [{'identifier': 'minutes', 'points': 0, 'value': 0, 'points_modification': 0}]}]",False,A.Murphy,2,15,39,A.Murphy,DEF,0
482,3,2025-26,0,0,0,0,0,0,0,0,0,0,0,0,0,0.0,0.0,0.0,0.0,0,0,0,0,0,0.0,0.0,0.0,0.0,0,False,"[{'fixture': 24, 'stats': [{'identifier': 'minutes', 'points': 0, 'value': 0, 'points_modification': 0}]}]",False,Ashby,2,15,39,Ashby,DEF,0
483,3,2025-26,0,0,0,0,0,0,0,0,0,0,0,0,0,0.0,0.0,0.0,0.0,0,0,0,0,0,0.0,0.0,0.0,0.0,0,False,"[{'fixture': 24, 'stats': [{'identifier': 'minutes', 'points': 0, 'value': 0, 'points_modification': 0}]}]",False,Pivas,2,15,39,Pivas,DEF,0
484,3,2025-26,0,0,0,0,0,0,0,0,0,0,0,0,0,0.0,0.0,0.0,0.0,0,0,0,0,0,0.0,0.0,0.0,0.0,0,False,"[{'fixture': 24, 'stats': [{'identifier': 'minutes', 'points': 0, 'value': 0, 'points_modification': 0}]}]",False,Targett,2,15,40,Targett,DEF,0
485,3,2025-26,0,0,0,0,0,0,0,0,0,0,0,0,0,0.0,0.0,0.0,0.0,0,0,0,0,0,0.0,0.0,0.0,0.0,0,False,"[{'fixture': 24, 'stats': [{'identifier': 'minutes', 'points': 0, 'value': 0, 'points_modification': 0}]}]",False,Gordon,3,15,74,Gordon,MID,0
486,3,2025-26,28,0,0,0,0,0,0,0,0,0,0,0,3,3.8,0.8,0.0,0.5,0,0,1,1,0,0.0,0.01,0.01,0.07,1,False,"[{'fixture': 24, 'stats': [{'identifier': 'minutes', 'points': 1, 'value': 28, 'points_modification': 0}]}]",False,Elanga,3,15,69,Elanga,MID,1
487,3,2025-26,22,0,0,0,0,0,0,0,0,0,0,0,2,3.2,1.0,4.0,0.8,0,0,1,1,0,0.03,0.02,0.05,0.07,1,False,"[{'fixture': 24, 'stats': [{'identifier': 'minutes', 'points': 1, 'value': 22, 'points_modification': 0}]}]",False,Barnes,3,15,65,Barnes,MID,1
488,3,2025-26,90,0,0,1,0,0,0,0,0,0,0,0,14,7.6,9.6,0.0,1.7,0,6,3,9,1,0.0,0.05,0.05,0.69,3,False,"[{'fixture': 24, 'stats': [{'identifier': 'minutes', 'points': 2, 'value': 90, 'points_modification': 0}, {'identifier': 'clean_sheets', 'points': 1, 'value': 1, 'points_modification': 0}]}]",False,Bruno G.,3,15,65,Bruno G.,MID,3
489,3,2025-26,61,0,0,1,0,0,0,0,0,0,0,0,7,6.0,2.4,33.0,4.1,0,1,0,1,1,0.08,0.01,0.09,0.62,3,False,"[{'fixture': 24, 'stats': [{'identifier': 'minutes', 'points': 2, 'value': 61, 'points_modification': 0}, {'identifier': 'clean_sheets', 'points': 1, 'value': 1, 'points_modification': 0}]}]",False,J.Murphy,3,15,63,J.Murphy,MID,3
490,3,2025-26,0,0,0,0,0,0,0,0,0,0,0,0,0,0.0,0.0,0.0,0.0,0,0,0,0,0,0.0,0.0,0.0,0.0,0,False,"[{'fixture': 24, 'stats': [{'identifier': 'minutes', 'points': 0, 'value': 0, 'points_modification': 0}]}]",False,Joelinton,3,15,59,Joelinton,MID,0
491,3,2025-26,90,0,0,1,0,0,0,0,0,0,0,0,17,9.2,36.0,0.0,4.5,0,6,0,6,1,0.0,0.05,0.05,0.69,3,False,"[{'fixture': 24, 'stats': [{'identifier': 'minutes', 'points': 2, 'value': 90, 'points_modification': 0}, {'identifier': 'clean_sheets', 'points': 1, 'value': 1, 'points_modification': 0}]}]",False,Tonali,3,15,54,Tonali,MID,3
492,3,2025-26,0,0,0,0,0,0,0,0,0,0,0,0,0,0.0,0.0,0.0,0.0,0,0,0,0,0,0.0,0.0,0.0,0.0,0,False,"[{'fixture': 24, 'stats': [{'identifier': 'minutes', 'points': 0, 'value': 0, 'points_modification': 0}]}]",False,Antoñito C.,3,15,49,Antoñito C.,MID,0
493,3,2025-26,90,0,0,1,0,0,0,0,0,0,0,0,21,14.0,12.3,0.0,2.6,2,6,5,13,1,0.0,0.01,0.01,0.46,5,False,"[{'fixture': 24, 'stats': [{'identifier': 'minutes', 'points': 2, 'value': 90, 'points_modification': 0}, {'identifier': 'clean_sheets', 'points': 1, 'value': 1, 'points_modification': 0}, {'identifier': 'defensive_contribution', 'points': 2, 'value': 13, 'points_modification': 0}]}]",False,Longstaff,3,11,49,Longstaff,MID,5
494,3,2025-26,0,0,0,0,0,0,0,0,0,0,0,0,0,0.0,0.0,0.0,0.0,0,0,0,0,0,0.0,0.0,0.0,0.0,0,False,"[{'fixture': 24, 'stats': [{'identifier': 'minutes', 'points': 0, 'value': 0, 'points_modification': 0}]}]",False,Willock,3,15,50,Willock,MID,0
495,3,2025-26,0,0,0,0,0,0,0,0,0,0,0,0,0,0.0,0.0,0.0,0.0,0,0,0,0,0,0.0,0.0,0.0,0.0,0,False,"[{'fixture': 24, 'stats': [{'identifier': 'minutes', 'points': 0, 'value': 0, 'points_modification': 0}]}]",False,Hayden,3,15,45,Hayden,MID,0
496,3,2025-26,0,0,0,0,0,0,0,0,0,0,0,0,0,0.0,0.0,0.0,0.0,0,0,0,0,0,0.0,0.0,0.0,0.0,0,False,"[{'fixture': 24, 'stats': [{'identifier': 'minutes', 'points': 0, 'value': 0, 'points_modification': 0}]}]",False,Kuol,3,15,44,Kuol,MID,0
497,3,2025-26,45,0,0,0,0,0,0,0,0,0,0,0,8,3.8,2.5,0.0,0.6,2,3,0,5,0,0.0,0.01,0.01,0.15,1,False,"[{'fixture': 24, 'stats': [{'identifier': 'minutes', 'points': 1, 'value': 45, 'points_modification': 0}]}]",False,L.Miley,3,15,44,L.Miley,MID,1
498,3,2025-26,0,0,0,0,0,0,0,0,0,0,0,0,0,0.0,0.0,0.0,0.0,0,0,0,0,0,0.0,0.0,0.0,0.0,0,False,"[{'fixture': 24, 'stats': [{'identifier': 'minutes', 'points': 0, 'value': 0, 'points_modification': 0}]}]",False,White,3,15,45,White,MID,0
499,3,2025-26,0,0,0,0,0,0,0,0,0,0,0,0,0,0.0,0.0,0.0,0.0,0,0,0,0,0,0.0,0.0,0.0,0.0,0,False,"[{'fixture': 24, 'stats': [{'identifier': 'minutes', 'points': 0, 'value': 0, 'points_modification': 0}]}]",False,Isak,4,12,105,Isak,FWD,0
500,3,2025-26,90,0,0,1,0,0,0,0,0,0,0,0,2,0.0,2.9,7.0,0.8,0,3,1,4,1,0.24,0.0,0.24,0.69,2,False,"[{'fixture': 24, 'stats': [{'identifier': 'minutes', 'points': 2, 'value': 90, 'points_modification': 0}]}]",False,Osula,4,15,55,Osula,FWD,2
501,3,2025-26,0,0,0,0,0,0,0,0,0,0,0,0,0,0.0,0.0,0.0,0.0,0,0,0,0,0,0.0,0.0,0.0,0.0,0,False,"[{'fixture': 24, 'stats': [{'identifier': 'minutes', 'points': 0, 'value': 0, 'points_modification': 0}]}]",False,Neave,4,15,44,Neave,FWD,0
502,3,2025-26,90,0,0,0,3,0,0,0,0,0,5,0,9,37.6,0.0,0.0,3.8,1,3,0,0,1,0.0,0.0,0.0,2.42,2,False,"[{'fixture': 27, 'stats': [{'identifier': 'minutes', 'points': 2, 'value': 90, 'points_modification': 0}, {'identifier': 'goals_conceded', 'points': -1, 'value': 3, 'points_modification': 0}, {'identifier': 'saves', 'points': 1, 'value': 5, 'points_modification': 0}]}]",False,Sels,1,16,50,Sels,GK,2
503,3,2025-26,0,0,0,0,0,0,0,0,0,0,0,0,0,0.0,0.0,0.0,0.0,0,0,0,0,0,0.0,0.0,0.0,0.0,0,False,"[{'fixture': 27, 'stats': [{'identifier': 'minutes', 'points': 0, 'value': 0, 'points_modification': 0}]}]",False,C.Miguel,1,16,40,C.Miguel,GK,0
504,3,2025-26,0,0,0,0,0,0,0,0,0,0,0,0,0,0.0,0.0,0.0,0.0,0,0,0,0,0,0.0,0.0,0.0,0.0,0,False,"[{'fixture': 27, 'stats': [{'identifier': 'minutes', 'points': 0, 'value': 0, 'points_modification': 0}]}]",False,Turner,1,16,40,Turner,GK,0
505,3,2025-26,90,0,0,0,3,0,0,0,0,0,0,0,-1,10.8,2.1,6.0,1.9,4,3,0,4,1,0.05,0.01,0.06,2.42,1,False,"[{'fixture': 27, 'stats': [{'identifier': 'minutes', 'points': 2, 'value': 90, 'points_modification': 0}, {'identifier': 'goals_conceded', 'points': -1, 'value': 3, 'points_modification': 0}]}]",False,Milenković,2,16,54,Milenković,DEF,1
506,3,2025-26,90,0,0,0,3,0,0,0,0,0,0,0,3,13.6,5.0,0.0,1.9,4,9,0,4,1,0.0,0.02,0.02,2.42,1,False,"[{'fixture': 27, 'stats': [{'identifier': 'minutes', 'points': 2, 'value': 90, 'points_modification': 0}, {'identifier': 'goals_conceded', 'points': -1, 'value': 3, 'points_modification': 0}]}]",False,Murillo,2,16,54,Murillo,DEF,1
507,3,2025-26,90,0,0,0,3,0,0,0,0,0,0,0,0,14.2,15.3,9.0,3.9,2,2,2,4,1,0.04,0.27,0.31,2.42,1,False,"[{'fixture': 27, 'stats': [{'identifier': 'minutes', 'points': 2, 'value': 90, 'points_modification': 0}, {'identifier': 'goals_conceded', 'points': -1, 'value': 3, 'points_modification': 0}]}]",False,Aina,2,16,49,Aina,DEF,1
508,3,2025-26,90,0,0,0,3,0,0,0,0,0,0,0,2,11.4,3.9,13.0,2.8,2,5,3,5,1,0.03,0.02,0.05,2.42,1,False,"[{'fixture': 27, 'stats': [{'identifier': 'minutes', 'points': 2, 'value': 90, 'points_modification': 0}, {'identifier': 'goals_conceded', 'points': -1, 'value': 3, 'points_modification': 0}]}]",False,N.Williams,2,16,49,N.Williams,DEF,1
509,3,2025-26,0,0,0,0,0,0,0,0,0,0,0,0,0,0.0,0.0,0.0,0.0,0,0,0,0,0,0.0,0.0,0.0,0.0,0,False,"[{'fixture': 27, 'stats': [{'identifier': 'minutes', 'points': 0, 'value': 0, 'points_modification': 0}]}]",False,David Carmo,2,16,45,David Carmo,DEF,0
510,3,2025-26,0,0,0,0,0,0,0,0,0,0,0,0,0,0.0,0.0,0.0,0.0,0,0,0,0,0,0.0,0.0,0.0,0.0,0,False,"[{'fixture': 27, 'stats': [{'identifier': 'minutes', 'points': 0, 'value': 0, 'points_modification': 0}]}]",False,Jair Cunha,2,16,44,Jair Cunha,DEF,0
511,3,2025-26,0,0,0,0,0,0,0,0,0,0,0,0,0,0.0,0.0,0.0,0.0,0,0,0,0,0,0.0,0.0,0.0,0.0,0,False,"[{'fixture': 27, 'stats': [{'identifier': 'minutes', 'points': 0, 'value': 0, 'points_modification': 0}]}]",False,Morato,2,16,44,Morato,DEF,0
512,3,2025-26,0,0,0,0,0,0,0,0,0,0,0,0,0,0.0,0.0,0.0,0.0,0,0,0,0,0,0.0,0.0,0.0,0.0,0,False,"[{'fixture': 27, 'stats': [{'identifier': 'minutes', 'points': 0, 'value': 0, 'points_modification': 0}]}]",False,O.Richards,2,16,45,O.Richards,DEF,0
513,3,2025-26,0,0,0,0,0,0,0,0,0,0,0,0,0,0.0,0.0,0.0,0.0,0,0,0,0,0,0.0,0.0,0.0,0.0,0,False,"[{'fixture': 27, 'stats': [{'identifier': 'minutes', 'points': 0, 'value': 0, 'points_modification': 0}]}]",False,Abbott,2,16,39,Abbott,DEF,0
514,3,2025-26,0,0,0,0,0,0,0,0,0,0,0,0,0,0.0,0.0,0.0,0.0,0,0,0,0,0,0.0,0.0,0.0,0.0,0,False,"[{'fixture': 27, 'stats': [{'identifier': 'minutes', 'points': 0, 'value': 0, 'points_modification': 0}]}]",False,Boly,2,16,39,Boly,DEF,0
515,3,2025-26,90,0,0,0,3,0,0,0,0,0,0,0,13,7.6,11.2,31.0,5.0,0,5,1,6,1,0.15,0.08,0.23,2.42,2,False,"[{'fixture': 27, 'stats': [{'identifier': 'minutes', 'points': 2, 'value': 90, 'points_modification': 0}]}]",False,Gibbs-White,3,16,75,Gibbs-White,MID,2
516,3,2025-26,88,0,0,0,2,0,0,0,0,0,0,0,16,11.2,42.3,25.0,7.9,1,2,0,3,1,0.04,0.09,0.13,1.46,2,False,"[{'fixture': 27, 'stats': [{'identifier': 'minutes', 'points': 2, 'value': 88, 'points_modification': 0}]}]",False,Hudson-Odoi,3,16,60,Hudson-Odoi,MID,2
517,3,2025-26,90,0,0,0,3,0,0,0,0,0,0,0,24,32.8,49.3,10.0,9.2,1,3,7,11,1,0.02,0.13,0.15,2.42,2,False,"[{'fixture': 27, 'stats': [{'identifier': 'minutes', 'points': 2, 'value': 90, 'points_modification': 0}]}]",False,Anderson,3,16,55,Anderson,MID,2
518,3,2025-26,0,0,0,0,0,0,0,0,0,0,0,0,0,0.0,0.0,0.0,0.0,0,0,0,0,0,0.0,0.0,0.0,0.0,0,False,"[{'fixture': 27, 'stats': [{'identifier': 'minutes', 'points': 0, 'value': 0, 'points_modification': 0}]}]",False,Jota,3,16,54,Jota,MID,0
519,3,2025-26,0,0,0,0,0,0,0,0,0,0,0,0,0,0.0,0.0,0.0,0.0,0,0,0,0,0,0.0,0.0,0.0,0.0,0,False,"[{'fixture': 27, 'stats': [{'identifier': 'minutes', 'points': 0, 'value': 0, 'points_modification': 0}]}]",False,Dominguez,3,16,50,Dominguez,MID,0
520,3,2025-26,0,0,0,0,0,0,0,0,0,0,0,0,0,0.0,0.0,0.0,0.0,0,0,0,0,0,0.0,0.0,0.0,0.0,0,False,"[{'fixture': 27, 'stats': [{'identifier': 'minutes', 'points': 0, 'value': 0, 'points_modification': 0}]}]",False,O'Brien,3,16,50,O'Brien,MID,0
521,3,2025-26,88,0,0,0,2,0,0,0,0,0,0,0,10,7.6,5.3,0.0,1.3,7,5,2,14,1,0.0,0.04,0.04,1.46,4,False,"[{'fixture': 27, 'stats': [{'identifier': 'minutes', 'points': 2, 'value': 88, 'points_modification': 0}, {'identifier': 'defensive_contribution', 'points': 2, 'value': 14, 'points_modification': 0}]}]",False,Sangaré,3,16,50,Sangaré,MID,4
522,3,2025-26,0,0,0,0,0,0,0,0,0,0,0,0,0,0.0,0.0,0.0,0.0,0,0,0,0,0,0.0,0.0,0.0,0.0,0,False,"[{'fixture': 27, 'stats': [{'identifier': 'minutes', 'points': 0, 'value': 0, 'points_modification': 0}]}]",False,Yates,3,16,48,Yates,MID,0
523,3,2025-26,0,0,0,0,0,0,0,0,0,0,0,0,0,0.0,0.0,0.0,0.0,0,0,0,0,0,0.0,0.0,0.0,0.0,0,False,"[{'fixture': 27, 'stats': [{'identifier': 'minutes', 'points': 0, 'value': 0, 'points_modification': 0}]}]",False,Da Silva Moreira,3,16,45,Da Silva Moreira,MID,0
524,3,2025-26,0,0,0,0,0,0,0,0,0,0,0,0,0,0.0,0.0,0.0,0.0,0,0,0,0,0,0.0,0.0,0.0,0.0,0,False,"[{'fixture': 27, 'stats': [{'identifier': 'minutes', 'points': 0, 'value': 0, 'points_modification': 0}]}]",False,Stamenic,3,16,45,Stamenic,MID,0
525,3,2025-26,72,0,0,1,0,0,0,0,0,0,0,0,4,0.0,1.9,25.0,2.6,0,1,0,1,1,0.41,0.0,0.41,0.59,2,False,"[{'fixture': 27, 'stats': [{'identifier': 'minutes', 'points': 2, 'value': 72, 'points_modification': 0}]}]",False,Wood,4,16,75,Wood,FWD,2
526,3,2025-26,17,0,0,0,3,0,0,0,0,0,0,0,4,1.0,0.3,0.0,0.1,0,1,1,2,0,0.0,0.0,0.0,1.83,1,False,"[{'fixture': 27, 'stats': [{'identifier': 'minutes', 'points': 1, 'value': 17, 'points_modification': 0}]}]",False,Igor Jesus,4,16,58,Igor Jesus,FWD,1
527,3,2025-26,0,0,0,0,0,0,0,0,0,0,0,0,0,0.0,0.0,0.0,0.0,0,0,0,0,0,0.0,0.0,0.0,0.0,0,False,"[{'fixture': 27, 'stats': [{'identifier': 'minutes', 'points': 0, 'value': 0, 'points_modification': 0}]}]",False,Awoniyi,4,16,53,Awoniyi,FWD,0
528,3,2025-26,0,0,0,0,0,0,0,0,0,0,0,0,0,0.0,0.0,0.0,0.0,0,0,0,0,0,0.0,0.0,0.0,0.0,0,False,"[{'fixture': 28, 'stats': [{'identifier': 'minutes', 'points': 0, 'value': 0, 'points_modification': 0}]}]",False,Patterson,1,17,44,Patterson,GK,0
529,3,2025-26,0,0,0,0,0,0,0,0,0,0,0,0,0,0.0,0.0,0.0,0.0,0,0,0,0,0,0.0,0.0,0.0,0.0,0,False,"[{'fixture': 28, 'stats': [{'identifier': 'minutes', 'points': 0, 'value': 0, 'points_modification': 0}]}]",False,Moore,1,17,40,Moore,GK,0
530,3,2025-26,0,0,0,0,0,0,0,0,0,0,0,0,0,0.0,0.0,0.0,0.0,0,0,0,0,0,0.0,0.0,0.0,0.0,0,False,"[{'fixture': 28, 'stats': [{'identifier': 'minutes', 'points': 0, 'value': 0, 'points_modification': 0}]}]",False,Nna Noukeu,1,17,40,Nna Noukeu,GK,0
531,3,2025-26,0,0,0,0,0,0,0,0,0,0,0,0,0,0.0,0.0,0.0,0.0,0,0,0,0,0,0.0,0.0,0.0,0.0,0,False,"[{'fixture': 28, 'stats': [{'identifier': 'minutes', 'points': 0, 'value': 0, 'points_modification': 0}]}]",False,Ballard,2,17,46,Ballard,DEF,0
532,3,2025-26,90,0,0,0,1,0,0,0,0,0,0,0,8,17.2,2.1,4.0,2.3,5,2,4,9,1,0.04,0.01,0.05,1.2,2,False,"[{'fixture': 28, 'stats': [{'identifier': 'minutes', 'points': 2, 'value': 90, 'points_modification': 0}]}]",False,Hume,2,17,45,Hume,DEF,2
533,3,2025-26,0,0,0,0,0,0,0,0,0,0,0,0,0,0.0,0.0,0.0,0.0,0,0,0,0,0,0.0,0.0,0.0,0.0,0,False,"[{'fixture': 28, 'stats': [{'identifier': 'minutes', 'points': 0, 'value': 0, 'points_modification': 0}]}]",False,Alese,2,17,40,Alese,DEF,0
534,3,2025-26,0,0,0,0,0,0,0,0,0,0,0,0,0,0.0,0.0,0.0,0.0,0,0,0,0,0,0.0,0.0,0.0,0.0,0,False,"[{'fixture': 28, 'stats': [{'identifier': 'minutes', 'points': 0, 'value': 0, 'points_modification': 0}]}]",False,Anderson,2,17,39,Anderson,DEF,0
535,3,2025-26,0,0,0,0,0,0,0,0,0,0,0,0,0,0.0,0.0,0.0,0.0,0,0,0,0,0,0.0,0.0,0.0,0.0,0,False,"[{'fixture': 28, 'stats': [{'identifier': 'minutes', 'points': 0, 'value': 0, 'points_modification': 0}]}]",False,Cirkin,2,17,40,Cirkin,DEF,0
536,3,2025-26,0,0,0,0,0,0,0,0,0,0,0,0,0,0.0,0.0,0.0,0.0,0,0,0,0,0,0.0,0.0,0.0,0.0,0,False,"[{'fixture': 28, 'stats': [{'identifier': 'minutes', 'points': 0, 'value': 0, 'points_modification': 0}]}]",False,Hjelde,2,17,40,Hjelde,DEF,0
537,3,2025-26,0,0,0,0,0,0,0,0,0,0,0,0,0,0.0,0.0,0.0,0.0,0,0,0,0,0,0.0,0.0,0.0,0.0,0,False,"[{'fixture': 28, 'stats': [{'identifier': 'minutes', 'points': 0, 'value': 0, 'points_modification': 0}]}]",False,Huggins,2,17,40,Huggins,DEF,0
538,3,2025-26,0,0,0,0,0,0,0,0,0,0,0,0,0,0.0,0.0,0.0,0.0,0,0,0,0,0,0.0,0.0,0.0,0.0,0,False,"[{'fixture': 28, 'stats': [{'identifier': 'minutes', 'points': 0, 'value': 0, 'points_modification': 0}]}]",False,Johnson,2,17,39,Johnson,DEF,0
539,3,2025-26,0,0,0,0,0,0,0,0,0,0,0,0,0,0.0,0.0,0.0,0.0,0,0,0,0,0,0.0,0.0,0.0,0.0,0,False,"[{'fixture': 28, 'stats': [{'identifier': 'minutes', 'points': 0, 'value': 0, 'points_modification': 0}]}]",False,O'Nien,2,17,40,O'Nien,DEF,0
540,3,2025-26,0,0,0,0,0,0,0,0,0,0,0,0,0,0.0,0.0,0.0,0.0,0,0,0,0,0,0.0,0.0,0.0,0.0,0,False,"[{'fixture': 28, 'stats': [{'identifier': 'minutes', 'points': 0, 'value': 0, 'points_modification': 0}]}]",False,Pembele,2,17,39,Pembele,DEF,0
541,3,2025-26,90,0,0,0,1,0,0,0,1,0,0,0,8,9.8,2.9,6.0,1.9,6,3,3,9,1,0.02,0.01,0.03,1.2,1,False,"[{'fixture': 28, 'stats': [{'identifier': 'minutes', 'points': 2, 'value': 90, 'points_modification': 0}, {'identifier': 'yellow_cards', 'points': -1, 'value': 1, 'points_modification': 0}]}]",False,Reinildo,2,17,40,Reinildo,DEF,1
542,3,2025-26,0,0,0,0,0,0,0,0,0,0,0,0,0,0.0,0.0,0.0,0.0,0,0,0,0,0,0.0,0.0,0.0,0.0,0,False,"[{'fixture': 28, 'stats': [{'identifier': 'minutes', 'points': 0, 'value': 0, 'points_modification': 0}]}]",False,Seelt,2,17,40,Seelt,DEF,0
543,3,2025-26,25,0,0,0,1,0,0,0,0,0,0,0,4,4.0,10.5,0.0,1.5,0,1,1,2,0,0.0,0.0,0.0,0.24,1,False,"[{'fixture': 28, 'stats': [{'identifier': 'minutes', 'points': 1, 'value': 25, 'points_modification': 0}]}]",False,Adingra,3,17,53,Adingra,MID,1
544,3,2025-26,86,0,1,0,1,0,0,0,1,0,0,0,11,0.0,5.5,14.0,1.5,1,1,0,2,1,0.25,0.02,0.27,1.2,4,False,"[{'fixture': 28, 'stats': [{'identifier': 'minutes', 'points': 2, 'value': 86, 'points_modification': 0}, {'identifier': 'assists', 'points': 3, 'value': 1, 'points_modification': 0}, {'identifier': 'yellow_cards', 'points': -1, 'value': 1, 'points_modification': 0}]}]",False,Diarra,3,17,55,Diarra,MID,4
545,3,2025-26,0,0,0,0,0,0,0,0,0,0,0,0,0,0.0,0.0,0.0,0.0,0,0,0,0,0,0.0,0.0,0.0,0.0,0,False,"[{'fixture': 28, 'stats': [{'identifier': 'minutes', 'points': 0, 'value': 0, 'points_modification': 0}]}]",False,Roberts,3,17,54,Roberts,MID,0
546,3,2025-26,0,0,0,0,0,0,0,0,0,0,0,0,0,0.0,0.0,0.0,0.0,0,0,0,0,0,0.0,0.0,0.0,0.0,0,False,"[{'fixture': 28, 'stats': [{'identifier': 'minutes', 'points': 0, 'value': 0, 'points_modification': 0}]}]",False,Aleksić,3,17,49,Aleksić,MID,0
547,3,2025-26,90,1,0,0,1,0,0,0,0,0,0,2,30,57.2,17.3,17.0,9.2,3,5,6,14,1,0.79,0.03,0.82,1.2,11,True,"[{'fixture': 28, 'stats': [{'identifier': 'minutes', 'points': 2, 'value': 90, 'points_modification': 0}, {'identifier': 'goals_scored', 'points': 5, 'value': 1, 'points_modification': 0}, {'identifier': 'bonus', 'points': 2, 'value': 2, 'points_modification': 0}, {'identifier': 'defensive_contribution', 'points': 2, 'value': 14, 'points_modification': 0}]}]",False,E.Le Fée,3,17,49,E.Le Fée,MID,11
548,3,2025-26,0,0,0,0,0,0,0,0,0,0,0,0,0,0.0,0.0,0.0,0.0,0,0,0,0,0,0.0,0.0,0.0,0.0,0,False,"[{'fixture': 28, 'stats': [{'identifier': 'minutes', 'points': 0, 'value': 0, 'points_modification': 0}]}]",False,Mundle,3,17,49,Mundle,MID,0
549,3,2025-26,0,0,0,0,0,0,0,0,0,0,0,0,0,0.0,0.0,0.0,0.0,0,0,0,0,0,0.0,0.0,0.0,0.0,0,False,"[{'fixture': 28, 'stats': [{'identifier': 'minutes', 'points': 0, 'value': 0, 'points_modification': 0}]}]",False,Neil,3,17,49,Neil,MID,0
550,3,2025-26,0,0,0,0,0,0,0,0,0,0,0,0,0,0.0,0.0,0.0,0.0,0,0,0,0,0,0.0,0.0,0.0,0.0,0,False,"[{'fixture': 28, 'stats': [{'identifier': 'minutes', 'points': 0, 'value': 0, 'points_modification': 0}]}]",False,Poveda,3,17,49,Poveda,MID,0
551,3,2025-26,0,0,0,0,0,0,0,0,0,0,0,0,0,0.0,0.0,0.0,0.0,0,0,0,0,0,0.0,0.0,0.0,0.0,0,False,"[{'fixture': 28, 'stats': [{'identifier': 'minutes', 'points': 0, 'value': 0, 'points_modification': 0}]}]",False,Rigg,3,17,48,Rigg,MID,0
552,3,2025-26,90,0,0,0,1,0,0,0,0,0,0,0,12,7.8,28.7,0.0,3.7,0,2,2,4,1,0.0,0.19,0.19,1.2,2,False,"[{'fixture': 28, 'stats': [{'identifier': 'minutes', 'points': 2, 'value': 90, 'points_modification': 0}]}]",False,Sadiki,3,17,50,Sadiki,MID,2
553,3,2025-26,64,0,0,1,0,0,0,0,0,0,0,0,7,5.8,8.3,6.0,2.0,2,2,2,6,1,0.08,0.02,0.1,0.96,3,False,"[{'fixture': 28, 'stats': [{'identifier': 'minutes', 'points': 2, 'value': 64, 'points_modification': 0}, {'identifier': 'clean_sheets', 'points': 1, 'value': 1, 'points_modification': 0}]}]",False,Talbi,3,17,50,Talbi,MID,3
554,3,2025-26,0,0,0,0,0,0,0,0,0,0,0,0,0,0.0,0.0,0.0,0.0,0,0,0,0,0,0.0,0.0,0.0,0.0,0,False,"[{'fixture': 28, 'stats': [{'identifier': 'minutes', 'points': 0, 'value': 0, 'points_modification': 0}]}]",False,Ba,3,17,44,Ba,MID,0
555,3,2025-26,0,0,0,0,0,0,0,0,0,0,0,0,0,0.0,0.0,0.0,0.0,0,0,0,0,0,0.0,0.0,0.0,0.0,0,False,"[{'fixture': 28, 'stats': [{'identifier': 'minutes', 'points': 0, 'value': 0, 'points_modification': 0}]}]",False,Browne,3,17,45,Browne,MID,0
556,3,2025-26,0,0,0,0,0,0,0,0,0,0,0,0,0,0.0,0.0,0.0,0.0,0,0,0,0,0,0.0,0.0,0.0,0.0,0,False,"[{'fixture': 28, 'stats': [{'identifier': 'minutes', 'points': 0, 'value': 0, 'points_modification': 0}]}]",False,Ekwah,3,17,45,Ekwah,MID,0
557,3,2025-26,0,0,0,0,0,0,0,0,0,0,0,0,0,0.0,0.0,0.0,0.0,0,0,0,0,0,0.0,0.0,0.0,0.0,0,False,"[{'fixture': 28, 'stats': [{'identifier': 'minutes', 'points': 0, 'value': 0, 'points_modification': 0}]}]",False,H.Jones,3,17,44,H.Jones,MID,0
558,3,2025-26,0,0,0,0,0,0,0,0,0,0,0,0,0,0.0,0.0,0.0,0.0,0,0,0,0,0,0.0,0.0,0.0,0.0,0,False,"[{'fixture': 28, 'stats': [{'identifier': 'minutes', 'points': 0, 'value': 0, 'points_modification': 0}]}]",False,Matete,3,17,44,Matete,MID,0
559,3,2025-26,0,0,0,0,0,0,0,0,0,0,0,0,0,0.0,0.0,0.0,0.0,0,0,0,0,0,0.0,0.0,0.0,0.0,0,False,"[{'fixture': 28, 'stats': [{'identifier': 'minutes', 'points': 0, 'value': 0, 'points_modification': 0}]}]",False,Triantis,3,17,44,Triantis,MID,0
560,3,2025-26,25,1,0,0,1,0,0,0,0,0,0,3,32,38.6,0.6,35.0,7.4,0,0,2,2,0,0.24,0.0,0.24,0.24,8,False,"[{'fixture': 28, 'stats': [{'identifier': 'minutes', 'points': 1, 'value': 25, 'points_modification': 0}, {'identifier': 'goals_scored', 'points': 4, 'value': 1, 'points_modification': 0}, {'identifier': 'bonus', 'points': 3, 'value': 3, 'points_modification': 0}]}]",False,Isidor,4,17,55,Isidor,FWD,8
561,3,2025-26,64,0,0,1,0,0,0,0,0,0,0,0,3,0.0,1.5,0.0,0.0,0,0,0,0,1,0.0,0.0,0.0,0.96,2,False,"[{'fixture': 28, 'stats': [{'identifier': 'minutes', 'points': 2, 'value': 64, 'points_modification': 0}]}]",False,Mayenda,4,17,55,Mayenda,FWD,2
562,3,2025-26,0,0,0,0,0,0,0,0,0,0,0,0,0,0.0,0.0,0.0,0.0,0,0,0,0,0,0.0,0.0,0.0,0.0,0,False,"[{'fixture': 28, 'stats': [{'identifier': 'minutes', 'points': 0, 'value': 0, 'points_modification': 0}]}]",False,Abdullahi,4,17,44,Abdullahi,FWD,0
563,3,2025-26,0,0,0,0,0,0,0,0,0,0,0,0,0,0.0,0.0,0.0,0.0,0,0,0,0,0,0.0,0.0,0.0,0.0,0,False,"[{'fixture': 28, 'stats': [{'identifier': 'minutes', 'points': 0, 'value': 0, 'points_modification': 0}]}]",False,Luís Hemir,4,17,44,Luís Hemir,FWD,0
564,3,2025-26,0,0,0,0,0,0,0,0,0,0,0,0,0,0.0,0.0,0.0,0.0,0,0,0,0,0,0.0,0.0,0.0,0.0,0,False,"[{'fixture': 28, 'stats': [{'identifier': 'minutes', 'points': 0, 'value': 0, 'points_modification': 0}]}]",False,Rusyn,4,17,44,Rusyn,FWD,0
565,3,2025-26,90,0,0,0,1,0,0,0,0,0,5,0,23,40.0,0.1,0.0,4.0,0,13,0,0,1,0.0,0.0,0.0,1.59,3,False,"[{'fixture': 29, 'stats': [{'identifier': 'minutes', 'points': 2, 'value': 90, 'points_modification': 0}, {'identifier': 'saves', 'points': 1, 'value': 5, 'points_modification': 0}]}]",False,Vicario,1,18,51,Vicario,GK,3
566,3,2025-26,0,0,0,0,0,0,0,0,0,0,0,0,0,0.0,0.0,0.0,0.0,0,0,0,0,0,0.0,0.0,0.0,0.0,0,False,"[{'fixture': 29, 'stats': [{'identifier': 'minutes', 'points': 0, 'value': 0, 'points_modification': 0}]}]",False,Austin,1,18,40,Austin,GK,0
567,3,2025-26,0,0,0,0,0,0,0,0,0,0,0,0,0,0.0,0.0,0.0,0.0,0,0,0,0,0,0.0,0.0,0.0,0.0,0,False,"[{'fixture': 29, 'stats': [{'identifier': 'minutes', 'points': 0, 'value': 0, 'points_modification': 0}]}]",False,Kinsky,1,18,39,Kinsky,GK,0
568,3,2025-26,70,0,0,0,1,0,0,0,0,0,0,0,13,20.6,5.0,2.0,2.8,10,3,2,12,1,0.01,0.02,0.03,1.56,4,False,"[{'fixture': 29, 'stats': [{'identifier': 'minutes', 'points': 2, 'value': 70, 'points_modification': 0}, {'identifier': 'defensive_contribution', 'points': 2, 'value': 12, 'points_modification': 0}]}]",False,Pedro Porro,2,18,56,Pedro Porro,DEF,4
569,3,2025-26,90,0,0,0,1,0,0,0,0,0,0,0,12,21.4,0.8,0.0,2.2,5,5,2,7,1,0.0,0.01,0.01,1.59,2,False,"[{'fixture': 29, 'stats': [{'identifier': 'minutes', 'points': 2, 'value': 90, 'points_modification': 0}]}]",False,Romero,2,18,51,Romero,DEF,2
570,3,2025-26,0,0,0,0,0,0,0,0,0,0,0,0,0,0.0,0.0,0.0,0.0,0,0,0,0,0,0.0,0.0,0.0,0.0,0,False,"[{'fixture': 29, 'stats': [{'identifier': 'minutes', 'points': 0, 'value': 0, 'points_modification': 0}]}]",False,Danso,2,18,43,Danso,DEF,0
571,3,2025-26,0,0,0,0,0,0,0,0,0,0,0,0,0,0.0,0.0,0.0,0.0,0,0,0,0,0,0.0,0.0,0.0,0.0,0,False,"[{'fixture': 29, 'stats': [{'identifier': 'minutes', 'points': 0, 'value': 0, 'points_modification': 0}]}]",False,Davies,2,18,44,Davies,DEF,0
572,3,2025-26,0,0,0,0,0,0,0,0,0,0,0,0,0,0.0,0.0,0.0,0.0,0,0,0,0,0,0.0,0.0,0.0,0.0,0,False,"[{'fixture': 29, 'stats': [{'identifier': 'minutes', 'points': 0, 'value': 0, 'points_modification': 0}]}]",False,Dragusin,2,18,45,Dragusin,DEF,0
573,3,2025-26,90,0,0,0,1,0,0,0,1,0,0,0,4,16.2,21.0,0.0,3.7,4,5,0,4,1,0.0,0.02,0.02,1.59,1,False,"[{'fixture': 29, 'stats': [{'identifier': 'minutes', 'points': 2, 'value': 90, 'points_modification': 0}, {'identifier': 'yellow_cards', 'points': -1, 'value': 1, 'points_modification': 0}]}]",False,Spence,2,18,45,Spence,DEF,1
574,3,2025-26,19,0,0,0,0,0,0,0,0,0,0,0,5,3.2,2.0,6.0,1.1,1,0,1,2,0,0.02,0.06,0.08,0.03,1,False,"[{'fixture': 29, 'stats': [{'identifier': 'minutes', 'points': 1, 'value': 19, 'points_modification': 0}]}]",False,Udogie,2,18,44,Udogie,DEF,1
575,3,2025-26,90,0,0,0,1,0,0,0,1,0,0,0,8,24.0,2.2,0.0,2.6,9,6,0,9,1,0.0,0.01,0.01,1.59,1,False,"[{'fixture': 29, 'stats': [{'identifier': 'minutes', 'points': 2, 'value': 90, 'points_modification': 0}, {'identifier': 'yellow_cards', 'points': -1, 'value': 1, 'points_modification': 0}]}]",False,Van de Ven,2,18,47,Van de Ven,DEF,1
576,3,2025-26,0,0,0,0,0,0,0,0,0,0,0,0,0,0.0,0.0,0.0,0.0,0,0,0,0,0,0.0,0.0,0.0,0.0,0,False,"[{'fixture': 29, 'stats': [{'identifier': 'minutes', 'points': 0, 'value': 0, 'points_modification': 0}]}]",False,Phillips,2,18,40,Phillips,DEF,0
577,3,2025-26,0,0,0,0,0,0,0,0,0,0,0,0,0,0.0,0.0,0.0,0.0,0,0,0,0,0,0.0,0.0,0.0,0.0,0,False,"[{'fixture': 29, 'stats': [{'identifier': 'minutes', 'points': 0, 'value': 0, 'points_modification': 0}]}]",False,Takai,2,18,40,Takai,DEF,0
578,3,2025-26,0,0,0,0,0,0,0,0,0,0,0,0,0,0.0,0.0,0.0,0.0,0,0,0,0,0,0.0,0.0,0.0,0.0,0,False,"[{'fixture': 29, 'stats': [{'identifier': 'minutes', 'points': 0, 'value': 0, 'points_modification': 0}]}]",False,Vuskovic,2,18,39,Vuskovic,DEF,0
579,3,2025-26,0,0,0,0,0,0,0,0,0,0,0,0,0,0.0,0.0,0.0,0.0,0,0,0,0,0,0.0,0.0,0.0,0.0,0,False,"[{'fixture': 29, 'stats': [{'identifier': 'minutes', 'points': 0, 'value': 0, 'points_modification': 0}]}]",False,Son,3,18,85,Son,MID,0
580,3,2025-26,53,0,0,0,1,0,0,0,0,0,0,0,2,2.8,0.8,2.0,0.6,2,2,0,4,1,0.0,0.01,0.01,1.28,1,False,"[{'fixture': 29, 'stats': [{'identifier': 'minutes', 'points': 1, 'value': 53, 'points_modification': 0}]}]",False,Johnson,3,18,70,Johnson,MID,1
581,3,2025-26,0,0,0,0,0,0,0,0,0,0,0,0,0,0.0,0.0,0.0,0.0,0,0,0,0,0,0.0,0.0,0.0,0.0,0,False,"[{'fixture': 29, 'stats': [{'identifier': 'minutes', 'points': 0, 'value': 0, 'points_modification': 0}]}]",False,Maddison,3,18,69,Maddison,MID,0
582,3,2025-26,90,0,0,0,1,0,0,0,0,0,0,0,6,14.8,20.4,8.0,4.3,0,2,4,6,1,0.0,0.08,0.08,1.59,2,False,"[{'fixture': 29, 'stats': [{'identifier': 'minutes', 'points': 2, 'value': 90, 'points_modification': 0}]}]",False,Kudus,3,18,67,Kudus,MID,2
583,3,2025-26,0,0,0,0,0,0,0,0,0,0,0,0,0,0.0,0.0,0.0,0.0,0,0,0,0,0,0.0,0.0,0.0,0.0,0,False,"[{'fixture': 29, 'stats': [{'identifier': 'minutes', 'points': 0, 'value': 0, 'points_modification': 0}]}]",False,Kulusevski,3,18,64,Kulusevski,MID,0
584,3,2025-26,14,0,0,0,0,0,0,0,0,0,0,0,1,4.6,0.3,1.0,0.6,0,2,3,5,0,0.05,0.0,0.05,0.0,1,False,"[{'fixture': 29, 'stats': [{'identifier': 'minutes', 'points': 1, 'value': 14, 'points_modification': 0}]}]",False,Tel,3,18,63,Tel,MID,1
585,3,2025-26,90,0,0,0,1,0,0,0,0,0,0,0,18,8.0,5.0,0.0,1.3,0,9,1,10,1,0.0,0.02,0.02,1.59,2,False,"[{'fixture': 29, 'stats': [{'identifier': 'minutes', 'points': 2, 'value': 90, 'points_modification': 0}]}]",False,Bentancur,3,18,54,Bentancur,MID,2
586,3,2025-26,36,0,0,0,0,0,0,0,0,0,0,0,4,5.2,1.8,19.0,2.6,0,1,1,2,0,0.06,0.01,0.07,0.3,1,False,"[{'fixture': 29, 'stats': [{'identifier': 'minutes', 'points': 1, 'value': 36, 'points_modification': 0}]}]",False,Bergvall,3,18,54,Bergvall,MID,1
587,3,2025-26,0,0,0,0,0,0,0,0,0,0,0,0,0,0.0,0.0,0.0,0.0,0,0,0,0,0,0.0,0.0,0.0,0.0,0,False,"[{'fixture': 29, 'stats': [{'identifier': 'minutes', 'points': 0, 'value': 0, 'points_modification': 0}]}]",False,Bissouma,3,18,52,Bissouma,MID,0
588,3,2025-26,36,0,0,0,0,0,0,0,0,0,0,0,3,1.8,2.0,8.0,1.2,1,1,0,2,0,0.05,0.02,0.07,0.3,1,False,"[{'fixture': 29, 'stats': [{'identifier': 'minutes', 'points': 1, 'value': 36, 'points_modification': 0}]}]",False,Odobert,3,18,53,Odobert,MID,1
589,3,2025-26,0,0,0,0,0,0,0,0,0,0,0,0,0,0.0,0.0,0.0,0.0,0,0,0,0,0,0.0,0.0,0.0,0.0,0,False,"[{'fixture': 29, 'stats': [{'identifier': 'minutes', 'points': 0, 'value': 0, 'points_modification': 0}]}]",False,Solomon,3,18,54,Solomon,MID,0
590,3,2025-26,0,0,0,0,0,0,0,0,0,0,0,0,0,0.0,0.0,0.0,0.0,0,0,0,0,0,0.0,0.0,0.0,0.0,0,False,"[{'fixture': 29, 'stats': [{'identifier': 'minutes', 'points': 0, 'value': 0, 'points_modification': 0}]}]",False,Bryan,3,18,49,Bryan,MID,0
591,3,2025-26,0,0,0,0,0,0,0,0,0,0,0,0,0,0.0,0.0,0.0,0.0,0,0,0,0,0,0.0,0.0,0.0,0.0,0,False,"[{'fixture': 29, 'stats': [{'identifier': 'minutes', 'points': 0, 'value': 0, 'points_modification': 0}]}]",False,Gray,3,18,49,Gray,MID,0
592,3,2025-26,0,0,0,0,0,0,0,0,0,0,0,0,0,0.0,0.0,0.0,0.0,0,0,0,0,0,0.0,0.0,0.0,0.0,0,False,"[{'fixture': 29, 'stats': [{'identifier': 'minutes', 'points': 0, 'value': 0, 'points_modification': 0}]}]",False,Moore,3,18,50,Moore,MID,0
593,3,2025-26,75,0,0,0,1,0,0,0,0,0,0,0,5,4.2,1.0,2.0,0.7,4,2,0,6,1,0.0,0.0,0.0,1.59,2,False,"[{'fixture': 29, 'stats': [{'identifier': 'minutes', 'points': 2, 'value': 75, 'points_modification': 0}]}]",False,P.M.Sarr,3,18,50,P.M.Sarr,MID,2
594,3,2025-26,0,0,0,0,0,0,0,0,0,0,0,0,0,0.0,0.0,0.0,0.0,0,0,0,0,0,0.0,0.0,0.0,0.0,0,False,"[{'fixture': 29, 'stats': [{'identifier': 'minutes', 'points': 0, 'value': 0, 'points_modification': 0}]}]",False,Min-hyeok,3,18,45,Min-hyeok,MID,0
595,3,2025-26,0,0,0,0,0,0,0,0,0,0,0,0,0,0.0,0.0,0.0,0.0,0,0,0,0,0,0.0,0.0,0.0,0.0,0,False,"[{'fixture': 29, 'stats': [{'identifier': 'minutes', 'points': 0, 'value': 0, 'points_modification': 0}]}]",False,Olusesi,3,18,44,Olusesi,MID,0
596,3,2025-26,0,0,0,0,0,0,0,0,0,0,0,0,0,0.0,0.0,0.0,0.0,0,0,0,0,0,0.0,0.0,0.0,0.0,0,False,"[{'fixture': 29, 'stats': [{'identifier': 'minutes', 'points': 0, 'value': 0, 'points_modification': 0}]}]",False,Solanke,4,18,72,Solanke,FWD,0
597,3,2025-26,90,0,0,0,1,0,0,0,0,0,0,0,7,12.2,11.8,10.0,3.4,4,0,0,4,1,0.0,0.01,0.01,1.59,2,False,"[{'fixture': 29, 'stats': [{'identifier': 'minutes', 'points': 2, 'value': 90, 'points_modification': 0}]}]",False,Richarlison,4,18,68,Richarlison,FWD,2
598,3,2025-26,0,0,0,0,0,0,0,0,0,0,0,0,0,0.0,0.0,0.0,0.0,0,0,0,0,0,0.0,0.0,0.0,0.0,0,False,"[{'fixture': 29, 'stats': [{'identifier': 'minutes', 'points': 0, 'value': 0, 'points_modification': 0}]}]",False,Lankshear,4,18,45,Lankshear,FWD,0
599,3,2025-26,0,0,0,0,0,0,0,0,0,0,0,0,0,0.0,0.0,0.0,0.0,0,0,0,0,0,0.0,0.0,0.0,0.0,0,False,"[{'fixture': 29, 'stats': [{'identifier': 'minutes', 'points': 0, 'value': 0, 'points_modification': 0}]}]",False,Scarlett,4,18,44,Scarlett,FWD,0
600,3,2025-26,0,0,0,0,0,0,0,0,0,0,0,0,0,0.0,0.0,0.0,0.0,0,0,0,0,0,0.0,0.0,0.0,0.0,0,False,"[{'fixture': 27, 'stats': [{'identifier': 'minutes', 'points': 0, 'value': 0, 'points_modification': 0}]}]",False,Areola,1,19,43,Areola,GK,0
601,3,2025-26,0,0,0,0,0,0,0,0,0,0,0,0,0,0.0,0.0,0.0,0.0,0,0,0,0,0,0.0,0.0,0.0,0.0,0,False,"[{'fixture': 27, 'stats': [{'identifier': 'minutes', 'points': 0, 'value': 0, 'points_modification': 0}]}]",False,Foderingham,1,19,40,Foderingham,GK,0
602,3,2025-26,0,0,0,0,0,0,0,0,0,0,0,0,0,0.0,0.0,0.0,0.0,0,0,0,0,0,0.0,0.0,0.0,0.0,0,False,"[{'fixture': 27, 'stats': [{'identifier': 'minutes', 'points': 0, 'value': 0, 'points_modification': 0}]}]",False,Hegyi,1,19,40,Hegyi,GK,0
603,3,2025-26,90,0,1,1,0,0,0,0,0,0,0,1,33,41.4,15.5,2.0,5.9,9,0,0,9,1,0.0,0.12,0.12,0.73,10,False,"[{'fixture': 27, 'stats': [{'identifier': 'minutes', 'points': 2, 'value': 90, 'points_modification': 0}, {'identifier': 'assists', 'points': 3, 'value': 1, 'points_modification': 0}, {'identifier': 'clean_sheets', 'points': 4, 'value': 1, 'points_modification': 0}, {'identifier': 'bonus', 'points': 1, 'value': 1, 'points_modification': 0}]}]",False,Diouf,2,19,44,Diouf,DEF,10
604,3,2025-26,0,0,0,0,0,0,0,0,0,0,0,0,0,0.0,0.0,0.0,0.0,0,0,0,0,0,0.0,0.0,0.0,0.0,0,False,"[{'fixture': 27, 'stats': [{'identifier': 'minutes', 'points': 0, 'value': 0, 'points_modification': 0}]}]",False,Emerson,2,19,44,Emerson,DEF,0
605,3,2025-26,90,0,0,1,0,0,0,0,0,0,0,0,29,17.4,0.2,0.0,1.8,7,3,1,8,1,0.0,0.0,0.0,0.73,6,False,"[{'fixture': 27, 'stats': [{'identifier': 'minutes', 'points': 2, 'value': 90, 'points_modification': 0}, {'identifier': 'clean_sheets', 'points': 4, 'value': 1, 'points_modification': 0}]}]",False,Kilman,2,19,44,Kilman,DEF,6
606,3,2025-26,90,0,0,1,0,0,0,0,0,0,0,0,24,10.2,0.4,4.0,1.5,6,1,0,6,1,0.06,0.01,0.07,0.73,6,False,"[{'fixture': 27, 'stats': [{'identifier': 'minutes', 'points': 2, 'value': 90, 'points_modification': 0}, {'identifier': 'clean_sheets', 'points': 4, 'value': 1, 'points_modification': 0}]}]",False,Mavropanos,2,19,44,Mavropanos,DEF,6
607,3,2025-26,0,0,0,0,0,0,0,0,0,0,0,0,0,0.0,0.0,0.0,0.0,0,0,0,0,0,0.0,0.0,0.0,0.0,0,False,"[{'fixture': 27, 'stats': [{'identifier': 'minutes', 'points': 0, 'value': 0, 'points_modification': 0}]}]",False,N.Aguerd,2,19,44,N.Aguerd,DEF,0
608,3,2025-26,0,0,0,0,0,0,0,0,0,0,0,0,0,0.0,0.0,0.0,0.0,0,0,0,0,0,0.0,0.0,0.0,0.0,0,False,"[{'fixture': 27, 'stats': [{'identifier': 'minutes', 'points': 0, 'value': 0, 'points_modification': 0}]}]",False,Scarles,2,19,44,Scarles,DEF,0
609,3,2025-26,0,0,0,0,0,0,0,0,0,0,0,0,0,0.0,0.0,0.0,0.0,0,0,0,0,0,0.0,0.0,0.0,0.0,0,False,"[{'fixture': 27, 'stats': [{'identifier': 'minutes', 'points': 0, 'value': 0, 'points_modification': 0}]}]",False,Todibo,2,19,44,Todibo,DEF,0
610,3,2025-26,0,0,0,0,0,0,0,0,0,0,0,0,0,0.0,0.0,0.0,0.0,0,0,0,0,0,0.0,0.0,0.0,0.0,0,False,"[{'fixture': 27, 'stats': [{'identifier': 'minutes', 'points': 0, 'value': 0, 'points_modification': 0}]}]",False,Wan-Bissaka,2,19,43,Wan-Bissaka,DEF,0
611,3,2025-26,0,0,0,0,0,0,0,0,0,0,0,0,0,0.0,0.0,0.0,0.0,0,0,0,0,0,0.0,0.0,0.0,0.0,0,False,"[{'fixture': 27, 'stats': [{'identifier': 'minutes', 'points': 0, 'value': 0, 'points_modification': 0}]}]",False,Casey,2,19,40,Casey,DEF,0
612,3,2025-26,90,1,0,1,0,0,0,0,0,0,0,0,24,62.2,27.4,40.0,13.0,5,8,2,15,1,1.11,0.05,1.16,0.73,10,False,"[{'fixture': 27, 'stats': [{'identifier': 'minutes', 'points': 2, 'value': 90, 'points_modification': 0}, {'identifier': 'goals_scored', 'points': 5, 'value': 1, 'points_modification': 0}, {'identifier': 'clean_sheets', 'points': 1, 'value': 1, 'points_modification': 0}, {'identifier': 'defensive_contribution', 'points': 2, 'value': 15, 'points_modification': 0}]}]",False,L.Paquetá,3,19,59,L.Paquetá,MID,10
613,3,2025-26,90,0,0,1,0,0,0,0,0,0,0,0,14,13.2,0.8,0.0,1.4,5,2,2,9,1,0.0,0.0,0.0,0.73,3,False,"[{'fixture': 27, 'stats': [{'identifier': 'minutes', 'points': 2, 'value': 90, 'points_modification': 0}, {'identifier': 'clean_sheets', 'points': 1, 'value': 1, 'points_modification': 0}]}]",False,Souček,3,19,57,Souček,MID,3
614,3,2025-26,74,0,0,1,0,0,0,0,0,0,0,0,11,9.4,45.2,0.0,5.5,2,4,0,6,1,0.0,0.11,0.11,0.7,3,False,"[{'fixture': 27, 'stats': [{'identifier': 'minutes', 'points': 2, 'value': 74, 'points_modification': 0}, {'identifier': 'clean_sheets', 'points': 1, 'value': 1, 'points_modification': 0}]}]",False,Ward-Prowse,3,19,58,Ward-Prowse,MID,3
615,3,2025-26,8,0,2,0,0,0,0,0,0,0,0,0,24,22.6,10.7,4.0,3.7,1,3,0,4,0,0.0,0.02,0.02,0.04,7,False,"[{'fixture': 27, 'stats': [{'identifier': 'minutes', 'points': 1, 'value': 8, 'points_modification': 0}, {'identifier': 'assists', 'points': 6, 'value': 2, 'points_modification': 0}]}]",False,Summerville,3,19,55,Summerville,MID,7
616,3,2025-26,0,0,0,0,0,0,0,0,0,0,0,0,0,0.0,0.0,0.0,0.0,0,0,0,0,0,0.0,0.0,0.0,0.0,0,False,"[{'fixture': 27, 'stats': [{'identifier': 'minutes', 'points': 0, 'value': 0, 'points_modification': 0}]}]",False,Álvarez,3,19,49,Álvarez,MID,0
617,3,2025-26,0,0,0,0,0,0,0,0,0,0,0,0,0,0.0,0.0,0.0,0.0,0,0,0,0,0,0.0,0.0,0.0,0.0,0,False,"[{'fixture': 27, 'stats': [{'identifier': 'minutes', 'points': 0, 'value': 0, 'points_modification': 0}]}]",False,Cornet,3,19,49,Cornet,MID,0
618,3,2025-26,0,0,0,0,0,0,0,0,0,0,0,0,0,0.0,0.0,0.0,0.0,0,0,0,0,0,0.0,0.0,0.0,0.0,0,False,"[{'fixture': 27, 'stats': [{'identifier': 'minutes', 'points': 0, 'value': 0, 'points_modification': 0}]}]",False,G.Rodriguez,3,19,49,G.Rodriguez,MID,0
619,3,2025-26,0,0,0,0,0,0,0,0,0,0,0,0,0,0.0,0.0,0.0,0.0,0,0,0,0,0,0.0,0.0,0.0,0.0,0,False,"[{'fixture': 27, 'stats': [{'identifier': 'minutes', 'points': 0, 'value': 0, 'points_modification': 0}]}]",False,L.Guilherme,3,19,49,L.Guilherme,MID,0
620,3,2025-26,0,0,0,0,0,0,0,0,0,0,0,0,0,0.0,0.0,0.0,0.0,0,0,0,0,0,0.0,0.0,0.0,0.0,0,False,"[{'fixture': 27, 'stats': [{'identifier': 'minutes', 'points': 0, 'value': 0, 'points_modification': 0}]}]",False,Earthy,3,19,45,Earthy,MID,0
621,3,2025-26,15,0,0,0,0,0,0,0,0,0,0,0,5,5.4,2.4,0.0,0.8,0,1,2,3,0,0.0,0.0,0.0,0.04,1,False,"[{'fixture': 27, 'stats': [{'identifier': 'minutes', 'points': 1, 'value': 15, 'points_modification': 0}]}]",False,Irving,3,19,44,Irving,MID,1
622,3,2025-26,0,0,0,0,0,0,0,0,0,0,0,0,0,0.0,0.0,0.0,0.0,0,0,0,0,0,0.0,0.0,0.0,0.0,0,False,"[{'fixture': 27, 'stats': [{'identifier': 'minutes', 'points': 0, 'value': 0, 'points_modification': 0}]}]",False,Orford,3,19,44,Orford,MID,0
623,3,2025-26,0,0,0,0,0,0,0,0,0,0,0,0,0,0.0,0.0,0.0,0.0,0,0,0,0,0,0.0,0.0,0.0,0.0,0,False,"[{'fixture': 27, 'stats': [{'identifier': 'minutes', 'points': 0, 'value': 0, 'points_modification': 0}]}]",False,Potts,3,19,44,Potts,MID,0
624,3,2025-26,90,1,0,1,0,0,0,0,0,0,0,3,46,50.2,33.6,9.0,9.3,2,4,2,8,1,0.07,0.04,0.11,0.73,9,False,"[{'fixture': 27, 'stats': [{'identifier': 'minutes', 'points': 2, 'value': 90, 'points_modification': 0}, {'identifier': 'goals_scored', 'points': 4, 'value': 1, 'points_modification': 0}, {'identifier': 'bonus', 'points': 3, 'value': 3, 'points_modification': 0}]}]",False,Bowen,4,19,77,Bowen,FWD,9
625,3,2025-26,63,0,0,1,0,0,0,0,0,0,0,0,6,6.0,1.3,31.0,3.8,1,1,1,3,1,0.15,0.0,0.15,0.54,2,False,"[{'fixture': 27, 'stats': [{'identifier': 'minutes', 'points': 2, 'value': 63, 'points_modification': 0}]}]",False,Füllkrug,4,19,57,Füllkrug,FWD,2
626,3,2025-26,0,0,0,0,0,0,0,0,0,0,0,0,0,0.0,0.0,0.0,0.0,0,0,0,0,0,0.0,0.0,0.0,0.0,0,False,"[{'fixture': 27, 'stats': [{'identifier': 'minutes', 'points': 0, 'value': 0, 'points_modification': 0}]}]",False,Marshall,4,19,44,Marshall,FWD,0
627,3,2025-26,0,0,0,0,0,0,0,0,0,0,0,0,0,0.0,0.0,0.0,0.0,0,0,0,0,0,0.0,0.0,0.0,0.0,0,False,"[{'fixture': 30, 'stats': [{'identifier': 'minutes', 'points': 0, 'value': 0, 'points_modification': 0}]}]",False,Johnstone,1,20,45,Johnstone,GK,0
628,3,2025-26,90,0,0,0,3,0,0,0,0,0,1,0,1,11.6,0.0,0.0,1.2,1,12,0,0,1,0.0,0.0,0.0,1.93,1,False,"[{'fixture': 30, 'stats': [{'identifier': 'minutes', 'points': 2, 'value': 90, 'points_modification': 0}, {'identifier': 'goals_conceded', 'points': -1, 'value': 3, 'points_modification': 0}]}]",False,José Sá,1,20,45,José Sá,GK,1
629,3,2025-26,0,0,0,0,0,0,0,0,0,0,0,0,0,0.0,0.0,0.0,0.0,0,0,0,0,0,0.0,0.0,0.0,0.0,0,False,"[{'fixture': 30, 'stats': [{'identifier': 'minutes', 'points': 0, 'value': 0, 'points_modification': 0}]}]",False,Bentley,1,20,40,Bentley,GK,0
630,3,2025-26,0,0,0,0,0,0,0,0,0,0,0,0,0,0.0,0.0,0.0,0.0,0,0,0,0,0,0.0,0.0,0.0,0.0,0,False,"[{'fixture': 30, 'stats': [{'identifier': 'minutes', 'points': 0, 'value': 0, 'points_modification': 0}]}]",False,King,1,9,40,King,GK,0
631,3,2025-26,90,0,0,0,3,0,0,0,0,0,0,0,4,21.2,11.1,4.0,3.6,6,8,0,6,1,0.13,0.01,0.14,1.93,1,False,"[{'fixture': 30, 'stats': [{'identifier': 'minutes', 'points': 2, 'value': 90, 'points_modification': 0}, {'identifier': 'goals_conceded', 'points': -1, 'value': 3, 'points_modification': 0}]}]",False,Agbadou,2,20,45,Agbadou,DEF,1
632,3,2025-26,0,0,0,0,0,0,0,0,0,0,0,0,0,0.0,0.0,0.0,0.0,0,0,0,0,0,0.0,0.0,0.0,0.0,0,False,"[{'fixture': 30, 'stats': [{'identifier': 'minutes', 'points': 0, 'value': 0, 'points_modification': 0}]}]",False,Doherty,2,20,44,Doherty,DEF,0
633,3,2025-26,74,0,0,0,3,0,0,0,0,0,0,0,6,22.0,20.5,14.0,5.7,4,4,5,9,1,0.0,0.04,0.04,1.84,1,False,"[{'fixture': 30, 'stats': [{'identifier': 'minutes', 'points': 2, 'value': 74, 'points_modification': 0}, {'identifier': 'goals_conceded', 'points': -1, 'value': 3, 'points_modification': 0}]}]",False,H.Bueno,2,20,44,H.Bueno,DEF,1
634,3,2025-26,0,0,0,0,0,0,0,0,0,0,0,0,0,0.0,0.0,0.0,0.0,0,0,0,0,0,0.0,0.0,0.0,0.0,0,False,"[{'fixture': 30, 'stats': [{'identifier': 'minutes', 'points': 0, 'value': 0, 'points_modification': 0}]}]",False,Mosquera,2,20,44,Mosquera,DEF,0
635,3,2025-26,27,1,0,0,0,0,0,0,0,0,0,0,16,32.2,1.2,27.0,6.0,1,3,1,2,0,0.37,0.01,0.38,0.18,7,False,"[{'fixture': 30, 'stats': [{'identifier': 'minutes', 'points': 1, 'value': 27, 'points_modification': 0}, {'identifier': 'goals_scored', 'points': 6, 'value': 1, 'points_modification': 0}]}]",False,R.Gomes,2,20,45,R.Gomes,DEF,7
636,3,2025-26,90,0,0,0,3,0,0,0,0,0,0,0,4,21.8,19.2,2.0,4.3,8,3,2,10,1,0.0,0.05,0.05,1.93,3,False,"[{'fixture': 30, 'stats': [{'identifier': 'minutes', 'points': 2, 'value': 90, 'points_modification': 0}, {'identifier': 'goals_conceded', 'points': -1, 'value': 3, 'points_modification': 0}, {'identifier': 'defensive_contribution', 'points': 2, 'value': 10, 'points_modification': 0}]}]",False,S.Bueno,2,20,44,S.Bueno,DEF,3
637,3,2025-26,90,0,0,0,3,0,0,0,0,0,0,0,9,27.8,11.8,8.0,4.8,6,6,5,11,1,0.03,0.01,0.04,1.93,3,False,"[{'fixture': 30, 'stats': [{'identifier': 'minutes', 'points': 2, 'value': 90, 'points_modification': 0}, {'identifier': 'goals_conceded', 'points': -1, 'value': 3, 'points_modification': 0}, {'identifier': 'defensive_contribution', 'points': 2, 'value': 11, 'points_modification': 0}]}]",False,Toti,2,20,44,Toti,DEF,3
638,3,2025-26,0,0,0,0,0,0,0,0,0,0,0,0,0,0.0,0.0,0.0,0.0,0,0,0,0,0,0.0,0.0,0.0,0.0,0,False,"[{'fixture': 30, 'stats': [{'identifier': 'minutes', 'points': 0, 'value': 0, 'points_modification': 0}]}]",False,Hoever,2,20,40,Hoever,DEF,0
639,3,2025-26,0,0,0,0,0,0,0,0,0,0,0,0,0,0.0,0.0,0.0,0.0,0,0,0,0,0,0.0,0.0,0.0,0.0,0,False,"[{'fixture': 30, 'stats': [{'identifier': 'minutes', 'points': 0, 'value': 0, 'points_modification': 0}]}]",False,Meupiyou,2,20,40,Meupiyou,DEF,0
640,3,2025-26,0,0,0,0,0,0,0,0,0,0,0,0,0,0.0,0.0,0.0,0.0,0,0,0,0,0,0.0,0.0,0.0,0.0,0,False,"[{'fixture': 30, 'stats': [{'identifier': 'minutes', 'points': 0, 'value': 0, 'points_modification': 0}]}]",False,Pedro Lima,2,20,40,Pedro Lima,DEF,0
641,3,2025-26,0,0,0,0,0,0,0,0,0,0,0,0,0,0.0,0.0,0.0,0.0,0,0,0,0,0,0.0,0.0,0.0,0.0,0,False,"[{'fixture': 30, 'stats': [{'identifier': 'minutes', 'points': 0, 'value': 0, 'points_modification': 0}]}]",False,Pond,2,20,39,Pond,DEF,0
642,3,2025-26,75,1,0,0,3,0,0,0,0,0,0,0,27,35.2,0.7,17.0,5.3,2,0,0,2,1,0.42,0.0,0.42,1.84,7,False,"[{'fixture': 30, 'stats': [{'identifier': 'minutes', 'points': 2, 'value': 75, 'points_modification': 0}, {'identifier': 'goals_scored', 'points': 5, 'value': 1, 'points_modification': 0}]}]",False,Hee Chan,3,20,59,Hee Chan,MID,7
643,3,2025-26,63,0,0,0,3,0,0,0,0,0,0,0,10,0.0,3.2,0.0,0.3,1,7,1,9,1,0.0,0.01,0.01,1.75,2,False,"[{'fixture': 30, 'stats': [{'identifier': 'minutes', 'points': 2, 'value': 63, 'points_modification': 0}]}]",False,André,3,20,54,André,MID,2
644,3,2025-26,26,0,0,0,0,0,0,0,0,0,0,0,5,5.4,14.8,9.0,2.9,0,1,0,1,0,0.05,0.09,0.14,0.18,1,False,"[{'fixture': 30, 'stats': [{'identifier': 'minutes', 'points': 1, 'value': 26, 'points_modification': 0}]}]",False,Bellegarde,3,20,53,Bellegarde,MID,1
645,3,2025-26,26,0,0,0,0,0,0,0,0,0,0,0,0,0.0,9.7,2.0,1.1,0,1,0,1,0,0.03,0.01,0.04,0.18,1,False,"[{'fixture': 30, 'stats': [{'identifier': 'minutes', 'points': 1, 'value': 26, 'points_modification': 0}]}]",False,Fer López,3,20,54,Fer López,MID,1
646,3,2025-26,90,0,0,0,3,0,0,0,0,0,0,0,15,5.6,15.2,1.0,2.2,0,5,0,5,1,0.01,0.03,0.04,1.93,2,False,"[{'fixture': 30, 'stats': [{'identifier': 'minutes', 'points': 2, 'value': 90, 'points_modification': 0}]}]",False,Gomes,3,20,54,Gomes,MID,2
647,3,2025-26,0,0,0,0,0,0,0,0,0,0,0,0,0,0.0,0.0,0.0,0.0,0,0,0,0,0,0.0,0.0,0.0,0.0,0,False,"[{'fixture': 30, 'stats': [{'identifier': 'minutes', 'points': 0, 'value': 0, 'points_modification': 0}]}]",False,Guedes,3,20,55,Guedes,MID,0
648,3,2025-26,90,0,1,0,3,0,0,0,0,0,0,0,16,23.4,25.5,7.0,5.6,0,0,2,2,1,0.03,0.06,0.09,1.93,5,False,"[{'fixture': 30, 'stats': [{'identifier': 'minutes', 'points': 2, 'value': 90, 'points_modification': 0}, {'identifier': 'assists', 'points': 3, 'value': 1, 'points_modification': 0}]}]",False,Munetsi,3,20,54,Munetsi,MID,5
649,3,2025-26,0,0,0,0,0,0,0,0,0,0,0,0,0,0.0,0.0,0.0,0.0,0,0,0,0,0,0.0,0.0,0.0,0.0,0,False,"[{'fixture': 30, 'stats': [{'identifier': 'minutes', 'points': 0, 'value': 0, 'points_modification': 0}]}]",False,B.Traore,3,20,50,B.Traore,MID,0
650,3,2025-26,0,0,0,0,0,0,0,0,0,0,0,0,0,0.0,0.0,0.0,0.0,0,0,0,0,0,0.0,0.0,0.0,0.0,0,False,"[{'fixture': 30, 'stats': [{'identifier': 'minutes', 'points': 0, 'value': 0, 'points_modification': 0}]}]",False,Chirewa,3,20,44,Chirewa,MID,0
651,3,2025-26,0,0,0,0,0,0,0,0,0,0,0,0,0,0.0,0.0,0.0,0.0,0,0,0,0,0,0.0,0.0,0.0,0.0,0,False,"[{'fixture': 30, 'stats': [{'identifier': 'minutes', 'points': 0, 'value': 0, 'points_modification': 0}]}]",False,Edozie,3,20,44,Edozie,MID,0
652,3,2025-26,0,0,0,0,0,0,0,0,0,0,0,0,0,0.0,0.0,0.0,0.0,0,0,0,0,0,0.0,0.0,0.0,0.0,0,False,"[{'fixture': 30, 'stats': [{'identifier': 'minutes', 'points': 0, 'value': 0, 'points_modification': 0}]}]",False,Gonzalez,3,20,44,Gonzalez,MID,0
653,3,2025-26,0,0,0,0,0,0,0,0,0,0,0,0,0,0.0,0.0,0.0,0.0,0,0,0,0,0,0.0,0.0,0.0,0.0,0,False,"[{'fixture': 30, 'stats': [{'identifier': 'minutes', 'points': 0, 'value': 0, 'points_modification': 0}]}]",False,Hodge,3,20,45,Hodge,MID,0
654,3,2025-26,0,0,0,0,0,0,0,0,0,0,0,0,0,0.0,0.0,0.0,0.0,0,0,0,0,0,0.0,0.0,0.0,0.0,0,False,"[{'fixture': 30, 'stats': [{'identifier': 'minutes', 'points': 0, 'value': 0, 'points_modification': 0}]}]",False,Strand Larsen,4,20,64,Strand Larsen,FWD,0
655,3,2025-26,0,0,0,0,0,0,0,0,0,0,0,0,0,0.0,0.0,0.0,0.0,0,0,0,0,0,0.0,0.0,0.0,0.0,0,False,"[{'fixture': 30, 'stats': [{'identifier': 'minutes', 'points': 0, 'value': 0, 'points_modification': 0}]}]",False,Fábio Silva,4,20,49,Fábio Silva,FWD,0
656,3,2025-26,14,0,0,0,0,0,0,0,0,0,0,0,1,1.0,4.3,2.0,0.7,1,1,0,2,0,0.0,0.01,0.01,0.1,1,False,"[{'fixture': 30, 'stats': [{'identifier': 'minutes', 'points': 1, 'value': 14, 'points_modification': 0}]}]",False,Kalajdžić,4,20,49,Kalajdžić,FWD,1
657,3,2025-26,0,0,0,0,0,0,0,0,0,0,0,0,0,0.0,0.0,0.0,0.0,0,0,0,0,0,0.0,0.0,0.0,0.0,0,False,"[{'fixture': 30, 'stats': [{'identifier': 'minutes', 'points': 0, 'value': 0, 'points_modification': 0}]}]",False,Chiwome,4,20,45,Chiwome,FWD,0
658,3,2025-26,0,0,0,0,0,0,0,0,0,0,0,0,0,0.0,0.0,0.0,0.0,0,0,0,0,0,0.0,0.0,0.0,0.0,0,False,"[{'fixture': 30, 'stats': [{'identifier': 'minutes', 'points': 0, 'value': 0, 'points_modification': 0}]}]",False,Fraser,4,20,44,Fraser,FWD,0
659,3,2025-26,90,0,0,1,0,0,0,0,0,0,0,0,30,13.8,1.5,0.0,1.5,3,4,3,6,1,0.0,0.01,0.01,0.73,6,False,"[{'fixture': 27, 'stats': [{'identifier': 'minutes', 'points': 2, 'value': 90, 'points_modification': 0}, {'identifier': 'clean_sheets', 'points': 4, 'value': 1, 'points_modification': 0}]}]",False,Walker-Peters,2,19,44,Walker-Peters,DEF,6
660,3,2025-26,90,0,0,1,0,0,0,0,0,0,0,0,9,10.2,37.4,11.0,5.9,2,2,2,6,1,0.18,0.02,0.2,0.46,3,False,"[{'fixture': 24, 'stats': [{'identifier': 'minutes', 'points': 2, 'value': 90, 'points_modification': 0}, {'identifier': 'clean_sheets', 'points': 1, 'value': 1, 'points_modification': 0}]}]",False,Stach,3,11,50,Stach,MID,3
661,3,2025-26,78,0,0,1,0,0,0,0,0,0,0,0,3,0.2,0.3,2.0,0.3,0,1,1,2,1,0.0,0.0,0.0,0.4,2,False,"[{'fixture': 25, 'stats': [{'identifier': 'minutes', 'points': 2, 'value': 78, 'points_modification': 0}]}]",False,Ekitiké,4,12,87,Ekitiké,FWD,2
662,3,2025-26,85,0,0,0,1,0,0,0,0,0,0,0,14,25.2,0.8,2.0,2.8,5,3,4,9,0,0.0,0.0,0.0,0.52,2,False,"[{'fixture': 25, 'stats': [{'identifier': 'minutes', 'points': 2, 'value': 85, 'points_modification': 0}]}]",False,Mosquera,2,1,54,Mosquera,DEF,2
663,3,2025-26,63,0,0,0,3,0,0,0,0,0,0,0,13,15.6,5.0,13.0,3.4,0,1,6,7,1,0.04,0.02,0.06,1.75,2,False,"[{'fixture': 30, 'stats': [{'identifier': 'minutes', 'points': 2, 'value': 63, 'points_modification': 0}]}]",False,J.Arias,3,20,52,J.Arias,MID,2
664,3,2025-26,0,0,0,0,0,0,0,0,0,0,0,0,0,0.0,0.0,0.0,0.0,0,0,0,0,0,0.0,0.0,0.0,0.0,0,False,"[{'fixture': 23, 'stats': [{'identifier': 'minutes', 'points': 0, 'value': 0, 'points_modification': 0}]}]",False,Lecomte,1,10,40,Lecomte,GK,0
665,3,2025-26,90,0,0,1,0,0,0,0,0,0,2,0,25,15.2,0.0,0.0,1.5,1,8,0,0,1,0.0,0.0,0.0,0.46,6,False,"[{'fixture': 24, 'stats': [{'identifier': 'minutes', 'points': 2, 'value': 90, 'points_modification': 0}, {'identifier': 'clean_sheets', 'points': 4, 'value': 1, 'points_modification': 0}]}]",False,Perri,1,11,45,Perri,GK,6
666,3,2025-26,90,0,0,0,1,0,0,0,1,0,0,0,8,7.0,26.0,4.0,3.7,1,1,0,2,1,0.0,0.16,0.16,0.52,1,False,"[{'fixture': 25, 'stats': [{'identifier': 'minutes', 'points': 2, 'value': 90, 'points_modification': 0}, {'identifier': 'yellow_cards', 'points': -1, 'value': 1, 'points_modification': 0}]}]",False,Gyökeres,4,1,90,Gyökeres,FWD,1
667,3,2025-26,0,0,0,0,0,0,0,0,0,0,0,0,0,0.0,0.0,0.0,0.0,0,0,0,0,0,0.0,0.0,0.0,0.0,0,False,"[{'fixture': 30, 'stats': [{'identifier': 'minutes', 'points': 0, 'value': 0, 'points_modification': 0}]}]",False,Aznou,2,9,44,Aznou,DEF,0
668,3,2025-26,90,0,1,0,1,0,0,0,1,0,0,0,28,34.6,16.7,0.0,5.1,6,4,1,11,1,0.0,0.1,0.1,1.2,4,False,"[{'fixture': 28, 'stats': [{'identifier': 'minutes', 'points': 2, 'value': 90, 'points_modification': 0}, {'identifier': 'assists', 'points': 3, 'value': 1, 'points_modification': 0}, {'identifier': 'yellow_cards', 'points': -1, 'value': 1, 'points_modification': 0}]}]",False,Xhaka,3,17,50,Xhaka,MID,4
669,3,2025-26,57,0,0,0,0,0,0,0,0,0,0,0,5,2.6,2.3,4.0,0.9,0,4,2,6,1,0.0,0.0,0.0,0.47,1,False,"[{'fixture': 27, 'stats': [{'identifier': 'minutes', 'points': 1, 'value': 57, 'points_modification': 0}]}]",False,Ndoye,3,16,61,Ndoye,MID,1
670,3,2025-26,90,0,0,0,1,0,1,0,0,0,3,0,23,47.4,0.0,0.0,4.7,0,9,0,0,1,0.0,0.0,0.0,1.2,8,False,"[{'fixture': 28, 'stats': [{'identifier': 'minutes', 'points': 2, 'value': 90, 'points_modification': 0}, {'identifier': 'penalties_saved', 'points': 5, 'value': 1, 'points_modification': 0}, {'identifier': 'saves', 'points': 1, 'value': 3, 'points_modification': 0}]}]",False,Roefs,1,17,45,Roefs,GK,8
671,3,2025-26,26,1,0,0,0,0,0,0,0,0,0,2,35,44.0,0.1,62.0,10.6,0,0,0,0,0,1.04,0.0,1.04,0.19,7,False,"[{'fixture': 27, 'stats': [{'identifier': 'minutes', 'points': 1, 'value': 26, 'points_modification': 0}, {'identifier': 'goals_scored', 'points': 4, 'value': 1, 'points_modification': 0}, {'identifier': 'bonus', 'points': 2, 'value': 2, 'points_modification': 0}]}]",False,Wilson,4,19,59,Wilson,FWD,7
672,3,2025-26,0,0,0,0,0,0,0,0,0,0,0,0,0,0.0,0.0,0.0,0.0,0,0,0,0,0,0.0,0.0,0.0,0.0,0,False,"[{'fixture': 23, 'stats': [{'identifier': 'minutes', 'points': 0, 'value': 0, 'points_modification': 0}]}]",False,Hato,2,7,48,Hato,DEF,0
673,3,2025-26,53,0,0,0,1,0,0,0,0,0,0,0,6,6.8,3.2,2.0,1.2,2,2,2,6,1,0.0,0.01,0.01,1.28,1,False,"[{'fixture': 29, 'stats': [{'identifier': 'minutes', 'points': 1, 'value': 53, 'points_modification': 0}]}]",False,J.Palhinha,3,18,55,J.Palhinha,MID,1
674,3,2025-26,0,0,0,0,0,0,0,0,0,0,0,0,0,0.0,0.0,0.0,0.0,0,0,0,0,0,0.0,0.0,0.0,0.0,0,False,"[{'fixture': 24, 'stats': [{'identifier': 'minutes', 'points': 0, 'value': 0, 'points_modification': 0}]}]",False,Ramsdale,1,15,49,Ramsdale,GK,0
675,3,2025-26,0,0,0,0,0,0,0,0,0,0,0,0,0,0.0,0.0,0.0,0.0,0,0,0,0,0,0.0,0.0,0.0,0.0,0,False,"[{'fixture': 27, 'stats': [{'identifier': 'minutes', 'points': 0, 'value': 0, 'points_modification': 0}]}]",False,Gunn,1,16,40,Gunn,GK,0
676,3,2025-26,75,0,0,0,2,0,0,0,0,0,0,0,8,8.6,1.7,2.0,1.2,2,4,4,10,1,0.0,0.0,0.0,2.5,2,False,"[{'fixture': 26, 'stats': [{'identifier': 'minutes', 'points': 2, 'value': 75, 'points_modification': 0}]}]",False,Ugochukwu,3,3,50,Ugochukwu,MID,2
677,3,2025-26,45,0,0,0,1,0,0,0,0,0,0,0,3,4.2,2.2,17.0,2.3,0,3,1,4,1,0.07,0.0,0.07,1.72,1,False,"[{'fixture': 21, 'stats': [{'identifier': 'minutes', 'points': 1, 'value': 45, 'points_modification': 0}]}]",False,Guessand,3,2,63,Guessand,MID,1
678,3,2025-26,0,0,0,0,0,0,0,0,0,0,0,0,0,0.0,0.0,0.0,0.0,0,0,0,0,0,0.0,0.0,0.0,0.0,0,False,"[{'fixture': 28, 'stats': [{'identifier': 'minutes', 'points': 0, 'value': 0, 'points_modification': 0}]}]",False,Masuaku,2,17,40,Masuaku,DEF,0
679,3,2025-26,90,0,0,1,0,0,0,0,0,0,3,0,30,27.8,0.0,0.0,2.8,1,11,0,0,1,0.0,0.0,0.0,0.73,7,False,"[{'fixture': 27, 'stats': [{'identifier': 'minutes', 'points': 2, 'value': 90, 'points_modification': 0}, {'identifier': 'clean_sheets', 'points': 4, 'value': 1, 'points_modification': 0}, {'identifier': 'saves', 'points': 1, 'value': 3, 'points_modification': 0}]}]",False,Hermansen,1,19,45,Hermansen,GK,7
680,3,2025-26,0,0,0,0,0,0,0,0,0,0,0,0,0,0.0,0.0,0.0,0.0,0,0,0,0,0,0.0,0.0,0.0,0.0,0,False,"[{'fixture': 26, 'stats': [{'identifier': 'minutes', 'points': 0, 'value': 0, 'points_modification': 0}]}]",False,Broja,4,3,53,Broja,FWD,0
681,3,2025-26,18,0,0,0,0,0,0,0,0,0,0,0,-2,0.0,1.1,8.0,0.3,0,0,0,0,0,0.27,0.0,0.27,0.0,1,False,"[{'fixture': 26, 'stats': [{'identifier': 'minutes', 'points': 1, 'value': 18, 'points_modification': 0}]}]",False,Šeško,4,14,73,Šeško,FWD,1
682,3,2025-26,15,0,1,0,0,0,0,0,0,0,0,0,17,21.2,15.0,0.0,3.6,1,0,0,1,0,0.0,0.12,0.12,0.1,4,False,"[{'fixture': 30, 'stats': [{'identifier': 'minutes', 'points': 1, 'value': 15, 'points_modification': 0}, {'identifier': 'assists', 'points': 3, 'value': 1, 'points_modification': 0}]}]",False,Møller Wolfe,2,20,45,Møller Wolfe,DEF,4
683,3,2025-26,90,0,0,0,1,0,0,0,0,0,0,0,11,20.0,1.2,7.0,2.8,9,4,2,11,1,0.05,0.01,0.06,1.2,4,False,"[{'fixture': 28, 'stats': [{'identifier': 'minutes', 'points': 2, 'value': 90, 'points_modification': 0}, {'identifier': 'defensive_contribution', 'points': 2, 'value': 11, 'points_modification': 0}]}]",False,Alderete,2,17,40,Alderete,DEF,4
684,3,2025-26,0,0,0,0,0,0,0,0,0,0,0,0,0,0.0,0.0,0.0,0.0,0,0,0,0,0,0.0,0.0,0.0,0.0,0,False,"[{'fixture': 24, 'stats': [{'identifier': 'minutes', 'points': 0, 'value': 0, 'points_modification': 0}]}]",False,Thiaw,2,15,49,Thiaw,DEF,0
685,3,2025-26,90,0,0,1,0,0,0,0,0,0,0,0,22,15.4,10.9,2.0,2.8,7,3,0,7,1,0.0,0.01,0.01,0.19,6,False,"[{'fixture': 29, 'stats': [{'identifier': 'minutes', 'points': 2, 'value': 90, 'points_modification': 0}, {'identifier': 'clean_sheets', 'points': 4, 'value': 1, 'points_modification': 0}]}]",False,Diakité,2,4,45,Diakité,DEF,6
686,3,2025-26,0,0,0,0,0,0,0,0,0,0,0,0,0,0.0,0.0,0.0,0.0,0,0,0,0,0,0.0,0.0,0.0,0.0,0,False,"[{'fixture': 25, 'stats': [{'identifier': 'minutes', 'points': 0, 'value': 0, 'points_modification': 0}]}]",False,Ngumoha,3,12,45,Ngumoha,MID,0
687,3,2025-26,0,0,0,0,0,0,0,0,0,0,0,0,0,0.0,0.0,0.0,0.0,0,0,0,0,0,0.0,0.0,0.0,0.0,0,False,"[{'fixture': 29, 'stats': [{'identifier': 'minutes', 'points': 0, 'value': 0, 'points_modification': 0}]}]",False,Rees-Dottin,3,4,45,Rees-Dottin,MID,0
688,3,2025-26,0,0,0,0,0,0,0,0,0,0,0,0,0,0.0,0.0,0.0,0.0,0,0,0,0,0,0.0,0.0,0.0,0.0,0,False,"[{'fixture': 21, 'stats': [{'identifier': 'minutes', 'points': 0, 'value': 0, 'points_modification': 0}]}]",False,Wright,1,2,40,Wright,GK,0
689,3,2025-26,0,0,0,0,0,0,0,0,0,0,0,0,0,0.0,0.0,0.0,0.0,0,0,0,0,0,0.0,0.0,0.0,0.0,0,False,"[{'fixture': 24, 'stats': [{'identifier': 'minutes', 'points': 0, 'value': 0, 'points_modification': 0}]}]",False,Seung soo,3,15,44,Seung soo,MID,0
690,3,2025-26,0,0,0,0,0,0,0,0,0,0,0,0,0,0.0,0.0,0.0,0.0,0,0,0,0,0,0.0,0.0,0.0,0.0,0,False,"[{'fixture': 21, 'stats': [{'identifier': 'minutes', 'points': 0, 'value': 0, 'points_modification': 0}]}]",False,Cardines,3,8,44,Cardines,MID,0
691,3,2025-26,20,0,0,0,0,0,0,0,0,0,0,0,3,1.2,0.5,20.0,2.2,0,2,0,2,0,0.07,0.0,0.07,0.07,1,False,"[{'fixture': 24, 'stats': [{'identifier': 'minutes', 'points': 1, 'value': 20, 'points_modification': 0}]}]",False,Calvert-Lewin,4,11,55,Calvert-Lewin,FWD,1
692,3,2025-26,0,0,0,0,0,0,0,0,0,0,0,0,0,0.0,0.0,0.0,0.0,0,0,0,0,0,0.0,0.0,0.0,0.0,0,False,"[{'fixture': 25, 'stats': [{'identifier': 'minutes', 'points': 0, 'value': 0, 'points_modification': 0}]}]",False,Leoni,2,12,50,Leoni,DEF,0
693,3,2025-26,1,0,0,0,1,0,0,0,0,0,0,0,3,0.2,0.3,0.0,0.1,0,1,0,1,0,0.0,0.0,0.0,0.96,1,False,"[{'fixture': 27, 'stats': [{'identifier': 'minutes', 'points': 1, 'value': 1, 'points_modification': 0}]}]",False,Hutchinson,3,16,55,Hutchinson,MID,1
694,3,2025-26,90,0,0,0,1,0,0,0,0,0,0,0,18,26.4,0.6,6.0,3.3,9,1,5,14,1,0.07,0.0,0.07,1.2,4,False,"[{'fixture': 28, 'stats': [{'identifier': 'minutes', 'points': 2, 'value': 90, 'points_modification': 0}, {'identifier': 'defensive_contribution', 'points': 2, 'value': 14, 'points_modification': 0}]}]",False,Mukiele,2,17,40,Mukiele,DEF,4
695,3,2025-26,62,0,0,0,3,0,0,0,0,0,0,0,-5,11.0,6.3,2.0,1.9,2,2,1,3,1,0.0,0.01,0.01,1.75,1,False,"[{'fixture': 30, 'stats': [{'identifier': 'minutes', 'points': 2, 'value': 62, 'points_modification': 0}, {'identifier': 'goals_conceded', 'points': -1, 'value': 3, 'points_modification': 0}]}]",False,Tchatchoua,2,20,45,Tchatchoua,DEF,1
696,3,2025-26,1,0,0,0,1,0,0,0,0,0,0,0,3,0.4,0.5,0.0,0.1,0,1,0,1,0,0.0,0.0,0.0,0.96,1,False,"[{'fixture': 27, 'stats': [{'identifier': 'minutes', 'points': 1, 'value': 1, 'points_modification': 0}]}]",False,Kalimuendo,4,16,60,Kalimuendo,FWD,1
697,3,2025-26,26,0,0,0,0,0,0,0,0,0,0,0,7,12.8,10.5,0.0,2.3,2,5,4,11,0,0.0,0.01,0.01,0.18,1,False,"[{'fixture': 29, 'stats': [{'identifier': 'minutes', 'points': 1, 'value': 26, 'points_modification': 0}]}]",False,Adli,3,4,55,Adli,MID,1
698,3,2025-26,0,0,0,0,0,0,0,0,0,0,0,0,0,0.0,0.0,0.0,0.0,0,0,0,0,0,0.0,0.0,0.0,0.0,0,False,"[{'fixture': 24, 'stats': [{'identifier': 'minutes', 'points': 0, 'value': 0, 'points_modification': 0}]}]",False,Okafor,3,11,55,Okafor,MID,0
699,3,2025-26,0,0,0,0,0,0,0,0,0,0,0,0,0,0.0,0.0,0.0,0.0,0,0,0,0,0,0.0,0.0,0.0,0.0,0,False,"[{'fixture': 27, 'stats': [{'identifier': 'minutes', 'points': 0, 'value': 0, 'points_modification': 0}]}]",False,Douglas Luiz,3,16,50,Douglas Luiz,MID,0
700,3,2025-26,1,0,0,0,0,0,0,0,0,0,0,0,0,0.0,0.3,11.0,1.1,0,0,0,0,0,0.06,0.0,0.06,0.12,1,False,"[{'fixture': 25, 'stats': [{'identifier': 'minutes', 'points': 1, 'value': 1, 'points_modification': 0}]}]",False,Dowman,3,1,45,Dowman,MID,1
701,3,2025-26,0,0,0,0,0,0,0,0,0,0,0,0,0,0.0,0.0,0.0,0.0,0,0,0,0,0,0.0,0.0,0.0,0.0,0,False,"[{'fixture': 21, 'stats': [{'identifier': 'minutes', 'points': 0, 'value': 0, 'points_modification': 0}]}]",False,Rowe,2,2,40,Rowe,DEF,0
702,3,2025-26,16,0,0,0,1,0,0,0,0,0,0,0,3,0.0,0.3,0.0,0.0,0,1,0,1,0,0.0,0.0,0.0,0.9,1,False,"[{'fixture': 21, 'stats': [{'identifier': 'minutes', 'points': 1, 'value': 16, 'points_modification': 0}]}]",False,Burrowes,3,2,45,Burrowes,MID,1
703,3,2025-26,0,0,0,0,0,0,0,0,0,0,0,0,0,0.0,0.0,0.0,0.0,0,0,0,0,0,0.0,0.0,0.0,0.0,0,False,"[{'fixture': 21, 'stats': [{'identifier': 'minutes', 'points': 0, 'value': 0, 'points_modification': 0}]}]",False,Proctor,1,2,40,Proctor,GK,0
704,3,2025-26,0,0,0,0,0,0,0,0,0,0,0,0,0,0.0,0.0,0.0,0.0,0,0,0,0,0,0.0,0.0,0.0,0.0,0,False,"[{'fixture': 30, 'stats': [{'identifier': 'minutes', 'points': 0, 'value': 0, 'points_modification': 0}]}]",False,Onyango,3,9,45,Onyango,MID,0
705,3,2025-26,0,0,0,0,0,0,0,0,0,0,0,0,0,0.0,0.0,0.0,0.0,0,0,0,0,0,0.0,0.0,0.0,0.0,0,False,"[{'fixture': 30, 'stats': [{'identifier': 'minutes', 'points': 0, 'value': 0, 'points_modification': 0}]}]",False,Campbell,2,9,40,Campbell,DEF,0
706,3,2025-26,10,0,0,0,0,0,0,0,0,0,0,0,3,0.0,0.0,0.0,0.0,0,0,0,0,0,0.0,0.0,0.0,0.03,1,False,"[{'fixture': 24, 'stats': [{'identifier': 'minutes', 'points': 1, 'value': 10, 'points_modification': 0}]}]",False,Justin,2,11,40,Justin,DEF,1
707,3,2025-26,0,0,0,0,0,0,0,0,0,0,0,0,0,0.0,0.0,0.0,0.0,0,0,0,0,0,0.0,0.0,0.0,0.0,0,False,"[{'fixture': 30, 'stats': [{'identifier': 'minutes', 'points': 0, 'value': 0, 'points_modification': 0}]}]",False,Dibling,3,9,55,Dibling,MID,0
708,3,2025-26,81,0,0,1,0,0,0,0,0,0,0,0,15,11.0,26.4,4.0,4.1,1,7,3,11,1,0.0,0.1,0.1,0.7,3,False,"[{'fixture': 27, 'stats': [{'identifier': 'minutes', 'points': 2, 'value': 81, 'points_modification': 0}, {'identifier': 'clean_sheets', 'points': 1, 'value': 1, 'points_modification': 0}]}]",False,M.Fernandes,3,19,55,M.Fernandes,MID,3
709,3,2025-26,0,0,0,0,0,0,0,0,0,0,0,0,0,0.0,0.0,0.0,0.0,0,0,0,0,0,0.0,0.0,0.0,0.0,0,False,"[{'fixture': 30, 'stats': [{'identifier': 'minutes', 'points': 0, 'value': 0, 'points_modification': 0}]}]",False,Krejčí,2,20,45,Krejčí,DEF,0
710,3,2025-26,0,0,0,0,0,0,0,0,0,0,0,0,0,0.0,0.0,0.0,0.0,0,0,0,0,0,0.0,0.0,0.0,0.0,0,False,"[{'fixture': 21, 'stats': [{'identifier': 'minutes', 'points': 0, 'value': 0, 'points_modification': 0}]}]",False,Patterson,2,2,40,Patterson,DEF,0
711,3,2025-26,0,0,0,0,0,0,0,0,0,0,0,0,0,0.0,0.0,0.0,0.0,0,0,0,0,0,0.0,0.0,0.0,0.0,0,False,"[{'fixture': 25, 'stats': [{'identifier': 'minutes', 'points': 0, 'value': 0, 'points_modification': 0}]}]",False,Harriman-Annous,3,1,45,Harriman-Annous,MID,0
712,3,2025-26,19,0,0,0,0,0,0,0,0,0,0,0,10,3.6,11.6,2.0,1.7,0,3,1,4,0,0.02,0.01,0.03,0.28,1,False,"[{'fixture': 21, 'stats': [{'identifier': 'minutes', 'points': 1, 'value': 19, 'points_modification': 0}]}]",False,Yeremy,3,8,60,Yeremy,MID,1
