element,gameweek,season,minutes,goals_scored,assists,clean_sheets,goals_conceded,own_goals,penalties_saved,penalties_missed,yellow_cards,red_cards,saves,bonus,bps,influence,creativity,threat,ict_index,clearances_blocks_interceptions,recoveries,tackles,defensive_contribution,starts,expected_goals,expected_assists,expected_goal_involvements,expected_goals_conceded,total_points,in_dreamteam,explain,modified
1,4,2025-26,90,0,0,1,0,0,0,0,0,0,1,0,24,12.8,0.0,0.0,1.3,0,9,0,0,1,0.00,0.00,0.00,0.20,6,False,"[{'fixture': 31, 'stats': [{'identifier': 'minutes', 'points': 2, 'value': 90, 'points_modification': 0}, {'identifier': 'clean_sheets', 'points': 4, 'value': 1, 'points_modification': 0}]}]",False
2,4,2025-26,0,0,0,0,0,0,0,0,0,0,0,0,0,0.0,0.0,0.0,0.0,0,0,0,0,0,0.00,0.00,0.00,0.00,0,False,"[{'fixture': 31, 'stats': [{'identifier': 'minutes', 'points': 0, 'value': 0, 'points_modification': 0}]}]",False
3,4,2025-26,0,0,0,0,0,0,0,0,0,0,0,0,0,0.0,0.0,0.0,0.0,0,0,0,0,0,0.00,0.00,0.00,0.00,0,False,"[{'fixture': 31, 'stats': [{'identifier': 'minutes', 'points': 0, 'value': 0, 'points_modification': 0}]}]",False
4,4,2025-26,0,0,0,0,0,0,0,0,0,0,0,0,0,0.0,0.0,0.0,0.0,0,0,0,0,0,0.00,0.00,0.00,0.00,0,False,"[{'fixture': 31, 'stats': [{'identifier': 'minutes', 'points': 0, 'value': 0, 'points_modification': 0}]}]",False
5,4,2025-26,90,0,0,1,0,0,0,0,0,0,0,1,32,28.0,1.3,9.0,3.8,8,3,2,10,1,0.20,0.01,0.21,0.20,9,False,"[{'fixture': 31, 'stats': [{'identifier': 'minutes', 'points': 2, 'value': 90, 'points_modification': 0}, {'identifier': 'clean_sheets', 'points': 4, 'value': 1, 'points_modification': 0}, {'identifier': 'bonus', 'points': 1, 'value': 1, 'points_modification': 0}, {'identifier': 'defensive_contribution', 'points': 2, 'value': 10, 'points_modification': 0}]}]",False
6,4,2025-26,0,0,0,0,0,0,0,0,0,0,0,0,0,0.0,0.0,0.0,0.0,0,0,0,0,0,0.00,0.00,0.00,0.00,0,False,"[{'fixture': 31, 'stats': [{'identifier': 'minutes', 'points': 0, 'value': 0, 'points_modification': 0}]}]",False
7,4,2025-26,67,0,0,1,0,0,0,0,1,0,0,0,16,5.4,12.6,2.0,2.0,1,1,2,3,1,0.00,0.01,0.01,0.10,5,False,"[{'fixture': 31, 'stats': [{'identifier': 'minutes', 'points': 2, 'value': 67, 'points_modification': 0}, {'identifier': 'clean_sheets', 'points': 4, 'value': 1, 'points_modification': 0}, {'identifier': 'yellow_cards', 'points': -1, 'value': 1, 'points_modification': 0}]}]",False
8,4,2025-26,90,0,0,1,0,0,0,0,0,0,0,2,37,19.8,13.0,35.0,6.8,4,2,2,6,1,0.30,0.02,0.32,0.20,8,False,"[{'fixture': 31, 'stats': [{'identifier': 'minutes', 'points': 2, 'value': 90, 'points_modification': 0}, {'identifier': 'clean_sheets', 'points': 4, 'value': 1, 'points_modification': 0}, {'identifier': 'bonus', 'points': 2, 'value': 2, 'points_modification': 0}]}]",False
9,4,2025-26,0,0,0,0,0,0,0,0,0,0,0,0,0,0.0,0.0,0.0,0.0,0,0,0,0,0,0.00,0.00,0.00,0.00,0,False,"[{'fixture': 31, 'stats': [{'identifier': 'minutes', 'points': 0, 'value': 0, 'points_modification': 0}]}]",False
10,4,2025-26,22,0,0,0,0,0,0,0,0,0,0,0,3,0.0,2.0,0.0,0.1,0,2,0,0,0,0.00,0.00,0.00,0.10,1,False,"[{'fixture': 31, 'stats': [{'identifier': 'minutes', 'points': 1, 'value': 22, 'points_modification': 0}]}]",False
11,4,2025-26,0,0,0,0,0,0,0,0,0,0,0,0,0,0.0,0.0,0.0,0.0,0,0,0,0,0,0.00,0.00,0.00,0.00,0,False,"[{'fixture': 31, 'stats': [{'identifier': 'minutes', 'points': 0, 'value': 0, 'points_modification': 0}]}]",False
12,4,2025-26,0,0,0,0,0,0,0,0,0,0,0,0,0,0.0,0.0,0.0,0.0,0,0,0,0,0,0.00,0.00,0.00,0.00,0,False,"[{'fixture': 31, 'stats': [{'identifier': 'minutes', 'points': 0, 'value': 0, 'points_modification': 0}]}]",False
13,4,2025-26,0,0,0,0,0,0,0,0,0,0,0,0,0,0.0,0.0,0.0,0.0,0,0,0,0,0,0.00,0.00,0.00,0.00,0,False,"[{'fixture': 31, 'stats': [{'identifier': 'minutes', 'points': 0, 'value': 0, 'points_modification': 0}]}]",False
14,4,2025-26,0,0,0,0,0,0,0,0,0,0,0,0,0,0.0,0.0,0.0,0.0,0,0,0,0,0,0.00,0.00,0.00,0.00,0,False,"[{'fixture': 31, 'stats': [{'identifier': 'minutes', 'points': 0, 'value': 0, 'points_modification': 0}]}]",False
15,4,2025-26,0,0,0,0,0,0,0,0,0,0,0,0,0,0.0,0.0,0.0,0.0,0,0,0,0,0,0.00,0.00,0.00,0.00,0,False,"[{'fixture': 31, 'stats': [{'identifier': 'minutes', 'points': 0, 'value': 0, 'points_modification': 0}]}]",False
16,4,2025-26,0,0,0,0,0,0,0,0,0,0,0,0,0,0.0,0.0,0.0,0.0,0,0,0,0,0,0.00,0.00,0.00,0.00,0,False,"[{'fixture': 31, 'stats': [{'identifier': 'minutes', 'points': 0, 'value': 0, 'points_modification': 0}]}]",False
17,4,2025-26,17,0,0,0,0,0,0,0,0,0,0,0,3,0.0,5.2,0.0,0.5,0,0,0,0,1,0.00,0.00,0.00,0.00,1,False,"[{'fixture': 31, 'stats': [{'identifier': 'minutes', 'points': 1, 'value': 17, 'points_modification': 0}]}]",False
18,4,2025-26,78,0,0,1,0,0,0,0,0,0,0,0,24,22.6,70.8,26.0,11.9,1,3,3,7,1,0.00,0.71,0.71,0.10,3,False,"[{'fixture': 31, 'stats': [{'identifier': 'minutes', 'points': 2, 'value': 78, 'points_modification': 0}, {'identifier': 'clean_sheets', 'points': 1, 'value': 1, 'points_modification': 0}]}]",False
19,4,2025-26,12,0,0,0,0,0,0,0,0,0,0,0,4,2.0,4.3,0.0,0.6,0,1,0,1,0,0.00,0.00,0.00,0.10,1,False,"[{'fixture': 31, 'stats': [{'identifier': 'minutes', 'points': 1, 'value': 12, 'points_modification': 0}]}]",False
20,4,2025-26,11,0,1,0,0,0,0,0,0,0,0,0,12,17.2,10.5,4.0,3.2,0,0,0,0,0,0.00,0.26,0.26,0.10,4,False,"[{'fixture': 31, 'stats': [{'identifier': 'minutes', 'points': 1, 'value': 11, 'points_modification': 0}, {'identifier': 'assists', 'points': 3, 'value': 1, 'points_modification': 0}]}]",False
21,4,2025-26,22,0,0,0,0,0,0,0,0,0,0,0,1,3.4,1.3,2.0,0.7,0,2,1,3,0,0.00,0.03,0.03,0.10,1,False,"[{'fixture': 31, 'stats': [{'identifier': 'minutes', 'points': 1, 'value': 22, 'points_modification': 0}]}]",False
22,4,2025-26,90,0,0,1,0,0,0,0,0,0,0,0,15,13.2,20.3,33.0,6.7,2,8,0,10,1,0.13,0.07,0.20,0.20,3,False,"[{'fixture': 31, 'stats': [{'identifier': 'minutes', 'points': 2, 'value': 90, 'points_modification': 0}, {'identifier': 'clean_sheets', 'points': 1, 'value': 1, 'points_modification': 0}]}]",False
23,4,2025-26,0,0,0,0,0,0,0,0,0,0,0,0,0,0.0,0.0,0.0,0.0,0,0,0,0,0,0.00,0.00,0.00,0.00,0,False,"[{'fixture': 31, 'stats': [{'identifier': 'minutes', 'points': 0, 'value': 0, 'points_modification': 0}]}]",False
24,4,2025-26,0,0,0,0,0,0,0,0,0,0,0,0,0,0.0,0.0,0.0,0.0,0,0,0,0,0,0.00,0.00,0.00,0.00,0,False,"[{'fixture': 31, 'stats': [{'identifier': 'minutes', 'points': 0, 'value': 0, 'points_modification': 0}]}]",False
25,4,2025-26,72,0,0,1,0,0,0,0,0,0,0,0,8,2.4,18.7,15.0,3.6,1,3,0,4,0,0.15,0.03,0.18,0.20,3,False,"[{'fixture': 31, 'stats': [{'identifier': 'minutes', 'points': 2, 'value': 72, 'points_modification': 0}, {'identifier': 'clean_sheets', 'points': 1, 'value': 1, 'points_modification': 0}]}]",False
26,4,2025-26,90,2,0,1,0,0,0,0,0,0,0,3,52,68.6,14.5,25.0,10.8,1,1,0,2,1,0.16,0.03,0.19,0.20,16,True,"[{'fixture': 31, 'stats': [{'identifier': 'minutes', 'points': 2, 'value': 90, 'points_modification': 0}, {'identifier': 'goals_scored', 'points': 10, 'value': 2, 'points_modification': 0}, {'identifier': 'clean_sheets', 'points': 1, 'value': 1, 'points_modification': 0}, {'identifier': 'bonus', 'points': 3, 'value': 3, 'points_modification': 0}]}]",False
27,4,2025-26,0,0,0,0,0,0,0,0,0,0,0,0,0,0.0,0.0,0.0,0.0,0,0,0,0,0,0.00,0.00,0.00,0.00,0,False,"[{'fixture': 33, 'stats': [{'identifier': 'minutes', 'points': 0, 'value': 0, 'points_modification': 0}]}]",False
28,4,2025-26,0,0,0,0,0,0,0,0,0,0,0,0,0,0.0,0.0,0.0,0.0,0,0,0,0,0,0.00,0.00,0.00,0.00,0,False,"[{'fixture': 31, 'stats': [{'identifier': 'minutes', 'points': 0, 'value': 0, 'points_modification': 0}]}]",False
29,4,2025-26,0,0,0,0,0,0,0,0,0,0,0,0,0,0.0,0.0,0.0,0.0,0,0,0,0,0,0.00,0.00,0.00,0.00,0,False,"[{'fixture': 31, 'stats': [{'identifier': 'minutes', 'points': 0, 'value': 0, 'points_modification': 0}]}]",False
30,4,2025-26,0,0,0,0,0,0,0,0,0,0,0,0,0,0.0,0.0,0.0,0.0,0,0,0,0,0,0.00,0.00,0.00,0.00,0,False,"[{'fixture': 31, 'stats': [{'identifier': 'minutes', 'points': 0, 'value': 0, 'points_modification': 0}]}]",False
31,4,2025-26,0,0,0,0,0,0,0,0,0,0,0,0,0,0.0,0.0,0.0,0.0,0,0,0,0,0,0.00,0.00,0.00,0.00,0,False,"[{'fixture': 31, 'stats': [{'identifier': 'minutes', 'points': 0, 'value': 0, 'points_modification': 0}]}]",False
32,4,2025-26,90,0,0,1,0,0,0,0,0,0,2,0,27,20.2,0.0,0.0,2.0,2,3,0,0,1,0.00,0.00,0.00,2.08,6,False,"[{'fixture': 36, 'stats': [{'identifier': 'minutes', 'points': 2, 'value': 90, 'points_modification': 0}, {'identifier': 'clean_sheets', 'points': 4, 'value': 1, 'points_modification': 0}]}]",False
33,4,2025-26,0,0,0,0,0,0,0,0,0,0,0,0,0,0.0,0.0,0.0,0.0,0,0,0,0,0,0.00,0.00,0.00,0.00,0,False,"[{'fixture': 36, 'stats': [{'identifier': 'minutes', 'points': 0, 'value': 0, 'points_modification': 0}]}]",False
34,4,2025-26,0,0,0,0,0,0,0,0,0,0,0,0,0,0.0,0.0,0.0,0.0,0,0,0,0,0,0.00,0.00,0.00,0.00,0,False,"[{'fixture': 36, 'stats': [{'identifier': 'minutes', 'points': 0, 'value': 0, 'points_modification': 0}]}]",False
35,4,2025-26,0,0,0,0,0,0,0,0,0,0,0,0,0,0.0,0.0,0.0,0.0,0,0,0,0,0,0.00,0.00,0.00,0.00,0,False,"[{'fixture': 36, 'stats': [{'identifier': 'minutes', 'points': 0, 'value': 0, 'points_modification': 0}]}]",False
36,4,2025-26,90,0,0,1,0,0,0,0,1,0,0,0,13,13.2,16.6,2.0,3.2,1,0,3,4,1,0.00,0.14,0.14,2.08,5,False,"[{'fixture': 36, 'stats': [{'identifier': 'minutes', 'points': 2, 'value': 90, 'points_modification': 0}, {'identifier': 'clean_sheets', 'points': 4, 'value': 1, 'points_modification': 0}, {'identifier': 'yellow_cards', 'points': -1, 'value': 1, 'points_modification': 0}]}]",False
37,4,2025-26,90,0,0,1,0,0,0,0,1,0,0,0,18,7.4,6.8,9.0,2.3,3,6,1,4,1,0.08,0.01,0.09,2.08,5,False,"[{'fixture': 36, 'stats': [{'identifier': 'minutes', 'points': 2, 'value': 90, 'points_modification': 0}, {'identifier': 'clean_sheets', 'points': 4, 'value': 1, 'points_modification': 0}, {'identifier': 'yellow_cards', 'points': -1, 'value': 1, 'points_modification': 0}]}]",False
38,4,2025-26,90,0,0,1,0,0,0,0,0,0,0,0,28,15.4,1.0,0.0,1.6,3,2,1,4,1,0.00,0.01,0.01,2.08,6,False,"[{'fixture': 36, 'stats': [{'identifier': 'minutes', 'points': 2, 'value': 90, 'points_modification': 0}, {'identifier': 'clean_sheets', 'points': 4, 'value': 1, 'points_modification': 0}]}]",False
39,4,2025-26,0,0,0,0,0,0,0,0,0,0,0,0,0,0.0,0.0,0.0,0.0,0,0,0,0,0,0.00,0.00,0.00,0.00,0,False,"[{'fixture': 36, 'stats': [{'identifier': 'minutes', 'points': 0, 'value': 0, 'points_modification': 0}]}]",False
40,4,2025-26,90,0,0,1,0,0,0,0,0,0,0,1,30,36.0,1.3,8.0,4.5,12,3,1,13,1,0.22,0.01,0.23,2.08,9,False,"[{'fixture': 36, 'stats': [{'identifier': 'minutes', 'points': 2, 'value': 90, 'points_modification': 0}, {'identifier': 'clean_sheets', 'points': 4, 'value': 1, 'points_modification': 0}, {'identifier': 'bonus', 'points': 1, 'value': 1, 'points_modification': 0}, {'identifier': 'defensive_contribution', 'points': 2, 'value': 13, 'points_modification': 0}]}]",False
41,4,2025-26,0,0,0,0,0,0,0,0,0,0,0,0,0,0.0,0.0,0.0,0.0,0,0,0,0,0,0.00,0.00,0.00,0.00,0,False,"[{'fixture': 36, 'stats': [{'identifier': 'minutes', 'points': 0, 'value': 0, 'points_modification': 0}]}]",False
42,4,2025-26,0,0,0,0,0,0,0,0,0,0,0,0,0,0.0,0.0,0.0,0.0,0,0,0,0,0,0.00,0.00,0.00,0.00,0,False,"[{'fixture': 36, 'stats': [{'identifier': 'minutes', 'points': 0, 'value': 0, 'points_modification': 0}]}]",False
43,4,2025-26,0,0,0,0,0,0,0,0,0,0,0,0,0,0.0,0.0,0.0,0.0,0,0,0,0,0,0.00,0.00,0.00,0.00,0,False,"[{'fixture': 36, 'stats': [{'identifier': 'minutes', 'points': 0, 'value': 0, 'points_modification': 0}]}]",False
44,4,2025-26,82,0,0,1,0,0,0,0,0,0,0,3,35,13.0,2.0,0.0,1.5,4,3,3,7,1,0.00,0.02,0.02,1.60,9,False,"[{'fixture': 36, 'stats': [{'identifier': 'minutes', 'points': 2, 'value': 82, 'points_modification': 0}, {'identifier': 'clean_sheets', 'points': 4, 'value': 1, 'points_modification': 0}, {'identifier': 'bonus', 'points': 3, 'value': 3, 'points_modification': 0}]}]",False
45,4,2025-26,0,0,0,0,0,0,0,0,0,0,0,0,0,0.0,0.0,0.0,0.0,0,0,0,0,0,0.00,0.00,0.00,0.00,0,False,"[{'fixture': 36, 'stats': [{'identifier': 'minutes', 'points': 0, 'value': 0, 'points_modification': 0}]}]",False
46,4,2025-26,0,0,0,0,0,0,0,0,0,0,0,0,0,0.0,0.0,0.0,0.0,0,0,0,0,0,0.00,0.00,0.00,0.00,0,False,"[{'fixture': 36, 'stats': [{'identifier': 'minutes', 'points': 0, 'value': 0, 'points_modification': 0}]}]",False
47,4,2025-26,90,0,0,1,0,0,0,0,0,0,0,0,4,6.4,4.0,7.0,1.7,2,4,0,6,1,0.08,0.02,0.10,2.08,3,False,"[{'fixture': 36, 'stats': [{'identifier': 'minutes', 'points': 2, 'value': 90, 'points_modification': 0}, {'identifier': 'clean_sheets', 'points': 1, 'value': 1, 'points_modification': 0}]}]",False
48,4,2025-26,45,0,0,0,0,0,0,0,0,0,0,0,10,3.4,2.3,0.0,0.6,0,3,1,4,1,0.00,0.02,0.02,1.17,1,False,"[{'fixture': 36, 'stats': [{'identifier': 'minutes', 'points': 1, 'value': 45, 'points_modification': 0}]}]",False
49,4,2025-26,0,0,0,0,0,0,0,0,0,0,0,0,0,0.0,0.0,0.0,0.0,0,0,0,0,0,0.00,0.00,0.00,0.00,0,False,"[{'fixture': 36, 'stats': [{'identifier': 'minutes', 'points': 0, 'value': 0, 'points_modification': 0}]}]",False
50,4,2025-26,70,0,0,1,0,0,0,0,1,0,0,0,6,8.6,13.2,13.0,3.5,1,5,2,8,1,0.16,0.06,0.22,1.53,2,False,"[{'fixture': 36, 'stats': [{'identifier': 'minutes', 'points': 2, 'value': 70, 'points_modification': 0}, {'identifier': 'clean_sheets', 'points': 1, 'value': 1, 'points_modification': 0}, {'identifier': 'yellow_cards', 'points': -1, 'value': 1, 'points_modification': 0}]}]",False
51,4,2025-26,0,0,0,0,0,0,0,0,0,0,0,0,0,0.0,0.0,0.0,0.0,0,0,0,0,0,0.00,0.00,0.00,0.00,0,False,"[{'fixture': 36, 'stats': [{'identifier': 'minutes', 'points': 0, 'value': 0, 'points_modification': 0}]}]",False
52,4,2025-26,0,0,0,0,0,0,0,0,0,0,0,0,0,0.0,0.0,0.0,0.0,0,0,0,0,0,0.00,0.00,0.00,0.00,0,False,"[{'fixture': 39, 'stats': [{'identifier': 'minutes', 'points': 0, 'value': 0, 'points_modification': 0}]}]",False
53,4,2025-26,7,0,0,0,0,0,0,0,0,0,0,0,2,1.0,0.3,0.0,0.1,0,0,0,0,0,0.00,0.00,0.00,0.48,1,False,"[{'fixture': 36, 'stats': [{'identifier': 'minutes', 'points': 1, 'value': 7, 'points_modification': 0}]}]",False
54,4,2025-26,90,0,0,1,0,0,0,0,0,0,0,0,12,10.4,13.4,0.0,2.4,3,5,0,8,1,0.00,0.03,0.03,2.08,3,False,"[{'fixture': 36, 'stats': [{'identifier': 'minutes', 'points': 2, 'value': 90, 'points_modification': 0}, {'identifier': 'clean_sheets', 'points': 1, 'value': 1, 'points_modification': 0}]}]",False
55,4,2025-26,0,0,0,0,0,0,0,0,0,0,0,0,0,0.0,0.0,0.0,0.0,0,0,0,0,0,0.00,0.00,0.00,0.00,0,False,"[{'fixture': 36, 'stats': [{'identifier': 'minutes', 'points': 0, 'value': 0, 'points_modification': 0}]}]",False
56,4,2025-26,0,0,0,0,0,0,0,0,0,0,0,0,0,0.0,0.0,0.0,0.0,0,0,0,0,0,0.00,0.00,0.00,0.00,0,False,"[{'fixture': 36, 'stats': [{'identifier': 'minutes', 'points': 0, 'value': 0, 'points_modification': 0}]}]",False
57,4,2025-26,0,0,0,0,0,0,0,0,0,0,0,0,0,0.0,0.0,0.0,0.0,0,0,0,0,0,0.00,0.00,0.00,0.00,0,False,"[{'fixture': 36, 'stats': [{'identifier': 'minutes', 'points': 0, 'value': 0, 'points_modification': 0}]}]",False
58,4,2025-26,0,0,0,0,0,0,0,0,0,0,0,0,0,0.0,0.0,0.0,0.0,0,0,0,0,0,0.00,0.00,0.00,0.00,0,False,"[{'fixture': 36, 'stats': [{'identifier': 'minutes', 'points': 0, 'value': 0, 'points_modification': 0}]}]",False
59,4,2025-26,0,0,0,0,0,0,0,0,0,0,0,0,0,0.0,0.0,0.0,0.0,0,0,0,0,0,0.00,0.00,0.00,0.00,0,False,"[{'fixture': 36, 'stats': [{'identifier': 'minutes', 'points': 0, 'value': 0, 'points_modification': 0}]}]",False
60,4,2025-26,0,0,0,0,0,0,0,0,0,0,0,0,0,0.0,0.0,0.0,0.0,0,0,0,0,0,0.00,0.00,0.00,0.00,0,False,"[{'fixture': 36, 'stats': [{'identifier': 'minutes', 'points': 0, 'value': 0, 'points_modification': 0}]}]",False
61,4,2025-26,0,0,0,0,0,0,0,0,0,0,0,0,0,0.0,0.0,0.0,0.0,0,0,0,0,0,0.00,0.00,0.00,0.00,0,False,"[{'fixture': 36, 'stats': [{'identifier': 'minutes', 'points': 0, 'value': 0, 'points_modification': 0}]}]",False
62,4,2025-26,0,0,0,0,0,0,0,0,0,0,0,0,0,0.0,0.0,0.0,0.0,0,0,0,0,0,0.00,0.00,0.00,0.00,0,False,"[{'fixture': 36, 'stats': [{'identifier': 'minutes', 'points': 0, 'value': 0, 'points_modification': 0}]}]",False
63,4,2025-26,0,0,0,0,0,0,0,0,0,0,0,0,0,0.0,0.0,0.0,0.0,0,0,0,0,0,0.00,0.00,0.00,0.00,0,False,"[{'fixture': 36, 'stats': [{'identifier': 'minutes', 'points': 0, 'value': 0, 'points_modification': 0}]}]",False
64,4,2025-26,82,0,0,1,0,0,0,0,0,0,0,0,6,2.0,17.3,2.0,2.1,0,2,0,2,1,0.00,0.04,0.04,1.60,2,False,"[{'fixture': 36, 'stats': [{'identifier': 'minutes', 'points': 2, 'value': 82, 'points_modification': 0}]}]",False
65,4,2025-26,0,0,0,0,0,0,0,0,0,0,0,0,0,0.0,0.0,0.0,0.0,0,0,0,0,0,0.00,0.00,0.00,0.00,0,False,"[{'fixture': 36, 'stats': [{'identifier': 'minutes', 'points': 0, 'value': 0, 'points_modification': 0}]}]",False
66,4,2025-26,0,0,0,0,0,0,0,0,0,0,0,0,0,0.0,0.0,0.0,0.0,0,0,0,0,0,0.00,0.00,0.00,0.00,0,False,"[{'fixture': 32, 'stats': [{'identifier': 'minutes', 'points': 0, 'value': 0, 'points_modification': 0}]}]",False
67,4,2025-26,90,0,0,0,1,0,0,0,0,0,1,0,5,8.6,0.0,0.0,0.9,1,5,0,0,1,0.00,0.00,0.00,0.62,2,False,"[{'fixture': 32, 'stats': [{'identifier': 'minutes', 'points': 2, 'value': 90, 'points_modification': 0}]}]",False
68,4,2025-26,0,0,0,0,0,0,0,0,0,0,0,0,0,0.0,0.0,0.0,0.0,0,0,0,0,0,0.00,0.00,0.00,0.00,0,False,"[{'fixture': 32, 'stats': [{'identifier': 'minutes', 'points': 0, 'value': 0, 'points_modification': 0}]}]",False
69,4,2025-26,0,0,0,0,0,0,0,0,0,0,0,0,0,0.0,0.0,0.0,0.0,0,0,0,0,0,0.00,0.00,0.00,0.00,0,False,"[{'fixture': 32, 'stats': [{'identifier': 'minutes', 'points': 0, 'value': 0, 'points_modification': 0}]}]",False
70,4,2025-26,0,0,0,0,0,0,0,0,0,0,0,0,0,0.0,0.0,0.0,0.0,0,0,0,0,0,0.00,0.00,0.00,0.00,0,False,"[{'fixture': 32, 'stats': [{'identifier': 'minutes', 'points': 0, 'value': 0, 'points_modification': 0}]}]",False
71,4,2025-26,0,0,0,0,0,0,0,0,0,0,0,0,0,0.0,0.0,0.0,0.0,0,0,0,0,0,0.00,0.00,0.00,0.00,0,False,"[{'fixture': 32, 'stats': [{'identifier': 'minutes', 'points': 0, 'value': 0, 'points_modification': 0}]}]",False
72,4,2025-26,90,0,0,0,1,0,0,0,1,0,0,0,9,30.0,4.7,2.0,3.7,9,6,3,12,1,0.00,0.03,0.03,0.62,3,False,"[{'fixture': 32, 'stats': [{'identifier': 'minutes', 'points': 2, 'value': 90, 'points_modification': 0}, {'identifier': 'yellow_cards', 'points': -1, 'value': 1, 'points_modification': 0}, {'identifier': 'defensive_contribution', 'points': 2, 'value': 12, 'points_modification': 0}]}]",False
73,4,2025-26,0,0,0,0,0,0,0,0,0,0,0,0,0,0.0,0.0,0.0,0.0,0,0,0,0,0,0.00,0.00,0.00,0.00,0,False,"[{'fixture': 32, 'stats': [{'identifier': 'minutes', 'points': 0, 'value': 0, 'points_modification': 0}]}]",False
74,4,2025-26,90,0,0,0,1,0,0,0,0,0,0,0,2,15.4,29.7,0.0,4.5,3,3,1,4,1,0.00,0.10,0.10,0.62,2,False,"[{'fixture': 32, 'stats': [{'identifier': 'minutes', 'points': 2, 'value': 90, 'points_modification': 0}]}]",False
75,4,2025-26,0,0,0,0,0,0,0,0,0,0,0,0,0,0.0,0.0,0.0,0.0,0,0,0,0,0,0.00,0.00,0.00,0.00,0,False,"[{'fixture': 32, 'stats': [{'identifier': 'minutes', 'points': 0, 'value': 0, 'points_modification': 0}]}]",False
76,4,2025-26,0,0,0,0,0,0,0,0,0,0,0,0,0,0.0,0.0,0.0,0.0,0,0,0,0,0,0.00,0.00,0.00,0.00,0,False,"[{'fixture': 32, 'stats': [{'identifier': 'minutes', 'points': 0, 'value': 0, 'points_modification': 0}]}]",False
77,4,2025-26,86,0,0,0,1,0,0,0,0,0,0,0,7,8.2,1.3,33.0,4.3,2,1,1,3,1,0.12,0.03,0.15,0.62,2,False,"[{'fixture': 32, 'stats': [{'identifier': 'minutes', 'points': 2, 'value': 86, 'points_modification': 0}]}]",False
78,4,2025-26,0,0,0,0,0,0,0,0,0,0,0,0,0,0.0,0.0,0.0,0.0,0,0,0,0,0,0.00,0.00,0.00,0.00,0,False,"[{'fixture': 32, 'stats': [{'identifier': 'minutes', 'points': 0, 'value': 0, 'points_modification': 0}]}]",False
79,4,2025-26,0,0,0,0,0,0,0,0,0,0,0,0,0,0.0,0.0,0.0,0.0,0,0,0,0,0,0.00,0.00,0.00,0.00,0,False,"[{'fixture': 32, 'stats': [{'identifier': 'minutes', 'points': 0, 'value': 0, 'points_modification': 0}]}]",False
80,4,2025-26,1,0,0,0,0,0,0,0,0,0,0,0,2,0.0,0.0,0.0,0.0,0,0,0,0,0,0.00,0.00,0.00,0.00,1,False,"[{'fixture': 32, 'stats': [{'identifier': 'minutes', 'points': 1, 'value': 1, 'points_modification': 0}]}]",False
81,4,2025-26,23,0,0,0,0,0,0,0,0,0,0,0,6,6.6,14.4,8.0,2.9,1,2,0,3,0,0.09,0.32,0.41,0.05,1,False,"[{'fixture': 32, 'stats': [{'identifier': 'minutes', 'points': 1, 'value': 23, 'points_modification': 0}]}]",False
82,4,2025-26,90,1,1,0,1,0,0,0,0,0,0,3,39,63.2,24.7,29.0,11.7,3,2,3,8,1,0.87,0.06,0.93,0.62,13,True,"[{'fixture': 32, 'stats': [{'identifier': 'minutes', 'points': 2, 'value': 90, 'points_modification': 0}, {'identifier': 'goals_scored', 'points': 5, 'value': 1, 'points_modification': 0}, {'identifier': 'assists', 'points': 3, 'value': 1, 'points_modification': 0}, {'identifier': 'bonus', 'points': 3, 'value': 3, 'points_modification': 0}]}]",False
83,4,2025-26,17,0,0,0,1,0,0,0,0,0,0,0,2,1.0,0.4,4.0,0.5,0,1,0,1,0,0.00,0.00,0.00,0.49,1,False,"[{'fixture': 33, 'stats': [{'identifier': 'minutes', 'points': 1, 'value': 17, 'points_modification': 0}]}]",False
84,4,2025-26,85,0,0,0,1,0,0,0,0,0,0,0,9,1.8,14.9,7.0,2.4,1,7,0,8,1,0.04,0.11,0.15,0.62,2,False,"[{'fixture': 32, 'stats': [{'identifier': 'minutes', 'points': 2, 'value': 85, 'points_modification': 0}]}]",False
85,4,2025-26,90,0,0,0,1,0,0,0,1,0,0,0,15,11.4,13.3,0.0,2.5,4,5,2,11,1,0.00,0.01,0.01,0.62,1,False,"[{'fixture': 32, 'stats': [{'identifier': 'minutes', 'points': 2, 'value': 90, 'points_modification': 0}, {'identifier': 'yellow_cards', 'points': -1, 'value': 1, 'points_modification': 0}]}]",False
86,4,2025-26,66,0,0,0,1,0,0,0,1,0,0,0,0,0.0,2.9,8.0,0.6,0,6,0,6,1,0.09,0.02,0.11,0.57,1,False,"[{'fixture': 32, 'stats': [{'identifier': 'minutes', 'points': 2, 'value': 66, 'points_modification': 0}, {'identifier': 'yellow_cards', 'points': -1, 'value': 1, 'points_modification': 0}]}]",False
87,4,2025-26,0,0,0,0,0,0,0,0,0,0,0,0,0,0.0,0.0,0.0,0.0,0,0,0,0,0,0.00,0.00,0.00,0.00,0,False,"[{'fixture': 32, 'stats': [{'identifier': 'minutes', 'points': 0, 'value': 0, 'points_modification': 0}]}]",False
88,4,2025-26,4,0,0,0,0,0,0,0,0,0,0,0,2,2.0,0.1,0.0,0.2,1,0,0,1,0,0.00,0.00,0.00,0.00,1,False,"[{'fixture': 32, 'stats': [{'identifier': 'minutes', 'points': 1, 'value': 4, 'points_modification': 0}]}]",False
89,4,2025-26,0,0,0,0,0,0,0,0,0,0,0,0,0,0.0,0.0,0.0,0.0,0,0,0,0,0,0.00,0.00,0.00,0.00,0,False,"[{'fixture': 32, 'stats': [{'identifier': 'minutes', 'points': 0, 'value': 0, 'points_modification': 0}]}]",False
90,4,2025-26,66,1,0,0,1,0,0,0,0,0,0,2,35,47.6,12.8,9.0,6.9,1,3,6,10,1,0.06,0.02,0.08,0.57,9,False,"[{'fixture': 32, 'stats': [{'identifier': 'minutes', 'points': 2, 'value': 66, 'points_modification': 0}, {'identifier': 'goals_scored', 'points': 5, 'value': 1, 'points_modification': 0}, {'identifier': 'bonus', 'points': 2, 'value': 2, 'points_modification': 0}]}]",False
91,4,2025-26,0,0,0,0,0,0,0,0,0,0,0,0,0,0.0,0.0,0.0,0.0,0,0,0,0,0,0.00,0.00,0.00,0.00,0,False,"[{'fixture': 32, 'stats': [{'identifier': 'minutes', 'points': 0, 'value': 0, 'points_modification': 0}]}]",False
92,4,2025-26,0,0,0,0,0,0,0,0,0,0,0,0,0,0.0,0.0,0.0,0.0,0,0,0,0,0,0.00,0.00,0.00,0.00,0,False,"[{'fixture': 32, 'stats': [{'identifier': 'minutes', 'points': 0, 'value': 0, 'points_modification': 0}]}]",False
93,4,2025-26,0,0,0,0,0,0,0,0,0,0,0,0,0,0.0,0.0,0.0,0.0,0,0,0,0,0,0.00,0.00,0.00,0.00,0,False,"[{'fixture': 32, 'stats': [{'identifier': 'minutes', 'points': 0, 'value': 0, 'points_modification': 0}]}]",False
94,4,2025-26,0,0,0,0,0,0,0,0,0,0,0,0,0,0.0,0.0,0.0,0.0,0,0,0,0,0,0.00,0.00,0.00,0.00,0,False,"[{'fixture': 32, 'stats': [{'identifier': 'minutes', 'points': 0, 'value': 0, 'points_modification': 0}]}]",False
95,4,2025-26,0,0,0,0,0,0,0,0,0,0,0,0,0,0.0,0.0,0.0,0.0,0,0,0,0,0,0.00,0.00,0.00,0.00,0,False,"[{'fixture': 32, 'stats': [{'identifier': 'minutes', 'points': 0, 'value': 0, 'points_modification': 0}]}]",False
96,4,2025-26,0,0,0,0,0,0,0,0,0,0,0,0,0,0.0,0.0,0.0,0.0,0,0,0,0,0,0.00,0.00,0.00,0.00,0,False,"[{'fixture': 32, 'stats': [{'identifier': 'minutes', 'points': 0, 'value': 0, 'points_modification': 0}]}]",False
97,4,2025-26,90,0,1,0,1,0,0,0,0,0,0,0,19,3.4,2.2,40.0,4.6,1,6,0,7,1,0.14,0.04,0.18,0.62,5,False,"[{'fixture': 32, 'stats': [{'identifier': 'minutes', 'points': 2, 'value': 90, 'points_modification': 0}, {'identifier': 'assists', 'points': 3, 'value': 1, 'points_modification': 0}]}]",False
98,4,2025-26,0,0,0,0,0,0,0,0,0,0,0,0,0,0.0,0.0,0.0,0.0,0,0,0,0,0,0.00,0.00,0.00,0.00,0,False,"[{'fixture': 32, 'stats': [{'identifier': 'minutes', 'points': 0, 'value': 0, 'points_modification': 0}]}]",False
99,4,2025-26,0,0,0,0,0,0,0,0,0,0,0,0,0,0.0,0.0,0.0,0.0,0,0,0,0,0,0.00,0.00,0.00,0.00,0,False,"[{'fixture': 32, 'stats': [{'identifier': 'minutes', 'points': 0, 'value': 0, 'points_modification': 0}]}]",False
100,4,2025-26,0,0,0,0,0,0,0,0,0,0,0,0,0,0.0,0.0,0.0,0.0,0,0,0,0,0,0.00,0.00,0.00,0.00,0,False,"[{'fixture': 32, 'stats': [{'identifier': 'minutes', 'points': 0, 'value': 0, 'points_modification': 0}]}]",False
101,4,2025-26,90,0,0,0,2,0,0,0,0,0,4,0,12,33.0,0.0,0.0,3.3,1,10,1,0,1,0.00,0.00,0.00,1.25,2,False,"[{'fixture': 33, 'stats': [{'identifier': 'minutes', 'points': 2, 'value': 90, 'points_modification': 0}, {'identifier': 'goals_conceded', 'points': -1, 'value': 2, 'points_modification': 0}, {'identifier': 'saves', 'points': 1, 'value': 4, 'points_modification': 0}]}]",False
102,4,2025-26,0,0,0,0,0,0,0,0,0,0,0,0,0,0.0,0.0,0.0,0.0,0,0,0,0,0,0.00,0.00,0.00,0.00,0,False,"[{'fixture': 33, 'stats': [{'identifier': 'minutes', 'points': 0, 'value': 0, 'points_modification': 0}]}]",False
103,4,2025-26,0,0,0,0,0,0,0,0,0,0,0,0,0,0.0,0.0,0.0,0.0,0,0,0,0,0,0.00,0.00,0.00,0.00,0,False,"[{'fixture': 33, 'stats': [{'identifier': 'minutes', 'points': 0, 'value': 0, 'points_modification': 0}]}]",False
104,4,2025-26,0,0,0,0,0,0,0,0,0,0,0,0,0,0.0,0.0,0.0,0.0,0,0,0,0,0,0.00,0.00,0.00,0.00,0,False,"[{'fixture': 33, 'stats': [{'identifier': 'minutes', 'points': 0, 'value': 0, 'points_modification': 0}]}]",False
105,4,2025-26,0,0,0,0,0,0,0,0,0,0,0,0,0,0.0,0.0,0.0,0.0,0,0,0,0,0,0.00,0.00,0.00,0.00,0,False,"[{'fixture': 33, 'stats': [{'identifier': 'minutes', 'points': 0, 'value': 0, 'points_modification': 0}]}]",False
106,4,2025-26,90,0,0,0,2,0,0,0,0,0,0,0,7,24.8,10.4,4.0,3.9,10,1,1,11,1,0.00,0.04,0.04,1.25,3,False,"[{'fixture': 33, 'stats': [{'identifier': 'minutes', 'points': 2, 'value': 90, 'points_modification': 0}, {'identifier': 'goals_conceded', 'points': -1, 'value': 2, 'points_modification': 0}, {'identifier': 'defensive_contribution', 'points': 2, 'value': 11, 'points_modification': 0}]}]",False
107,4,2025-26,89,0,0,0,2,0,0,0,0,0,0,0,1,4.2,15.5,4.0,2.4,1,3,1,2,1,0.00,0.05,0.05,1.16,1,False,"[{'fixture': 33, 'stats': [{'identifier': 'minutes', 'points': 2, 'value': 89, 'points_modification': 0}, {'identifier': 'goals_conceded', 'points': -1, 'value': 2, 'points_modification': 0}]}]",False
108,4,2025-26,7,0,1,0,1,0,0,0,0,0,0,0,13,20.2,10.3,19.0,5.0,0,0,0,0,0,0.04,0.41,0.45,0.16,4,False,"[{'fixture': 33, 'stats': [{'identifier': 'minutes', 'points': 1, 'value': 7, 'points_modification': 0}, {'identifier': 'assists', 'points': 3, 'value': 1, 'points_modification': 0}]}]",False
109,4,2025-26,18,0,0,0,1,0,0,0,0,0,0,0,2,0.0,0.1,4.0,0.3,0,1,1,1,0,0.10,0.00,0.10,0.49,1,False,"[{'fixture': 33, 'stats': [{'identifier': 'minutes', 'points': 1, 'value': 18, 'points_modification': 0}]}]",False
110,4,2025-26,82,0,0,0,1,0,0,0,0,0,0,0,10,16.8,1.4,0.0,1.8,8,6,0,8,1,0.00,0.00,0.00,1.10,2,False,"[{'fixture': 33, 'stats': [{'identifier': 'minutes', 'points': 2, 'value': 82, 'points_modification': 0}]}]",False
111,4,2025-26,82,0,0,0,1,0,0,0,1,0,0,0,5,18.0,0.7,8.0,2.7,7,1,1,8,1,0.00,0.04,0.04,1.10,1,False,"[{'fixture': 33, 'stats': [{'identifier': 'minutes', 'points': 2, 'value': 82, 'points_modification': 0}, {'identifier': 'yellow_cards', 'points': -1, 'value': 1, 'points_modification': 0}]}]",False
112,4,2025-26,0,0,0,0,0,0,0,0,0,0,0,0,0,0.0,0.0,0.0,0.0,0,0,0,0,0,0.00,0.00,0.00,0.00,0,False,"[{'fixture': 33, 'stats': [{'identifier': 'minutes', 'points': 0, 'value': 0, 'points_modification': 0}]}]",False
113,4,2025-26,90,0,0,0,2,0,0,0,0,0,0,0,7,12.4,0.3,0.0,1.3,6,1,1,7,1,0.00,0.00,0.00,1.25,1,False,"[{'fixture': 33, 'stats': [{'identifier': 'minutes', 'points': 2, 'value': 90, 'points_modification': 0}, {'identifier': 'goals_conceded', 'points': -1, 'value': 2, 'points_modification': 0}]}]",False
114,4,2025-26,0,0,0,0,0,0,0,0,0,0,0,0,0,0.0,0.0,0.0,0.0,0,0,0,0,0,0.00,0.00,0.00,0.00,0,False,"[{'fixture': 33, 'stats': [{'identifier': 'minutes', 'points': 0, 'value': 0, 'points_modification': 0}]}]",False
115,4,2025-26,0,0,0,0,0,0,0,0,0,0,0,0,0,0.0,0.0,0.0,0.0,0,0,0,0,0,0.00,0.00,0.00,0.00,0,False,"[{'fixture': 33, 'stats': [{'identifier': 'minutes', 'points': 0, 'value': 0, 'points_modification': 0}]}]",False
116,4,2025-26,7,0,0,0,1,0,0,0,0,0,0,0,-1,0.2,0.3,0.0,0.1,0,0,0,0,0,0.00,0.00,0.00,0.16,1,False,"[{'fixture': 33, 'stats': [{'identifier': 'minutes', 'points': 1, 'value': 7, 'points_modification': 0}]}]",False
117,4,2025-26,0,0,0,0,0,0,0,0,0,0,0,0,0,0.0,0.0,0.0,0.0,0,0,0,0,0,0.00,0.00,0.00,0.00,0,False,"[{'fixture': 33, 'stats': [{'identifier': 'minutes', 'points': 0, 'value': 0, 'points_modification': 0}]}]",False
118,4,2025-26,0,0,0,0,0,0,0,0,0,0,0,0,0,0.0,0.0,0.0,0.0,0,0,0,0,0,0.00,0.00,0.00,0.00,0,False,"[{'fixture': 33, 'stats': [{'identifier': 'minutes', 'points': 0, 'value': 0, 'points_modification': 0}]}]",False
119,4,2025-26,90,0,0,0,3,0,0,0,0,0,0,0,1,2.2,15.7,41.0,5.9,0,2,0,2,1,0.68,0.17,0.85,2.52,2,False,"[{'fixture': 38, 'stats': [{'identifier': 'minutes', 'points': 2, 'value': 90, 'points_modification': 0}]}]",False
120,4,2025-26,90,1,0,0,2,0,0,0,0,0,0,0,21,35.4,1.6,43.0,8.0,0,1,3,4,1,0.61,0.03,0.64,1.25,7,False,"[{'fixture': 33, 'stats': [{'identifier': 'minutes', 'points': 2, 'value': 90, 'points_modification': 0}, {'identifier': 'goals_scored', 'points': 5, 'value': 1, 'points_modification': 0}]}]",False
121,4,2025-26,0,0,0,0,0,0,0,0,0,0,0,0,0,0.0,0.0,0.0,0.0,0,0,0,0,0,0.00,0.00,0.00,0.00,0,False,"[{'fixture': 33, 'stats': [{'identifier': 'minutes', 'points': 0, 'value': 0, 'points_modification': 0}]}]",False
122,4,2025-26,0,0,0,0,0,0,0,0,0,0,0,0,0,0.0,0.0,0.0,0.0,0,0,0,0,0,0.00,0.00,0.00,0.00,0,False,"[{'fixture': 33, 'stats': [{'identifier': 'minutes', 'points': 0, 'value': 0, 'points_modification': 0}]}]",False
123,4,2025-26,1,1,0,0,0,0,0,0,0,0,0,1,23,33.2,0.1,33.0,6.6,0,0,0,0,0,0.67,0.00,0.67,0.09,7,False,"[{'fixture': 33, 'stats': [{'identifier': 'minutes', 'points': 1, 'value': 1, 'points_modification': 0}, {'identifier': 'goals_scored', 'points': 5, 'value': 1, 'points_modification': 0}, {'identifier': 'bonus', 'points': 1, 'value': 1, 'points_modification': 0}]}]",False
124,4,2025-26,90,0,1,0,2,0,0,0,0,0,0,1,23,32.4,20.0,0.0,5.2,3,3,3,9,1,0.00,0.03,0.03,1.25,6,False,"[{'fixture': 33, 'stats': [{'identifier': 'minutes', 'points': 2, 'value': 90, 'points_modification': 0}, {'identifier': 'assists', 'points': 3, 'value': 1, 'points_modification': 0}, {'identifier': 'bonus', 'points': 1, 'value': 1, 'points_modification': 0}]}]",False
125,4,2025-26,0,0,0,0,0,0,0,0,0,0,0,0,0,0.0,0.0,0.0,0.0,0,0,0,0,0,0.00,0.00,0.00,0.00,0,False,"[{'fixture': 33, 'stats': [{'identifier': 'minutes', 'points': 0, 'value': 0, 'points_modification': 0}]}]",False
126,4,2025-26,72,0,0,0,1,0,0,0,0,0,0,0,17,14.4,22.3,2.0,3.9,4,3,3,10,1,0.00,0.06,0.06,0.77,2,False,"[{'fixture': 33, 'stats': [{'identifier': 'minutes', 'points': 2, 'value': 72, 'points_modification': 0}]}]",False
127,4,2025-26,0,0,0,0,0,0,0,0,0,0,0,0,0,0.0,0.0,0.0,0.0,0,0,0,0,0,0.00,0.00,0.00,0.00,0,False,"[{'fixture': 33, 'stats': [{'identifier': 'minutes', 'points': 0, 'value': 0, 'points_modification': 0}]}]",False
128,4,2025-26,0,0,0,0,0,0,0,0,0,0,0,0,0,0.0,0.0,0.0,0.0,0,0,0,0,0,0.00,0.00,0.00,0.00,0,False,"[{'fixture': 33, 'stats': [{'identifier': 'minutes', 'points': 0, 'value': 0, 'points_modification': 0}]}]",False
129,4,2025-26,90,0,0,0,2,0,0,0,1,0,0,0,11,15.0,12.9,2.0,3.0,3,7,2,12,1,0.00,0.11,0.11,1.25,3,False,"[{'fixture': 33, 'stats': [{'identifier': 'minutes', 'points': 2, 'value': 90, 'points_modification': 0}, {'identifier': 'yellow_cards', 'points': -1, 'value': 1, 'points_modification': 0}, {'identifier': 'defensive_contribution', 'points': 2, 'value': 12, 'points_modification': 0}]}]",False
130,4,2025-26,0,0,0,0,0,0,0,0,0,0,0,0,0,0.0,0.0,0.0,0.0,0,0,0,0,0,0.00,0.00,0.00,0.00,0,False,"[{'fixture': 33, 'stats': [{'identifier': 'minutes', 'points': 0, 'value': 0, 'points_modification': 0}]}]",False
131,4,2025-26,0,0,0,0,0,0,0,0,0,0,0,0,0,0.0,0.0,0.0,0.0,0,0,0,0,0,0.00,0.00,0.00,0.00,0,False,"[{'fixture': 33, 'stats': [{'identifier': 'minutes', 'points': 0, 'value': 0, 'points_modification': 0}]}]",False
132,4,2025-26,0,0,0,0,0,0,0,0,0,0,0,0,0,0.0,0.0,0.0,0.0,0,0,0,0,0,0.00,0.00,0.00,0.00,0,False,"[{'fixture': 33, 'stats': [{'identifier': 'minutes', 'points': 0, 'value': 0, 'points_modification': 0}]}]",False
133,4,2025-26,0,0,0,0,0,0,0,0,0,0,0,0,0,0.0,0.0,0.0,0.0,0,0,0,0,0,0.00,0.00,0.00,0.00,0,False,"[{'fixture': 33, 'stats': [{'identifier': 'minutes', 'points': 0, 'value': 0, 'points_modification': 0}]}]",False
134,4,2025-26,0,0,0,0,0,0,0,0,0,0,0,0,0,0.0,0.0,0.0,0.0,0,0,0,0,0,0.00,0.00,0.00,0.00,0,False,"[{'fixture': 33, 'stats': [{'identifier': 'minutes', 'points': 0, 'value': 0, 'points_modification': 0}]}]",False
135,4,2025-26,0,0,0,0,0,0,0,0,0,0,0,0,0,0.0,0.0,0.0,0.0,0,0,0,0,0,0.00,0.00,0.00,0.00,0,False,"[{'fixture': 39, 'stats': [{'identifier': 'minutes', 'points': 0, 'value': 0, 'points_modification': 0}]}]",False
136,4,2025-26,71,0,0,0,1,0,0,0,1,0,0,0,7,10.0,14.5,0.0,2.5,3,1,0,4,1,0.00,0.03,0.03,0.77,1,False,"[{'fixture': 33, 'stats': [{'identifier': 'minutes', 'points': 2, 'value': 71, 'points_modification': 0}, {'identifier': 'yellow_cards', 'points': -1, 'value': 1, 'points_modification': 0}]}]",False
137,4,2025-26,0,0,0,0,0,0,0,0,0,0,0,0,0,0.0,0.0,0.0,0.0,0,0,0,0,0,0.00,0.00,0.00,0.00,0,False,"[{'fixture': 33, 'stats': [{'identifier': 'minutes', 'points': 0, 'value': 0, 'points_modification': 0}]}]",False
138,4,2025-26,0,0,0,0,0,0,0,0,0,0,0,0,0,0.0,0.0,0.0,0.0,0,0,0,0,0,0.00,0.00,0.00,0.00,0,False,"[{'fixture': 32, 'stats': [{'identifier': 'minutes', 'points': 0, 'value': 0, 'points_modification': 0}]}]",False
139,4,2025-26,90,0,0,0,2,0,0,0,0,0,3,0,15,26.2,0.0,0.0,2.6,1,13,0,0,1,0.00,0.01,0.01,1.45,2,False,"[{'fixture': 32, 'stats': [{'identifier': 'minutes', 'points': 2, 'value': 90, 'points_modification': 0}, {'identifier': 'goals_conceded', 'points': -1, 'value': 2, 'points_modification': 0}, {'identifier': 'saves', 'points': 1, 'value': 3, 'points_modification': 0}]}]",False
140,4,2025-26,0,0,0,0,0,0,0,0,0,0,0,0,0,0.0,0.0,0.0,0.0,0,0,0,0,0,0.00,0.00,0.00,0.00,0,False,"[{'fixture': 32, 'stats': [{'identifier': 'minutes', 'points': 0, 'value': 0, 'points_modification': 0}]}]",False
141,4,2025-26,0,0,0,0,0,0,0,0,0,0,0,0,0,0.0,0.0,0.0,0.0,0,0,0,0,0,0.00,0.00,0.00,0.00,0,False,"[{'fixture': 32, 'stats': [{'identifier': 'minutes', 'points': 0, 'value': 0, 'points_modification': 0}]}]",False
142,4,2025-26,0,0,0,0,0,0,0,0,0,0,0,0,0,0.0,0.0,0.0,0.0,0,0,0,0,0,0.00,0.00,0.00,0.00,0,False,"[{'fixture': 32, 'stats': [{'identifier': 'minutes', 'points': 0, 'value': 0, 'points_modification': 0}]}]",False
143,4,2025-26,0,0,0,0,0,0,0,0,0,0,0,0,0,0.0,0.0,0.0,0.0,0,0,0,0,0,0.00,0.00,0.00,0.00,0,False,"[{'fixture': 32, 'stats': [{'identifier': 'minutes', 'points': 0, 'value': 0, 'points_modification': 0}]}]",False
144,4,2025-26,0,0,0,0,0,0,0,0,0,0,0,0,0,0.0,0.0,0.0,0.0,0,0,0,0,0,0.00,0.00,0.00,0.00,0,False,"[{'fixture': 32, 'stats': [{'identifier': 'minutes', 'points': 0, 'value': 0, 'points_modification': 0}]}]",False
145,4,2025-26,23,0,0,0,1,0,0,0,0,0,0,0,2,3.8,0.2,2.0,0.6,0,2,2,2,1,0.00,0.00,0.00,0.06,1,False,"[{'fixture': 32, 'stats': [{'identifier': 'minutes', 'points': 1, 'value': 23, 'points_modification': 0}]}]",False
146,4,2025-26,90,0,0,0,2,0,0,0,1,0,0,0,4,23.2,11.3,8.0,4.3,11,2,0,11,1,0.00,0.01,0.01,1.45,2,False,"[{'fixture': 32, 'stats': [{'identifier': 'minutes', 'points': 2, 'value': 90, 'points_modification': 0}, {'identifier': 'goals_conceded', 'points': -1, 'value': 2, 'points_modification': 0}, {'identifier': 'yellow_cards', 'points': -1, 'value': 1, 'points_modification': 0}, {'identifier': 'defensive_contribution', 'points': 2, 'value': 11, 'points_modification': 0}]}]",False
147,4,2025-26,0,0,0,0,0,0,0,0,0,0,0,0,0,0.0,0.0,0.0,0.0,0,0,0,0,0,0.00,0.00,0.00,0.00,0,False,"[{'fixture': 32, 'stats': [{'identifier': 'minutes', 'points': 0, 'value': 0, 'points_modification': 0}]}]",False
148,4,2025-26,66,0,0,0,1,0,0,0,0,0,0,0,13,21.2,6.4,0.0,2.8,8,4,2,10,0,0.00,0.04,0.04,1.39,4,False,"[{'fixture': 32, 'stats': [{'identifier': 'minutes', 'points': 2, 'value': 66, 'points_modification': 0}, {'identifier': 'defensive_contribution', 'points': 2, 'value': 10, 'points_modification': 0}]}]",False
149,4,2025-26,0,0,0,0,0,0,0,0,0,0,0,0,0,0.0,0.0,0.0,0.0,0,0,0,0,0,0.00,0.00,0.00,0.00,0,False,"[{'fixture': 40, 'stats': [{'identifier': 'minutes', 'points': 0, 'value': 0, 'points_modification': 0}]}]",False
150,4,2025-26,0,0,0,0,0,0,0,0,0,0,0,0,0,0.0,0.0,0.0,0.0,0,0,0,0,0,0.00,0.00,0.00,0.00,0,False,"[{'fixture': 32, 'stats': [{'identifier': 'minutes', 'points': 0, 'value': 0, 'points_modification': 0}]}]",False
151,4,2025-26,90,0,0,0,2,0,0,0,0,0,0,0,5,24.0,0.8,2.0,2.7,10,2,0,10,1,0.00,0.02,0.02,1.45,3,False,"[{'fixture': 32, 'stats': [{'identifier': 'minutes', 'points': 2, 'value': 90, 'points_modification': 0}, {'identifier': 'goals_conceded', 'points': -1, 'value': 2, 'points_modification': 0}, {'identifier': 'defensive_contribution', 'points': 2, 'value': 10, 'points_modification': 0}]}]",False
152,4,2025-26,90,0,0,0,2,0,0,0,0,0,0,0,13,22.4,11.3,4.0,3.8,6,7,4,10,1,0.00,0.01,0.01,1.45,3,False,"[{'fixture': 32, 'stats': [{'identifier': 'minutes', 'points': 2, 'value': 90, 'points_modification': 0}, {'identifier': 'goals_conceded', 'points': -1, 'value': 2, 'points_modification': 0}, {'identifier': 'defensive_contribution', 'points': 2, 'value': 10, 'points_modification': 0}]}]",False
153,4,2025-26,0,0,0,0,0,0,0,0,0,0,0,0,0,0.0,0.0,0.0,0.0,0,0,0,0,0,0.00,0.00,0.00,0.00,0,False,"[{'fixture': 32, 'stats': [{'identifier': 'minutes', 'points': 0, 'value': 0, 'points_modification': 0}]}]",False
154,4,2025-26,0,0,0,0,0,0,0,0,0,0,0,0,0,0.0,0.0,0.0,0.0,0,0,0,0,0,0.00,0.00,0.00,0.00,0,False,"[{'fixture': 32, 'stats': [{'identifier': 'minutes', 'points': 0, 'value': 0, 'points_modification': 0}]}]",False
155,4,2025-26,0,0,0,0,0,0,0,0,0,0,0,0,0,0.0,0.0,0.0,0.0,0,0,0,0,0,0.00,0.00,0.00,0.00,0,False,"[{'fixture': 32, 'stats': [{'identifier': 'minutes', 'points': 0, 'value': 0, 'points_modification': 0}]}]",False
156,4,2025-26,0,0,0,0,0,0,0,0,0,0,0,0,0,0.0,0.0,0.0,0.0,0,0,0,0,0,0.00,0.00,0.00,0.00,0,False,"[{'fixture': 32, 'stats': [{'identifier': 'minutes', 'points': 0, 'value': 0, 'points_modification': 0}]}]",False
157,4,2025-26,90,1,0,0,2,0,0,0,0,0,0,0,24,35.6,3.0,35.0,7.4,0,0,0,0,1,0.37,0.03,0.40,1.45,7,False,"[{'fixture': 32, 'stats': [{'identifier': 'minutes', 'points': 2, 'value': 90, 'points_modification': 0}, {'identifier': 'goals_scored', 'points': 5, 'value': 1, 'points_modification': 0}]}]",False
158,4,2025-26,66,0,0,0,2,0,0,0,1,0,0,0,10,6.8,12.2,6.0,2.5,2,2,1,5,1,0.00,0.01,0.01,1.20,1,False,"[{'fixture': 32, 'stats': [{'identifier': 'minutes', 'points': 2, 'value': 66, 'points_modification': 0}, {'identifier': 'yellow_cards', 'points': -1, 'value': 1, 'points_modification': 0}]}]",False
159,4,2025-26,0,0,0,0,0,0,0,0,0,0,0,0,0,0.0,0.0,0.0,0.0,0,0,0,0,0,0.00,0.00,0.00,0.00,0,False,"[{'fixture': 32, 'stats': [{'identifier': 'minutes', 'points': 0, 'value': 0, 'points_modification': 0}]}]",False
160,4,2025-26,90,0,1,0,2,0,0,0,0,0,0,1,28,29.0,16.9,37.0,8.3,0,4,2,6,1,0.14,0.15,0.29,1.45,6,False,"[{'fixture': 32, 'stats': [{'identifier': 'minutes', 'points': 2, 'value': 90, 'points_modification': 0}, {'identifier': 'assists', 'points': 3, 'value': 1, 'points_modification': 0}, {'identifier': 'bonus', 'points': 1, 'value': 1, 'points_modification': 0}]}]",False
161,4,2025-26,0,0,0,0,0,0,0,0,0,0,0,0,0,0.0,0.0,0.0,0.0,0,0,0,0,0,0.00,0.00,0.00,0.00,0,False,"[{'fixture': 32, 'stats': [{'identifier': 'minutes', 'points': 0, 'value': 0, 'points_modification': 0}]}]",False
162,4,2025-26,23,0,0,0,0,0,0,0,0,0,0,0,2,0.6,0.7,0.0,0.1,0,2,0,2,0,0.00,0.01,0.01,0.25,1,False,"[{'fixture': 32, 'stats': [{'identifier': 'minutes', 'points': 1, 'value': 23, 'points_modification': 0}]}]",False
163,4,2025-26,2,0,0,0,0,0,0,0,0,0,0,0,2,0.0,0.0,0.0,0.0,0,0,0,0,1,0.00,0.00,0.00,0.00,1,False,"[{'fixture': 32, 'stats': [{'identifier': 'minutes', 'points': 1, 'value': 2, 'points_modification': 0}]}]",False
164,4,2025-26,0,0,0,0,0,0,0,0,0,0,0,0,0,0.0,0.0,0.0,0.0,0,0,0,0,0,0.00,0.00,0.00,0.00,0,False,"[{'fixture': 32, 'stats': [{'identifier': 'minutes', 'points': 0, 'value': 0, 'points_modification': 0}]}]",False
165,4,2025-26,0,0,0,0,0,0,0,0,0,0,0,0,0,0.0,0.0,0.0,0.0,0,0,0,0,0,0.00,0.00,0.00,0.00,0,False,"[{'fixture': 32, 'stats': [{'identifier': 'minutes', 'points': 0, 'value': 0, 'points_modification': 0}]}]",False
166,4,2025-26,87,0,0,0,2,0,0,0,0,0,0,0,20,15.4,2.4,0.0,1.8,3,3,4,10,0,0.00,0.07,0.07,1.45,2,False,"[{'fixture': 32, 'stats': [{'identifier': 'minutes', 'points': 2, 'value': 87, 'points_modification': 0}]}]",False
167,4,2025-26,24,0,0,0,0,0,0,0,1,0,0,0,0,0.6,1.0,1.0,0.3,2,3,1,6,0,0.02,0.00,0.02,0.25,0,False,"[{'fixture': 32, 'stats': [{'identifier': 'minutes', 'points': 1, 'value': 24, 'points_modification': 0}, {'identifier': 'yellow_cards', 'points': -1, 'value': 1, 'points_modification': 0}]}]",False
168,4,2025-26,45,0,0,0,1,0,0,0,0,0,0,0,4,5.6,25.1,8.0,3.9,0,2,1,3,1,0.00,0.09,0.09,0.55,1,False,"[{'fixture': 33, 'stats': [{'identifier': 'minutes', 'points': 1, 'value': 45, 'points_modification': 0}]}]",False
169,4,2025-26,0,0,0,0,0,0,0,0,0,0,0,0,0,0.0,0.0,0.0,0.0,0,0,0,0,0,0.00,0.00,0.00,0.00,0,False,"[{'fixture': 32, 'stats': [{'identifier': 'minutes', 'points': 0, 'value': 0, 'points_modification': 0}]}]",False
170,4,2025-26,65,0,0,0,2,0,0,0,1,0,0,0,8,8.0,5.0,0.0,1.3,2,2,2,6,1,0.00,0.02,0.02,1.20,1,False,"[{'fixture': 32, 'stats': [{'identifier': 'minutes', 'points': 2, 'value': 65, 'points_modification': 0}, {'identifier': 'yellow_cards', 'points': -1, 'value': 1, 'points_modification': 0}]}]",False
171,4,2025-26,0,0,0,0,0,0,0,0,0,0,0,0,0,0.0,0.0,0.0,0.0,0,0,0,0,0,0.00,0.00,0.00,0.00,0,False,"[{'fixture': 32, 'stats': [{'identifier': 'minutes', 'points': 0, 'value': 0, 'points_modification': 0}]}]",False
172,4,2025-26,0,0,0,0,0,0,0,0,0,0,0,0,0,0.0,0.0,0.0,0.0,0,0,0,0,0,0.00,0.00,0.00,0.00,0,False,"[{'fixture': 32, 'stats': [{'identifier': 'minutes', 'points': 0, 'value': 0, 'points_modification': 0}]}]",False
173,4,2025-26,0,0,0,0,0,0,0,0,0,0,0,0,0,0.0,0.0,0.0,0.0,0,0,0,0,0,0.00,0.00,0.00,0.00,0,False,"[{'fixture': 32, 'stats': [{'identifier': 'minutes', 'points': 0, 'value': 0, 'points_modification': 0}]}]",False
174,4,2025-26,0,0,0,0,0,0,0,0,0,0,0,0,0,0.0,0.0,0.0,0.0,0,0,0,0,0,0.00,0.00,0.00,0.00,0,False,"[{'fixture': 32, 'stats': [{'identifier': 'minutes', 'points': 0, 'value': 0, 'points_modification': 0}]}]",False
175,4,2025-26,0,0,0,0,0,0,0,0,0,0,0,0,0,0.0,0.0,0.0,0.0,0,0,0,0,0,0.00,0.00,0.00,0.00,0,False,"[{'fixture': 32, 'stats': [{'identifier': 'minutes', 'points': 0, 'value': 0, 'points_modification': 0}]}]",False
176,4,2025-26,0,0,0,0,0,0,0,0,0,0,0,0,0,0.0,0.0,0.0,0.0,0,0,0,0,0,0.00,0.00,0.00,0.00,0,False,"[{'fixture': 32, 'stats': [{'identifier': 'minutes', 'points': 0, 'value': 0, 'points_modification': 0}]}]",False
177,4,2025-26,0,0,0,0,0,0,0,0,0,0,0,0,0,0.0,0.0,0.0,0.0,0,0,0,0,0,0.00,0.00,0.00,0.00,0,False,"[{'fixture': 32, 'stats': [{'identifier': 'minutes', 'points': 0, 'value': 0, 'points_modification': 0}]}]",False
178,4,2025-26,66,0,0,0,2,0,0,0,0,0,0,0,7,1.8,2.9,8.0,1.3,0,2,2,4,1,0.09,0.02,0.11,1.20,2,False,"[{'fixture': 32, 'stats': [{'identifier': 'minutes', 'points': 2, 'value': 66, 'points_modification': 0}]}]",False
179,4,2025-26,0,0,0,0,0,0,0,0,0,0,0,0,0,0.0,0.0,0.0,0.0,0,0,0,0,0,0.00,0.00,0.00,0.00,0,False,"[{'fixture': 32, 'stats': [{'identifier': 'minutes', 'points': 0, 'value': 0, 'points_modification': 0}]}]",False
180,4,2025-26,23,0,0,0,0,0,0,0,0,0,0,0,0,0.0,0.1,0.0,0.0,0,2,0,2,0,0.00,0.00,0.00,0.25,1,False,"[{'fixture': 32, 'stats': [{'identifier': 'minutes', 'points': 1, 'value': 23, 'points_modification': 0}]}]",False
181,4,2025-26,0,0,0,0,0,0,0,0,0,0,0,0,0,0.0,0.0,0.0,0.0,0,0,0,0,0,0.00,0.00,0.00,0.00,0,False,"[{'fixture': 32, 'stats': [{'identifier': 'minutes', 'points': 0, 'value': 0, 'points_modification': 0}]}]",False
182,4,2025-26,0,0,0,0,0,0,0,0,0,0,0,0,0,0.0,0.0,0.0,0.0,0,0,0,0,0,0.00,0.00,0.00,0.00,0,False,"[{'fixture': 38, 'stats': [{'identifier': 'minutes', 'points': 0, 'value': 0, 'points_modification': 0}]}]",False
183,4,2025-26,0,0,0,0,0,0,0,0,0,0,0,0,0,0.0,0.0,0.0,0.0,0,0,0,0,0,0.00,0.00,0.00,0.00,0,False,"[{'fixture': 34, 'stats': [{'identifier': 'minutes', 'points': 0, 'value': 0, 'points_modification': 0}]}]",False
184,4,2025-26,0,0,0,0,0,0,0,0,0,0,0,0,0,0.0,0.0,0.0,0.0,0,0,0,0,0,0.00,0.00,0.00,0.00,0,False,"[{'fixture': 34, 'stats': [{'identifier': 'minutes', 'points': 0, 'value': 0, 'points_modification': 0}]}]",False
185,4,2025-26,0,0,0,0,0,0,0,0,0,0,0,0,0,0.0,0.0,0.0,0.0,0,0,0,0,0,0.00,0.00,0.00,0.00,0,False,"[{'fixture': 34, 'stats': [{'identifier': 'minutes', 'points': 0, 'value': 0, 'points_modification': 0}]}]",False
186,4,2025-26,0,0,0,0,0,0,0,0,0,0,0,0,0,0.0,0.0,0.0,0.0,0,0,0,0,0,0.00,0.00,0.00,0.00,0,False,"[{'fixture': 34, 'stats': [{'identifier': 'minutes', 'points': 0, 'value': 0, 'points_modification': 0}]}]",False
187,4,2025-26,90,0,0,0,1,0,0,0,0,0,0,0,6,8.6,0.8,0.0,0.9,3,1,1,4,1,0.00,0.00,0.00,2.45,2,False,"[{'fixture': 34, 'stats': [{'identifier': 'minutes', 'points': 2, 'value': 90, 'points_modification': 0}]}]",False
188,4,2025-26,0,0,0,0,0,0,0,0,0,0,0,0,0,0.0,0.0,0.0,0.0,0,0,0,0,0,0.00,0.00,0.00,0.00,0,False,"[{'fixture': 34, 'stats': [{'identifier': 'minutes', 'points': 0, 'value': 0, 'points_modification': 0}]}]",False
189,4,2025-26,0,0,0,0,0,0,0,0,0,0,0,0,0,0.0,0.0,0.0,0.0,0,0,0,0,0,0.00,0.00,0.00,0.00,0,False,"[{'fixture': 34, 'stats': [{'identifier': 'minutes', 'points': 0, 'value': 0, 'points_modification': 0}]}]",False
190,4,2025-26,90,0,0,0,1,0,0,0,0,0,0,0,8,27.6,0.3,4.0,3.2,11,0,1,12,1,0.01,0.00,0.01,2.45,4,False,"[{'fixture': 34, 'stats': [{'identifier': 'minutes', 'points': 2, 'value': 90, 'points_modification': 0}, {'identifier': 'defensive_contribution', 'points': 2, 'value': 12, 'points_modification': 0}]}]",False
191,4,2025-26,90,0,0,0,1,0,0,0,0,0,0,0,10,36.8,0.1,0.0,3.7,15,0,0,15,1,0.00,0.00,0.00,2.45,4,False,"[{'fixture': 34, 'stats': [{'identifier': 'minutes', 'points': 2, 'value': 90, 'points_modification': 0}, {'identifier': 'defensive_contribution', 'points': 2, 'value': 15, 'points_modification': 0}]}]",False
192,4,2025-26,90,0,0,0,1,0,0,0,0,0,0,0,14,25.4,10.2,0.0,3.6,15,2,2,17,1,0.00,0.01,0.01,2.45,4,False,"[{'fixture': 34, 'stats': [{'identifier': 'minutes', 'points': 2, 'value': 90, 'points_modification': 0}, {'identifier': 'defensive_contribution', 'points': 2, 'value': 17, 'points_modification': 0}]}]",False
193,4,2025-26,0,0,0,0,0,0,0,0,0,0,0,0,0,0.0,0.0,0.0,0.0,0,0,0,0,0,0.00,0.00,0.00,0.00,0,False,"[{'fixture': 34, 'stats': [{'identifier': 'minutes', 'points': 0, 'value': 0, 'points_modification': 0}]}]",False
194,4,2025-26,0,0,0,0,0,0,0,0,0,0,0,0,0,0.0,0.0,0.0,0.0,0,0,0,0,0,0.00,0.00,0.00,0.00,0,False,"[{'fixture': 34, 'stats': [{'identifier': 'minutes', 'points': 0, 'value': 0, 'points_modification': 0}]}]",False
195,4,2025-26,0,0,0,0,0,0,0,0,0,0,0,0,0,0.0,0.0,0.0,0.0,0,0,0,0,0,0.00,0.00,0.00,0.00,0,False,"[{'fixture': 34, 'stats': [{'identifier': 'minutes', 'points': 0, 'value': 0, 'points_modification': 0}]}]",False
196,4,2025-26,0,0,0,0,0,0,0,0,0,0,0,0,0,0.0,0.0,0.0,0.0,0,0,0,0,0,0.00,0.00,0.00,0.00,0,False,"[{'fixture': 34, 'stats': [{'identifier': 'minutes', 'points': 0, 'value': 0, 'points_modification': 0}]}]",False
197,4,2025-26,0,0,0,0,0,0,0,0,0,0,0,0,0,0.0,0.0,0.0,0.0,0,0,0,0,0,0.00,0.00,0.00,0.00,0,False,"[{'fixture': 34, 'stats': [{'identifier': 'minutes', 'points': 0, 'value': 0, 'points_modification': 0}]}]",False
198,4,2025-26,0,0,0,0,0,0,0,0,0,0,0,0,0,0.0,0.0,0.0,0.0,0,0,0,0,0,0.00,0.00,0.00,0.00,0,False,"[{'fixture': 34, 'stats': [{'identifier': 'minutes', 'points': 0, 'value': 0, 'points_modification': 0}]}]",False
199,4,2025-26,4,0,0,0,1,0,0,0,0,0,0,0,-1,2.0,0.0,0.0,0.2,1,0,0,1,0,0.00,0.00,0.00,1.00,1,False,"[{'fixture': 34, 'stats': [{'identifier': 'minutes', 'points': 1, 'value': 4, 'points_modification': 0}]}]",False
200,4,2025-26,88,0,0,1,0,0,0,0,0,0,0,0,6,9.4,0.5,1.0,1.1,3,6,2,11,1,0.11,0.00,0.11,1.51,3,False,"[{'fixture': 34, 'stats': [{'identifier': 'minutes', 'points': 2, 'value': 88, 'points_modification': 0}, {'identifier': 'clean_sheets', 'points': 1, 'value': 1, 'points_modification': 0}]}]",False
201,4,2025-26,0,0,0,0,0,0,0,0,0,0,0,0,0,0.0,0.0,0.0,0.0,0,0,0,0,0,0.00,0.00,0.00,0.00,0,False,"[{'fixture': 34, 'stats': [{'identifier': 'minutes', 'points': 0, 'value': 0, 'points_modification': 0}]}]",False
202,4,2025-26,0,0,0,0,0,0,0,0,0,0,0,0,0,0.0,0.0,0.0,0.0,0,0,0,0,0,0.00,0.00,0.00,0.00,0,False,"[{'fixture': 34, 'stats': [{'identifier': 'minutes', 'points': 0, 'value': 0, 'points_modification': 0}]}]",False
203,4,2025-26,0,0,0,0,0,0,0,0,0,0,0,0,0,0.0,0.0,0.0,0.0,0,0,0,0,0,0.00,0.00,0.00,0.00,0,False,"[{'fixture': 34, 'stats': [{'identifier': 'minutes', 'points': 0, 'value': 0, 'points_modification': 0}]}]",False
204,4,2025-26,0,0,0,0,0,0,0,0,0,0,0,0,0,0.0,0.0,0.0,0.0,0,0,0,0,0,0.00,0.00,0.00,0.00,0,False,"[{'fixture': 34, 'stats': [{'identifier': 'minutes', 'points': 0, 'value': 0, 'points_modification': 0}]}]",False
205,4,2025-26,62,0,0,1,0,0,0,0,0,0,0,0,12,16.6,1.5,0.0,1.8,6,0,1,7,1,0.00,0.00,0.00,1.21,3,False,"[{'fixture': 34, 'stats': [{'identifier': 'minutes', 'points': 2, 'value': 62, 'points_modification': 0}, {'identifier': 'clean_sheets', 'points': 1, 'value': 1, 'points_modification': 0}]}]",False
206,4,2025-26,0,0,0,0,0,0,0,0,0,0,0,0,0,0.0,0.0,0.0,0.0,0,0,0,0,0,0.00,0.00,0.00,0.00,0,False,"[{'fixture': 34, 'stats': [{'identifier': 'minutes', 'points': 0, 'value': 0, 'points_modification': 0}]}]",False
207,4,2025-26,27,0,0,0,1,0,0,0,0,0,0,0,-2,0.0,0.3,0.0,0.0,0,1,1,2,0,0.00,0.00,0.00,1.24,1,False,"[{'fixture': 34, 'stats': [{'identifier': 'minutes', 'points': 1, 'value': 27, 'points_modification': 0}]}]",False
208,4,2025-26,0,0,0,0,0,0,0,0,0,0,0,0,0,0.0,0.0,0.0,0.0,0,0,0,0,0,0.00,0.00,0.00,0.00,0,False,"[{'fixture': 34, 'stats': [{'identifier': 'minutes', 'points': 0, 'value': 0, 'points_modification': 0}]}]",False
209,4,2025-26,90,0,0,0,1,0,0,0,0,0,0,0,4,6.2,0.3,1.0,0.8,5,1,0,6,1,0.01,0.00,0.01,2.45,2,False,"[{'fixture': 34, 'stats': [{'identifier': 'minutes', 'points': 2, 'value': 90, 'points_modification': 0}]}]",False
210,4,2025-26,62,0,0,1,0,0,0,0,0,0,0,0,6,3.8,10.7,0.0,1.5,1,2,0,3,1,0.00,0.01,0.01,1.21,3,False,"[{'fixture': 34, 'stats': [{'identifier': 'minutes', 'points': 2, 'value': 62, 'points_modification': 0}, {'identifier': 'clean_sheets', 'points': 1, 'value': 1, 'points_modification': 0}]}]",False
211,4,2025-26,0,0,0,0,0,0,0,0,0,0,0,0,0,0.0,0.0,0.0,0.0,0,0,0,0,0,0.00,0.00,0.00,0.00,0,False,"[{'fixture': 34, 'stats': [{'identifier': 'minutes', 'points': 0, 'value': 0, 'points_modification': 0}]}]",False
212,4,2025-26,0,0,0,0,0,0,0,0,0,0,0,0,0,0.0,0.0,0.0,0.0,0,0,0,0,0,0.00,0.00,0.00,0.00,0,False,"[{'fixture': 34, 'stats': [{'identifier': 'minutes', 'points': 0, 'value': 0, 'points_modification': 0}]}]",False
213,4,2025-26,0,0,0,0,0,0,0,0,0,0,0,0,0,0.0,0.0,0.0,0.0,0,0,0,0,0,0.00,0.00,0.00,0.00,0,False,"[{'fixture': 34, 'stats': [{'identifier': 'minutes', 'points': 0, 'value': 0, 'points_modification': 0}]}]",False
214,4,2025-26,0,0,0,0,0,0,0,0,0,0,0,0,0,0.0,0.0,0.0,0.0,0,0,0,0,0,0.00,0.00,0.00,0.00,0,False,"[{'fixture': 34, 'stats': [{'identifier': 'minutes', 'points': 0, 'value': 0, 'points_modification': 0}]}]",False
215,4,2025-26,0,0,0,0,0,0,0,0,0,0,0,0,0,0.0,0.0,0.0,0.0,0,0,0,0,0,0.00,0.00,0.00,0.00,0,False,"[{'fixture': 34, 'stats': [{'identifier': 'minutes', 'points': 0, 'value': 0, 'points_modification': 0}]}]",False
216,4,2025-26,0,0,0,0,0,0,0,0,0,0,0,0,0,0.0,0.0,0.0,0.0,0,0,0,0,0,0.00,0.00,0.00,0.00,0,False,"[{'fixture': 34, 'stats': [{'identifier': 'minutes', 'points': 0, 'value': 0, 'points_modification': 0}]}]",False
217,4,2025-26,85,0,0,1,0,0,0,0,0,0,0,0,11,8.2,1.3,2.0,1.2,4,3,2,9,1,0.00,0.00,0.00,1.45,2,False,"[{'fixture': 34, 'stats': [{'identifier': 'minutes', 'points': 2, 'value': 85, 'points_modification': 0}]}]",False
218,4,2025-26,0,0,0,0,0,0,0,0,0,0,0,0,0,0.0,0.0,0.0,0.0,0,0,0,0,0,0.00,0.00,0.00,0.00,0,False,"[{'fixture': 34, 'stats': [{'identifier': 'minutes', 'points': 0, 'value': 0, 'points_modification': 0}]}]",False
219,4,2025-26,0,0,0,0,0,0,0,0,0,0,0,0,0,0.0,0.0,0.0,0.0,0,0,0,0,0,0.00,0.00,0.00,0.00,0,False,"[{'fixture': 34, 'stats': [{'identifier': 'minutes', 'points': 0, 'value': 0, 'points_modification': 0}]}]",False
220,4,2025-26,90,0,0,0,2,0,0,0,0,0,3,0,7,23.6,0.0,0.0,2.4,2,8,0,0,1,0.00,0.00,0.00,1.43,2,False,"[{'fixture': 33, 'stats': [{'identifier': 'minutes', 'points': 2, 'value': 90, 'points_modification': 0}, {'identifier': 'goals_conceded', 'points': -1, 'value': 2, 'points_modification': 0}, {'identifier': 'saves', 'points': 1, 'value': 3, 'points_modification': 0}]}]",False
221,4,2025-26,0,0,0,0,0,0,0,0,0,0,0,0,0,0.0,0.0,0.0,0.0,0,0,0,0,0,0.00,0.00,0.00,0.00,0,False,"[{'fixture': 33, 'stats': [{'identifier': 'minutes', 'points': 0, 'value': 0, 'points_modification': 0}]}]",False
222,4,2025-26,0,0,0,0,0,0,0,0,0,0,0,0,0,0.0,0.0,0.0,0.0,0,0,0,0,0,0.00,0.00,0.00,0.00,0,False,"[{'fixture': 33, 'stats': [{'identifier': 'minutes', 'points': 0, 'value': 0, 'points_modification': 0}]}]",False
223,4,2025-26,0,0,0,0,0,0,0,0,0,0,0,0,0,0.0,0.0,0.0,0.0,0,0,0,0,0,0.00,0.00,0.00,0.00,0,False,"[{'fixture': 33, 'stats': [{'identifier': 'minutes', 'points': 0, 'value': 0, 'points_modification': 0}]}]",False
224,4,2025-26,45,0,0,0,1,0,0,0,0,0,0,0,6,15.4,23.5,19.0,5.8,3,2,2,5,0,0.06,0.02,0.08,0.87,1,False,"[{'fixture': 33, 'stats': [{'identifier': 'minutes', 'points': 1, 'value': 45, 'points_modification': 0}]}]",False
225,4,2025-26,45,0,0,0,1,0,0,0,0,0,0,0,8,6.6,3.3,2.0,1.2,2,2,0,2,0,0.04,0.02,0.06,0.87,1,False,"[{'fixture': 33, 'stats': [{'identifier': 'minutes', 'points': 1, 'value': 45, 'points_modification': 0}]}]",False
226,4,2025-26,90,0,0,0,2,0,0,0,0,0,0,0,12,31.0,17.1,5.0,5.3,15,4,1,16,1,0.03,0.29,0.32,1.43,3,False,"[{'fixture': 33, 'stats': [{'identifier': 'minutes', 'points': 2, 'value': 90, 'points_modification': 0}, {'identifier': 'goals_conceded', 'points': -1, 'value': 2, 'points_modification': 0}, {'identifier': 'defensive_contribution', 'points': 2, 'value': 16, 'points_modification': 0}]}]",False
227,4,2025-26,0,0,0,0,0,0,0,0,0,0,0,0,0,0.0,0.0,0.0,0.0,0,0,0,0,0,0.00,0.00,0.00,0.00,0,False,"[{'fixture': 33, 'stats': [{'identifier': 'minutes', 'points': 0, 'value': 0, 'points_modification': 0}]}]",False
228,4,2025-26,0,0,0,0,0,0,0,0,0,0,0,0,0,0.0,0.0,0.0,0.0,0,0,0,0,0,0.00,0.00,0.00,0.00,0,False,"[{'fixture': 33, 'stats': [{'identifier': 'minutes', 'points': 0, 'value': 0, 'points_modification': 0}]}]",False
229,4,2025-26,0,0,0,0,0,0,0,0,0,0,0,0,0,0.0,0.0,0.0,0.0,0,0,0,0,0,0.00,0.00,0.00,0.00,0,False,"[{'fixture': 33, 'stats': [{'identifier': 'minutes', 'points': 0, 'value': 0, 'points_modification': 0}]}]",False
230,4,2025-26,45,0,0,0,1,0,0,0,0,0,0,0,7,6.2,2.8,0.0,0.9,2,1,0,2,1,0.00,0.01,0.01,0.55,1,False,"[{'fixture': 33, 'stats': [{'identifier': 'minutes', 'points': 1, 'value': 45, 'points_modification': 0}]}]",False
231,4,2025-26,0,0,0,0,0,0,0,0,0,0,0,0,0,0.0,0.0,0.0,0.0,0,0,0,0,0,0.00,0.00,0.00,0.00,0,False,"[{'fixture': 33, 'stats': [{'identifier': 'minutes', 'points': 0, 'value': 0, 'points_modification': 0}]}]",False
232,4,2025-26,90,0,0,0,2,0,0,0,0,0,0,0,7,27.0,1.7,0.0,2.9,9,1,0,9,1,0.00,0.02,0.02,1.43,1,False,"[{'fixture': 33, 'stats': [{'identifier': 'minutes', 'points': 2, 'value': 90, 'points_modification': 0}, {'identifier': 'goals_conceded', 'points': -1, 'value': 2, 'points_modification': 0}]}]",False
233,4,2025-26,0,0,0,0,0,0,0,0,0,0,0,0,0,0.0,0.0,0.0,0.0,0,0,0,0,0,0.00,0.00,0.00,0.00,0,False,"[{'fixture': 33, 'stats': [{'identifier': 'minutes', 'points': 0, 'value': 0, 'points_modification': 0}]}]",False
234,4,2025-26,0,0,0,0,0,0,0,0,0,0,0,0,0,0.0,0.0,0.0,0.0,0,0,0,0,0,0.00,0.00,0.00,0.00,0,False,"[{'fixture': 33, 'stats': [{'identifier': 'minutes', 'points': 0, 'value': 0, 'points_modification': 0}]}]",False
235,4,2025-26,34,1,0,0,1,0,0,0,0,0,0,1,23,39.6,2.3,42.0,8.4,1,0,1,2,0,0.63,0.09,0.72,0.87,7,False,"[{'fixture': 33, 'stats': [{'identifier': 'minutes', 'points': 1, 'value': 34, 'points_modification': 0}, {'identifier': 'goals_scored', 'points': 5, 'value': 1, 'points_modification': 0}, {'identifier': 'bonus', 'points': 1, 'value': 1, 'points_modification': 0}]}]",False
236,4,2025-26,90,0,0,0,2,0,0,0,0,0,0,0,13,11.4,35.0,24.0,7.0,1,4,1,6,1,0.12,0.21,0.33,1.43,2,False,"[{'fixture': 33, 'stats': [{'identifier': 'minutes', 'points': 2, 'value': 90, 'points_modification': 0}]}]",False
237,4,2025-26,90,0,0,0,2,0,0,0,0,0,0,0,18,24.2,29.5,15.0,6.9,3,6,4,13,1,0.11,0.06,0.17,1.43,4,False,"[{'fixture': 33, 'stats': [{'identifier': 'minutes', 'points': 2, 'value': 90, 'points_modification': 0}, {'identifier': 'defensive_contribution', 'points': 2, 'value': 13, 'points_modification': 0}]}]",False
238,4,2025-26,0,0,0,0,0,0,0,0,0,0,0,0,0,0.0,0.0,0.0,0.0,0,0,0,0,0,0.00,0.00,0.00,0.00,0,False,"[{'fixture': 33, 'stats': [{'identifier': 'minutes', 'points': 0, 'value': 0, 'points_modification': 0}]}]",False
239,4,2025-26,55,0,0,0,1,0,0,0,0,0,0,0,3,2.0,12.2,15.0,2.9,0,1,0,1,1,0.01,0.03,0.04,0.55,1,False,"[{'fixture': 33, 'stats': [{'identifier': 'minutes', 'points': 1, 'value': 55, 'points_modification': 0}]}]",False
240,4,2025-26,0,0,0,0,0,0,0,0,0,0,0,0,0,0.0,0.0,0.0,0.0,0,0,0,0,0,0.00,0.00,0.00,0.00,0,False,"[{'fixture': 33, 'stats': [{'identifier': 'minutes', 'points': 0, 'value': 0, 'points_modification': 0}]}]",False
241,4,2025-26,90,1,0,0,2,0,0,0,0,0,0,3,40,54.0,15.3,7.0,7.6,5,8,4,17,1,0.07,0.07,0.14,1.43,12,True,"[{'fixture': 33, 'stats': [{'identifier': 'minutes', 'points': 2, 'value': 90, 'points_modification': 0}, {'identifier': 'goals_scored', 'points': 5, 'value': 1, 'points_modification': 0}, {'identifier': 'bonus', 'points': 3, 'value': 3, 'points_modification': 0}, {'identifier': 'defensive_contribution', 'points': 2, 'value': 17, 'points_modification': 0}]}]",False
242,4,2025-26,90,0,0,1,0,0,0,0,1,0,0,0,11,9.4,28.3,11.0,4.9,0,5,3,8,1,0.06,0.26,0.32,0.54,2,False,"[{'fixture': 36, 'stats': [{'identifier': 'minutes', 'points': 2, 'value': 90, 'points_modification': 0}, {'identifier': 'clean_sheets', 'points': 1, 'value': 1, 'points_modification': 0}, {'identifier': 'yellow_cards', 'points': -1, 'value': 1, 'points_modification': 0}]}]",False
243,4,2025-26,45,0,0,0,1,0,0,0,1,0,0,0,1,4.6,4.9,19.0,2.9,0,0,1,1,0,0.04,0.06,0.10,0.87,0,False,"[{'fixture': 33, 'stats': [{'identifier': 'minutes', 'points': 1, 'value': 45, 'points_modification': 0}, {'identifier': 'yellow_cards', 'points': -1, 'value': 1, 'points_modification': 0}]}]",False
244,4,2025-26,0,0,0,0,0,0,0,0,0,0,0,0,0,0.0,0.0,0.0,0.0,0,0,0,0,0,0.00,0.00,0.00,0.00,0,False,"[{'fixture': 33, 'stats': [{'identifier': 'minutes', 'points': 0, 'value': 0, 'points_modification': 0}]}]",False
245,4,2025-26,0,0,0,0,0,0,0,0,0,0,0,0,0,0.0,0.0,0.0,0.0,0,0,0,0,0,0.00,0.00,0.00,0.00,0,False,"[{'fixture': 33, 'stats': [{'identifier': 'minutes', 'points': 0, 'value': 0, 'points_modification': 0}]}]",False
246,4,2025-26,0,0,0,0,0,0,0,0,0,0,0,0,0,0.0,0.0,0.0,0.0,0,0,0,0,0,0.00,0.00,0.00,0.00,0,False,"[{'fixture': 33, 'stats': [{'identifier': 'minutes', 'points': 0, 'value': 0, 'points_modification': 0}]}]",False
247,4,2025-26,0,0,0,0,0,0,0,0,0,0,0,0,0,0.0,0.0,0.0,0.0,0,0,0,0,0,0.00,0.00,0.00,0.00,0,False,"[{'fixture': 33, 'stats': [{'identifier': 'minutes', 'points': 0, 'value': 0, 'points_modification': 0}]}]",False
248,4,2025-26,0,0,0,0,0,0,0,0,0,0,0,0,0,0.0,0.0,0.0,0.0,0,0,0,0,0,0.00,0.00,0.00,0.00,0,False,"[{'fixture': 33, 'stats': [{'identifier': 'minutes', 'points': 0, 'value': 0, 'points_modification': 0}]}]",False
249,4,2025-26,78,0,1,0,1,0,0,0,0,0,0,2,25,21.0,18.2,11.0,5.0,3,0,0,3,1,0.15,0.02,0.17,0.71,7,False,"[{'fixture': 33, 'stats': [{'identifier': 'minutes', 'points': 2, 'value': 78, 'points_modification': 0}, {'identifier': 'assists', 'points': 3, 'value': 1, 'points_modification': 0}, {'identifier': 'bonus', 'points': 2, 'value': 2, 'points_modification': 0}]}]",False
250,4,2025-26,0,0,0,0,0,0,0,0,0,0,0,0,0,0.0,0.0,0.0,0.0,0,0,0,0,0,0.00,0.00,0.00,0.00,0,False,"[{'fixture': 33, 'stats': [{'identifier': 'minutes', 'points': 0, 'value': 0, 'points_modification': 0}]}]",False
251,4,2025-26,0,0,0,0,0,0,0,0,0,0,0,0,0,0.0,0.0,0.0,0.0,0,0,0,0,0,0.00,0.00,0.00,0.00,0,False,"[{'fixture': 33, 'stats': [{'identifier': 'minutes', 'points': 0, 'value': 0, 'points_modification': 0}]}]",False
252,4,2025-26,0,0,0,0,0,0,0,0,0,0,0,0,0,0.0,0.0,0.0,0.0,0,0,0,0,0,0.00,0.00,0.00,0.00,0,False,"[{'fixture': 33, 'stats': [{'identifier': 'minutes', 'points': 0, 'value': 0, 'points_modification': 0}]}]",False
253,4,2025-26,90,0,0,1,0,0,0,0,0,0,0,0,22,4.4,0.0,0.0,0.4,1,8,0,0,1,0.00,0.00,0.00,0.36,6,False,"[{'fixture': 35, 'stats': [{'identifier': 'minutes', 'points': 2, 'value': 90, 'points_modification': 0}, {'identifier': 'clean_sheets', 'points': 4, 'value': 1, 'points_modification': 0}]}]",False
254,4,2025-26,0,0,0,0,0,0,0,0,0,0,0,0,0,0.0,0.0,0.0,0.0,0,0,0,0,0,0.00,0.00,0.00,0.00,0,False,"[{'fixture': 35, 'stats': [{'identifier': 'minutes', 'points': 0, 'value': 0, 'points_modification': 0}]}]",False
255,4,2025-26,0,0,0,0,0,0,0,0,0,0,0,0,0,0.0,0.0,0.0,0.0,0,0,0,0,0,0.00,0.00,0.00,0.00,0,False,"[{'fixture': 35, 'stats': [{'identifier': 'minutes', 'points': 0, 'value': 0, 'points_modification': 0}]}]",False
256,4,2025-26,90,0,0,1,0,0,0,0,1,0,0,0,21,11.2,7.2,41.0,5.9,3,2,1,4,1,0.12,0.22,0.34,0.36,5,False,"[{'fixture': 35, 'stats': [{'identifier': 'minutes', 'points': 2, 'value': 90, 'points_modification': 0}, {'identifier': 'clean_sheets', 'points': 4, 'value': 1, 'points_modification': 0}, {'identifier': 'yellow_cards', 'points': -1, 'value': 1, 'points_modification': 0}]}]",False
257,4,2025-26,90,0,0,1,0,0,0,0,0,0,0,0,30,19.2,4.1,2.0,2.5,5,3,1,6,1,0.00,0.02,0.02,0.36,6,False,"[{'fixture': 35, 'stats': [{'identifier': 'minutes', 'points': 2, 'value': 90, 'points_modification': 0}, {'identifier': 'clean_sheets', 'points': 4, 'value': 1, 'points_modification': 0}]}]",False
258,4,2025-26,90,0,0,1,0,0,0,0,0,0,0,0,27,20.8,21.2,0.0,4.2,6,5,2,8,1,0.00,0.13,0.13,0.36,6,False,"[{'fixture': 35, 'stats': [{'identifier': 'minutes', 'points': 2, 'value': 90, 'points_modification': 0}, {'identifier': 'clean_sheets', 'points': 4, 'value': 1, 'points_modification': 0}]}]",False
259,4,2025-26,0,0,0,0,0,0,0,0,0,0,0,0,0,0.0,0.0,0.0,0.0,0,0,0,0,0,0.00,0.00,0.00,0.00,0,False,"[{'fixture': 35, 'stats': [{'identifier': 'minutes', 'points': 0, 'value': 0, 'points_modification': 0}]}]",False
260,4,2025-26,90,0,0,1,0,0,0,0,0,0,0,0,27,17.4,11.8,4.0,3.3,6,6,0,6,1,0.03,0.01,0.04,0.36,6,False,"[{'fixture': 35, 'stats': [{'identifier': 'minutes', 'points': 2, 'value': 90, 'points_modification': 0}, {'identifier': 'clean_sheets', 'points': 4, 'value': 1, 'points_modification': 0}]}]",False
261,4,2025-26,90,0,0,1,0,0,0,0,0,0,0,0,29,17.8,15.3,14.0,4.7,3,3,1,4,1,0.19,0.03,0.22,0.36,6,False,"[{'fixture': 35, 'stats': [{'identifier': 'minutes', 'points': 2, 'value': 90, 'points_modification': 0}, {'identifier': 'clean_sheets', 'points': 4, 'value': 1, 'points_modification': 0}]}]",False
262,4,2025-26,0,0,0,0,0,0,0,0,0,0,0,0,0,0.0,0.0,0.0,0.0,0,0,0,0,0,0.00,0.00,0.00,0.00,0,False,"[{'fixture': 35, 'stats': [{'identifier': 'minutes', 'points': 0, 'value': 0, 'points_modification': 0}]}]",False
263,4,2025-26,0,0,0,0,0,0,0,0,0,0,0,0,0,0.0,0.0,0.0,0.0,0,0,0,0,0,0.00,0.00,0.00,0.00,0,False,"[{'fixture': 35, 'stats': [{'identifier': 'minutes', 'points': 0, 'value': 0, 'points_modification': 0}]}]",False
264,4,2025-26,0,0,0,0,0,0,0,0,0,0,0,0,0,0.0,0.0,0.0,0.0,0,0,0,0,0,0.00,0.00,0.00,0.00,0,False,"[{'fixture': 35, 'stats': [{'identifier': 'minutes', 'points': 0, 'value': 0, 'points_modification': 0}]}]",False
265,4,2025-26,0,0,0,0,0,0,0,0,0,0,0,0,0,0.0,0.0,0.0,0.0,0,0,0,0,0,0.00,0.00,0.00,0.00,0,False,"[{'fixture': 35, 'stats': [{'identifier': 'minutes', 'points': 0, 'value': 0, 'points_modification': 0}]}]",False
266,4,2025-26,78,0,1,1,0,0,0,0,0,0,0,0,19,20.4,16.3,11.0,4.8,0,2,0,2,1,0.06,0.44,0.50,0.10,6,False,"[{'fixture': 31, 'stats': [{'identifier': 'minutes', 'points': 2, 'value': 78, 'points_modification': 0}, {'identifier': 'assists', 'points': 3, 'value': 1, 'points_modification': 0}, {'identifier': 'clean_sheets', 'points': 1, 'value': 1, 'points_modification': 0}]}]",False
267,4,2025-26,0,0,0,0,0,0,0,0,0,0,0,0,0,0.0,0.0,0.0,0.0,0,0,0,0,0,0.00,0.00,0.00,0.00,0,False,"[{'fixture': 35, 'stats': [{'identifier': 'minutes', 'points': 0, 'value': 0, 'points_modification': 0}]}]",False
268,4,2025-26,0,0,0,0,0,0,0,0,0,0,0,0,0,0.0,0.0,0.0,0.0,0,0,0,0,0,0.00,0.00,0.00,0.00,0,False,"[{'fixture': 35, 'stats': [{'identifier': 'minutes', 'points': 0, 'value': 0, 'points_modification': 0}]}]",False
269,4,2025-26,0,0,0,0,0,0,0,0,0,0,0,0,0,0.0,0.0,0.0,0.0,0,0,0,0,0,0.00,0.00,0.00,0.00,0,False,"[{'fixture': 35, 'stats': [{'identifier': 'minutes', 'points': 0, 'value': 0, 'points_modification': 0}]}]",False
270,4,2025-26,90,0,0,1,0,0,0,0,0,0,0,0,8,9.4,26.8,2.0,3.8,2,2,1,5,1,0.03,0.21,0.24,0.36,3,False,"[{'fixture': 35, 'stats': [{'identifier': 'minutes', 'points': 2, 'value': 90, 'points_modification': 0}, {'identifier': 'clean_sheets', 'points': 1, 'value': 1, 'points_modification': 0}]}]",False
271,4,2025-26,90,0,0,1,0,0,0,0,0,0,0,0,16,13.8,15.2,18.0,4.7,1,1,1,3,1,0.07,0.22,0.29,0.36,3,False,"[{'fixture': 35, 'stats': [{'identifier': 'minutes', 'points': 2, 'value': 90, 'points_modification': 0}, {'identifier': 'clean_sheets', 'points': 1, 'value': 1, 'points_modification': 0}]}]",False
272,4,2025-26,68,0,0,1,0,0,0,0,0,0,0,0,7,2.2,2.8,1.0,0.6,1,2,1,4,1,0.03,0.01,0.04,0.34,3,False,"[{'fixture': 35, 'stats': [{'identifier': 'minutes', 'points': 2, 'value': 68, 'points_modification': 0}, {'identifier': 'clean_sheets', 'points': 1, 'value': 1, 'points_modification': 0}]}]",False
273,4,2025-26,0,0,0,0,0,0,0,0,0,0,0,0,0,0.0,0.0,0.0,0.0,0,0,0,0,0,0.00,0.00,0.00,0.00,0,False,"[{'fixture': 35, 'stats': [{'identifier': 'minutes', 'points': 0, 'value': 0, 'points_modification': 0}]}]",False
274,4,2025-26,0,0,0,0,0,0,0,0,0,0,0,0,0,0.0,0.0,0.0,0.0,0,0,0,0,0,0.00,0.00,0.00,0.00,0,False,"[{'fixture': 35, 'stats': [{'identifier': 'minutes', 'points': 0, 'value': 0, 'points_modification': 0}]}]",False
275,4,2025-26,0,0,0,0,0,0,0,0,0,0,0,0,0,0.0,0.0,0.0,0.0,0,0,0,0,0,0.00,0.00,0.00,0.00,0,False,"[{'fixture': 35, 'stats': [{'identifier': 'minutes', 'points': 0, 'value': 0, 'points_modification': 0}]}]",False
276,4,2025-26,21,0,0,0,0,0,0,0,0,0,0,0,6,5.2,21.3,6.0,3.3,0,0,1,1,0,0.00,0.12,0.12,0.02,1,False,"[{'fixture': 35, 'stats': [{'identifier': 'minutes', 'points': 1, 'value': 21, 'points_modification': 0}]}]",False
277,4,2025-26,0,0,0,0,0,0,0,0,0,0,0,0,0,0.0,0.0,0.0,0.0,0,0,0,0,0,0.00,0.00,0.00,0.00,0,False,"[{'fixture': 35, 'stats': [{'identifier': 'minutes', 'points': 0, 'value': 0, 'points_modification': 0}]}]",False
278,4,2025-26,0,0,0,0,0,0,0,0,0,0,0,0,0,0.0,0.0,0.0,0.0,0,0,0,0,0,0.00,0.00,0.00,0.00,0,False,"[{'fixture': 35, 'stats': [{'identifier': 'minutes', 'points': 0, 'value': 0, 'points_modification': 0}]}]",False
279,4,2025-26,0,0,0,0,0,0,0,0,0,0,0,0,0,0.0,0.0,0.0,0.0,0,0,0,0,0,0.00,0.00,0.00,0.00,0,False,"[{'fixture': 35, 'stats': [{'identifier': 'minutes', 'points': 0, 'value': 0, 'points_modification': 0}]}]",False
280,4,2025-26,0,0,0,0,0,0,0,0,0,0,0,0,0,0.0,0.0,0.0,0.0,0,0,0,0,0,0.00,0.00,0.00,0.00,0,False,"[{'fixture': 35, 'stats': [{'identifier': 'minutes', 'points': 0, 'value': 0, 'points_modification': 0}]}]",False
281,4,2025-26,0,0,0,0,0,0,0,0,0,0,0,0,0,0.0,0.0,0.0,0.0,0,0,0,0,0,0.00,0.00,0.00,0.00,0,False,"[{'fixture': 35, 'stats': [{'identifier': 'minutes', 'points': 0, 'value': 0, 'points_modification': 0}]}]",False
282,4,2025-26,0,0,0,0,0,0,0,0,0,0,0,0,0,0.0,0.0,0.0,0.0,0,0,0,0,0,0.00,0.00,0.00,0.00,0,False,"[{'fixture': 35, 'stats': [{'identifier': 'minutes', 'points': 0, 'value': 0, 'points_modification': 0}]}]",False
283,4,2025-26,90,0,0,1,0,0,0,0,0,0,0,0,4,11.6,1.3,50.0,6.3,5,4,0,9,1,0.59,0.01,0.60,0.36,2,False,"[{'fixture': 35, 'stats': [{'identifier': 'minutes', 'points': 2, 'value': 90, 'points_modification': 0}]}]",False
284,4,2025-26,0,0,0,0,0,0,0,0,0,0,0,0,0,0.0,0.0,0.0,0.0,0,0,0,0,0,0.00,0.00,0.00,0.00,0,False,"[{'fixture': 35, 'stats': [{'identifier': 'minutes', 'points': 0, 'value': 0, 'points_modification': 0}]}]",False
285,4,2025-26,0,0,0,0,0,0,0,0,0,0,0,0,0,0.0,0.0,0.0,0.0,0,0,0,0,0,0.00,0.00,0.00,0.00,0,False,"[{'fixture': 35, 'stats': [{'identifier': 'minutes', 'points': 0, 'value': 0, 'points_modification': 0}]}]",False
286,4,2025-26,0,0,0,0,0,0,0,0,0,0,0,0,0,0.0,0.0,0.0,0.0,0,0,0,0,0,0.00,0.00,0.00,0.00,0,False,"[{'fixture': 35, 'stats': [{'identifier': 'minutes', 'points': 0, 'value': 0, 'points_modification': 0}]}]",False
287,4,2025-26,90,0,0,1,0,0,0,0,0,0,1,0,24,8.6,0.0,0.0,0.9,1,9,0,0,1,0.00,0.00,0.00,0.54,6,False,"[{'fixture': 36, 'stats': [{'identifier': 'minutes', 'points': 2, 'value': 90, 'points_modification': 0}, {'identifier': 'clean_sheets', 'points': 4, 'value': 1, 'points_modification': 0}]}]",False
288,4,2025-26,0,0,0,0,0,0,0,0,0,0,0,0,0,0.0,0.0,0.0,0.0,0,0,0,0,0,0.00,0.00,0.00,0.00,0,False,"[{'fixture': 36, 'stats': [{'identifier': 'minutes', 'points': 0, 'value': 0, 'points_modification': 0}]}]",False
289,4,2025-26,0,0,0,0,0,0,0,0,0,0,0,0,0,0.0,0.0,0.0,0.0,0,0,0,0,0,0.00,0.00,0.00,0.00,0,False,"[{'fixture': 36, 'stats': [{'identifier': 'minutes', 'points': 0, 'value': 0, 'points_modification': 0}]}]",False
290,4,2025-26,0,0,0,0,0,0,0,0,0,0,0,0,0,0.0,0.0,0.0,0.0,0,0,0,0,0,0.00,0.00,0.00,0.00,0,False,"[{'fixture': 36, 'stats': [{'identifier': 'minutes', 'points': 0, 'value': 0, 'points_modification': 0}]}]",False
291,4,2025-26,90,0,0,1,0,0,0,0,0,0,0,0,27,29.2,10.8,6.0,4.6,7,3,4,11,1,0.00,0.04,0.04,0.54,8,False,"[{'fixture': 36, 'stats': [{'identifier': 'minutes', 'points': 2, 'value': 90, 'points_modification': 0}, {'identifier': 'clean_sheets', 'points': 4, 'value': 1, 'points_modification': 0}, {'identifier': 'defensive_contribution', 'points': 2, 'value': 11, 'points_modification': 0}]}]",False
292,4,2025-26,0,0,0,0,0,0,0,0,0,0,0,0,0,0.0,0.0,0.0,0.0,0,0,0,0,0,0.00,0.00,0.00,0.00,0,False,"[{'fixture': 36, 'stats': [{'identifier': 'minutes', 'points': 0, 'value': 0, 'points_modification': 0}]}]",False
293,4,2025-26,90,0,0,1,0,0,0,0,0,0,0,0,26,16.2,15.4,5.0,3.7,4,3,2,6,1,0.05,0.06,0.11,0.54,6,False,"[{'fixture': 36, 'stats': [{'identifier': 'minutes', 'points': 2, 'value': 90, 'points_modification': 0}, {'identifier': 'clean_sheets', 'points': 4, 'value': 1, 'points_modification': 0}]}]",False
294,4,2025-26,0,0,0,0,0,0,0,0,0,0,0,0,0,0.0,0.0,0.0,0.0,0,0,0,0,0,0.00,0.00,0.00,0.00,0,False,"[{'fixture': 36, 'stats': [{'identifier': 'minutes', 'points': 0, 'value': 0, 'points_modification': 0}]}]",False
295,4,2025-26,90,0,0,1,0,0,0,0,0,0,0,0,20,11.0,10.8,34.0,5.6,5,3,1,6,1,0.55,0.04,0.59,0.54,6,False,"[{'fixture': 36, 'stats': [{'identifier': 'minutes', 'points': 2, 'value': 90, 'points_modification': 0}, {'identifier': 'clean_sheets', 'points': 4, 'value': 1, 'points_modification': 0}]}]",False
296,4,2025-26,0,0,0,0,0,0,0,0,0,0,0,0,0,0.0,0.0,0.0,0.0,0,0,0,0,0,0.00,0.00,0.00,0.00,0,False,"[{'fixture': 36, 'stats': [{'identifier': 'minutes', 'points': 0, 'value': 0, 'points_modification': 0}]}]",False
297,4,2025-26,0,0,0,0,0,0,0,0,0,0,0,0,0,0.0,0.0,0.0,0.0,0,0,0,0,0,0.00,0.00,0.00,0.00,0,False,"[{'fixture': 36, 'stats': [{'identifier': 'minutes', 'points': 0, 'value': 0, 'points_modification': 0}]}]",False
298,4,2025-26,0,0,0,0,0,0,0,0,0,0,0,0,0,0.0,0.0,0.0,0.0,0,0,0,0,0,0.00,0.00,0.00,0.00,0,False,"[{'fixture': 36, 'stats': [{'identifier': 'minutes', 'points': 0, 'value': 0, 'points_modification': 0}]}]",False
299,4,2025-26,90,0,0,1,0,0,0,0,0,0,0,0,18,15.2,27.8,12.0,5.5,2,10,2,14,1,0.02,0.19,0.21,0.54,5,False,"[{'fixture': 36, 'stats': [{'identifier': 'minutes', 'points': 2, 'value': 90, 'points_modification': 0}, {'identifier': 'clean_sheets', 'points': 1, 'value': 1, 'points_modification': 0}, {'identifier': 'defensive_contribution', 'points': 2, 'value': 14, 'points_modification': 0}]}]",False
300,4,2025-26,0,0,0,0,0,0,0,0,0,0,0,0,0,0.0,0.0,0.0,0.0,0,0,0,0,0,0.00,0.00,0.00,0.00,0,False,"[{'fixture': 36, 'stats': [{'identifier': 'minutes', 'points': 0, 'value': 0, 'points_modification': 0}]}]",False
301,4,2025-26,0,0,0,0,0,0,0,0,0,0,0,0,0,0.0,0.0,0.0,0.0,0,0,0,0,0,0.00,0.00,0.00,0.00,0,False,"[{'fixture': 36, 'stats': [{'identifier': 'minutes', 'points': 0, 'value': 0, 'points_modification': 0}]}]",False
302,4,2025-26,90,0,0,1,0,0,0,0,0,0,0,0,17,4.6,3.4,2.0,1.0,2,6,2,10,1,0.10,0.03,0.13,0.54,3,False,"[{'fixture': 36, 'stats': [{'identifier': 'minutes', 'points': 2, 'value': 90, 'points_modification': 0}, {'identifier': 'clean_sheets', 'points': 1, 'value': 1, 'points_modification': 0}]}]",False
303,4,2025-26,90,0,0,1,0,0,0,0,0,0,0,2,31,29.6,56.7,2.0,8.8,2,3,4,9,1,0.08,0.31,0.39,0.54,5,False,"[{'fixture': 36, 'stats': [{'identifier': 'minutes', 'points': 2, 'value': 90, 'points_modification': 0}, {'identifier': 'clean_sheets', 'points': 1, 'value': 1, 'points_modification': 0}, {'identifier': 'bonus', 'points': 2, 'value': 2, 'points_modification': 0}]}]",False
304,4,2025-26,65,0,0,1,0,0,0,0,1,0,0,0,4,5.4,1.3,2.0,0.9,2,4,0,6,1,0.04,0.00,0.04,0.54,2,False,"[{'fixture': 36, 'stats': [{'identifier': 'minutes', 'points': 2, 'value': 65, 'points_modification': 0}, {'identifier': 'clean_sheets', 'points': 1, 'value': 1, 'points_modification': 0}, {'identifier': 'yellow_cards', 'points': -1, 'value': 1, 'points_modification': 0}]}]",False
305,4,2025-26,0,0,0,0,0,0,0,0,0,0,0,0,0,0.0,0.0,0.0,0.0,0,0,0,0,0,0.00,0.00,0.00,0.00,0,False,"[{'fixture': 36, 'stats': [{'identifier': 'minutes', 'points': 0, 'value': 0, 'points_modification': 0}]}]",False
306,4,2025-26,0,0,0,0,0,0,0,0,0,0,0,0,0,0.0,0.0,0.0,0.0,0,0,0,0,0,0.00,0.00,0.00,0.00,0,False,"[{'fixture': 36, 'stats': [{'identifier': 'minutes', 'points': 0, 'value': 0, 'points_modification': 0}]}]",False
307,4,2025-26,0,0,0,0,0,0,0,0,0,0,0,0,0,0.0,0.0,0.0,0.0,0,0,0,0,0,0.00,0.00,0.00,0.00,0,False,"[{'fixture': 36, 'stats': [{'identifier': 'minutes', 'points': 0, 'value': 0, 'points_modification': 0}]}]",False
308,4,2025-26,0,0,0,0,0,0,0,0,0,0,0,0,0,0.0,0.0,0.0,0.0,0,0,0,0,0,0.00,0.00,0.00,0.00,0,False,"[{'fixture': 36, 'stats': [{'identifier': 'minutes', 'points': 0, 'value': 0, 'points_modification': 0}]}]",False
309,4,2025-26,0,0,0,0,0,0,0,0,0,0,0,0,0,0.0,0.0,0.0,0.0,0,0,0,0,0,0.00,0.00,0.00,0.00,0,False,"[{'fixture': 36, 'stats': [{'identifier': 'minutes', 'points': 0, 'value': 0, 'points_modification': 0}]}]",False
310,4,2025-26,15,0,0,0,0,0,0,0,0,0,0,0,1,0.0,0.5,13.0,1.1,0,0,0,0,0,0.11,0.01,0.12,0.00,1,False,"[{'fixture': 36, 'stats': [{'identifier': 'minutes', 'points': 1, 'value': 15, 'points_modification': 0}]}]",False
311,4,2025-26,74,0,0,1,0,0,0,0,0,0,0,0,-4,0.0,0.7,29.0,2.5,1,0,0,1,1,0.97,0.00,0.97,0.54,2,False,"[{'fixture': 36, 'stats': [{'identifier': 'minutes', 'points': 2, 'value': 74, 'points_modification': 0}]}]",False
312,4,2025-26,0,0,0,0,0,0,0,0,0,0,0,0,0,0.0,0.0,0.0,0.0,0,0,0,0,0,0.00,0.00,0.00,0.00,0,False,"[{'fixture': 36, 'stats': [{'identifier': 'minutes', 'points': 0, 'value': 0, 'points_modification': 0}]}]",False
313,4,2025-26,0,0,0,0,0,0,0,0,0,0,0,0,0,0.0,0.0,0.0,0.0,0,0,0,0,0,0.00,0.00,0.00,0.00,0,False,"[{'fixture': 36, 'stats': [{'identifier': 'minutes', 'points': 0, 'value': 0, 'points_modification': 0}]}]",False
314,4,2025-26,90,0,0,1,0,0,0,0,0,0,3,1,28,24.0,0.0,0.0,2.4,1,7,0,0,1,0.00,0.00,0.00,0.79,8,False,"[{'fixture': 37, 'stats': [{'identifier': 'minutes', 'points': 2, 'value': 90, 'points_modification': 0}, {'identifier': 'clean_sheets', 'points': 4, 'value': 1, 'points_modification': 0}, {'identifier': 'saves', 'points': 1, 'value': 3, 'points_modification': 0}, {'identifier': 'bonus', 'points': 1, 'value': 1, 'points_modification': 0}]}]",False
315,4,2025-26,0,0,0,0,0,0,0,0,0,0,0,0,0,0.0,0.0,0.0,0.0,0,0,0,0,0,0.00,0.00,0.00,0.00,0,False,"[{'fixture': 37, 'stats': [{'identifier': 'minutes', 'points': 0, 'value': 0, 'points_modification': 0}]}]",False
316,4,2025-26,0,0,0,0,0,0,0,0,0,0,0,0,0,0.0,0.0,0.0,0.0,0,0,0,0,0,0.00,0.00,0.00,0.00,0,False,"[{'fixture': 37, 'stats': [{'identifier': 'minutes', 'points': 0, 'value': 0, 'points_modification': 0}]}]",False
317,4,2025-26,90,0,0,1,0,0,0,0,0,0,0,2,32,29.0,3.0,0.0,3.2,9,7,3,12,1,0.00,0.05,0.05,0.79,10,True,"[{'fixture': 37, 'stats': [{'identifier': 'minutes', 'points': 2, 'value': 90, 'points_modification': 0}, {'identifier': 'clean_sheets', 'points': 4, 'value': 1, 'points_modification': 0}, {'identifier': 'bonus', 'points': 2, 'value': 2, 'points_modification': 0}, {'identifier': 'defensive_contribution', 'points': 2, 'value': 12, 'points_modification': 0}]}]",False
318,4,2025-26,90,0,0,1,0,0,0,0,0,0,0,3,34,24.0,3.0,0.0,2.7,6,6,2,8,1,0.00,0.03,0.03,0.79,9,False,"[{'fixture': 37, 'stats': [{'identifier': 'minutes', 'points': 2, 'value': 90, 'points_modification': 0}, {'identifier': 'clean_sheets', 'points': 4, 'value': 1, 'points_modification': 0}, {'identifier': 'bonus', 'points': 3, 'value': 3, 'points_modification': 0}]}]",False
319,4,2025-26,0,0,0,0,0,0,0,0,0,0,0,0,0,0.0,0.0,0.0,0.0,0,0,0,0,0,0.00,0.00,0.00,0.00,0,False,"[{'fixture': 37, 'stats': [{'identifier': 'minutes', 'points': 0, 'value': 0, 'points_modification': 0}]}]",False
320,4,2025-26,0,0,0,0,0,0,0,0,0,0,0,0,0,0.0,0.0,0.0,0.0,0,0,0,0,0,0.00,0.00,0.00,0.00,0,False,"[{'fixture': 37, 'stats': [{'identifier': 'minutes', 'points': 0, 'value': 0, 'points_modification': 0}]}]",False
321,4,2025-26,0,0,0,0,0,0,0,0,0,0,0,0,0,0.0,0.0,0.0,0.0,0,0,0,0,0,0.00,0.00,0.00,0.00,0,False,"[{'fixture': 37, 'stats': [{'identifier': 'minutes', 'points': 0, 'value': 0, 'points_modification': 0}]}]",False
322,4,2025-26,90,0,0,1,0,0,0,0,0,0,0,0,26,11.4,3.5,0.0,1.5,3,2,3,6,1,0.00,0.02,0.02,0.79,6,False,"[{'fixture': 37, 'stats': [{'identifier': 'minutes', 'points': 2, 'value': 90, 'points_modification': 0}, {'identifier': 'clean_sheets', 'points': 4, 'value': 1, 'points_modification': 0}]}]",False
323,4,2025-26,0,0,0,0,0,0,0,0,0,0,0,0,0,0.0,0.0,0.0,0.0,0,0,0,0,0,0.00,0.00,0.00,0.00,0,False,"[{'fixture': 37, 'stats': [{'identifier': 'minutes', 'points': 0, 'value': 0, 'points_modification': 0}]}]",False
324,4,2025-26,75,0,0,1,0,0,0,0,0,0,0,0,6,2.4,3.3,0.0,0.6,0,3,1,4,1,0.00,0.02,0.02,0.76,3,False,"[{'fixture': 37, 'stats': [{'identifier': 'minutes', 'points': 2, 'value': 75, 'points_modification': 0}, {'identifier': 'clean_sheets', 'points': 1, 'value': 1, 'points_modification': 0}]}]",False
325,4,2025-26,30,0,0,0,0,0,0,0,0,0,0,0,2,1.0,4.8,0.0,0.6,0,1,0,1,0,0.00,0.00,0.00,0.05,1,False,"[{'fixture': 37, 'stats': [{'identifier': 'minutes', 'points': 1, 'value': 30, 'points_modification': 0}]}]",False
326,4,2025-26,30,0,0,0,0,0,0,0,0,0,0,0,0,0.0,0.6,6.0,0.4,0,1,0,1,0,0.04,0.01,0.05,0.05,1,False,"[{'fixture': 37, 'stats': [{'identifier': 'minutes', 'points': 1, 'value': 30, 'points_modification': 0}]}]",False
327,4,2025-26,0,0,0,0,0,0,0,0,0,0,0,0,0,0.0,0.0,0.0,0.0,0,0,0,0,0,0.00,0.00,0.00,0.00,0,False,"[{'fixture': 37, 'stats': [{'identifier': 'minutes', 'points': 0, 'value': 0, 'points_modification': 0}]}]",False
328,4,2025-26,90,0,0,1,0,0,0,0,0,0,0,0,12,15.4,22.8,4.0,4.2,5,3,2,10,1,0.00,0.22,0.22,0.79,3,False,"[{'fixture': 37, 'stats': [{'identifier': 'minutes', 'points': 2, 'value': 90, 'points_modification': 0}, {'identifier': 'clean_sheets', 'points': 1, 'value': 1, 'points_modification': 0}]}]",False
329,4,2025-26,59,0,0,0,0,0,0,0,0,0,0,0,9,7.0,2.8,11.0,2.1,0,0,2,2,1,0.12,0.02,0.14,0.74,1,False,"[{'fixture': 37, 'stats': [{'identifier': 'minutes', 'points': 1, 'value': 59, 'points_modification': 0}]}]",False
330,4,2025-26,83,0,0,1,0,0,0,0,1,0,0,0,18,19.4,18.6,0.0,3.8,5,6,3,14,1,0.00,0.15,0.15,0.79,4,False,"[{'fixture': 37, 'stats': [{'identifier': 'minutes', 'points': 2, 'value': 83, 'points_modification': 0}, {'identifier': 'clean_sheets', 'points': 1, 'value': 1, 'points_modification': 0}, {'identifier': 'yellow_cards', 'points': -1, 'value': 1, 'points_modification': 0}, {'identifier': 'defensive_contribution', 'points': 2, 'value': 14, 'points_modification': 0}]}]",False
331,4,2025-26,6,0,0,0,0,0,0,0,0,0,0,0,3,0.0,0.6,0.0,0.1,0,0,0,0,0,0.00,0.00,0.00,0.00,1,False,"[{'fixture': 37, 'stats': [{'identifier': 'minutes', 'points': 1, 'value': 6, 'points_modification': 0}]}]",False
332,4,2025-26,90,0,1,1,0,0,0,0,0,0,0,0,25,11.4,4.0,7.0,2.2,3,2,4,9,1,0.50,0.01,0.51,0.79,6,False,"[{'fixture': 37, 'stats': [{'identifier': 'minutes', 'points': 2, 'value': 90, 'points_modification': 0}, {'identifier': 'assists', 'points': 3, 'value': 1, 'points_modification': 0}, {'identifier': 'clean_sheets', 'points': 1, 'value': 1, 'points_modification': 0}]}]",False
333,4,2025-26,0,0,0,0,0,0,0,0,0,0,0,0,0,0.0,0.0,0.0,0.0,0,0,0,0,0,0.00,0.00,0.00,0.00,0,False,"[{'fixture': 37, 'stats': [{'identifier': 'minutes', 'points': 0, 'value': 0, 'points_modification': 0}]}]",False
334,4,2025-26,0,0,0,0,0,0,0,0,0,0,0,0,0,0.0,0.0,0.0,0.0,0,0,0,0,0,0.00,0.00,0.00,0.00,0,False,"[{'fixture': 37, 'stats': [{'identifier': 'minutes', 'points': 0, 'value': 0, 'points_modification': 0}]}]",False
335,4,2025-26,59,0,0,0,0,0,0,0,0,0,0,0,4,0.2,1.0,0.0,0.1,0,2,1,3,1,0.00,0.01,0.01,0.74,1,False,"[{'fixture': 37, 'stats': [{'identifier': 'minutes', 'points': 1, 'value': 59, 'points_modification': 0}]}]",False
336,4,2025-26,0,0,0,0,0,0,0,0,0,0,0,0,0,0.0,0.0,0.0,0.0,0,0,0,0,0,0.00,0.00,0.00,0.00,0,False,"[{'fixture': 37, 'stats': [{'identifier': 'minutes', 'points': 0, 'value': 0, 'points_modification': 0}]}]",False
337,4,2025-26,6,0,0,0,0,0,0,0,0,0,0,0,4,3.0,0.0,0.0,0.3,0,0,2,2,0,0.00,0.00,0.00,0.00,1,False,"[{'fixture': 37, 'stats': [{'identifier': 'minutes', 'points': 1, 'value': 6, 'points_modification': 0}]}]",False
338,4,2025-26,83,0,0,1,0,0,0,0,0,0,0,0,4,4.4,0.3,21.0,2.6,1,2,1,4,1,0.18,0.01,0.19,0.79,2,False,"[{'fixture': 37, 'stats': [{'identifier': 'minutes', 'points': 2, 'value': 83, 'points_modification': 0}]}]",False
339,4,2025-26,0,0,0,0,0,0,0,0,0,0,0,0,0,0.0,0.0,0.0,0.0,0,0,0,0,0,0.00,0.00,0.00,0.00,0,False,"[{'fixture': 37, 'stats': [{'identifier': 'minutes', 'points': 0, 'value': 0, 'points_modification': 0}]}]",False
340,4,2025-26,0,0,0,0,0,0,0,0,0,0,0,0,0,0.0,0.0,0.0,0.0,0,0,0,0,0,0.00,0.00,0.00,0.00,0,False,"[{'fixture': 37, 'stats': [{'identifier': 'minutes', 'points': 0, 'value': 0, 'points_modification': 0}]}]",False
341,4,2025-26,90,0,0,0,1,0,0,0,0,0,3,0,15,19.6,0.0,0.0,2.0,1,12,0,0,1,0.00,0.00,0.00,0.85,3,False,"[{'fixture': 37, 'stats': [{'identifier': 'minutes', 'points': 2, 'value': 90, 'points_modification': 0}, {'identifier': 'saves', 'points': 1, 'value': 3, 'points_modification': 0}]}]",False
342,4,2025-26,90,0,0,0,1,0,0,0,0,0,0,0,11,15.6,1.8,14.0,3.1,4,7,3,7,1,0.05,0.01,0.06,0.85,2,False,"[{'fixture': 37, 'stats': [{'identifier': 'minutes', 'points': 2, 'value': 90, 'points_modification': 0}]}]",False
343,4,2025-26,90,0,0,0,1,0,0,0,0,0,0,0,8,16.0,0.6,0.0,1.7,7,1,1,8,1,0.00,0.01,0.01,0.85,2,False,"[{'fixture': 37, 'stats': [{'identifier': 'minutes', 'points': 2, 'value': 90, 'points_modification': 0}]}]",False
344,4,2025-26,0,0,0,0,0,0,0,0,0,0,0,0,0,0.0,0.0,0.0,0.0,0,0,0,0,0,0.00,0.00,0.00,0.00,0,False,"[{'fixture': 37, 'stats': [{'identifier': 'minutes', 'points': 0, 'value': 0, 'points_modification': 0}]}]",False
345,4,2025-26,0,0,0,0,0,0,0,0,0,0,0,0,0,0.0,0.0,0.0,0.0,0,0,0,0,0,0.00,0.00,0.00,0.00,0,False,"[{'fixture': 37, 'stats': [{'identifier': 'minutes', 'points': 0, 'value': 0, 'points_modification': 0}]}]",False
346,4,2025-26,0,0,0,0,0,0,0,0,0,0,0,0,0,0.0,0.0,0.0,0.0,0,0,0,0,0,0.00,0.00,0.00,0.00,0,False,"[{'fixture': 37, 'stats': [{'identifier': 'minutes', 'points': 0, 'value': 0, 'points_modification': 0}]}]",False
347,4,2025-26,90,0,0,0,1,1,0,0,0,0,0,0,6,3.4,8.2,2.0,1.4,2,4,2,4,1,0.00,0.06,0.06,0.85,0,False,"[{'fixture': 37, 'stats': [{'identifier': 'minutes', 'points': 2, 'value': 90, 'points_modification': 0}, {'identifier': 'own_goals', 'points': -2, 'value': 1, 'points_modification': 0}]}]",False
348,4,2025-26,90,0,0,0,1,0,0,0,0,0,0,0,12,19.0,0.7,2.0,2.2,10,1,0,10,1,0.00,0.00,0.00,0.85,4,False,"[{'fixture': 37, 'stats': [{'identifier': 'minutes', 'points': 2, 'value': 90, 'points_modification': 0}, {'identifier': 'defensive_contribution', 'points': 2, 'value': 10, 'points_modification': 0}]}]",False
349,4,2025-26,0,0,0,0,0,0,0,0,0,0,0,0,0,0.0,0.0,0.0,0.0,0,0,0,0,0,0.00,0.00,0.00,0.00,0,False,"[{'fixture': 37, 'stats': [{'identifier': 'minutes', 'points': 0, 'value': 0, 'points_modification': 0}]}]",False
350,4,2025-26,76,0,0,1,0,0,0,0,0,0,0,0,19,18.6,12.0,23.0,5.4,2,5,5,12,1,0.13,0.32,0.45,0.30,5,False,"[{'fixture': 37, 'stats': [{'identifier': 'minutes', 'points': 2, 'value': 76, 'points_modification': 0}, {'identifier': 'clean_sheets', 'points': 1, 'value': 1, 'points_modification': 0}, {'identifier': 'defensive_contribution', 'points': 2, 'value': 12, 'points_modification': 0}]}]",False
351,4,2025-26,1,0,0,0,1,0,0,0,0,0,0,0,5,2.0,0.0,0.0,0.2,0,0,1,1,0,0.00,0.00,0.00,0.01,1,False,"[{'fixture': 37, 'stats': [{'identifier': 'minutes', 'points': 1, 'value': 1, 'points_modification': 0}]}]",False
352,4,2025-26,22,0,0,0,1,0,0,0,0,0,0,0,3,0.2,0.4,0.0,0.1,0,0,0,0,0,0.00,0.00,0.00,0.73,1,False,"[{'fixture': 37, 'stats': [{'identifier': 'minutes', 'points': 1, 'value': 22, 'points_modification': 0}]}]",False
353,4,2025-26,11,0,0,0,0,0,0,0,0,0,0,0,3,0.0,0.0,0.0,0.0,0,0,0,0,0,0.00,0.00,0.00,0.54,1,False,"[{'fixture': 37, 'stats': [{'identifier': 'minutes', 'points': 1, 'value': 11, 'points_modification': 0}]}]",False
354,4,2025-26,90,0,0,0,1,0,0,0,0,0,0,0,15,13.6,1.4,0.0,1.5,4,6,2,12,1,0.00,0.01,0.01,0.85,4,False,"[{'fixture': 37, 'stats': [{'identifier': 'minutes', 'points': 2, 'value': 90, 'points_modification': 0}, {'identifier': 'defensive_contribution', 'points': 2, 'value': 12, 'points_modification': 0}]}]",False
355,4,2025-26,0,0,0,0,0,0,0,0,0,0,0,0,0,0.0,0.0,0.0,0.0,0,0,0,0,0,0.00,0.00,0.00,0.00,0,False,"[{'fixture': 37, 'stats': [{'identifier': 'minutes', 'points': 0, 'value': 0, 'points_modification': 0}]}]",False
356,4,2025-26,0,0,0,0,0,0,0,0,0,0,0,0,0,0.0,0.0,0.0,0.0,0,0,0,0,0,0.00,0.00,0.00,0.00,0,False,"[{'fixture': 37, 'stats': [{'identifier': 'minutes', 'points': 0, 'value': 0, 'points_modification': 0}]}]",False
357,4,2025-26,0,0,0,0,0,0,0,0,0,0,0,0,0,0.0,0.0,0.0,0.0,0,0,0,0,0,0.00,0.00,0.00,0.00,0,False,"[{'fixture': 37, 'stats': [{'identifier': 'minutes', 'points': 0, 'value': 0, 'points_modification': 0}]}]",False
358,4,2025-26,0,0,0,0,0,0,0,0,0,0,0,0,0,0.0,0.0,0.0,0.0,0,0,0,0,0,0.00,0.00,0.00,0.00,0,False,"[{'fixture': 37, 'stats': [{'identifier': 'minutes', 'points': 0, 'value': 0, 'points_modification': 0}]}]",False
359,4,2025-26,0,0,0,0,0,0,0,0,0,0,0,0,0,0.0,0.0,0.0,0.0,0,0,0,0,0,0.00,0.00,0.00,0.00,0,False,"[{'fixture': 37, 'stats': [{'identifier': 'minutes', 'points': 0, 'value': 0, 'points_modification': 0}]}]",False
360,4,2025-26,0,0,0,0,0,0,0,0,0,0,0,0,0,0.0,0.0,0.0,0.0,0,0,0,0,0,0.00,0.00,0.00,0.00,0,False,"[{'fixture': 37, 'stats': [{'identifier': 'minutes', 'points': 0, 'value': 0, 'points_modification': 0}]}]",False
361,4,2025-26,0,0,0,0,0,0,0,0,0,0,0,0,0,0.0,0.0,0.0,0.0,0,0,0,0,0,0.00,0.00,0.00,0.00,0,False,"[{'fixture': 37, 'stats': [{'identifier': 'minutes', 'points': 0, 'value': 0, 'points_modification': 0}]}]",False
362,4,2025-26,0,0,0,0,0,0,0,0,0,0,0,0,0,0.0,0.0,0.0,0.0,0,0,0,0,0,0.00,0.00,0.00,0.00,0,False,"[{'fixture': 37, 'stats': [{'identifier': 'minutes', 'points': 0, 'value': 0, 'points_modification': 0}]}]",False
363,4,2025-26,0,0,0,0,0,0,0,0,0,0,0,0,0,0.0,0.0,0.0,0.0,0,0,0,0,0,0.00,0.00,0.00,0.00,0,False,"[{'fixture': 37, 'stats': [{'identifier': 'minutes', 'points': 0, 'value': 0, 'points_modification': 0}]}]",False
364,4,2025-26,0,0,0,0,0,0,0,0,0,0,0,0,0,0.0,0.0,0.0,0.0,0,0,0,0,0,0.00,0.00,0.00,0.00,0,False,"[{'fixture': 37, 'stats': [{'identifier': 'minutes', 'points': 0, 'value': 0, 'points_modification': 0}]}]",False
365,4,2025-26,21,0,0,0,1,0,0,0,0,0,0,0,1,0.0,1.3,0.0,0.0,0,0,0,0,0,0.00,0.00,0.00,0.73,1,False,"[{'fixture': 37, 'stats': [{'identifier': 'minutes', 'points': 1, 'value': 21, 'points_modification': 0}]}]",False
366,4,2025-26,90,0,0,1,0,0,0,0,0,0,0,0,19,4.0,0.1,0.0,0.4,0,5,0,0,1,0.00,0.00,0.00,0.13,6,False,"[{'fixture': 34, 'stats': [{'identifier': 'minutes', 'points': 2, 'value': 90, 'points_modification': 0}, {'identifier': 'clean_sheets', 'points': 4, 'value': 1, 'points_modification': 0}]}]",False
367,4,2025-26,0,0,0,0,0,0,0,0,0,0,0,0,0,0.0,0.0,0.0,0.0,0,0,0,0,0,0.00,0.00,0.00,0.00,0,False,"[{'fixture': 34, 'stats': [{'identifier': 'minutes', 'points': 0, 'value': 0, 'points_modification': 0}]}]",False
368,4,2025-26,0,0,0,0,0,0,0,0,0,0,0,0,0,0.0,0.0,0.0,0.0,0,0,0,0,0,0.00,0.00,0.00,0.00,0,False,"[{'fixture': 34, 'stats': [{'identifier': 'minutes', 'points': 0, 'value': 0, 'points_modification': 0}]}]",False
369,4,2025-26,0,0,0,0,0,0,0,0,0,0,0,0,0,0.0,0.0,0.0,0.0,0,0,0,0,0,0.00,0.00,0.00,0.00,0,False,"[{'fixture': 34, 'stats': [{'identifier': 'minutes', 'points': 0, 'value': 0, 'points_modification': 0}]}]",False
370,4,2025-26,3,0,1,0,0,0,0,0,0,0,0,0,14,3.0,0.6,19.0,2.3,0,0,0,0,0,0.08,0.01,0.09,0.00,4,False,"[{'fixture': 34, 'stats': [{'identifier': 'minutes', 'points': 1, 'value': 3, 'points_modification': 0}, {'identifier': 'assists', 'points': 3, 'value': 1, 'points_modification': 0}]}]",False
371,4,2025-26,37,0,0,0,0,0,0,0,1,0,0,0,-1,0.0,16.9,10.0,2.7,0,0,0,0,1,0.08,0.02,0.10,0.12,0,False,"[{'fixture': 34, 'stats': [{'identifier': 'minutes', 'points': 1, 'value': 37, 'points_modification': 0}, {'identifier': 'yellow_cards', 'points': -1, 'value': 1, 'points_modification': 0}]}]",False
372,4,2025-26,52,0,0,0,0,0,0,0,0,0,0,0,20,24.6,68.0,23.0,11.6,0,2,0,0,0,0.10,0.37,0.47,0.01,1,False,"[{'fixture': 34, 'stats': [{'identifier': 'minutes', 'points': 1, 'value': 52, 'points_modification': 0}]}]",False
373,4,2025-26,90,0,0,1,0,0,0,0,0,0,0,2,27,24.8,16.3,0.0,4.1,5,1,1,6,1,0.00,0.06,0.06,0.13,8,False,"[{'fixture': 34, 'stats': [{'identifier': 'minutes', 'points': 2, 'value': 90, 'points_modification': 0}, {'identifier': 'clean_sheets', 'points': 4, 'value': 1, 'points_modification': 0}, {'identifier': 'bonus', 'points': 2, 'value': 2, 'points_modification': 0}]}]",False
374,4,2025-26,86,0,0,1,0,0,0,0,0,0,0,3,29,20.8,26.7,9.0,5.7,3,3,4,7,1,0.49,0.05,0.54,0.13,9,False,"[{'fixture': 34, 'stats': [{'identifier': 'minutes', 'points': 2, 'value': 86, 'points_modification': 0}, {'identifier': 'clean_sheets', 'points': 4, 'value': 1, 'points_modification': 0}, {'identifier': 'bonus', 'points': 3, 'value': 3, 'points_modification': 0}]}]",False
375,4,2025-26,45,0,0,0,0,0,0,0,1,0,0,0,6,7.8,8.5,11.0,2.7,1,3,1,2,0,0.02,0.08,0.10,0.01,0,False,"[{'fixture': 34, 'stats': [{'identifier': 'minutes', 'points': 1, 'value': 45, 'points_modification': 0}, {'identifier': 'yellow_cards', 'points': -1, 'value': 1, 'points_modification': 0}]}]",False
376,4,2025-26,0,0,0,0,0,0,0,0,0,0,0,0,0,0.0,0.0,0.0,0.0,0,0,0,0,0,0.00,0.00,0.00,0.00,0,False,"[{'fixture': 34, 'stats': [{'identifier': 'minutes', 'points': 0, 'value': 0, 'points_modification': 0}]}]",False
377,4,2025-26,0,0,0,0,0,0,0,0,0,0,0,0,0,0.0,0.0,0.0,0.0,0,0,0,0,0,0.00,0.00,0.00,0.00,0,False,"[{'fixture': 34, 'stats': [{'identifier': 'minutes', 'points': 0, 'value': 0, 'points_modification': 0}]}]",False
378,4,2025-26,0,0,0,0,0,0,0,0,0,0,0,0,0,0.0,0.0,0.0,0.0,0,0,0,0,0,0.00,0.00,0.00,0.00,0,False,"[{'fixture': 34, 'stats': [{'identifier': 'minutes', 'points': 0, 'value': 0, 'points_modification': 0}]}]",False
379,4,2025-26,0,0,0,0,0,0,0,0,0,0,0,0,0,0.0,0.0,0.0,0.0,0,0,0,0,0,0.00,0.00,0.00,0.00,0,False,"[{'fixture': 34, 'stats': [{'identifier': 'minutes', 'points': 0, 'value': 0, 'points_modification': 0}]}]",False
380,4,2025-26,0,0,0,0,0,0,0,0,0,0,0,0,0,0.0,0.0,0.0,0.0,0,0,0,0,0,0.00,0.00,0.00,0.00,0,False,"[{'fixture': 34, 'stats': [{'identifier': 'minutes', 'points': 0, 'value': 0, 'points_modification': 0}]}]",False
381,4,2025-26,90,1,0,1,0,0,0,0,0,0,0,1,26,35.0,20.6,27.0,8.3,0,3,0,3,1,0.79,0.15,0.94,0.13,9,False,"[{'fixture': 34, 'stats': [{'identifier': 'minutes', 'points': 2, 'value': 90, 'points_modification': 0}, {'identifier': 'goals_scored', 'points': 5, 'value': 1, 'points_modification': 0}, {'identifier': 'clean_sheets', 'points': 1, 'value': 1, 'points_modification': 0}, {'identifier': 'bonus', 'points': 1, 'value': 1, 'points_modification': 0}]}]",False
382,4,2025-26,86,0,0,1,0,0,0,0,0,0,0,0,8,9.2,59.0,22.0,9.0,1,2,1,4,1,0.15,0.26,0.41,0.13,3,False,"[{'fixture': 34, 'stats': [{'identifier': 'minutes', 'points': 2, 'value': 86, 'points_modification': 0}, {'identifier': 'clean_sheets', 'points': 1, 'value': 1, 'points_modification': 0}]}]",False
383,4,2025-26,0,0,0,0,0,0,0,0,0,0,0,0,0,0.0,0.0,0.0,0.0,0,0,0,0,0,0.00,0.00,0.00,0.00,0,False,"[{'fixture': 34, 'stats': [{'identifier': 'minutes', 'points': 0, 'value': 0, 'points_modification': 0}]}]",False
384,4,2025-26,90,0,0,1,0,0,0,0,0,0,0,0,14,4.2,35.8,32.0,7.2,1,0,0,1,1,0.21,0.32,0.53,0.13,3,False,"[{'fixture': 34, 'stats': [{'identifier': 'minutes', 'points': 2, 'value': 90, 'points_modification': 0}, {'identifier': 'clean_sheets', 'points': 1, 'value': 1, 'points_modification': 0}]}]",False
385,4,2025-26,18,0,0,0,0,0,0,0,0,0,0,0,-1,0.0,0.6,8.0,0.7,0,0,0,0,0,0.08,0.03,0.11,0.01,1,False,"[{'fixture': 34, 'stats': [{'identifier': 'minutes', 'points': 1, 'value': 18, 'points_modification': 0}]}]",False
386,4,2025-26,45,0,0,0,0,0,0,0,0,0,0,0,10,3.4,4.7,0.0,0.8,0,2,1,3,1,0.00,0.03,0.03,0.12,1,False,"[{'fixture': 34, 'stats': [{'identifier': 'minutes', 'points': 1, 'value': 45, 'points_modification': 0}]}]",False
387,4,2025-26,90,0,0,1,0,0,0,0,0,0,0,0,14,12.6,11.9,22.0,4.7,4,4,1,9,1,0.21,0.07,0.28,0.13,3,False,"[{'fixture': 34, 'stats': [{'identifier': 'minutes', 'points': 2, 'value': 90, 'points_modification': 0}, {'identifier': 'clean_sheets', 'points': 1, 'value': 1, 'points_modification': 0}]}]",False
388,4,2025-26,0,0,0,0,0,0,0,0,0,0,0,0,0,0.0,0.0,0.0,0.0,0,0,0,0,0,0.00,0.00,0.00,0.00,0,False,"[{'fixture': 34, 'stats': [{'identifier': 'minutes', 'points': 0, 'value': 0, 'points_modification': 0}]}]",False
389,4,2025-26,19,0,0,0,0,0,0,0,0,0,0,0,4,1.4,2.0,0.0,0.3,1,1,0,2,0,0.00,0.00,0.00,0.55,1,False,"[{'fixture': 36, 'stats': [{'identifier': 'minutes', 'points': 1, 'value': 19, 'points_modification': 0}]}]",False
390,4,2025-26,90,0,0,1,0,0,0,0,0,0,0,0,19,21.2,51.8,12.0,8.5,2,3,1,6,1,0.12,0.11,0.23,0.13,3,False,"[{'fixture': 34, 'stats': [{'identifier': 'minutes', 'points': 2, 'value': 90, 'points_modification': 0}, {'identifier': 'clean_sheets', 'points': 1, 'value': 1, 'points_modification': 0}]}]",False
391,4,2025-26,0,0,0,0,0,0,0,0,0,0,0,0,0,0.0,0.0,0.0,0.0,0,0,0,0,0,0.00,0.00,0.00,0.00,0,False,"[{'fixture': 32, 'stats': [{'identifier': 'minutes', 'points': 0, 'value': 0, 'points_modification': 0}]}]",False
392,4,2025-26,0,0,0,0,0,0,0,0,0,0,0,0,0,0.0,0.0,0.0,0.0,0,0,0,0,0,0.00,0.00,0.00,0.00,0,False,"[{'fixture': 34, 'stats': [{'identifier': 'minutes', 'points': 0, 'value': 0, 'points_modification': 0}]}]",False
393,4,2025-26,0,0,0,0,0,0,0,0,0,0,0,0,0,0.0,0.0,0.0,0.0,0,0,0,0,0,0.00,0.00,0.00,0.00,0,False,"[{'fixture': 34, 'stats': [{'identifier': 'minutes', 'points': 0, 'value': 0, 'points_modification': 0}]}]",False
394,4,2025-26,0,0,0,0,0,0,0,0,0,0,0,0,0,0.0,0.0,0.0,0.0,0,0,0,0,0,0.00,0.00,0.00,0.00,0,False,"[{'fixture': 34, 'stats': [{'identifier': 'minutes', 'points': 0, 'value': 0, 'points_modification': 0}]}]",False
395,4,2025-26,0,0,0,0,0,0,0,0,0,0,0,0,0,0.0,0.0,0.0,0.0,0,0,0,0,0,0.00,0.00,0.00,0.00,0,False,"[{'fixture': 34, 'stats': [{'identifier': 'minutes', 'points': 0, 'value': 0, 'points_modification': 0}]}]",False
396,4,2025-26,0,0,0,0,0,0,0,0,0,0,0,0,0,0.0,0.0,0.0,0.0,0,0,0,0,0,0.00,0.00,0.00,0.00,0,False,"[{'fixture': 34, 'stats': [{'identifier': 'minutes', 'points': 0, 'value': 0, 'points_modification': 0}]}]",False
397,4,2025-26,0,0,0,0,0,0,0,0,0,0,0,0,0,0.0,0.0,0.0,0.0,0,0,0,0,0,0.00,0.00,0.00,0.00,0,False,"[{'fixture': 34, 'stats': [{'identifier': 'minutes', 'points': 0, 'value': 0, 'points_modification': 0}]}]",False
398,4,2025-26,0,0,0,0,0,0,0,0,0,0,0,0,0,0.0,0.0,0.0,0.0,0,0,0,0,0,0.00,0.00,0.00,0.00,0,False,"[{'fixture': 34, 'stats': [{'identifier': 'minutes', 'points': 0, 'value': 0, 'points_modification': 0}]}]",False
399,4,2025-26,0,0,0,0,0,0,0,0,0,0,0,0,0,0.0,0.0,0.0,0.0,0,0,0,0,0,0.00,0.00,0.00,0.00,0,False,"[{'fixture': 38, 'stats': [{'identifier': 'minutes', 'points': 0, 'value': 0, 'points_modification': 0}]}]",False
400,4,2025-26,0,0,0,0,0,0,0,0,0,0,0,0,0,0.0,0.0,0.0,0.0,0,0,0,0,0,0.00,0.00,0.00,0.00,0,False,"[{'fixture': 38, 'stats': [{'identifier': 'minutes', 'points': 0, 'value': 0, 'points_modification': 0}]}]",False
401,4,2025-26,0,0,0,0,0,0,0,0,0,0,0,0,0,0.0,0.0,0.0,0.0,0,0,0,0,0,0.00,0.00,0.00,0.00,0,False,"[{'fixture': 38, 'stats': [{'identifier': 'minutes', 'points': 0, 'value': 0, 'points_modification': 0}]}]",False
402,4,2025-26,0,0,0,0,0,0,0,0,0,0,0,0,0,0.0,0.0,0.0,0.0,0,0,0,0,0,0.00,0.00,0.00,0.00,0,False,"[{'fixture': 38, 'stats': [{'identifier': 'minutes', 'points': 0, 'value': 0, 'points_modification': 0}]}]",False
403,4,2025-26,90,0,0,1,0,0,0,0,0,0,0,0,22,9.2,1.2,0.0,1.0,3,0,0,3,1,0.00,0.00,0.00,1.51,6,False,"[{'fixture': 38, 'stats': [{'identifier': 'minutes', 'points': 2, 'value': 90, 'points_modification': 0}, {'identifier': 'clean_sheets', 'points': 4, 'value': 1, 'points_modification': 0}]}]",False
404,4,2025-26,0,0,0,0,0,0,0,0,0,0,0,0,0,0.0,0.0,0.0,0.0,0,0,0,0,0,0.00,0.00,0.00,0.00,0,False,"[{'fixture': 38, 'stats': [{'identifier': 'minutes', 'points': 0, 'value': 0, 'points_modification': 0}]}]",False
405,4,2025-26,2,0,0,0,0,0,0,0,0,0,0,0,3,0.0,0.0,0.0,0.0,0,0,0,0,0,0.00,0.00,0.00,0.09,1,False,"[{'fixture': 38, 'stats': [{'identifier': 'minutes', 'points': 1, 'value': 2, 'points_modification': 0}]}]",False
406,4,2025-26,90,0,0,1,0,0,0,0,0,0,0,0,27,20.0,2.1,0.0,2.2,10,5,2,12,1,0.00,0.01,0.01,1.51,8,False,"[{'fixture': 38, 'stats': [{'identifier': 'minutes', 'points': 2, 'value': 90, 'points_modification': 0}, {'identifier': 'clean_sheets', 'points': 4, 'value': 1, 'points_modification': 0}, {'identifier': 'defensive_contribution', 'points': 2, 'value': 12, 'points_modification': 0}]}]",False
407,4,2025-26,0,0,0,0,0,0,0,0,0,0,0,0,0,0.0,0.0,0.0,0.0,0,0,0,0,0,0.00,0.00,0.00,0.00,0,False,"[{'fixture': 38, 'stats': [{'identifier': 'minutes', 'points': 0, 'value': 0, 'points_modification': 0}]}]",False
408,4,2025-26,90,0,0,1,0,0,0,0,0,0,0,0,25,14.0,0.9,0.0,1.5,7,1,0,7,1,0.00,0.01,0.01,1.51,6,False,"[{'fixture': 38, 'stats': [{'identifier': 'minutes', 'points': 2, 'value': 90, 'points_modification': 0}, {'identifier': 'clean_sheets', 'points': 4, 'value': 1, 'points_modification': 0}]}]",False
409,4,2025-26,0,0,0,0,0,0,0,0,0,0,0,0,0,0.0,0.0,0.0,0.0,0,0,0,0,0,0.00,0.00,0.00,0.00,0,False,"[{'fixture': 38, 'stats': [{'identifier': 'minutes', 'points': 0, 'value': 0, 'points_modification': 0}]}]",False
410,4,2025-26,0,0,0,0,0,0,0,0,0,0,0,0,0,0.0,0.0,0.0,0.0,0,0,0,0,0,0.00,0.00,0.00,0.00,0,False,"[{'fixture': 38, 'stats': [{'identifier': 'minutes', 'points': 0, 'value': 0, 'points_modification': 0}]}]",False
411,4,2025-26,90,0,0,1,0,0,0,0,0,0,0,0,25,19.6,1.8,1.0,2.2,4,5,5,9,1,0.03,0.01,0.04,1.51,6,False,"[{'fixture': 38, 'stats': [{'identifier': 'minutes', 'points': 2, 'value': 90, 'points_modification': 0}, {'identifier': 'clean_sheets', 'points': 4, 'value': 1, 'points_modification': 0}]}]",False
412,4,2025-26,0,0,0,0,0,0,0,0,0,0,0,0,0,0.0,0.0,0.0,0.0,0,0,0,0,0,0.00,0.00,0.00,0.00,0,False,"[{'fixture': 38, 'stats': [{'identifier': 'minutes', 'points': 0, 'value': 0, 'points_modification': 0}]}]",False
413,4,2025-26,0,0,0,0,0,0,0,0,0,0,0,0,0,0.0,0.0,0.0,0.0,0,0,0,0,0,0.00,0.00,0.00,0.00,0,False,"[{'fixture': 38, 'stats': [{'identifier': 'minutes', 'points': 0, 'value': 0, 'points_modification': 0}]}]",False
414,4,2025-26,90,1,0,1,0,0,0,0,0,0,0,2,37,40.6,16.5,23.0,8.0,1,11,1,13,1,0.28,0.03,0.31,1.51,12,True,"[{'fixture': 38, 'stats': [{'identifier': 'minutes', 'points': 2, 'value': 90, 'points_modification': 0}, {'identifier': 'goals_scored', 'points': 5, 'value': 1, 'points_modification': 0}, {'identifier': 'clean_sheets', 'points': 1, 'value': 1, 'points_modification': 0}, {'identifier': 'bonus', 'points': 2, 'value': 2, 'points_modification': 0}, {'identifier': 'defensive_contribution', 'points': 2, 'value': 13, 'points_modification': 0}]}]",False
415,4,2025-26,13,0,0,0,0,0,0,0,0,0,0,0,6,5.2,0.5,33.0,3.9,2,0,0,2,0,0.04,0.00,0.04,1.37,1,False,"[{'fixture': 38, 'stats': [{'identifier': 'minutes', 'points': 1, 'value': 13, 'points_modification': 0}]}]",False
416,4,2025-26,87,0,1,1,0,0,0,0,0,0,0,0,16,19.0,33.8,8.0,6.1,0,7,1,8,1,0.10,0.55,0.65,1.42,6,False,"[{'fixture': 38, 'stats': [{'identifier': 'minutes', 'points': 2, 'value': 87, 'points_modification': 0}, {'identifier': 'assists', 'points': 3, 'value': 1, 'points_modification': 0}, {'identifier': 'clean_sheets', 'points': 1, 'value': 1, 'points_modification': 0}]}]",False
417,4,2025-26,0,0,0,0,0,0,0,0,0,0,0,0,0,0.0,0.0,0.0,0.0,0,0,0,0,0,0.00,0.00,0.00,0.00,0,False,"[{'fixture': 38, 'stats': [{'identifier': 'minutes', 'points': 0, 'value': 0, 'points_modification': 0}]}]",False
418,4,2025-26,76,0,2,1,0,0,0,0,0,0,0,1,33,40.6,54.0,10.0,10.5,1,3,0,4,1,0.00,0.75,0.75,0.14,10,False,"[{'fixture': 38, 'stats': [{'identifier': 'minutes', 'points': 2, 'value': 76, 'points_modification': 0}, {'identifier': 'assists', 'points': 6, 'value': 2, 'points_modification': 0}, {'identifier': 'clean_sheets', 'points': 1, 'value': 1, 'points_modification': 0}, {'identifier': 'bonus', 'points': 1, 'value': 1, 'points_modification': 0}]}]",False
419,4,2025-26,90,0,0,1,0,0,0,0,1,0,0,0,20,28.0,64.3,56.0,14.8,1,2,3,6,1,0.09,0.30,0.39,0.54,2,False,"[{'fixture': 36, 'stats': [{'identifier': 'minutes', 'points': 2, 'value': 90, 'points_modification': 0}, {'identifier': 'clean_sheets', 'points': 1, 'value': 1, 'points_modification': 0}, {'identifier': 'yellow_cards', 'points': -1, 'value': 1, 'points_modification': 0}]}]",False
420,4,2025-26,0,0,0,0,0,0,0,0,0,0,0,0,0,0.0,0.0,0.0,0.0,0,0,0,0,0,0.00,0.00,0.00,0.00,0,False,"[{'fixture': 38, 'stats': [{'identifier': 'minutes', 'points': 0, 'value': 0, 'points_modification': 0}]}]",False
421,4,2025-26,75,0,0,1,0,0,0,0,0,0,0,0,11,6.4,3.8,0.0,1.0,0,5,2,7,1,0.00,0.02,0.02,0.14,3,False,"[{'fixture': 38, 'stats': [{'identifier': 'minutes', 'points': 2, 'value': 75, 'points_modification': 0}, {'identifier': 'clean_sheets', 'points': 1, 'value': 1, 'points_modification': 0}]}]",False
422,4,2025-26,0,0,0,0,0,0,0,0,0,0,0,0,0,0.0,0.0,0.0,0.0,0,0,0,0,0,0.00,0.00,0.00,0.00,0,False,"[{'fixture': 38, 'stats': [{'identifier': 'minutes', 'points': 0, 'value': 0, 'points_modification': 0}]}]",False
423,4,2025-26,14,0,0,0,0,0,0,0,0,0,0,0,5,9.2,0.1,0.0,0.9,4,1,0,5,0,0.00,0.00,0.00,1.37,1,False,"[{'fixture': 38, 'stats': [{'identifier': 'minutes', 'points': 1, 'value': 14, 'points_modification': 0}]}]",False
424,4,2025-26,3,0,0,0,0,0,0,0,0,0,0,0,5,3.0,10.8,4.0,1.8,0,1,0,1,0,0.00,0.05,0.05,0.09,1,False,"[{'fixture': 38, 'stats': [{'identifier': 'minutes', 'points': 1, 'value': 3, 'points_modification': 0}]}]",False
425,4,2025-26,0,0,0,0,0,0,0,0,0,0,0,0,0,0.0,0.0,0.0,0.0,0,0,0,0,0,0.00,0.00,0.00,0.00,0,False,"[{'fixture': 38, 'stats': [{'identifier': 'minutes', 'points': 0, 'value': 0, 'points_modification': 0}]}]",False
426,4,2025-26,17,0,0,0,1,0,0,0,0,0,0,0,2,2.8,12.1,0.0,1.5,0,0,0,0,0,0.00,0.01,0.01,0.08,1,False,"[{'fixture': 31, 'stats': [{'identifier': 'minutes', 'points': 1, 'value': 17, 'points_modification': 0}]}]",False
427,4,2025-26,90,0,0,1,0,0,0,0,0,0,0,0,8,8.0,19.3,25.0,5.2,3,3,1,7,1,0.35,0.02,0.37,1.51,3,False,"[{'fixture': 38, 'stats': [{'identifier': 'minutes', 'points': 2, 'value': 90, 'points_modification': 0}, {'identifier': 'clean_sheets', 'points': 1, 'value': 1, 'points_modification': 0}]}]",False
428,4,2025-26,0,0,0,0,0,0,0,0,0,0,0,0,0,0.0,0.0,0.0,0.0,0,0,0,0,0,0.00,0.00,0.00,0.00,0,False,"[{'fixture': 38, 'stats': [{'identifier': 'minutes', 'points': 0, 'value': 0, 'points_modification': 0}]}]",False
429,4,2025-26,0,0,0,0,0,0,0,0,0,0,0,0,0,0.0,0.0,0.0,0.0,0,0,0,0,0,0.00,0.00,0.00,0.00,0,False,"[{'fixture': 38, 'stats': [{'identifier': 'minutes', 'points': 0, 'value': 0, 'points_modification': 0}]}]",False
430,4,2025-26,86,2,0,1,0,0,0,0,0,0,0,3,63,78.8,12.9,70.0,16.2,6,2,0,8,1,1.80,0.01,1.81,1.42,13,True,"[{'fixture': 38, 'stats': [{'identifier': 'minutes', 'points': 2, 'value': 86, 'points_modification': 0}, {'identifier': 'goals_scored', 'points': 8, 'value': 2, 'points_modification': 0}, {'identifier': 'bonus', 'points': 3, 'value': 3, 'points_modification': 0}]}]",False
431,4,2025-26,90,0,0,0,3,0,0,0,0,0,3,0,5,29.2,0.0,0.0,2.9,1,4,0,0,1,0.00,0.00,0.00,2.52,2,False,"[{'fixture': 38, 'stats': [{'identifier': 'minutes', 'points': 2, 'value': 90, 'points_modification': 0}, {'identifier': 'goals_conceded', 'points': -1, 'value': 3, 'points_modification': 0}, {'identifier': 'saves', 'points': 1, 'value': 3, 'points_modification': 0}]}]",False
432,4,2025-26,0,0,0,0,0,0,0,0,0,0,0,0,0,0.0,0.0,0.0,0.0,0,0,0,0,0,0.00,0.00,0.00,0.00,0,False,"[{'fixture': 38, 'stats': [{'identifier': 'minutes', 'points': 0, 'value': 0, 'points_modification': 0}]}]",False
433,4,2025-26,0,0,0,0,0,0,0,0,0,0,0,0,0,0.0,0.0,0.0,0.0,0,0,0,0,0,0.00,0.00,0.00,0.00,0,False,"[{'fixture': 38, 'stats': [{'identifier': 'minutes', 'points': 0, 'value': 0, 'points_modification': 0}]}]",False
434,4,2025-26,0,0,0,0,0,0,0,0,0,0,0,0,0,0.0,0.0,0.0,0.0,0,0,0,0,0,0.00,0.00,0.00,0.00,0,False,"[{'fixture': 38, 'stats': [{'identifier': 'minutes', 'points': 0, 'value': 0, 'points_modification': 0}]}]",False
435,4,2025-26,0,0,0,0,0,0,0,0,0,0,0,0,0,0.0,0.0,0.0,0.0,0,0,0,0,0,0.00,0.00,0.00,0.00,0,False,"[{'fixture': 38, 'stats': [{'identifier': 'minutes', 'points': 0, 'value': 0, 'points_modification': 0}]}]",False
436,4,2025-26,90,0,0,0,3,0,0,0,0,0,0,0,6,14.8,0.8,0.0,1.6,4,4,5,9,1,0.00,0.00,0.00,2.52,1,False,"[{'fixture': 38, 'stats': [{'identifier': 'minutes', 'points': 2, 'value': 90, 'points_modification': 0}, {'identifier': 'goals_conceded', 'points': -1, 'value': 3, 'points_modification': 0}]}]",False
437,4,2025-26,0,0,0,0,0,0,0,0,0,0,0,0,0,0.0,0.0,0.0,0.0,0,0,0,0,0,0.00,0.00,0.00,0.00,0,False,"[{'fixture': 38, 'stats': [{'identifier': 'minutes', 'points': 0, 'value': 0, 'points_modification': 0}]}]",False
438,4,2025-26,61,0,0,0,2,0,0,0,0,0,0,0,7,8.6,2.5,4.0,1.5,2,5,3,5,1,0.00,0.03,0.03,1.46,1,False,"[{'fixture': 38, 'stats': [{'identifier': 'minutes', 'points': 2, 'value': 61, 'points_modification': 0}, {'identifier': 'goals_conceded', 'points': -1, 'value': 2, 'points_modification': 0}]}]",False
439,4,2025-26,0,0,0,0,0,0,0,0,0,0,0,0,0,0.0,0.0,0.0,0.0,0,0,0,0,0,0.00,0.00,0.00,0.00,0,False,"[{'fixture': 38, 'stats': [{'identifier': 'minutes', 'points': 0, 'value': 0, 'points_modification': 0}]}]",False
440,4,2025-26,0,0,0,0,0,0,0,0,0,0,0,0,0,0.0,0.0,0.0,0.0,0,0,0,0,0,0.00,0.00,0.00,0.00,0,False,"[{'fixture': 38, 'stats': [{'identifier': 'minutes', 'points': 0, 'value': 0, 'points_modification': 0}]}]",False
441,4,2025-26,90,0,0,0,3,0,0,0,0,0,0,0,7,20.4,48.9,28.0,9.7,2,3,4,6,1,0.20,0.10,0.30,2.52,1,False,"[{'fixture': 38, 'stats': [{'identifier': 'minutes', 'points': 2, 'value': 90, 'points_modification': 0}, {'identifier': 'goals_conceded', 'points': -1, 'value': 3, 'points_modification': 0}]}]",False
442,4,2025-26,28,0,0,0,1,0,0,0,0,0,0,0,-4,0.0,0.3,0.0,0.0,1,1,0,1,0,0.00,0.00,0.00,1.06,1,False,"[{'fixture': 38, 'stats': [{'identifier': 'minutes', 'points': 1, 'value': 28, 'points_modification': 0}]}]",False
443,4,2025-26,90,0,0,0,3,0,0,0,0,0,0,0,1,8.6,3.7,0.0,1.2,1,5,1,2,1,0.00,0.05,0.05,2.52,1,False,"[{'fixture': 38, 'stats': [{'identifier': 'minutes', 'points': 2, 'value': 90, 'points_modification': 0}, {'identifier': 'goals_conceded', 'points': -1, 'value': 3, 'points_modification': 0}]}]",False
444,4,2025-26,61,0,0,0,2,0,0,0,0,0,0,0,-3,0.6,0.8,2.0,0.3,3,5,0,3,1,0.00,0.00,0.00,1.46,1,False,"[{'fixture': 38, 'stats': [{'identifier': 'minutes', 'points': 2, 'value': 61, 'points_modification': 0}, {'identifier': 'goals_conceded', 'points': -1, 'value': 2, 'points_modification': 0}]}]",False
445,4,2025-26,0,0,0,0,0,0,0,0,0,0,0,0,0,0.0,0.0,0.0,0.0,0,0,0,0,0,0.00,0.00,0.00,0.00,0,False,"[{'fixture': 38, 'stats': [{'identifier': 'minutes', 'points': 0, 'value': 0, 'points_modification': 0}]}]",False
446,4,2025-26,0,0,0,0,0,0,0,0,0,0,0,0,0,0.0,0.0,0.0,0.0,0,0,0,0,0,0.00,0.00,0.00,0.00,0,False,"[{'fixture': 38, 'stats': [{'identifier': 'minutes', 'points': 0, 'value': 0, 'points_modification': 0}]}]",False
447,4,2025-26,0,0,0,0,0,0,0,0,0,0,0,0,0,0.0,0.0,0.0,0.0,0,0,0,0,0,0.00,0.00,0.00,0.00,0,False,"[{'fixture': 38, 'stats': [{'identifier': 'minutes', 'points': 0, 'value': 0, 'points_modification': 0}]}]",False
448,4,2025-26,0,0,0,0,0,0,0,0,0,0,0,0,0,0.0,0.0,0.0,0.0,0,0,0,0,0,0.00,0.00,0.00,0.00,0,False,"[{'fixture': 38, 'stats': [{'identifier': 'minutes', 'points': 0, 'value': 0, 'points_modification': 0}]}]",False
449,4,2025-26,90,0,0,0,3,0,0,0,0,0,0,0,21,16.0,35.7,1.0,5.3,0,3,2,5,1,0.02,0.32,0.34,2.52,2,False,"[{'fixture': 38, 'stats': [{'identifier': 'minutes', 'points': 2, 'value': 90, 'points_modification': 0}]}]",False
450,4,2025-26,0,0,0,0,0,0,0,0,0,0,0,0,0,0.0,0.0,0.0,0.0,0,0,0,0,0,0.00,0.00,0.00,0.00,0,False,"[{'fixture': 38, 'stats': [{'identifier': 'minutes', 'points': 0, 'value': 0, 'points_modification': 0}]}]",False
451,4,2025-26,0,0,0,0,0,0,0,0,0,0,0,0,0,0.0,0.0,0.0,0.0,0,0,0,0,0,0.00,0.00,0.00,0.00,0,False,"[{'fixture': 38, 'stats': [{'identifier': 'minutes', 'points': 0, 'value': 0, 'points_modification': 0}]}]",False
452,4,2025-26,90,0,0,0,3,0,0,0,0,0,0,0,17,10.4,27.0,9.0,4.6,1,3,2,6,1,0.07,0.57,0.64,2.52,2,False,"[{'fixture': 38, 'stats': [{'identifier': 'minutes', 'points': 2, 'value': 90, 'points_modification': 0}]}]",False
453,4,2025-26,11,0,0,0,1,0,0,0,0,0,0,0,4,2.0,10.5,6.0,1.9,0,1,0,1,0,0.00,0.05,0.05,0.71,1,False,"[{'fixture': 33, 'stats': [{'identifier': 'minutes', 'points': 1, 'value': 11, 'points_modification': 0}]}]",False
454,4,2025-26,0,0,0,0,0,0,0,0,0,0,0,0,0,0.0,0.0,0.0,0.0,0,0,0,0,0,0.00,0.00,0.00,0.00,0,False,"[{'fixture': 38, 'stats': [{'identifier': 'minutes', 'points': 0, 'value': 0, 'points_modification': 0}]}]",False
455,4,2025-26,0,0,0,0,0,0,0,0,0,0,0,0,0,0.0,0.0,0.0,0.0,0,0,0,0,0,0.00,0.00,0.00,0.00,0,False,"[{'fixture': 38, 'stats': [{'identifier': 'minutes', 'points': 0, 'value': 0, 'points_modification': 0}]}]",False
456,4,2025-26,0,0,0,0,0,0,0,0,0,0,0,0,0,0.0,0.0,0.0,0.0,0,0,0,0,0,0.00,0.00,0.00,0.00,0,False,"[{'fixture': 36, 'stats': [{'identifier': 'minutes', 'points': 0, 'value': 0, 'points_modification': 0}]}]",False
457,4,2025-26,10,0,0,0,0,0,0,0,0,0,0,0,-1,0.2,1.4,9.0,1.1,0,2,0,2,0,0.49,0.02,0.51,0.18,1,False,"[{'fixture': 38, 'stats': [{'identifier': 'minutes', 'points': 1, 'value': 10, 'points_modification': 0}]}]",False
458,4,2025-26,28,0,0,0,1,0,0,0,0,0,0,0,7,9.6,22.5,0.0,3.2,0,2,2,4,0,0.00,0.02,0.02,1.06,1,False,"[{'fixture': 38, 'stats': [{'identifier': 'minutes', 'points': 1, 'value': 28, 'points_modification': 0}]}]",False
459,4,2025-26,79,0,0,0,3,0,0,0,0,0,0,0,15,7.2,8.8,1.0,1.7,3,6,3,12,1,0.02,0.01,0.03,2.34,4,False,"[{'fixture': 38, 'stats': [{'identifier': 'minutes', 'points': 2, 'value': 79, 'points_modification': 0}, {'identifier': 'defensive_contribution', 'points': 2, 'value': 12, 'points_modification': 0}]}]",False
460,4,2025-26,0,0,0,0,0,0,0,0,0,0,0,0,0,0.0,0.0,0.0,0.0,0,0,0,0,0,0.00,0.00,0.00,0.00,0,False,"[{'fixture': 38, 'stats': [{'identifier': 'minutes', 'points': 0, 'value': 0, 'points_modification': 0}]}]",False
461,4,2025-26,0,0,0,0,0,0,0,0,0,0,0,0,0,0.0,0.0,0.0,0.0,0,0,0,0,0,0.00,0.00,0.00,0.00,0,False,"[{'fixture': 38, 'stats': [{'identifier': 'minutes', 'points': 0, 'value': 0, 'points_modification': 0}]}]",False
462,4,2025-26,0,0,0,0,0,0,0,0,0,0,0,0,0,0.0,0.0,0.0,0.0,0,0,0,0,0,0.00,0.00,0.00,0.00,0,False,"[{'fixture': 38, 'stats': [{'identifier': 'minutes', 'points': 0, 'value': 0, 'points_modification': 0}]}]",False
463,4,2025-26,0,0,0,0,0,0,0,0,0,0,0,0,0,0.0,0.0,0.0,0.0,0,0,0,0,0,0.00,0.00,0.00,0.00,0,False,"[{'fixture': 38, 'stats': [{'identifier': 'minutes', 'points': 0, 'value': 0, 'points_modification': 0}]}]",False
464,4,2025-26,0,0,0,0,0,0,0,0,0,0,0,0,0,0.0,0.0,0.0,0.0,0,0,0,0,0,0.00,0.00,0.00,0.00,0,False,"[{'fixture': 38, 'stats': [{'identifier': 'minutes', 'points': 0, 'value': 0, 'points_modification': 0}]}]",False
465,4,2025-26,0,0,0,0,0,0,0,0,0,0,0,0,0,0.0,0.0,0.0,0.0,0,0,0,0,0,0.00,0.00,0.00,0.00,0,False,"[{'fixture': 38, 'stats': [{'identifier': 'minutes', 'points': 0, 'value': 0, 'points_modification': 0}]}]",False
466,4,2025-26,10,0,0,0,0,0,0,0,0,0,0,0,4,0.2,0.3,2.0,0.3,0,1,0,1,0,0.00,0.00,0.00,0.18,1,False,"[{'fixture': 38, 'stats': [{'identifier': 'minutes', 'points': 1, 'value': 10, 'points_modification': 0}]}]",False
467,4,2025-26,0,0,0,0,0,0,0,0,0,0,0,0,0,0.0,0.0,0.0,0.0,0,0,0,0,0,0.00,0.00,0.00,0.00,0,False,"[{'fixture': 38, 'stats': [{'identifier': 'minutes', 'points': 0, 'value': 0, 'points_modification': 0}]}]",False
468,4,2025-26,0,0,0,0,0,0,0,0,0,0,0,0,0,0.0,0.0,0.0,0.0,0,0,0,0,0,0.00,0.00,0.00,0.00,0,False,"[{'fixture': 38, 'stats': [{'identifier': 'minutes', 'points': 0, 'value': 0, 'points_modification': 0}]}]",False
469,4,2025-26,90,0,0,1,0,0,0,0,0,0,3,1,29,26.4,0.0,0.0,2.6,0,7,0,0,1,0.00,0.00,0.00,0.50,8,False,"[{'fixture': 39, 'stats': [{'identifier': 'minutes', 'points': 2, 'value': 90, 'points_modification': 0}, {'identifier': 'clean_sheets', 'points': 4, 'value': 1, 'points_modification': 0}, {'identifier': 'saves', 'points': 1, 'value': 3, 'points_modification': 0}, {'identifier': 'bonus', 'points': 1, 'value': 1, 'points_modification': 0}]}]",False
470,4,2025-26,90,0,0,0,1,0,0,0,0,0,3,0,15,21.2,0.0,0.0,2.1,4,11,0,0,1,0.00,0.00,0.00,2.45,3,False,"[{'fixture': 34, 'stats': [{'identifier': 'minutes', 'points': 2, 'value': 90, 'points_modification': 0}, {'identifier': 'saves', 'points': 1, 'value': 3, 'points_modification': 0}]}]",False
471,4,2025-26,0,0,0,0,0,0,0,0,0,0,0,0,0,0.0,0.0,0.0,0.0,0,0,0,0,0,0.00,0.00,0.00,0.00,0,False,"[{'fixture': 39, 'stats': [{'identifier': 'minutes', 'points': 0, 'value': 0, 'points_modification': 0}]}]",False
472,4,2025-26,0,0,0,0,0,0,0,0,0,0,0,0,0,0.0,0.0,0.0,0.0,0,0,0,0,0,0.00,0.00,0.00,0.00,0,False,"[{'fixture': 39, 'stats': [{'identifier': 'minutes', 'points': 0, 'value': 0, 'points_modification': 0}]}]",False
473,4,2025-26,0,0,0,0,0,0,0,0,0,0,0,0,0,0.0,0.0,0.0,0.0,0,0,0,0,0,0.00,0.00,0.00,0.00,0,False,"[{'fixture': 39, 'stats': [{'identifier': 'minutes', 'points': 0, 'value': 0, 'points_modification': 0}]}]",False
474,4,2025-26,90,0,0,1,0,0,0,0,0,0,0,0,28,28.6,11.3,2.0,4.2,11,2,0,11,1,0.00,0.03,0.03,0.50,8,False,"[{'fixture': 39, 'stats': [{'identifier': 'minutes', 'points': 2, 'value': 90, 'points_modification': 0}, {'identifier': 'clean_sheets', 'points': 4, 'value': 1, 'points_modification': 0}, {'identifier': 'defensive_contribution', 'points': 2, 'value': 11, 'points_modification': 0}]}]",False
475,4,2025-26,1,0,0,0,0,0,0,0,0,0,0,0,3,0.0,0.0,0.0,0.0,0,0,0,0,0,0.00,0.00,0.00,0.00,1,False,"[{'fixture': 39, 'stats': [{'identifier': 'minutes', 'points': 1, 'value': 1, 'points_modification': 0}]}]",False
476,4,2025-26,90,0,0,1,0,0,0,0,0,0,0,0,24,13.8,0.5,9.0,2.3,4,3,2,6,1,0.04,0.00,0.04,0.50,6,False,"[{'fixture': 39, 'stats': [{'identifier': 'minutes', 'points': 2, 'value': 90, 'points_modification': 0}, {'identifier': 'clean_sheets', 'points': 4, 'value': 1, 'points_modification': 0}]}]",False
477,4,2025-26,90,0,0,1,0,0,0,0,0,0,0,0,22,10.0,5.7,2.0,1.8,2,4,2,4,1,0.00,0.04,0.04,0.50,6,False,"[{'fixture': 39, 'stats': [{'identifier': 'minutes', 'points': 2, 'value': 90, 'points_modification': 0}, {'identifier': 'clean_sheets', 'points': 4, 'value': 1, 'points_modification': 0}]}]",False
478,4,2025-26,90,0,0,1,0,0,0,0,0,0,0,2,32,22.2,82.1,2.0,10.6,2,7,1,3,1,0.00,0.19,0.19,0.50,8,False,"[{'fixture': 39, 'stats': [{'identifier': 'minutes', 'points': 2, 'value': 90, 'points_modification': 0}, {'identifier': 'clean_sheets', 'points': 4, 'value': 1, 'points_modification': 0}, {'identifier': 'bonus', 'points': 2, 'value': 2, 'points_modification': 0}]}]",False
479,4,2025-26,0,0,0,0,0,0,0,0,0,0,0,0,0,0.0,0.0,0.0,0.0,0,0,0,0,0,0.00,0.00,0.00,0.00,0,False,"[{'fixture': 39, 'stats': [{'identifier': 'minutes', 'points': 0, 'value': 0, 'points_modification': 0}]}]",False
480,4,2025-26,0,0,0,0,0,0,0,0,0,0,0,0,0,0.0,0.0,0.0,0.0,0,0,0,0,0,0.00,0.00,0.00,0.00,0,False,"[{'fixture': 39, 'stats': [{'identifier': 'minutes', 'points': 0, 'value': 0, 'points_modification': 0}]}]",False
481,4,2025-26,0,0,0,0,0,0,0,0,0,0,0,0,0,0.0,0.0,0.0,0.0,0,0,0,0,0,0.00,0.00,0.00,0.00,0,False,"[{'fixture': 39, 'stats': [{'identifier': 'minutes', 'points': 0, 'value': 0, 'points_modification': 0}]}]",False
482,4,2025-26,0,0,0,0,0,0,0,0,0,0,0,0,0,0.0,0.0,0.0,0.0,0,0,0,0,0,0.00,0.00,0.00,0.00,0,False,"[{'fixture': 39, 'stats': [{'identifier': 'minutes', 'points': 0, 'value': 0, 'points_modification': 0}]}]",False
483,4,2025-26,0,0,0,0,0,0,0,0,0,0,0,0,0,0.0,0.0,0.0,0.0,0,0,0,0,0,0.00,0.00,0.00,0.00,0,False,"[{'fixture': 39, 'stats': [{'identifier': 'minutes', 'points': 0, 'value': 0, 'points_modification': 0}]}]",False
484,4,2025-26,0,0,0,0,0,0,0,0,0,0,0,0,0,0.0,0.0,0.0,0.0,0,0,0,0,0,0.00,0.00,0.00,0.00,0,False,"[{'fixture': 39, 'stats': [{'identifier': 'minutes', 'points': 0, 'value': 0, 'points_modification': 0}]}]",False
485,4,2025-26,0,0,0,0,0,0,0,0,0,0,0,0,0,0.0,0.0,0.0,0.0,0,0,0,0,0,0.00,0.00,0.00,0.00,0,False,"[{'fixture': 39, 'stats': [{'identifier': 'minutes', 'points': 0, 'value': 0, 'points_modification': 0}]}]",False
486,4,2025-26,10,0,0,0,0,0,0,0,0,0,0,0,4,0.2,1.4,0.0,0.2,0,0,0,0,0,0.00,0.00,0.00,0.09,1,False,"[{'fixture': 39, 'stats': [{'identifier': 'minutes', 'points': 1, 'value': 10, 'points_modification': 0}]}]",False
487,4,2025-26,79,0,0,1,0,0,0,0,0,0,0,0,4,0.0,4.1,14.0,1.8,1,2,1,4,1,0.11,0.09,0.20,0.41,3,False,"[{'fixture': 39, 'stats': [{'identifier': 'minutes', 'points': 2, 'value': 79, 'points_modification': 0}, {'identifier': 'clean_sheets', 'points': 1, 'value': 1, 'points_modification': 0}]}]",False
488,4,2025-26,90,0,0,1,0,0,0,0,1,0,0,0,9,7.2,32.3,6.0,4.6,1,10,0,11,1,0.08,0.05,0.13,0.50,2,False,"[{'fixture': 39, 'stats': [{'identifier': 'minutes', 'points': 2, 'value': 90, 'points_modification': 0}, {'identifier': 'clean_sheets', 'points': 1, 'value': 1, 'points_modification': 0}, {'identifier': 'yellow_cards', 'points': -1, 'value': 1, 'points_modification': 0}]}]",False
489,4,2025-26,90,0,1,1,0,0,0,0,0,0,0,0,16,24.2,17.2,41.0,8.2,2,0,0,2,1,0.82,0.28,1.10,0.50,6,False,"[{'fixture': 39, 'stats': [{'identifier': 'minutes', 'points': 2, 'value': 90, 'points_modification': 0}, {'identifier': 'assists', 'points': 3, 'value': 1, 'points_modification': 0}, {'identifier': 'clean_sheets', 'points': 1, 'value': 1, 'points_modification': 0}]}]",False
490,4,2025-26,64,0,0,1,0,0,0,0,0,0,0,0,11,3.2,16.6,8.0,2.8,1,1,0,2,1,0.00,0.31,0.31,0.41,3,False,"[{'fixture': 39, 'stats': [{'identifier': 'minutes', 'points': 2, 'value': 64, 'points_modification': 0}, {'identifier': 'clean_sheets', 'points': 1, 'value': 1, 'points_modification': 0}]}]",False
491,4,2025-26,90,0,0,1,0,0,0,0,0,0,0,0,18,14.2,5.0,35.0,5.4,2,2,1,5,1,0.14,0.02,0.16,0.50,3,False,"[{'fixture': 39, 'stats': [{'identifier': 'minutes', 'points': 2, 'value': 90, 'points_modification': 0}, {'identifier': 'clean_sheets', 'points': 1, 'value': 1, 'points_modification': 0}]}]",False
492,4,2025-26,0,0,0,0,0,0,0,0,0,0,0,0,0,0.0,0.0,0.0,0.0,0,0,0,0,0,0.00,0.00,0.00,0.00,0,False,"[{'fixture': 39, 'stats': [{'identifier': 'minutes', 'points': 0, 'value': 0, 'points_modification': 0}]}]",False
493,4,2025-26,90,0,0,0,1,0,0,0,0,0,0,0,10,5.8,2.2,5.0,1.3,1,4,2,7,1,0.04,0.02,0.06,0.85,2,False,"[{'fixture': 37, 'stats': [{'identifier': 'minutes', 'points': 2, 'value': 90, 'points_modification': 0}]}]",False
494,4,2025-26,25,0,0,0,0,0,0,0,0,0,0,0,1,0.0,0.3,4.0,0.3,1,1,0,2,0,0.09,0.00,0.09,0.09,1,False,"[{'fixture': 39, 'stats': [{'identifier': 'minutes', 'points': 1, 'value': 25, 'points_modification': 0}]}]",False
495,4,2025-26,0,0,0,0,0,0,0,0,0,0,0,0,0,0.0,0.0,0.0,0.0,0,0,0,0,0,0.00,0.00,0.00,0.00,0,False,"[{'fixture': 39, 'stats': [{'identifier': 'minutes', 'points': 0, 'value': 0, 'points_modification': 0}]}]",False
496,4,2025-26,0,0,0,0,0,0,0,0,0,0,0,0,0,0.0,0.0,0.0,0.0,0,0,0,0,0,0.00,0.00,0.00,0.00,0,False,"[{'fixture': 39, 'stats': [{'identifier': 'minutes', 'points': 0, 'value': 0, 'points_modification': 0}]}]",False
497,4,2025-26,0,0,0,0,0,0,0,0,0,0,0,0,0,0.0,0.0,0.0,0.0,0,0,0,0,0,0.00,0.00,0.00,0.00,0,False,"[{'fixture': 39, 'stats': [{'identifier': 'minutes', 'points': 0, 'value': 0, 'points_modification': 0}]}]",False
498,4,2025-26,0,0,0,0,0,0,0,0,0,0,0,0,0,0.0,0.0,0.0,0.0,0,0,0,0,0,0.00,0.00,0.00,0.00,0,False,"[{'fixture': 39, 'stats': [{'identifier': 'minutes', 'points': 0, 'value': 0, 'points_modification': 0}]}]",False
499,4,2025-26,0,0,0,0,0,0,0,0,0,0,0,0,0,0.0,0.0,0.0,0.0,0,0,0,0,0,0.00,0.00,0.00,0.00,0,False,"[{'fixture': 34, 'stats': [{'identifier': 'minutes', 'points': 0, 'value': 0, 'points_modification': 0}]}]",False
500,4,2025-26,25,0,0,0,0,0,0,0,0,0,0,0,3,6.0,10.0,0.0,1.6,1,1,0,2,0,0.00,0.00,0.00,0.09,1,False,"[{'fixture': 39, 'stats': [{'identifier': 'minutes', 'points': 1, 'value': 25, 'points_modification': 0}]}]",False
501,4,2025-26,0,0,0,0,0,0,0,0,0,0,0,0,0,0.0,0.0,0.0,0.0,0,0,0,0,0,0.00,0.00,0.00,0.00,0,False,"[{'fixture': 39, 'stats': [{'identifier': 'minutes', 'points': 0, 'value': 0, 'points_modification': 0}]}]",False
502,4,2025-26,90,0,0,0,3,0,0,0,0,0,2,0,2,20.6,0.0,0.0,2.1,2,4,0,0,1,0.00,0.00,0.00,1.84,1,False,"[{'fixture': 31, 'stats': [{'identifier': 'minutes', 'points': 2, 'value': 90, 'points_modification': 0}, {'identifier': 'goals_conceded', 'points': -1, 'value': 3, 'points_modification': 0}]}]",False
503,4,2025-26,0,0,0,0,0,0,0,0,0,0,0,0,0,0.0,0.0,0.0,0.0,0,0,0,0,0,0.00,0.00,0.00,0.00,0,False,"[{'fixture': 31, 'stats': [{'identifier': 'minutes', 'points': 0, 'value': 0, 'points_modification': 0}]}]",False
504,4,2025-26,0,0,0,0,0,0,0,0,0,0,0,0,0,0.0,0.0,0.0,0.0,0,0,0,0,0,0.00,0.00,0.00,0.00,0,False,"[{'fixture': 31, 'stats': [{'identifier': 'minutes', 'points': 0, 'value': 0, 'points_modification': 0}]}]",False
505,4,2025-26,90,0,0,0,3,0,0,0,0,0,0,0,0,10.8,1.6,2.0,1.4,5,3,0,5,1,0.00,0.02,0.02,1.84,1,False,"[{'fixture': 31, 'stats': [{'identifier': 'minutes', 'points': 2, 'value': 90, 'points_modification': 0}, {'identifier': 'goals_conceded', 'points': -1, 'value': 3, 'points_modification': 0}]}]",False
506,4,2025-26,36,0,0,0,1,0,0,0,0,0,0,0,5,14.2,0.0,0.0,1.4,9,1,1,10,1,0.00,0.00,0.00,0.95,3,False,"[{'fixture': 31, 'stats': [{'identifier': 'minutes', 'points': 1, 'value': 36, 'points_modification': 0}, {'identifier': 'defensive_contribution', 'points': 2, 'value': 10, 'points_modification': 0}]}]",False
507,4,2025-26,0,0,0,0,0,0,0,0,0,0,0,0,0,0.0,0.0,0.0,0.0,0,0,0,0,0,0.00,0.00,0.00,0.00,0,False,"[{'fixture': 31, 'stats': [{'identifier': 'minutes', 'points': 0, 'value': 0, 'points_modification': 0}]}]",False
508,4,2025-26,90,0,0,0,3,0,0,0,1,0,0,0,-5,16.0,2.6,2.0,2.1,4,2,1,5,1,0.01,0.01,0.02,1.84,0,False,"[{'fixture': 31, 'stats': [{'identifier': 'minutes', 'points': 2, 'value': 90, 'points_modification': 0}, {'identifier': 'goals_conceded', 'points': -1, 'value': 3, 'points_modification': 0}, {'identifier': 'yellow_cards', 'points': -1, 'value': 1, 'points_modification': 0}]}]",False
509,4,2025-26,0,0,0,0,0,0,0,0,0,0,0,0,0,0.0,0.0,0.0,0.0,0,0,0,0,0,0.00,0.00,0.00,0.00,0,False,"[{'fixture': 31, 'stats': [{'identifier': 'minutes', 'points': 0, 'value': 0, 'points_modification': 0}]}]",False
510,4,2025-26,0,0,0,0,0,0,0,0,0,0,0,0,0,0.0,0.0,0.0,0.0,0,0,0,0,0,0.00,0.00,0.00,0.00,0,False,"[{'fixture': 31, 'stats': [{'identifier': 'minutes', 'points': 0, 'value': 0, 'points_modification': 0}]}]",False
511,4,2025-26,90,0,0,0,3,0,0,0,0,0,0,0,1,13.6,0.8,0.0,1.4,4,4,1,5,1,0.00,0.00,0.00,1.84,1,False,"[{'fixture': 31, 'stats': [{'identifier': 'minutes', 'points': 2, 'value': 90, 'points_modification': 0}, {'identifier': 'goals_conceded', 'points': -1, 'value': 3, 'points_modification': 0}]}]",False
512,4,2025-26,0,0,0,0,0,0,0,0,0,0,0,0,0,0.0,0.0,0.0,0.0,0,0,0,0,0,0.00,0.00,0.00,0.00,0,False,"[{'fixture': 31, 'stats': [{'identifier': 'minutes', 'points': 0, 'value': 0, 'points_modification': 0}]}]",False
513,4,2025-26,0,0,0,0,0,0,0,0,0,0,0,0,0,0.0,0.0,0.0,0.0,0,0,0,0,0,0.00,0.00,0.00,0.00,0,False,"[{'fixture': 31, 'stats': [{'identifier': 'minutes', 'points': 0, 'value': 0, 'points_modification': 0}]}]",False
514,4,2025-26,0,0,0,0,0,0,0,0,0,0,0,0,0,0.0,0.0,0.0,0.0,0,0,0,0,0,0.00,0.00,0.00,0.00,0,False,"[{'fixture': 31, 'stats': [{'identifier': 'minutes', 'points': 0, 'value': 0, 'points_modification': 0}]}]",False
515,4,2025-26,72,0,0,0,2,0,0,0,0,0,0,0,4,0.0,6.8,6.0,1.2,1,3,0,4,1,0.04,0.01,0.05,1.75,2,False,"[{'fixture': 31, 'stats': [{'identifier': 'minutes', 'points': 2, 'value': 72, 'points_modification': 0}]}]",False
516,4,2025-26,59,0,0,0,2,0,0,0,0,0,0,0,1,0.4,4.1,2.0,0.7,0,2,0,2,1,0.00,0.01,0.01,1.75,1,False,"[{'fixture': 31, 'stats': [{'identifier': 'minutes', 'points': 1, 'value': 59, 'points_modification': 0}]}]",False
517,4,2025-26,90,0,0,0,3,0,0,0,0,0,0,0,17,15.4,7.9,0.0,2.3,2,11,2,15,1,0.00,0.03,0.03,1.84,4,False,"[{'fixture': 31, 'stats': [{'identifier': 'minutes', 'points': 2, 'value': 90, 'points_modification': 0}, {'identifier': 'defensive_contribution', 'points': 2, 'value': 15, 'points_modification': 0}]}]",False
518,4,2025-26,0,0,0,0,0,0,0,0,0,0,0,0,0,0.0,0.0,0.0,0.0,0,0,0,0,0,0.00,0.00,0.00,0.00,0,False,"[{'fixture': 31, 'stats': [{'identifier': 'minutes', 'points': 0, 'value': 0, 'points_modification': 0}]}]",False
519,4,2025-26,0,0,0,0,0,0,0,0,0,0,0,0,0,0.0,0.0,0.0,0.0,0,0,0,0,0,0.00,0.00,0.00,0.00,0,False,"[{'fixture': 31, 'stats': [{'identifier': 'minutes', 'points': 0, 'value': 0, 'points_modification': 0}]}]",False
520,4,2025-26,0,0,0,0,0,0,0,0,0,0,0,0,0,0.0,0.0,0.0,0.0,0,0,0,0,0,0.00,0.00,0.00,0.00,0,False,"[{'fixture': 31, 'stats': [{'identifier': 'minutes', 'points': 0, 'value': 0, 'points_modification': 0}]}]",False
521,4,2025-26,72,0,0,0,2,0,0,0,0,0,0,0,16,7.8,4.5,0.0,1.2,2,2,3,7,1,0.00,0.01,0.01,1.75,2,False,"[{'fixture': 31, 'stats': [{'identifier': 'minutes', 'points': 2, 'value': 72, 'points_modification': 0}]}]",False
522,4,2025-26,17,0,0,0,1,0,0,0,0,0,0,0,1,0.0,0.6,0.0,0.0,1,0,0,1,0,0.00,0.00,0.00,0.08,1,False,"[{'fixture': 31, 'stats': [{'identifier': 'minutes', 'points': 1, 'value': 17, 'points_modification': 0}]}]",False
523,4,2025-26,0,0,0,0,0,0,0,0,0,0,0,0,0,0.0,0.0,0.0,0.0,0,0,0,0,0,0.00,0.00,0.00,0.00,0,False,"[{'fixture': 31, 'stats': [{'identifier': 'minutes', 'points': 0, 'value': 0, 'points_modification': 0}]}]",False
524,4,2025-26,0,0,0,0,0,0,0,0,0,0,0,0,0,0.0,0.0,0.0,0.0,0,0,0,0,0,0.00,0.00,0.00,0.00,0,False,"[{'fixture': 31, 'stats': [{'identifier': 'minutes', 'points': 0, 'value': 0, 'points_modification': 0}]}]",False
525,4,2025-26,59,0,0,0,2,0,0,0,0,0,0,0,4,4.4,11.6,17.0,3.3,1,0,0,1,1,0.03,0.04,0.07,1.75,1,False,"[{'fixture': 31, 'stats': [{'identifier': 'minutes', 'points': 1, 'value': 59, 'points_modification': 0}]}]",False
526,4,2025-26,0,0,0,0,0,0,0,0,0,0,0,0,0,0.0,0.0,0.0,0.0,0,0,0,0,0,0.00,0.00,0.00,0.00,0,False,"[{'fixture': 31, 'stats': [{'identifier': 'minutes', 'points': 0, 'value': 0, 'points_modification': 0}]}]",False
527,4,2025-26,0,0,0,0,0,0,0,0,0,0,0,0,0,0.0,0.0,0.0,0.0,0,0,0,0,0,0.00,0.00,0.00,0.00,0,False,"[{'fixture': 31, 'stats': [{'identifier': 'minutes', 'points': 0, 'value': 0, 'points_modification': 0}]}]",False
528,4,2025-26,0,0,0,0,0,0,0,0,0,0,0,0,0,0.0,0.0,0.0,0.0,0,0,0,0,0,0.00,0.00,0.00,0.00,0,False,"[{'fixture': 35, 'stats': [{'identifier': 'minutes', 'points': 0, 'value': 0, 'points_modification': 0}]}]",False
529,4,2025-26,0,0,0,0,0,0,0,0,0,0,0,0,0,0.0,0.0,0.0,0.0,0,0,0,0,0,0.00,0.00,0.00,0.00,0,False,"[{'fixture': 35, 'stats': [{'identifier': 'minutes', 'points': 0, 'value': 0, 'points_modification': 0}]}]",False
530,4,2025-26,0,0,0,0,0,0,0,0,0,0,0,0,0,0.0,0.0,0.0,0.0,0,0,0,0,0,0.00,0.00,0.00,0.00,0,False,"[{'fixture': 35, 'stats': [{'identifier': 'minutes', 'points': 0, 'value': 0, 'points_modification': 0}]}]",False
531,4,2025-26,0,0,0,0,0,0,0,0,0,0,0,0,0,0.0,0.0,0.0,0.0,0,0,0,0,0,0.00,0.00,0.00,0.00,0,False,"[{'fixture': 35, 'stats': [{'identifier': 'minutes', 'points': 0, 'value': 0, 'points_modification': 0}]}]",False
532,4,2025-26,90,0,0,1,0,0,0,0,0,0,0,0,26,21.4,25.8,0.0,4.7,4,2,3,7,1,0.00,0.05,0.05,1.77,6,False,"[{'fixture': 35, 'stats': [{'identifier': 'minutes', 'points': 2, 'value': 90, 'points_modification': 0}, {'identifier': 'clean_sheets', 'points': 4, 'value': 1, 'points_modification': 0}]}]",False
533,4,2025-26,0,0,0,0,0,0,0,0,0,0,0,0,0,0.0,0.0,0.0,0.0,0,0,0,0,0,0.00,0.00,0.00,0.00,0,False,"[{'fixture': 35, 'stats': [{'identifier': 'minutes', 'points': 0, 'value': 0, 'points_modification': 0}]}]",False
534,4,2025-26,0,0,0,0,0,0,0,0,0,0,0,0,0,0.0,0.0,0.0,0.0,0,0,0,0,0,0.00,0.00,0.00,0.00,0,False,"[{'fixture': 35, 'stats': [{'identifier': 'minutes', 'points': 0, 'value': 0, 'points_modification': 0}]}]",False
535,4,2025-26,0,0,0,0,0,0,0,0,0,0,0,0,0,0.0,0.0,0.0,0.0,0,0,0,0,0,0.00,0.00,0.00,0.00,0,False,"[{'fixture': 35, 'stats': [{'identifier': 'minutes', 'points': 0, 'value': 0, 'points_modification': 0}]}]",False
536,4,2025-26,0,0,0,0,0,0,0,0,0,0,0,0,0,0.0,0.0,0.0,0.0,0,0,0,0,0,0.00,0.00,0.00,0.00,0,False,"[{'fixture': 35, 'stats': [{'identifier': 'minutes', 'points': 0, 'value': 0, 'points_modification': 0}]}]",False
537,4,2025-26,0,0,0,0,0,0,0,0,0,0,0,0,0,0.0,0.0,0.0,0.0,0,0,0,0,0,0.00,0.00,0.00,0.00,0,False,"[{'fixture': 35, 'stats': [{'identifier': 'minutes', 'points': 0, 'value': 0, 'points_modification': 0}]}]",False
538,4,2025-26,0,0,0,0,0,0,0,0,0,0,0,0,0,0.0,0.0,0.0,0.0,0,0,0,0,0,0.00,0.00,0.00,0.00,0,False,"[{'fixture': 35, 'stats': [{'identifier': 'minutes', 'points': 0, 'value': 0, 'points_modification': 0}]}]",False
539,4,2025-26,0,0,0,0,0,0,0,0,0,0,0,0,0,0.0,0.0,0.0,0.0,0,0,0,0,0,0.00,0.00,0.00,0.00,0,False,"[{'fixture': 35, 'stats': [{'identifier': 'minutes', 'points': 0, 'value': 0, 'points_modification': 0}]}]",False
540,4,2025-26,0,0,0,0,0,0,0,0,0,0,0,0,0,0.0,0.0,0.0,0.0,0,0,0,0,0,0.00,0.00,0.00,0.00,0,False,"[{'fixture': 35, 'stats': [{'identifier': 'minutes', 'points': 0, 'value': 0, 'points_modification': 0}]}]",False
541,4,2025-26,90,0,0,1,0,0,0,0,0,0,0,0,29,21.4,2.1,0.0,2.4,5,4,1,6,1,0.00,0.01,0.01,1.77,6,False,"[{'fixture': 35, 'stats': [{'identifier': 'minutes', 'points': 2, 'value': 90, 'points_modification': 0}, {'identifier': 'clean_sheets', 'points': 4, 'value': 1, 'points_modification': 0}]}]",False
542,4,2025-26,0,0,0,0,0,0,0,0,0,0,0,0,0,0.0,0.0,0.0,0.0,0,0,0,0,0,0.00,0.00,0.00,0.00,0,False,"[{'fixture': 35, 'stats': [{'identifier': 'minutes', 'points': 0, 'value': 0, 'points_modification': 0}]}]",False
543,4,2025-26,68,0,0,1,0,0,0,0,0,0,0,0,11,8.2,15.2,0.0,2.3,1,2,1,4,1,0.00,0.09,0.09,0.84,3,False,"[{'fixture': 35, 'stats': [{'identifier': 'minutes', 'points': 2, 'value': 68, 'points_modification': 0}, {'identifier': 'clean_sheets', 'points': 1, 'value': 1, 'points_modification': 0}]}]",False
544,4,2025-26,90,0,0,1,0,0,0,0,0,0,0,0,1,0.0,6.1,7.0,1.1,2,2,0,4,1,0.02,0.01,0.03,1.77,3,False,"[{'fixture': 35, 'stats': [{'identifier': 'minutes', 'points': 2, 'value': 90, 'points_modification': 0}, {'identifier': 'clean_sheets', 'points': 1, 'value': 1, 'points_modification': 0}]}]",False
545,4,2025-26,0,0,0,0,0,0,0,0,0,0,0,0,0,0.0,0.0,0.0,0.0,0,0,0,0,0,0.00,0.00,0.00,0.00,0,False,"[{'fixture': 35, 'stats': [{'identifier': 'minutes', 'points': 0, 'value': 0, 'points_modification': 0}]}]",False
546,4,2025-26,0,0,0,0,0,0,0,0,0,0,0,0,0,0.0,0.0,0.0,0.0,0,0,0,0,0,0.00,0.00,0.00,0.00,0,False,"[{'fixture': 35, 'stats': [{'identifier': 'minutes', 'points': 0, 'value': 0, 'points_modification': 0}]}]",False
547,4,2025-26,0,0,0,0,0,0,0,0,0,0,0,0,0,0.0,0.0,0.0,0.0,0,0,0,0,0,0.00,0.00,0.00,0.00,0,False,"[{'fixture': 35, 'stats': [{'identifier': 'minutes', 'points': 0, 'value': 0, 'points_modification': 0}]}]",False
548,4,2025-26,0,0,0,0,0,0,0,0,0,0,0,0,0,0.0,0.0,0.0,0.0,0,0,0,0,0,0.00,0.00,0.00,0.00,0,False,"[{'fixture': 35, 'stats': [{'identifier': 'minutes', 'points': 0, 'value': 0, 'points_modification': 0}]}]",False
549,4,2025-26,0,0,0,0,0,0,0,0,0,0,0,0,0,0.0,0.0,0.0,0.0,0,0,0,0,0,0.00,0.00,0.00,0.00,0,False,"[{'fixture': 35, 'stats': [{'identifier': 'minutes', 'points': 0, 'value': 0, 'points_modification': 0}]}]",False
550,4,2025-26,0,0,0,0,0,0,0,0,0,0,0,0,0,0.0,0.0,0.0,0.0,0,0,0,0,0,0.00,0.00,0.00,0.00,0,False,"[{'fixture': 35, 'stats': [{'identifier': 'minutes', 'points': 0, 'value': 0, 'points_modification': 0}]}]",False
551,4,2025-26,1,0,0,0,0,0,0,0,0,0,0,0,3,0.0,0.0,0.0,0.0,0,0,0,0,0,0.00,0.00,0.00,0.10,1,False,"[{'fixture': 35, 'stats': [{'identifier': 'minutes', 'points': 1, 'value': 1, 'points_modification': 0}]}]",False
552,4,2025-26,83,0,0,1,0,0,0,0,0,0,0,0,11,8.4,6.7,4.0,1.9,3,3,1,7,1,0.02,0.01,0.03,1.39,3,False,"[{'fixture': 35, 'stats': [{'identifier': 'minutes', 'points': 2, 'value': 83, 'points_modification': 0}, {'identifier': 'clean_sheets', 'points': 1, 'value': 1, 'points_modification': 0}]}]",False
553,4,2025-26,90,0,0,1,0,0,0,0,0,0,0,0,8,7.2,16.4,15.0,3.9,2,2,0,4,1,0.21,0.16,0.37,1.77,3,False,"[{'fixture': 35, 'stats': [{'identifier': 'minutes', 'points': 2, 'value': 90, 'points_modification': 0}, {'identifier': 'clean_sheets', 'points': 1, 'value': 1, 'points_modification': 0}]}]",False
554,4,2025-26,0,0,0,0,0,0,0,0,0,0,0,0,0,0.0,0.0,0.0,0.0,0,0,0,0,0,0.00,0.00,0.00,0.00,0,False,"[{'fixture': 35, 'stats': [{'identifier': 'minutes', 'points': 0, 'value': 0, 'points_modification': 0}]}]",False
555,4,2025-26,0,0,0,0,0,0,0,0,0,0,0,0,0,0.0,0.0,0.0,0.0,0,0,0,0,0,0.00,0.00,0.00,0.00,0,False,"[{'fixture': 35, 'stats': [{'identifier': 'minutes', 'points': 0, 'value': 0, 'points_modification': 0}]}]",False
556,4,2025-26,0,0,0,0,0,0,0,0,0,0,0,0,0,0.0,0.0,0.0,0.0,0,0,0,0,0,0.00,0.00,0.00,0.00,0,False,"[{'fixture': 35, 'stats': [{'identifier': 'minutes', 'points': 0, 'value': 0, 'points_modification': 0}]}]",False
557,4,2025-26,0,0,0,0,0,0,0,0,0,0,0,0,0,0.0,0.0,0.0,0.0,0,0,0,0,0,0.00,0.00,0.00,0.00,0,False,"[{'fixture': 35, 'stats': [{'identifier': 'minutes', 'points': 0, 'value': 0, 'points_modification': 0}]}]",False
558,4,2025-26,0,0,0,0,0,0,0,0,0,0,0,0,0,0.0,0.0,0.0,0.0,0,0,0,0,0,0.00,0.00,0.00,0.00,0,False,"[{'fixture': 35, 'stats': [{'identifier': 'minutes', 'points': 0, 'value': 0, 'points_modification': 0}]}]",False
559,4,2025-26,0,0,0,0,0,0,0,0,0,0,0,0,0,0.0,0.0,0.0,0.0,0,0,0,0,0,0.00,0.00,0.00,0.00,0,False,"[{'fixture': 35, 'stats': [{'identifier': 'minutes', 'points': 0, 'value': 0, 'points_modification': 0}]}]",False
560,4,2025-26,90,0,0,1,0,0,0,0,0,0,0,0,1,0.6,0.6,17.0,1.8,1,1,1,3,1,0.11,0.00,0.11,1.67,2,False,"[{'fixture': 35, 'stats': [{'identifier': 'minutes', 'points': 2, 'value': 90, 'points_modification': 0}]}]",False
561,4,2025-26,0,0,0,0,0,0,0,0,0,0,0,0,0,0.0,0.0,0.0,0.0,0,0,0,0,0,0.00,0.00,0.00,0.00,0,False,"[{'fixture': 35, 'stats': [{'identifier': 'minutes', 'points': 0, 'value': 0, 'points_modification': 0}]}]",False
562,4,2025-26,0,0,0,0,0,0,0,0,0,0,0,0,0,0.0,0.0,0.0,0.0,0,0,0,0,0,0.00,0.00,0.00,0.00,0,False,"[{'fixture': 35, 'stats': [{'identifier': 'minutes', 'points': 0, 'value': 0, 'points_modification': 0}]}]",False
563,4,2025-26,0,0,0,0,0,0,0,0,0,0,0,0,0,0.0,0.0,0.0,0.0,0,0,0,0,0,0.00,0.00,0.00,0.00,0,False,"[{'fixture': 35, 'stats': [{'identifier': 'minutes', 'points': 0, 'value': 0, 'points_modification': 0}]}]",False
564,4,2025-26,0,0,0,0,0,0,0,0,0,0,0,0,0,0.0,0.0,0.0,0.0,0,0,0,0,0,0.00,0.00,0.00,0.00,0,False,"[{'fixture': 35, 'stats': [{'identifier': 'minutes', 'points': 0, 'value': 0, 'points_modification': 0}]}]",False
565,4,2025-26,90,0,0,1,0,0,0,0,0,0,4,1,39,38.6,0.0,0.0,3.9,2,9,0,0,1,0.00,0.00,0.00,0.60,8,False,"[{'fixture': 40, 'stats': [{'identifier': 'minutes', 'points': 2, 'value': 90, 'points_modification': 0}, {'identifier': 'clean_sheets', 'points': 4, 'value': 1, 'points_modification': 0}, {'identifier': 'saves', 'points': 1, 'value': 4, 'points_modification': 0}, {'identifier': 'bonus', 'points': 1, 'value': 1, 'points_modification': 0}]}]",False
566,4,2025-26,0,0,0,0,0,0,0,0,0,0,0,0,0,0.0,0.0,0.0,0.0,0,0,0,0,0,0.00,0.00,0.00,0.00,0,False,"[{'fixture': 40, 'stats': [{'identifier': 'minutes', 'points': 0, 'value': 0, 'points_modification': 0}]}]",False
567,4,2025-26,0,0,0,0,0,0,0,0,0,0,0,0,0,0.0,0.0,0.0,0.0,0,0,0,0,0,0.00,0.00,0.00,0.00,0,False,"[{'fixture': 40, 'stats': [{'identifier': 'minutes', 'points': 0, 'value': 0, 'points_modification': 0}]}]",False
568,4,2025-26,90,0,0,1,0,0,0,0,0,0,0,0,32,18.6,31.9,6.0,5.7,2,5,3,5,1,0.00,0.37,0.37,0.60,6,False,"[{'fixture': 40, 'stats': [{'identifier': 'minutes', 'points': 2, 'value': 90, 'points_modification': 0}, {'identifier': 'clean_sheets', 'points': 4, 'value': 1, 'points_modification': 0}]}]",False
569,4,2025-26,90,0,1,1,0,0,0,0,0,0,0,3,44,34.2,21.8,35.0,9.1,2,4,1,3,1,0.07,0.14,0.21,0.60,12,True,"[{'fixture': 40, 'stats': [{'identifier': 'minutes', 'points': 2, 'value': 90, 'points_modification': 0}, {'identifier': 'assists', 'points': 3, 'value': 1, 'points_modification': 0}, {'identifier': 'clean_sheets', 'points': 4, 'value': 1, 'points_modification': 0}, {'identifier': 'bonus', 'points': 3, 'value': 3, 'points_modification': 0}]}]",False
570,4,2025-26,10,0,0,0,0,0,0,0,0,0,0,0,3,2.0,0.8,0.0,0.3,0,0,0,0,0,0.00,0.00,0.00,0.00,1,False,"[{'fixture': 40, 'stats': [{'identifier': 'minutes', 'points': 1, 'value': 10, 'points_modification': 0}]}]",False
571,4,2025-26,0,0,0,0,0,0,0,0,0,0,0,0,0,0.0,0.0,0.0,0.0,0,0,0,0,0,0.00,0.00,0.00,0.00,0,False,"[{'fixture': 40, 'stats': [{'identifier': 'minutes', 'points': 0, 'value': 0, 'points_modification': 0}]}]",False
572,4,2025-26,0,0,0,0,0,0,0,0,0,0,0,0,0,0.0,0.0,0.0,0.0,0,0,0,0,0,0.00,0.00,0.00,0.00,0,False,"[{'fixture': 40, 'stats': [{'identifier': 'minutes', 'points': 0, 'value': 0, 'points_modification': 0}]}]",False
573,4,2025-26,70,0,0,1,0,0,0,0,1,0,0,0,14,2.8,2.4,2.0,0.7,0,3,0,0,1,0.00,0.01,0.01,0.60,5,False,"[{'fixture': 40, 'stats': [{'identifier': 'minutes', 'points': 2, 'value': 70, 'points_modification': 0}, {'identifier': 'clean_sheets', 'points': 4, 'value': 1, 'points_modification': 0}, {'identifier': 'yellow_cards', 'points': -1, 'value': 1, 'points_modification': 0}]}]",False
574,4,2025-26,19,0,0,0,0,0,0,0,0,0,0,0,6,4.2,11.5,6.0,2.2,0,1,1,1,0,0.00,0.01,0.01,0.00,1,False,"[{'fixture': 40, 'stats': [{'identifier': 'minutes', 'points': 1, 'value': 19, 'points_modification': 0}]}]",False
575,4,2025-26,79,1,0,1,0,0,0,0,0,0,0,2,43,46.0,10.9,23.0,8.0,4,2,1,5,1,0.09,0.00,0.09,0.60,14,True,"[{'fixture': 40, 'stats': [{'identifier': 'minutes', 'points': 2, 'value': 79, 'points_modification': 0}, {'identifier': 'goals_scored', 'points': 6, 'value': 1, 'points_modification': 0}, {'identifier': 'clean_sheets', 'points': 4, 'value': 1, 'points_modification': 0}, {'identifier': 'bonus', 'points': 2, 'value': 2, 'points_modification': 0}]}]",False
576,4,2025-26,0,0,0,0,0,0,0,0,0,0,0,0,0,0.0,0.0,0.0,0.0,0,0,0,0,0,0.00,0.00,0.00,0.00,0,False,"[{'fixture': 40, 'stats': [{'identifier': 'minutes', 'points': 0, 'value': 0, 'points_modification': 0}]}]",False
577,4,2025-26,0,0,0,0,0,0,0,0,0,0,0,0,0,0.0,0.0,0.0,0.0,0,0,0,0,0,0.00,0.00,0.00,0.00,0,False,"[{'fixture': 40, 'stats': [{'identifier': 'minutes', 'points': 0, 'value': 0, 'points_modification': 0}]}]",False
578,4,2025-26,0,0,0,0,0,0,0,0,0,0,0,0,0,0.0,0.0,0.0,0.0,0,0,0,0,0,0.00,0.00,0.00,0.00,0,False,"[{'fixture': 40, 'stats': [{'identifier': 'minutes', 'points': 0, 'value': 0, 'points_modification': 0}]}]",False
579,4,2025-26,0,0,0,0,0,0,0,0,0,0,0,0,0,0.0,0.0,0.0,0.0,0,0,0,0,0,0.00,0.00,0.00,0.00,0,False,"[{'fixture': 40, 'stats': [{'identifier': 'minutes', 'points': 0, 'value': 0, 'points_modification': 0}]}]",False
580,4,2025-26,10,0,0,0,0,0,0,0,0,0,0,0,3,1.0,0.6,4.0,0.6,1,1,0,2,0,0.00,0.05,0.05,0.00,1,False,"[{'fixture': 40, 'stats': [{'identifier': 'minutes', 'points': 1, 'value': 10, 'points_modification': 0}]}]",False
581,4,2025-26,0,0,0,0,0,0,0,0,0,0,0,0,0,0.0,0.0,0.0,0.0,0,0,0,0,0,0.00,0.00,0.00,0.00,0,False,"[{'fixture': 40, 'stats': [{'identifier': 'minutes', 'points': 0, 'value': 0, 'points_modification': 0}]}]",False
582,4,2025-26,90,0,0,1,0,0,0,0,0,0,0,0,4,10.2,31.8,36.0,7.8,0,3,0,3,1,0.47,0.11,0.58,0.60,3,False,"[{'fixture': 40, 'stats': [{'identifier': 'minutes', 'points': 2, 'value': 90, 'points_modification': 0}, {'identifier': 'clean_sheets', 'points': 1, 'value': 1, 'points_modification': 0}]}]",False
583,4,2025-26,0,0,0,0,0,0,0,0,0,0,0,0,0,0.0,0.0,0.0,0.0,0,0,0,0,0,0.00,0.00,0.00,0.00,0,False,"[{'fixture': 40, 'stats': [{'identifier': 'minutes', 'points': 0, 'value': 0, 'points_modification': 0}]}]",False
584,4,2025-26,78,0,0,1,0,0,0,0,0,0,0,0,7,0.8,3.0,8.0,1.2,0,1,0,1,1,0.02,0.00,0.02,0.60,3,False,"[{'fixture': 40, 'stats': [{'identifier': 'minutes', 'points': 2, 'value': 78, 'points_modification': 0}, {'identifier': 'clean_sheets', 'points': 1, 'value': 1, 'points_modification': 0}]}]",False
585,4,2025-26,0,0,0,0,0,0,0,0,0,0,0,0,0,0.0,0.0,0.0,0.0,0,0,0,0,0,0.00,0.00,0.00,0.00,0,False,"[{'fixture': 40, 'stats': [{'identifier': 'minutes', 'points': 0, 'value': 0, 'points_modification': 0}]}]",False
586,4,2025-26,79,1,1,1,0,0,0,0,0,0,0,0,38,55.2,13.8,23.0,9.2,0,3,2,5,1,0.12,0.06,0.18,0.60,11,True,"[{'fixture': 40, 'stats': [{'identifier': 'minutes', 'points': 2, 'value': 79, 'points_modification': 0}, {'identifier': 'goals_scored', 'points': 5, 'value': 1, 'points_modification': 0}, {'identifier': 'assists', 'points': 3, 'value': 1, 'points_modification': 0}, {'identifier': 'clean_sheets', 'points': 1, 'value': 1, 'points_modification': 0}]}]",False
587,4,2025-26,0,0,0,0,0,0,0,0,0,0,0,0,0,0.0,0.0,0.0,0.0,0,0,0,0,0,0.00,0.00,0.00,0.00,0,False,"[{'fixture': 40, 'stats': [{'identifier': 'minutes', 'points': 0, 'value': 0, 'points_modification': 0}]}]",False
588,4,2025-26,11,0,0,0,0,0,0,0,0,0,0,0,5,2.4,2.6,0.0,0.5,0,0,1,1,0,0.00,0.01,0.01,0.00,1,False,"[{'fixture': 40, 'stats': [{'identifier': 'minutes', 'points': 1, 'value': 11, 'points_modification': 0}]}]",False
589,4,2025-26,0,0,0,0,0,0,0,0,0,0,0,0,0,0.0,0.0,0.0,0.0,0,0,0,0,0,0.00,0.00,0.00,0.00,0,False,"[{'fixture': 40, 'stats': [{'identifier': 'minutes', 'points': 0, 'value': 0, 'points_modification': 0}]}]",False
590,4,2025-26,0,0,0,0,0,0,0,0,0,0,0,0,0,0.0,0.0,0.0,0.0,0,0,0,0,0,0.00,0.00,0.00,0.00,0,False,"[{'fixture': 40, 'stats': [{'identifier': 'minutes', 'points': 0, 'value': 0, 'points_modification': 0}]}]",False
591,4,2025-26,0,0,0,0,0,0,0,0,0,0,0,0,0,0.0,0.0,0.0,0.0,0,0,0,0,0,0.00,0.00,0.00,0.00,0,False,"[{'fixture': 40, 'stats': [{'identifier': 'minutes', 'points': 0, 'value': 0, 'points_modification': 0}]}]",False
592,4,2025-26,0,0,0,0,0,0,0,0,0,0,0,0,0,0.0,0.0,0.0,0.0,0,0,0,0,0,0.00,0.00,0.00,0.00,0,False,"[{'fixture': 40, 'stats': [{'identifier': 'minutes', 'points': 0, 'value': 0, 'points_modification': 0}]}]",False
593,4,2025-26,90,1,0,1,0,0,0,0,0,0,0,0,33,37.6,4.3,45.0,8.7,2,5,0,7,1,0.28,0.03,0.31,0.60,8,False,"[{'fixture': 40, 'stats': [{'identifier': 'minutes', 'points': 2, 'value': 90, 'points_modification': 0}, {'identifier': 'goals_scored', 'points': 5, 'value': 1, 'points_modification': 0}, {'identifier': 'clean_sheets', 'points': 1, 'value': 1, 'points_modification': 0}]}]",False
594,4,2025-26,0,0,0,0,0,0,0,0,0,0,0,0,0,0.0,0.0,0.0,0.0,0,0,0,0,0,0.00,0.00,0.00,0.00,0,False,"[{'fixture': 40, 'stats': [{'identifier': 'minutes', 'points': 0, 'value': 0, 'points_modification': 0}]}]",False
595,4,2025-26,0,0,0,0,0,0,0,0,0,0,0,0,0,0.0,0.0,0.0,0.0,0,0,0,0,0,0.00,0.00,0.00,0.00,0,False,"[{'fixture': 40, 'stats': [{'identifier': 'minutes', 'points': 0, 'value': 0, 'points_modification': 0}]}]",False
596,4,2025-26,0,0,0,0,0,0,0,0,0,0,0,0,0,0.0,0.0,0.0,0.0,0,0,0,0,0,0.00,0.00,0.00,0.00,0,False,"[{'fixture': 40, 'stats': [{'identifier': 'minutes', 'points': 0, 'value': 0, 'points_modification': 0}]}]",False
597,4,2025-26,19,0,0,0,0,0,0,0,0,0,0,0,4,2.0,10.3,2.0,1.4,0,0,0,0,0,0.00,0.00,0.00,0.00,1,False,"[{'fixture': 40, 'stats': [{'identifier': 'minutes', 'points': 1, 'value': 19, 'points_modification': 0}]}]",False
598,4,2025-26,0,0,0,0,0,0,0,0,0,0,0,0,0,0.0,0.0,0.0,0.0,0,0,0,0,0,0.00,0.00,0.00,0.00,0,False,"[{'fixture': 40, 'stats': [{'identifier': 'minutes', 'points': 0, 'value': 0, 'points_modification': 0}]}]",False
599,4,2025-26,0,0,0,0,0,0,0,0,0,0,0,0,0,0.0,0.0,0.0,0.0,0,0,0,0,0,0.00,0.00,0.00,0.00,0,False,"[{'fixture': 40, 'stats': [{'identifier': 'minutes', 'points': 0, 'value': 0, 'points_modification': 0}]}]",False
600,4,2025-26,0,0,0,0,0,0,0,0,0,0,0,0,0,0.0,0.0,0.0,0.0,0,0,0,0,0,0.00,0.00,0.00,0.00,0,False,"[{'fixture': 40, 'stats': [{'identifier': 'minutes', 'points': 0, 'value': 0, 'points_modification': 0}]}]",False
601,4,2025-26,0,0,0,0,0,0,0,0,0,0,0,0,0,0.0,0.0,0.0,0.0,0,0,0,0,0,0.00,0.00,0.00,0.00,0,False,"[{'fixture': 40, 'stats': [{'identifier': 'minutes', 'points': 0, 'value': 0, 'points_modification': 0}]}]",False
602,4,2025-26,0,0,0,0,0,0,0,0,0,0,0,0,0,0.0,0.0,0.0,0.0,0,0,0,0,0,0.00,0.00,0.00,0.00,0,False,"[{'fixture': 40, 'stats': [{'identifier': 'minutes', 'points': 0, 'value': 0, 'points_modification': 0}]}]",False
603,4,2025-26,90,0,0,0,3,0,0,0,0,0,0,0,0,20.6,5.4,17.0,4.3,5,4,3,8,1,0.01,0.04,0.05,1.29,1,False,"[{'fixture': 40, 'stats': [{'identifier': 'minutes', 'points': 2, 'value': 90, 'points_modification': 0}, {'identifier': 'goals_conceded', 'points': -1, 'value': 3, 'points_modification': 0}]}]",False
604,4,2025-26,0,0,0,0,0,0,0,0,0,0,0,0,0,0.0,0.0,0.0,0.0,0,0,0,0,0,0.00,0.00,0.00,0.00,0,False,"[{'fixture': 40, 'stats': [{'identifier': 'minutes', 'points': 0, 'value': 0, 'points_modification': 0}]}]",False
605,4,2025-26,90,0,0,0,3,0,0,0,0,0,0,0,-3,21.0,0.3,7.0,2.8,9,5,0,9,1,0.20,0.00,0.20,1.29,1,False,"[{'fixture': 40, 'stats': [{'identifier': 'minutes', 'points': 2, 'value': 90, 'points_modification': 0}, {'identifier': 'goals_conceded', 'points': -1, 'value': 3, 'points_modification': 0}]}]",False
606,4,2025-26,90,0,0,0,3,0,0,0,0,0,0,0,2,26.8,0.6,0.0,2.7,11,3,0,11,1,0.00,0.01,0.01,1.29,3,False,"[{'fixture': 40, 'stats': [{'identifier': 'minutes', 'points': 2, 'value': 90, 'points_modification': 0}, {'identifier': 'goals_conceded', 'points': -1, 'value': 3, 'points_modification': 0}, {'identifier': 'defensive_contribution', 'points': 2, 'value': 11, 'points_modification': 0}]}]",False
607,4,2025-26,0,0,0,0,0,0,0,0,0,0,0,0,0,0.0,0.0,0.0,0.0,0,0,0,0,0,0.00,0.00,0.00,0.00,0,False,"[{'fixture': 40, 'stats': [{'identifier': 'minutes', 'points': 0, 'value': 0, 'points_modification': 0}]}]",False
608,4,2025-26,0,0,0,0,0,0,0,0,0,0,0,0,0,0.0,0.0,0.0,0.0,0,0,0,0,0,0.00,0.00,0.00,0.00,0,False,"[{'fixture': 40, 'stats': [{'identifier': 'minutes', 'points': 0, 'value': 0, 'points_modification': 0}]}]",False
609,4,2025-26,0,0,0,0,0,0,0,0,0,0,0,0,0,0.0,0.0,0.0,0.0,0,0,0,0,0,0.00,0.00,0.00,0.00,0,False,"[{'fixture': 40, 'stats': [{'identifier': 'minutes', 'points': 0, 'value': 0, 'points_modification': 0}]}]",False
610,4,2025-26,0,0,0,0,0,0,0,0,0,0,0,0,0,0.0,0.0,0.0,0.0,0,0,0,0,0,0.00,0.00,0.00,0.00,0,False,"[{'fixture': 40, 'stats': [{'identifier': 'minutes', 'points': 0, 'value': 0, 'points_modification': 0}]}]",False
611,4,2025-26,0,0,0,0,0,0,0,0,0,0,0,0,0,0.0,0.0,0.0,0.0,0,0,0,0,0,0.00,0.00,0.00,0.00,0,False,"[{'fixture': 40, 'stats': [{'identifier': 'minutes', 'points': 0, 'value': 0, 'points_modification': 0}]}]",False
612,4,2025-26,67,0,0,0,3,0,0,0,0,0,0,0,4,0.0,14.7,4.0,1.9,1,1,0,2,1,0.25,0.01,0.26,0.78,2,False,"[{'fixture': 40, 'stats': [{'identifier': 'minutes', 'points': 2, 'value': 67, 'points_modification': 0}]}]",False
613,4,2025-26,53,0,0,0,3,0,0,0,0,1,0,0,-2,14.6,0.9,17.0,3.3,9,1,1,11,1,0.01,0.00,0.01,0.42,-2,False,"[{'fixture': 40, 'stats': [{'identifier': 'minutes', 'points': 1, 'value': 53, 'points_modification': 0}, {'identifier': 'red_cards', 'points': -3, 'value': 1, 'points_modification': 0}]}]",False
614,4,2025-26,90,0,0,0,3,0,0,0,0,0,0,0,20,13.6,30.7,0.0,4.4,2,1,0,3,1,0.00,0.24,0.24,0.92,2,False,"[{'fixture': 40, 'stats': [{'identifier': 'minutes', 'points': 2, 'value': 90, 'points_modification': 0}]}]",False
615,4,2025-26,60,0,0,0,2,0,0,0,0,0,0,0,11,9.8,2.1,0.0,1.2,2,1,2,5,1,0.00,0.01,0.01,0.63,2,False,"[{'fixture': 40, 'stats': [{'identifier': 'minutes', 'points': 2, 'value': 60, 'points_modification': 0}]}]",False
616,4,2025-26,0,0,0,0,0,0,0,0,0,0,0,0,0,0.0,0.0,0.0,0.0,0,0,0,0,0,0.00,0.00,0.00,0.00,0,False,"[{'fixture': 40, 'stats': [{'identifier': 'minutes', 'points': 0, 'value': 0, 'points_modification': 0}]}]",False
617,4,2025-26,0,0,0,0,0,0,0,0,0,0,0,0,0,0.0,0.0,0.0,0.0,0,0,0,0,0,0.00,0.00,0.00,0.00,0,False,"[{'fixture': 40, 'stats': [{'identifier': 'minutes', 'points': 0, 'value': 0, 'points_modification': 0}]}]",False
618,4,2025-26,0,0,0,0,0,0,0,0,0,0,0,0,0,0.0,0.0,0.0,0.0,0,0,0,0,0,0.00,0.00,0.00,0.00,0,False,"[{'fixture': 40, 'stats': [{'identifier': 'minutes', 'points': 0, 'value': 0, 'points_modification': 0}]}]",False
619,4,2025-26,29,0,0,0,1,0,0,0,0,0,0,0,2,1.4,0.0,0.0,0.1,1,2,0,3,0,0.00,0.00,0.00,0.65,1,False,"[{'fixture': 40, 'stats': [{'identifier': 'minutes', 'points': 1, 'value': 29, 'points_modification': 0}]}]",False
620,4,2025-26,0,0,0,0,0,0,0,0,0,0,0,0,0,0.0,0.0,0.0,0.0,0,0,0,0,0,0.00,0.00,0.00,0.00,0,False,"[{'fixture': 40, 'stats': [{'identifier': 'minutes', 'points': 0, 'value': 0, 'points_modification': 0}]}]",False
621,4,2025-26,1,0,0,0,0,0,0,0,0,0,0,0,3,5.0,0.0,0.0,0.5,1,0,0,1,0,0.00,0.00,0.00,0.37,1,False,"[{'fixture': 40, 'stats': [{'identifier': 'minutes', 'points': 1, 'value': 1, 'points_modification': 0}]}]",False
622,4,2025-26,0,0,0,0,0,0,0,0,0,0,0,0,0,0.0,0.0,0.0,0.0,0,0,0,0,0,0.00,0.00,0.00,0.00,0,False,"[{'fixture': 40, 'stats': [{'identifier': 'minutes', 'points': 0, 'value': 0, 'points_modification': 0}]}]",False
623,4,2025-26,0,0,0,0,0,0,0,0,0,0,0,0,0,0.0,0.0,0.0,0.0,0,0,0,0,0,0.00,0.00,0.00,0.00,0,False,"[{'fixture': 40, 'stats': [{'identifier': 'minutes', 'points': 0, 'value': 0, 'points_modification': 0}]}]",False
624,4,2025-26,90,0,0,0,3,0,0,0,0,0,0,0,12,12.4,4.4,39.0,5.6,4,4,1,9,1,0.12,0.02,0.14,1.29,2,False,"[{'fixture': 40, 'stats': [{'identifier': 'minutes', 'points': 2, 'value': 90, 'points_modification': 0}]}]",False
625,4,2025-26,0,0,0,0,0,0,0,0,0,0,0,0,0,0.0,0.0,0.0,0.0,0,0,0,0,0,0.00,0.00,0.00,0.00,0,False,"[{'fixture': 40, 'stats': [{'identifier': 'minutes', 'points': 0, 'value': 0, 'points_modification': 0}]}]",False
626,4,2025-26,0,0,0,0,0,0,0,0,0,0,0,0,0,0.0,0.0,0.0,0.0,0,0,0,0,0,0.00,0.00,0.00,0.00,0,False,"[{'fixture': 40, 'stats': [{'identifier': 'minutes', 'points': 0, 'value': 0, 'points_modification': 0}]}]",False
627,4,2025-26,90,0,0,0,1,0,0,0,0,0,3,0,17,31.2,0.0,0.0,3.1,5,13,0,0,1,0.00,0.00,0.00,1.55,3,False,"[{'fixture': 39, 'stats': [{'identifier': 'minutes', 'points': 2, 'value': 90, 'points_modification': 0}, {'identifier': 'saves', 'points': 1, 'value': 3, 'points_modification': 0}]}]",False
628,4,2025-26,0,0,0,0,0,0,0,0,0,0,0,0,0,0.0,0.0,0.0,0.0,0,0,0,0,0,0.00,0.00,0.00,0.00,0,False,"[{'fixture': 39, 'stats': [{'identifier': 'minutes', 'points': 0, 'value': 0, 'points_modification': 0}]}]",False
629,4,2025-26,0,0,0,0,0,0,0,0,0,0,0,0,0,0.0,0.0,0.0,0.0,0,0,0,0,0,0.00,0.00,0.00,0.00,0,False,"[{'fixture': 39, 'stats': [{'identifier': 'minutes', 'points': 0, 'value': 0, 'points_modification': 0}]}]",False
630,4,2025-26,0,0,0,0,0,0,0,0,0,0,0,0,0,0.0,0.0,0.0,0.0,0,0,0,0,0,0.00,0.00,0.00,0.00,0,False,"[{'fixture': 36, 'stats': [{'identifier': 'minutes', 'points': 0, 'value': 0, 'points_modification': 0}]}]",False
631,4,2025-26,90,0,0,0,1,0,0,0,0,0,0,0,10,37.0,4.6,0.0,4.2,12,3,2,14,1,0.00,0.10,0.10,1.55,4,False,"[{'fixture': 39, 'stats': [{'identifier': 'minutes', 'points': 2, 'value': 90, 'points_modification': 0}, {'identifier': 'defensive_contribution', 'points': 2, 'value': 14, 'points_modification': 0}]}]",False
632,4,2025-26,0,0,0,0,0,0,0,0,0,0,0,0,0,0.0,0.0,0.0,0.0,0,0,0,0,0,0.00,0.00,0.00,0.00,0,False,"[{'fixture': 39, 'stats': [{'identifier': 'minutes', 'points': 0, 'value': 0, 'points_modification': 0}]}]",False
633,4,2025-26,90,0,0,0,1,0,0,0,0,0,0,0,11,29.6,29.8,8.0,6.7,5,4,6,11,1,0.00,0.11,0.11,1.55,4,False,"[{'fixture': 39, 'stats': [{'identifier': 'minutes', 'points': 2, 'value': 90, 'points_modification': 0}, {'identifier': 'defensive_contribution', 'points': 2, 'value': 11, 'points_modification': 0}]}]",False
634,4,2025-26,65,0,0,0,1,0,0,0,0,0,0,0,4,11.8,0.2,0.0,1.2,5,2,1,6,1,0.00,0.00,0.00,1.35,2,False,"[{'fixture': 39, 'stats': [{'identifier': 'minutes', 'points': 2, 'value': 65, 'points_modification': 0}]}]",False
635,4,2025-26,76,0,0,0,1,0,0,0,0,0,0,0,9,10.2,1.3,27.0,3.9,5,4,2,7,1,0.26,0.00,0.26,1.38,2,False,"[{'fixture': 39, 'stats': [{'identifier': 'minutes', 'points': 2, 'value': 76, 'points_modification': 0}]}]",False
636,4,2025-26,0,0,0,0,0,0,0,0,0,0,0,0,0,0.0,0.0,0.0,0.0,0,0,0,0,0,0.00,0.00,0.00,0.00,0,False,"[{'fixture': 39, 'stats': [{'identifier': 'minutes', 'points': 0, 'value': 0, 'points_modification': 0}]}]",False
637,4,2025-26,90,0,0,0,1,0,0,0,0,0,0,0,11,15.4,2.0,19.0,3.6,4,8,0,4,1,0.01,0.01,0.02,1.55,2,False,"[{'fixture': 39, 'stats': [{'identifier': 'minutes', 'points': 2, 'value': 90, 'points_modification': 0}]}]",False
638,4,2025-26,0,0,0,0,0,0,0,0,0,0,0,0,0,0.0,0.0,0.0,0.0,0,0,0,0,0,0.00,0.00,0.00,0.00,0,False,"[{'fixture': 39, 'stats': [{'identifier': 'minutes', 'points': 0, 'value': 0, 'points_modification': 0}]}]",False
639,4,2025-26,0,0,0,0,0,0,0,0,0,0,0,0,0,0.0,0.0,0.0,0.0,0,0,0,0,0,0.00,0.00,0.00,0.00,0,False,"[{'fixture': 39, 'stats': [{'identifier': 'minutes', 'points': 0, 'value': 0, 'points_modification': 0}]}]",False
640,4,2025-26,0,0,0,0,0,0,0,0,0,0,0,0,0,0.0,0.0,0.0,0.0,0,0,0,0,0,0.00,0.00,0.00,0.00,0,False,"[{'fixture': 39, 'stats': [{'identifier': 'minutes', 'points': 0, 'value': 0, 'points_modification': 0}]}]",False
641,4,2025-26,0,0,0,0,0,0,0,0,0,0,0,0,0,0.0,0.0,0.0,0.0,0,0,0,0,0,0.00,0.00,0.00,0.00,0,False,"[{'fixture': 39, 'stats': [{'identifier': 'minutes', 'points': 0, 'value': 0, 'points_modification': 0}]}]",False
642,4,2025-26,76,0,0,0,1,0,0,0,0,0,0,0,6,0.6,0.7,28.0,2.9,0,1,0,1,1,0.14,0.01,0.15,1.38,2,False,"[{'fixture': 39, 'stats': [{'identifier': 'minutes', 'points': 2, 'value': 76, 'points_modification': 0}]}]",False
643,4,2025-26,65,0,0,0,1,0,0,0,1,0,0,0,7,2.4,0.9,0.0,0.3,2,4,1,7,1,0.00,0.00,0.00,1.35,1,False,"[{'fixture': 39, 'stats': [{'identifier': 'minutes', 'points': 2, 'value': 65, 'points_modification': 0}, {'identifier': 'yellow_cards', 'points': -1, 'value': 1, 'points_modification': 0}]}]",False
644,4,2025-26,24,0,0,0,0,0,0,0,0,0,0,0,4,1.6,4.6,2.0,0.8,1,1,0,2,0,0.05,0.02,0.07,0.20,1,False,"[{'fixture': 39, 'stats': [{'identifier': 'minutes', 'points': 1, 'value': 24, 'points_modification': 0}]}]",False
645,4,2025-26,13,0,0,0,0,0,0,0,0,0,0,0,5,3.6,11.6,2.0,1.7,0,0,0,0,0,0.00,0.07,0.07,0.17,1,False,"[{'fixture': 39, 'stats': [{'identifier': 'minutes', 'points': 1, 'value': 13, 'points_modification': 0}]}]",False
646,4,2025-26,90,0,0,0,1,0,0,0,1,0,0,0,14,18.2,16.7,2.0,3.7,6,9,3,18,1,0.00,0.09,0.09,1.55,3,False,"[{'fixture': 39, 'stats': [{'identifier': 'minutes', 'points': 2, 'value': 90, 'points_modification': 0}, {'identifier': 'yellow_cards', 'points': -1, 'value': 1, 'points_modification': 0}, {'identifier': 'defensive_contribution', 'points': 2, 'value': 18, 'points_modification': 0}]}]",False
647,4,2025-26,0,0,0,0,0,0,0,0,0,0,0,0,0,0.0,0.0,0.0,0.0,0,0,0,0,0,0.00,0.00,0.00,0.00,0,False,"[{'fixture': 39, 'stats': [{'identifier': 'minutes', 'points': 0, 'value': 0, 'points_modification': 0}]}]",False
648,4,2025-26,24,0,0,0,0,0,0,0,1,0,0,0,-1,0.0,1.6,2.0,0.2,0,0,0,0,0,0.00,0.00,0.00,0.20,0,False,"[{'fixture': 39, 'stats': [{'identifier': 'minutes', 'points': 1, 'value': 24, 'points_modification': 0}, {'identifier': 'yellow_cards', 'points': -1, 'value': 1, 'points_modification': 0}]}]",False
649,4,2025-26,0,0,0,0,0,0,0,0,0,0,0,0,0,0.0,0.0,0.0,0.0,0,0,0,0,0,0.00,0.00,0.00,0.00,0,False,"[{'fixture': 39, 'stats': [{'identifier': 'minutes', 'points': 0, 'value': 0, 'points_modification': 0}]}]",False
650,4,2025-26,0,0,0,0,0,0,0,0,0,0,0,0,0,0.0,0.0,0.0,0.0,0,0,0,0,0,0.00,0.00,0.00,0.00,0,False,"[{'fixture': 39, 'stats': [{'identifier': 'minutes', 'points': 0, 'value': 0, 'points_modification': 0}]}]",False
651,4,2025-26,0,0,0,0,0,0,0,0,0,0,0,0,0,0.0,0.0,0.0,0.0,0,0,0,0,0,0.00,0.00,0.00,0.00,0,False,"[{'fixture': 39, 'stats': [{'identifier': 'minutes', 'points': 0, 'value': 0, 'points_modification': 0}]}]",False
652,4,2025-26,0,0,0,0,0,0,0,0,0,0,0,0,0,0.0,0.0,0.0,0.0,0,0,0,0,0,0.00,0.00,0.00,0.00,0,False,"[{'fixture': 39, 'stats': [{'identifier': 'minutes', 'points': 0, 'value': 0, 'points_modification': 0}]}]",False
653,4,2025-26,0,0,0,0,0,0,0,0,0,0,0,0,0,0.0,0.0,0.0,0.0,0,0,0,0,0,0.00,0.00,0.00,0.00,0,False,"[{'fixture': 39, 'stats': [{'identifier': 'minutes', 'points': 0, 'value': 0, 'points_modification': 0}]}]",False
654,4,2025-26,0,0,0,0,0,0,0,0,0,0,0,0,0,0.0,0.0,0.0,0.0,0,0,0,0,0,0.00,0.00,0.00,0.00,0,False,"[{'fixture': 39, 'stats': [{'identifier': 'minutes', 'points': 0, 'value': 0, 'points_modification': 0}]}]",False
655,4,2025-26,0,0,0,0,0,0,0,0,0,0,0,0,0,0.0,0.0,0.0,0.0,0,0,0,0,0,0.00,0.00,0.00,0.00,0,False,"[{'fixture': 39, 'stats': [{'identifier': 'minutes', 'points': 0, 'value': 0, 'points_modification': 0}]}]",False
656,4,2025-26,0,0,0,0,0,0,0,0,0,0,0,0,0,0.0,0.0,0.0,0.0,0,0,0,0,0,0.00,0.00,0.00,0.00,0,False,"[{'fixture': 39, 'stats': [{'identifier': 'minutes', 'points': 0, 'value': 0, 'points_modification': 0}]}]",False
657,4,2025-26,0,0,0,0,0,0,0,0,0,0,0,0,0,0.0,0.0,0.0,0.0,0,0,0,0,0,0.00,0.00,0.00,0.00,0,False,"[{'fixture': 39, 'stats': [{'identifier': 'minutes', 'points': 0, 'value': 0, 'points_modification': 0}]}]",False
658,4,2025-26,0,0,0,0,0,0,0,0,0,0,0,0,0,0.0,0.0,0.0,0.0,0,0,0,0,0,0.00,0.00,0.00,0.00,0,False,"[{'fixture': 39, 'stats': [{'identifier': 'minutes', 'points': 0, 'value': 0, 'points_modification': 0}]}]",False
659,4,2025-26,90,0,0,0,3,0,0,0,0,0,0,0,2,14.6,13.0,0.0,2.8,3,6,2,5,1,0.00,0.01,0.01,1.29,1,False,"[{'fixture': 40, 'stats': [{'identifier': 'minutes', 'points': 2, 'value': 90, 'points_modification': 0}, {'identifier': 'goals_conceded', 'points': -1, 'value': 3, 'points_modification': 0}]}]",False
660,4,2025-26,90,0,0,0,1,0,0,0,1,0,0,0,2,4.4,16.0,13.0,3.3,2,2,1,5,1,0.08,0.11,0.19,0.85,1,False,"[{'fixture': 37, 'stats': [{'identifier': 'minutes', 'points': 2, 'value': 90, 'points_modification': 0}, {'identifier': 'yellow_cards', 'points': -1, 'value': 1, 'points_modification': 0}]}]",False
661,4,2025-26,71,0,0,1,0,0,0,0,0,0,0,0,8,2.6,2.7,10.0,1.5,1,3,0,4,1,0.10,0.06,0.16,0.12,2,False,"[{'fixture': 34, 'stats': [{'identifier': 'minutes', 'points': 2, 'value': 71, 'points_modification': 0}]}]",False
662,4,2025-26,90,0,0,1,0,0,0,0,0,0,0,1,32,21.4,1.6,2.0,2.5,6,6,2,8,1,0.00,0.04,0.04,0.20,7,False,"[{'fixture': 31, 'stats': [{'identifier': 'minutes', 'points': 2, 'value': 90, 'points_modification': 0}, {'identifier': 'clean_sheets', 'points': 4, 'value': 1, 'points_modification': 0}, {'identifier': 'bonus', 'points': 1, 'value': 1, 'points_modification': 0}]}]",False
663,4,2025-26,24,0,0,0,0,0,0,0,0,0,0,0,1,0.0,0.8,7.0,0.7,1,1,0,2,0,0.04,0.00,0.04,0.20,1,False,"[{'fixture': 39, 'stats': [{'identifier': 'minutes', 'points': 1, 'value': 24, 'points_modification': 0}]}]",False
664,4,2025-26,0,0,0,0,0,0,0,0,0,0,0,0,0,0.0,0.0,0.0,0.0,0,0,0,0,0,0.00,0.00,0.00,0.00,0,False,"[{'fixture': 37, 'stats': [{'identifier': 'minutes', 'points': 0, 'value': 0, 'points_modification': 0}]}]",False
665,4,2025-26,0,0,0,0,0,0,0,0,0,0,0,0,0,0.0,0.0,0.0,0.0,0,0,0,0,0,0.00,0.00,0.00,0.00,0,False,"[{'fixture': 37, 'stats': [{'identifier': 'minutes', 'points': 0, 'value': 0, 'points_modification': 0}]}]",False
666,4,2025-26,67,1,0,1,0,0,0,0,0,0,0,0,30,34.6,11.3,44.0,9.0,1,1,1,3,1,0.84,0.02,0.86,0.10,6,False,"[{'fixture': 31, 'stats': [{'identifier': 'minutes', 'points': 2, 'value': 67, 'points_modification': 0}, {'identifier': 'goals_scored', 'points': 4, 'value': 1, 'points_modification': 0}]}]",False
667,4,2025-26,0,0,0,0,0,0,0,0,0,0,0,0,0,0.0,0.0,0.0,0.0,0,0,0,0,0,0.00,0.00,0.00,0.00,0,False,"[{'fixture': 36, 'stats': [{'identifier': 'minutes', 'points': 0, 'value': 0, 'points_modification': 0}]}]",False
668,4,2025-26,90,0,0,1,0,0,0,0,0,0,0,0,20,25.2,15.8,2.0,4.3,10,6,2,18,1,0.00,0.11,0.11,1.77,5,False,"[{'fixture': 35, 'stats': [{'identifier': 'minutes', 'points': 2, 'value': 90, 'points_modification': 0}, {'identifier': 'clean_sheets', 'points': 1, 'value': 1, 'points_modification': 0}, {'identifier': 'defensive_contribution', 'points': 2, 'value': 18, 'points_modification': 0}]}]",False
669,4,2025-26,90,0,0,0,3,0,0,0,0,0,0,0,10,16.6,21.1,4.0,4.2,2,2,1,5,1,0.00,0.03,0.03,1.84,2,False,"[{'fixture': 31, 'stats': [{'identifier': 'minutes', 'points': 2, 'value': 90, 'points_modification': 0}]}]",False
670,4,2025-26,90,0,0,1,0,0,0,0,1,0,6,3,39,43.2,0.0,0.0,4.3,1,15,0,0,1,0.00,0.00,0.00,1.77,10,True,"[{'fixture': 35, 'stats': [{'identifier': 'minutes', 'points': 2, 'value': 90, 'points_modification': 0}, {'identifier': 'clean_sheets', 'points': 4, 'value': 1, 'points_modification': 0}, {'identifier': 'yellow_cards', 'points': -1, 'value': 1, 'points_modification': 0}, {'identifier': 'saves', 'points': 2, 'value': 6, 'points_modification': 0}, {'identifier': 'bonus', 'points': 3, 'value': 3, 'points_modification': 0}]}]",False
671,4,2025-26,22,0,0,0,0,0,0,0,0,0,0,0,3,0.2,0.1,0.0,0.0,0,2,0,2,0,0.00,0.00,0.00,0.51,1,False,"[{'fixture': 40, 'stats': [{'identifier': 'minutes', 'points': 1, 'value': 22, 'points_modification': 0}]}]",False
672,4,2025-26,45,0,0,0,1,0,0,0,1,0,0,0,-6,0.0,1.5,2.0,0.3,1,2,0,1,1,0.00,0.01,0.01,0.55,0,False,"[{'fixture': 33, 'stats': [{'identifier': 'minutes', 'points': 1, 'value': 45, 'points_modification': 0}, {'identifier': 'yellow_cards', 'points': -1, 'value': 1, 'points_modification': 0}]}]",False
673,4,2025-26,90,0,0,1,0,0,0,0,0,0,0,0,18,14.2,4.2,18.0,3.6,0,1,6,7,1,0.22,0.03,0.25,0.60,3,False,"[{'fixture': 40, 'stats': [{'identifier': 'minutes', 'points': 2, 'value': 90, 'points_modification': 0}, {'identifier': 'clean_sheets', 'points': 1, 'value': 1, 'points_modification': 0}]}]",False
674,4,2025-26,0,0,0,0,0,0,0,0,0,0,0,0,0,0.0,0.0,0.0,0.0,0,0,0,0,0,0.00,0.00,0.00,0.00,0,False,"[{'fixture': 39, 'stats': [{'identifier': 'minutes', 'points': 0, 'value': 0, 'points_modification': 0}]}]",False
675,4,2025-26,0,0,0,0,0,0,0,0,0,0,0,0,0,0.0,0.0,0.0,0.0,0,0,0,0,0,0.00,0.00,0.00,0.00,0,False,"[{'fixture': 31, 'stats': [{'identifier': 'minutes', 'points': 0, 'value': 0, 'points_modification': 0}]}]",False
676,4,2025-26,83,0,0,0,1,0,0,0,0,1,0,0,0,7.4,0.1,0.0,0.8,4,2,3,9,1,0.00,0.00,0.00,1.45,-1,False,"[{'fixture': 34, 'stats': [{'identifier': 'minutes', 'points': 2, 'value': 83, 'points_modification': 0}, {'identifier': 'red_cards', 'points': -3, 'value': 1, 'points_modification': 0}]}]",False
677,4,2025-26,45,0,0,0,0,0,0,0,0,0,0,0,2,6.2,0.8,0.0,0.7,0,1,4,5,0,0.00,0.00,0.00,0.91,1,False,"[{'fixture': 36, 'stats': [{'identifier': 'minutes', 'points': 1, 'value': 45, 'points_modification': 0}]}]",False
678,4,2025-26,0,0,0,0,0,0,0,0,0,0,0,0,0,0.0,0.0,0.0,0.0,0,0,0,0,0,0.00,0.00,0.00,0.00,0,False,"[{'fixture': 35, 'stats': [{'identifier': 'minutes', 'points': 0, 'value': 0, 'points_modification': 0}]}]",False
679,4,2025-26,90,0,0,0,3,0,0,0,0,0,2,0,2,19.2,0.0,0.0,1.9,2,3,0,0,1,0.00,0.00,0.00,1.29,1,False,"[{'fixture': 40, 'stats': [{'identifier': 'minutes', 'points': 2, 'value': 90, 'points_modification': 0}, {'identifier': 'goals_conceded', 'points': -1, 'value': 3, 'points_modification': 0}]}]",False
680,4,2025-26,1,0,0,0,1,0,0,0,0,0,0,0,3,2.0,0.1,0.0,0.2,1,0,0,1,0,0.00,0.00,0.00,0.94,1,False,"[{'fixture': 34, 'stats': [{'identifier': 'minutes', 'points': 1, 'value': 1, 'points_modification': 0}]}]",False
681,4,2025-26,79,0,0,0,3,0,0,0,0,0,0,0,6,1.0,6.8,7.0,1.5,0,1,0,1,1,0.03,0.00,0.03,2.34,2,False,"[{'fixture': 38, 'stats': [{'identifier': 'minutes', 'points': 2, 'value': 79, 'points_modification': 0}]}]",False
682,4,2025-26,0,0,0,0,0,0,0,0,0,0,0,0,0,0.0,0.0,0.0,0.0,0,0,0,0,0,0.00,0.00,0.00,0.00,0,False,"[{'fixture': 39, 'stats': [{'identifier': 'minutes', 'points': 0, 'value': 0, 'points_modification': 0}]}]",False
683,4,2025-26,90,0,0,1,0,0,0,0,0,0,0,1,31,30.2,0.5,2.0,3.3,8,5,2,10,1,0.00,0.02,0.02,1.77,9,False,"[{'fixture': 35, 'stats': [{'identifier': 'minutes', 'points': 2, 'value': 90, 'points_modification': 0}, {'identifier': 'clean_sheets', 'points': 4, 'value': 1, 'points_modification': 0}, {'identifier': 'bonus', 'points': 1, 'value': 1, 'points_modification': 0}, {'identifier': 'defensive_contribution', 'points': 2, 'value': 10, 'points_modification': 0}]}]",False
684,4,2025-26,0,0,0,0,0,0,0,0,0,0,0,0,0,0.0,0.0,0.0,0.0,0,0,0,0,0,0.00,0.00,0.00,0.00,0,False,"[{'fixture': 39, 'stats': [{'identifier': 'minutes', 'points': 0, 'value': 0, 'points_modification': 0}]}]",False
685,4,2025-26,0,0,0,0,0,0,0,0,0,0,0,0,0,0.0,0.0,0.0,0.0,0,0,0,0,0,0.00,0.00,0.00,0.00,0,False,"[{'fixture': 32, 'stats': [{'identifier': 'minutes', 'points': 0, 'value': 0, 'points_modification': 0}]}]",False
686,4,2025-26,3,0,0,0,0,0,0,0,0,0,0,0,4,2.2,11.3,6.0,2.0,0,0,0,0,0,0.00,0.10,0.10,0.00,1,False,"[{'fixture': 34, 'stats': [{'identifier': 'minutes', 'points': 1, 'value': 3, 'points_modification': 0}]}]",False
687,4,2025-26,0,0,0,0,0,0,0,0,0,0,0,0,0,0.0,0.0,0.0,0.0,0,0,0,0,0,0.00,0.00,0.00,0.00,0,False,"[{'fixture': 32, 'stats': [{'identifier': 'minutes', 'points': 0, 'value': 0, 'points_modification': 0}]}]",False
688,4,2025-26,0,0,0,0,0,0,0,0,0,0,0,0,0,0.0,0.0,0.0,0.0,0,0,0,0,0,0.00,0.00,0.00,0.00,0,False,"[{'fixture': 36, 'stats': [{'identifier': 'minutes', 'points': 0, 'value': 0, 'points_modification': 0}]}]",False
689,4,2025-26,0,0,0,0,0,0,0,0,0,0,0,0,0,0.0,0.0,0.0,0.0,0,0,0,0,0,0.00,0.00,0.00,0.00,0,False,"[{'fixture': 39, 'stats': [{'identifier': 'minutes', 'points': 0, 'value': 0, 'points_modification': 0}]}]",False
690,4,2025-26,0,0,0,0,0,0,0,0,0,0,0,0,0,0.0,0.0,0.0,0.0,0,0,0,0,0,0.00,0.00,0.00,0.00,0,False,"[{'fixture': 35, 'stats': [{'identifier': 'minutes', 'points': 0, 'value': 0, 'points_modification': 0}]}]",False
691,4,2025-26,68,0,0,1,0,0,0,0,0,0,0,0,7,5.2,12.3,19.0,3.7,1,0,0,1,1,0.30,0.05,0.35,0.12,2,False,"[{'fixture': 37, 'stats': [{'identifier': 'minutes', 'points': 2, 'value': 68, 'points_modification': 0}]}]",False
692,4,2025-26,0,0,0,0,0,0,0,0,0,0,0,0,0,0.0,0.0,0.0,0.0,0,0,0,0,0,0.00,0.00,0.00,0.00,0,False,"[{'fixture': 34, 'stats': [{'identifier': 'minutes', 'points': 0, 'value': 0, 'points_modification': 0}]}]",False
693,4,2025-26,0,0,0,0,0,0,0,0,0,0,0,0,0,0.0,0.0,0.0,0.0,0,0,0,0,0,0.00,0.00,0.00,0.00,0,False,"[{'fixture': 31, 'stats': [{'identifier': 'minutes', 'points': 0, 'value': 0, 'points_modification': 0}]}]",False
694,4,2025-26,90,0,0,1,0,0,0,0,0,0,0,2,32,24.4,10.9,0.0,3.5,10,2,2,12,1,0.00,0.05,0.05,1.77,10,True,"[{'fixture': 35, 'stats': [{'identifier': 'minutes', 'points': 2, 'value': 90, 'points_modification': 0}, {'identifier': 'clean_sheets', 'points': 4, 'value': 1, 'points_modification': 0}, {'identifier': 'bonus', 'points': 2, 'value': 2, 'points_modification': 0}, {'identifier': 'defensive_contribution', 'points': 2, 'value': 12, 'points_modification': 0}]}]",False
695,4,2025-26,13,0,0,0,0,0,0,0,0,0,0,0,3,0.2,1.2,2.0,0.3,0,2,0,0,0,0.00,0.00,0.00,0.17,1,False,"[{'fixture': 39, 'stats': [{'identifier': 'minutes', 'points': 1, 'value': 13, 'points_modification': 0}]}]",False
696,4,2025-26,30,0,0,0,1,0,0,0,0,0,0,0,3,1.2,12.2,13.0,2.6,0,0,0,0,0,0.11,0.01,0.12,0.08,1,False,"[{'fixture': 31, 'stats': [{'identifier': 'minutes', 'points': 1, 'value': 30, 'points_modification': 0}]}]",False
697,4,2025-26,23,0,0,0,0,0,0,0,0,0,0,0,5,6.6,1.3,7.0,1.5,2,1,0,3,0,0.04,0.00,0.04,0.05,1,False,"[{'fixture': 32, 'stats': [{'identifier': 'minutes', 'points': 1, 'value': 23, 'points_modification': 0}]}]",False
698,4,2025-26,67,0,0,1,0,0,0,0,1,0,0,0,2,4.2,12.3,17.0,3.4,3,7,1,11,1,0.18,0.02,0.20,0.12,2,False,"[{'fixture': 37, 'stats': [{'identifier': 'minutes', 'points': 2, 'value': 67, 'points_modification': 0}, {'identifier': 'clean_sheets', 'points': 1, 'value': 1, 'points_modification': 0}, {'identifier': 'yellow_cards', 'points': -1, 'value': 1, 'points_modification': 0}]}]",False
699,4,2025-26,0,0,0,0,0,0,0,0,0,0,0,0,0,0.0,0.0,0.0,0.0,0,0,0,0,0,0.00,0.00,0.00,0.00,0,False,"[{'fixture': 31, 'stats': [{'identifier': 'minutes', 'points': 0, 'value': 0, 'points_modification': 0}]}]",False
700,4,2025-26,0,0,0,0,0,0,0,0,0,0,0,0,0,0.0,0.0,0.0,0.0,0,0,0,0,0,0.00,0.00,0.00,0.00,0,False,"[{'fixture': 31, 'stats': [{'identifier': 'minutes', 'points': 0, 'value': 0, 'points_modification': 0}]}]",False
701,4,2025-26,0,0,0,0,0,0,0,0,0,0,0,0,0,0.0,0.0,0.0,0.0,0,0,0,0,0,0.00,0.00,0.00,0.00,0,False,"[{'fixture': 36, 'stats': [{'identifier': 'minutes', 'points': 0, 'value': 0, 'points_modification': 0}]}]",False
702,4,2025-26,0,0,0,0,0,0,0,0,0,0,0,0,0,0.0,0.0,0.0,0.0,0,0,0,0,0,0.00,0.00,0.00,0.00,0,False,"[{'fixture': 36, 'stats': [{'identifier': 'minutes', 'points': 0, 'value': 0, 'points_modification': 0}]}]",False
703,4,2025-26,0,0,0,0,0,0,0,0,0,0,0,0,0,0.0,0.0,0.0,0.0,0,0,0,0,0,0.00,0.00,0.00,0.00,0,False,"[{'fixture': 36, 'stats': [{'identifier': 'minutes', 'points': 0, 'value': 0, 'points_modification': 0}]}]",False
704,4,2025-26,0,0,0,0,0,0,0,0,0,0,0,0,0,0.0,0.0,0.0,0.0,0,0,0,0,0,0.00,0.00,0.00,0.00,0,False,"[{'fixture': 36, 'stats': [{'identifier': 'minutes', 'points': 0, 'value': 0, 'points_modification': 0}]}]",False
705,4,2025-26,0,0,0,0,0,0,0,0,0,0,0,0,0,0.0,0.0,0.0,0.0,0,0,0,0,0,0.00,0.00,0.00,0.00,0,False,"[{'fixture': 36, 'stats': [{'identifier': 'minutes', 'points': 0, 'value': 0, 'points_modification': 0}]}]",False
706,4,2025-26,0,0,0,0,0,0,0,0,0,0,0,0,0,0.0,0.0,0.0,0.0,0,0,0,0,0,0.00,0.00,0.00,0.00,0,False,"[{'fixture': 37, 'stats': [{'identifier': 'minutes', 'points': 0, 'value': 0, 'points_modification': 0}]}]",False
707,4,2025-26,0,0,0,0,0,0,0,0,0,0,0,0,0,0.0,0.0,0.0,0.0,0,0,0,0,0,0.00,0.00,0.00,0.00,0,False,"[{'fixture': 36, 'stats': [{'identifier': 'minutes', 'points': 0, 'value': 0, 'points_modification': 0}]}]",False
708,4,2025-26,60,0,0,0,2,0,0,0,0,0,0,0,10,6.4,28.3,4.0,3.9,0,1,2,3,1,0.00,0.15,0.15,0.63,2,False,"[{'fixture': 40, 'stats': [{'identifier': 'minutes', 'points': 2, 'value': 60, 'points_modification': 0}]}]",False
709,4,2025-26,90,0,0,0,1,0,0,0,1,0,0,0,8,8.2,15.6,0.0,2.4,3,3,1,4,1,0.00,0.16,0.16,1.55,1,False,"[{'fixture': 39, 'stats': [{'identifier': 'minutes', 'points': 2, 'value': 90, 'points_modification': 0}, {'identifier': 'yellow_cards', 'points': -1, 'value': 1, 'points_modification': 0}]}]",False
710,4,2025-26,0,0,0,0,0,0,0,0,0,0,0,0,0,0.0,0.0,0.0,0.0,0,0,0,0,0,0.00,0.00,0.00,0.00,0,False,"[{'fixture': 36, 'stats': [{'identifier': 'minutes', 'points': 0, 'value': 0, 'points_modification': 0}]}]",False
711,4,2025-26,0,0,0,0,0,0,0,0,0,0,0,0,0,0.0,0.0,0.0,0.0,0,0,0,0,0,0.00,0.00,0.00,0.00,0,False,"[{'fixture': 31, 'stats': [{'identifier': 'minutes', 'points': 0, 'value': 0, 'points_modification': 0}]}]",False
712,4,2025-26,83,0,0,1,0,0,0,0,0,0,0,0,-1,0.0,15.2,10.0,2.3,0,4,1,5,1,0.73,0.03,0.76,0.36,3,False,"[{'fixture': 35, 'stats': [{'identifier': 'minutes', 'points': 2, 'value': 83, 'points_modification': 0}, {'identifier': 'clean_sheets', 'points': 1, 'value': 1, 'points_modification': 0}]}]",False
713,4,2025-26,3,0,0,0,0,0,0,0,1,0,0,0,2,2.2,0.1,0.0,0.2,1,0,1,2,0,0.00,0.00,0.00,0.00,0,False,"[{'fixture': 32, 'stats': [{'identifier': 'minutes', 'points': 1, 'value': 3, 'points_modification': 0}, {'identifier': 'yellow_cards', 'points': -1, 'value': 1, 'points_modification': 0}]}]",False
714,4,2025-26,64,1,0,1,0,0,0,0,0,0,0,3,40,37.2,12.3,46.0,9.6,0,3,3,6,1,0.27,0.01,0.28,0.41,9,False,"[{'fixture': 39, 'stats': [{'identifier': 'minutes', 'points': 2, 'value': 64, 'points_modification': 0}, {'identifier': 'goals_scored', 'points': 4, 'value': 1, 'points_modification': 0}, {'identifier': 'bonus', 'points': 3, 'value': 3, 'points_modification': 0}]}]",False
715,4,2025-26,0,0,0,0,0,0,0,0,0,0,0,0,0,0.0,0.0,0.0,0.0,0,0,0,0,0,0.00,0.00,0.00,0.00,0,False,"[{'fixture': 31, 'stats': [{'identifier': 'minutes', 'points': 0, 'value': 0, 'points_modification': 0}]}]",False
716,4,2025-26,53,0,0,0,2,0,0,0,0,0,0,0,4,11.0,11.1,4.0,2.6,2,0,3,5,0,0.00,0.00,0.00,0.88,0,False,"[{'fixture': 31, 'stats': [{'identifier': 'minutes', 'points': 1, 'value': 53, 'points_modification': 0}, {'identifier': 'goals_conceded', 'points': -1, 'value': 2, 'points_modification': 0}]}]",False
717,4,2025-26,70,0,1,1,0,0,0,0,0,0,0,0,23,18.4,19.7,1.0,3.9,0,2,1,3,1,0.03,0.08,0.11,0.60,6,False,"[{'fixture': 40, 'stats': [{'identifier': 'minutes', 'points': 2, 'value': 70, 'points_modification': 0}, {'identifier': 'assists', 'points': 3, 'value': 1, 'points_modification': 0}, {'identifier': 'clean_sheets', 'points': 1, 'value': 1, 'points_modification': 0}]}]",False
718,4,2025-26,29,0,0,0,1,0,0,0,0,0,0,0,6,9.6,1.3,0.0,1.1,1,0,2,3,0,0.00,0.00,0.00,0.65,1,False,"[{'fixture': 40, 'stats': [{'identifier': 'minutes', 'points': 1, 'value': 29, 'points_modification': 0}]}]",False
719,4,2025-26,7,0,0,0,0,0,0,0,0,0,0,0,3,0.4,0.3,0.0,0.1,0,0,0,0,0,0.00,0.00,0.00,0.48,1,False,"[{'fixture': 36, 'stats': [{'identifier': 'minutes', 'points': 1, 'value': 7, 'points_modification': 0}]}]",False
720,4,2025-26,65,0,0,0,1,0,0,0,0,0,0,0,7,4.4,1.8,4.0,1.0,4,0,0,4,1,0.00,0.00,0.00,1.35,2,False,"[{'fixture': 39, 'stats': [{'identifier': 'minutes', 'points': 2, 'value': 65, 'points_modification': 0}]}]",False
721,4,2025-26,90,0,0,0,1,0,0,0,0,0,0,0,15,23.4,11.3,6.0,4.1,10,3,1,11,1,0.00,0.18,0.18,0.62,4,False,"[{'fixture': 32, 'stats': [{'identifier': 'minutes', 'points': 2, 'value': 90, 'points_modification': 0}, {'identifier': 'defensive_contribution', 'points': 2, 'value': 11, 'points_modification': 0}]}]",False
722,4,2025-26,27,0,0,0,1,0,0,0,0,0,0,0,5,13.0,0.2,0.0,1.3,2,2,3,7,0,0.00,0.00,0.00,1.24,1,False,"[{'fixture': 34, 'stats': [{'identifier': 'minutes', 'points': 1, 'value': 27, 'points_modification': 0}]}]",False
723,4,2025-26,0,0,0,0,0,0,0,0,0,0,0,0,0,0.0,0.0,0.0,0.0,0,0,0,0,0,0.00,0.00,0.00,0.00,0,False,"[{'fixture': 35, 'stats': [{'identifier': 'minutes', 'points': 0, 'value': 0, 'points_modification': 0}]}]",False
724,4,2025-26,6,0,0,0,0,0,0,0,0,0,0,0,4,1.0,0.0,0.0,0.1,0,1,0,0,0,0.00,0.00,0.00,0.38,1,False,"[{'fixture': 35, 'stats': [{'identifier': 'minutes', 'points': 1, 'value': 6, 'points_modification': 0}]}]",False
725,4,2025-26,0,0,0,0,0,0,0,0,0,0,0,0,0,0.0,0.0,0.0,0.0,0,0,0,0,0,0.00,0.00,0.00,0.00,0,False,"[{'fixture': 31, 'stats': [{'identifier': 'minutes', 'points': 0, 'value': 0, 'points_modification': 0}]}]",False
726,4,2025-26,0,0,0,0,0,0,0,0,0,0,0,0,0,0.0,0.0,0.0,0.0,0,0,0,0,0,0.00,0.00,0.00,0.00,0,False,"[{'fixture': 40, 'stats': [{'identifier': 'minutes', 'points': 0, 'value': 0, 'points_modification': 0}]}]",False
727,4,2025-26,0,0,0,0,0,0,0,0,0,0,0,0,0,0.0,0.0,0.0,0.0,0,0,0,0,0,0.00,0.00,0.00,0.00,0,False,"[{'fixture': 37, 'stats': [{'identifier': 'minutes', 'points': 0, 'value': 0, 'points_modification': 0}]}]",False
728,4,2025-26,24,0,0,0,0,0,0,0,0,0,0,0,5,3.0,10.7,1.0,1.5,0,1,2,3,0,0.03,0.00,0.03,0.00,1,False,"[{'fixture': 36, 'stats': [{'identifier': 'minutes', 'points': 1, 'value': 24, 'points_modification': 0}]}]",False
729,4,2025-26,0,0,0,0,0,0,0,0,0,0,0,0,0,0.0,0.0,0.0,0.0,0,0,0,0,0,0.00,0.00,0.00,0.00,0,False,"[{'fixture': 31, 'stats': [{'identifier': 'minutes', 'points': 0, 'value': 0, 'points_modification': 0}]}]",False
730,4,2025-26,21,0,0,0,0,0,0,0,0,0,0,0,4,1.0,0.1,0.0,0.1,1,1,0,2,0,0.00,0.00,0.00,0.93,1,False,"[{'fixture': 35, 'stats': [{'identifier': 'minutes', 'points': 1, 'value': 21, 'points_modification': 0}]}]",False
731,4,2025-26,14,0,0,0,0,0,0,0,0,0,0,0,6,11.4,18.6,7.0,3.7,0,0,0,0,0,0.01,0.07,0.08,0.03,1,False,"[{'fixture': 37, 'stats': [{'identifier': 'minutes', 'points': 1, 'value': 14, 'points_modification': 0}]}]",False
732,4,2025-26,6,0,0,0,0,0,0,0,0,0,0,0,6,3.4,0.8,19.0,2.3,0,1,0,1,0,0.01,0.00,0.01,0.00,1,False,"[{'fixture': 35, 'stats': [{'identifier': 'minutes', 'points': 1, 'value': 6, 'points_modification': 0}]}]",False
733,4,2025-26,0,0,0,0,0,0,0,0,0,0,0,0,0,0.0,0.0,0.0,0.0,0,0,0,0,0,0.00,0.00,0.00,0.00,0,False,"[{'fixture': 38, 'stats': [{'identifier': 'minutes', 'points': 0, 'value': 0, 'points_modification': 0}]}]",False
734,4,2025-26,30,0,0,0,1,0,0,0,0,0,0,0,4,0.6,0.9,2.0,0.4,0,2,0,2,0,0.00,0.00,0.00,0.08,1,False,"[{'fixture': 31, 'stats': [{'identifier': 'minutes', 'points': 1, 'value': 30, 'points_modification': 0}]}]",False
735,4,2025-26,0,0,0,0,0,0,0,0,0,0,0,0,0,0.0,0.0,0.0,0.0,0,0,0,0,0,0.00,0.00,0.00,0.00,0,False,"[{'fixture': 35, 'stats': [{'identifier': 'minutes', 'points': 0, 'value': 0, 'points_modification': 0}]}]",False
736,4,2025-26,90,0,0,1,0,0,0,0,0,0,2,0,26,14.4,0.0,0.0,1.4,3,6,0,0,1,0.00,0.00,0.00,1.51,6,False,"[{'fixture': 38, 'stats': [{'identifier': 'minutes', 'points': 2, 'value': 90, 'points_modification': 0}, {'identifier': 'clean_sheets', 'points': 4, 'value': 1, 'points_modification': 0}]}]",False
737,4,2025-26,0,0,0,0,0,0,0,0,0,0,0,0,0,0.0,0.0,0.0,0.0,0,0,0,0,0,0.00,0.00,0.00,0.00,0,False,"[{'fixture': 37, 'stats': [{'identifier': 'minutes', 'points': 0, 'value': 0, 'points_modification': 0}]}]",False
738,4,2025-26,0,0,0,0,0,0,0,0,0,0,0,0,0,0.0,0.0,0.0,0.0,0,0,0,0,0,0.00,0.00,0.00,0.00,0,False,"[{'fixture': 40, 'stats': [{'identifier': 'minutes', 'points': 0, 'value': 0, 'points_modification': 0}]}]",False
739,4,2025-26,0,0,0,0,0,0,0,0,0,0,0,0,0,0.0,0.0,0.0,0.0,0,0,0,0,0,0.00,0.00,0.00,0.00,0,False,"[{'fixture': 38, 'stats': [{'identifier': 'minutes', 'points': 0, 'value': 0, 'points_modification': 0}]}]",False
740,4,2025-26,0,0,0,0,0,0,0,0,0,0,0,0,0,0.0,0.0,0.0,0.0,0,0,0,0,0,0.00,0.00,0.00,0.00,0,False,"[{'fixture': 38, 'stats': [{'identifier': 'minutes', 'points': 0, 'value': 0, 'points_modification': 0}]}]",False
