element,gameweek,season,minutes,goals_scored,assists,clean_sheets,goals_conceded,own_goals,penalties_saved,penalties_missed,yellow_cards,red_cards,saves,bonus,bps,influence,creativity,threat,ict_index,clearances_blocks_interceptions,recoveries,tackles,defensive_contribution,starts,expected_goals,expected_assists,expected_goal_involvements,expected_goals_conceded,total_points,in_dreamteam,explain,modified,web_name,element_type,team,now_cost,name,position,xP
1,4,2025-26,90,0,0,1,0,0,0,0,0,0,1,0,24,12.8,0.0,0.0,1.3,0,9,0,0,1,0.0,0.0,0.0,0.2,6,False,"[{'fixture': 31, 'stats': [{'identifier': 'minutes', 'points': 2, 'value': 90, 'points_modification': 0}, {'identifier': 'clean_sheets', 'points': 4, 'value': 1, 'points_modification': 0}]}]",False,Raya,1,1,56,Raya,GK,6
2,4,2025-26,0,0,0,0,0,0,0,0,0,0,0,0,0,0.0,0.0,0.0,0.0,0,0,0,0,0,0.0,0.0,0.0,0.0,0,False,"[{'fixture': 31, 'stats': [{'identifier': 'minutes', 'points': 0, 'value': 0, 'points_modification': 0}]}]",False,Arrizabalaga,1,1,43,Arrizabalaga,GK,0
3,4,2025-26,0,0,0,0,0,0,0,0,0,0,0,0,0,0.0,0.0,0.0,0.0,0,0,0,0,0,0.0,0.0,0.0,0.0,0,False,"[{'fixture': 31, 'stats': [{'identifier': 'minutes', 'points': 0, 'value': 0, 'points_modification': 0}]}]",False,Hein,1,1,40,Hein,GK,0
4,4,2025-26,0,0,0,0,0,0,0,0,0,0,0,0,0,0.0,0.0,0.0,0.0,0,0,0,0,0,0.0,0.0,0.0,0.0,0,False,"[{'fixture': 31, 'stats': [{'identifier': 'minutes', 'points': 0, 'value': 0, 'points_modification': 0}]}]",False,Setford,1,1,40,Setford,GK,0
5,4,2025-26,90,0,0,1,0,0,0,0,0,0,0,1,32,28.0,1.3,9.0,3.8,8,3,2,10,1,0.2,0.01,0.21,0.2,9,False,"[{'fixture': 31, 'stats': [{'identifier': 'minutes', 'points': 2, 'value': 90, 'points_modification': 0}, {'identifier': 'clean_sheets', 'points': 4, 'value': 1, 'points_modification': 0}, {'identifier': 'bonus', 'points': 1, 'value': 1, 'points_modification': 0}, {'identifier': 'defensive_contribution', 'points': 2, 'value': 10, 'points_modification': 0}]}]",False,Gabriel,2,1,61,Gabriel,DEF,9
6,4,2025-26,0,0,0,0,0,0,0,0,0,0,0,0,0,0.0,0.0,0.0,0.0,0,0,0,0,0,0.0,0.0,0.0,0.0,0,False,"[{'fixture': 31, 'stats': [{'identifier': 'minutes', 'points': 0, 'value': 0, 'points_modification': 0}]}]",False,Saliba,2,1,60,Saliba,DEF,0
7,4,2025-26,67,0,0,1,0,0,0,0,1,0,0,0,16,5.4,12.6,2.0,2.0,1,1,2,3,1,0.0,0.01,0.01,0.1,5,False,"[{'fixture': 31, 'stats': [{'identifier': 'minutes', 'points': 2, 'value': 67, 'points_modification': 0}, {'identifier': 'clean_sheets', 'points': 4, 'value': 1, 'points_modification': 0}, {'identifier': 'yellow_cards', 'points': -1, 'value': 1, 'points_modification': 0}]}]",False,Calafiori,2,1,57,Calafiori,DEF,5
8,4,2025-26,90,0,0,1,0,0,0,0,0,0,0,2,37,19.8,13.0,35.0,6.8,4,2,2,6,1,0.3,0.02,0.32,0.2,8,False,"[{'fixture': 31, 'stats': [{'identifier': 'minutes', 'points': 2, 'value': 90, 'points_modification': 0}, {'identifier': 'clean_sheets', 'points': 4, 'value': 1, 'points_modification': 0}, {'identifier': 'bonus', 'points': 2, 'value': 2, 'points_modification': 0}]}]",False,J.Timber,2,1,58,J.Timber,DEF,8
9,4,2025-26,0,0,0,0,0,0,0,0,0,0,0,0,0,0.0,0.0,0.0,0.0,0,0,0,0,0,0.0,0.0,0.0,0.0,0,False,"[{'fixture': 31, 'stats': [{'identifier': 'minutes', 'points': 0, 'value': 0, 'points_modification': 0}]}]",False,Kiwior,2,1,54,Kiwior,DEF,0
10,4,2025-26,22,0,0,0,0,0,0,0,0,0,0,0,3,0.0,2.0,0.0,0.1,0,2,0,0,0,0.0,0.0,0.0,0.1,1,False,"[{'fixture': 31, 'stats': [{'identifier': 'minutes', 'points': 1, 'value': 22, 'points_modification': 0}]}]",False,Lewis-Skelly,2,1,53,Lewis-Skelly,DEF,1
11,4,2025-26,0,0,0,0,0,0,0,0,0,0,0,0,0,0.0,0.0,0.0,0.0,0,0,0,0,0,0.0,0.0,0.0,0.0,0,False,"[{'fixture': 31, 'stats': [{'identifier': 'minutes', 'points': 0, 'value': 0, 'points_modification': 0}]}]",False,White,2,1,54,White,DEF,0
12,4,2025-26,0,0,0,0,0,0,0,0,0,0,0,0,0,0.0,0.0,0.0,0.0,0,0,0,0,0,0.0,0.0,0.0,0.0,0,False,"[{'fixture': 31, 'stats': [{'identifier': 'minutes', 'points': 0, 'value': 0, 'points_modification': 0}]}]",False,Zinchenko,2,16,49,Zinchenko,DEF,0
13,4,2025-26,0,0,0,0,0,0,0,0,0,0,0,0,0,0.0,0.0,0.0,0.0,0,0,0,0,0,0.0,0.0,0.0,0.0,0,False,"[{'fixture': 31, 'stats': [{'identifier': 'minutes', 'points': 0, 'value': 0, 'points_modification': 0}]}]",False,Clarke,2,1,40,Clarke,DEF,0
14,4,2025-26,0,0,0,0,0,0,0,0,0,0,0,0,0,0.0,0.0,0.0,0.0,0,0,0,0,0,0.0,0.0,0.0,0.0,0,False,"[{'fixture': 31, 'stats': [{'identifier': 'minutes', 'points': 0, 'value': 0, 'points_modification': 0}]}]",False,Kacurri,2,1,39,Kacurri,DEF,0
15,4,2025-26,0,0,0,0,0,0,0,0,0,0,0,0,0,0.0,0.0,0.0,0.0,0,0,0,0,0,0.0,0.0,0.0,0.0,0,False,"[{'fixture': 31, 'stats': [{'identifier': 'minutes', 'points': 0, 'value': 0, 'points_modification': 0}]}]",False,Nichols,2,1,39,Nichols,DEF,0
16,4,2025-26,0,0,0,0,0,0,0,0,0,0,0,0,0,0.0,0.0,0.0,0.0,0,0,0,0,0,0.0,0.0,0.0,0.0,0,False,"[{'fixture': 31, 'stats': [{'identifier': 'minutes', 'points': 0, 'value': 0, 'points_modification': 0}]}]",False,Saka,3,1,98,Saka,MID,0
17,4,2025-26,17,0,0,0,0,0,0,0,0,0,0,0,3,0.0,5.2,0.0,0.5,0,0,0,0,1,0.0,0.0,0.0,0.0,1,False,"[{'fixture': 31, 'stats': [{'identifier': 'minutes', 'points': 1, 'value': 17, 'points_modification': 0}]}]",False,Ødegaard,3,1,79,Ødegaard,MID,1
18,4,2025-26,78,0,0,1,0,0,0,0,0,0,0,0,24,22.6,70.8,26.0,11.9,1,3,3,7,1,0.0,0.71,0.71,0.1,3,False,"[{'fixture': 31, 'stats': [{'identifier': 'minutes', 'points': 2, 'value': 78, 'points_modification': 0}, {'identifier': 'clean_sheets', 'points': 1, 'value': 1, 'points_modification': 0}]}]",False,Madueke,3,1,70,Madueke,MID,3
19,4,2025-26,12,0,0,0,0,0,0,0,0,0,0,0,4,2.0,4.3,0.0,0.6,0,1,0,1,0,0.0,0.0,0.0,0.1,1,False,"[{'fixture': 31, 'stats': [{'identifier': 'minutes', 'points': 1, 'value': 12, 'points_modification': 0}]}]",False,Martinelli,3,1,69,Martinelli,MID,1
20,4,2025-26,11,0,1,0,0,0,0,0,0,0,0,0,12,17.2,10.5,4.0,3.2,0,0,0,0,0,0.0,0.26,0.26,0.1,4,False,"[{'fixture': 31, 'stats': [{'identifier': 'minutes', 'points': 1, 'value': 11, 'points_modification': 0}, {'identifier': 'assists', 'points': 3, 'value': 1, 'points_modification': 0}]}]",False,Trossard,3,1,69,Trossard,MID,4
21,4,2025-26,22,0,0,0,0,0,0,0,0,0,0,0,1,3.4,1.3,2.0,0.7,0,2,1,3,0,0.0,0.03,0.03,0.1,1,False,"[{'fixture': 31, 'stats': [{'identifier': 'minutes', 'points': 1, 'value': 22, 'points_modification': 0}]}]",False,Rice,3,1,65,Rice,MID,1
22,4,2025-26,90,0,0,1,0,0,0,0,0,0,0,0,15,13.2,20.3,33.0,6.7,2,8,0,10,1,0.13,0.07,0.2,0.2,3,False,"[{'fixture': 31, 'stats': [{'identifier': 'minutes', 'points': 2, 'value': 90, 'points_modification': 0}, {'identifier': 'clean_sheets', 'points': 1, 'value': 1, 'points_modification': 0}]}]",False,Merino,3,1,59,Merino,MID,3
23,4,2025-26,0,0,0,0,0,0,0,0,0,0,0,0,0,0.0,0.0,0.0,0.0,0,0,0,0,0,0.0,0.0,0.0,0.0,0,False,"[{'fixture': 31, 'stats': [{'identifier': 'minutes', 'points': 0, 'value': 0, 'points_modification': 0}]}]",False,Fábio Vieira,3,1,54,Fábio Vieira,MID,0
24,4,2025-26,0,0,0,0,0,0,0,0,0,0,0,0,0,0.0,0.0,0.0,0.0,0,0,0,0,0,0.0,0.0,0.0,0.0,0,False,"[{'fixture': 31, 'stats': [{'identifier': 'minutes', 'points': 0, 'value': 0, 'points_modification': 0}]}]",False,Nørgaard,3,1,53,Nørgaard,MID,0
25,4,2025-26,72,0,0,1,0,0,0,0,0,0,0,0,8,2.4,18.7,15.0,3.6,1,3,0,4,0,0.15,0.03,0.18,0.2,3,False,"[{'fixture': 31, 'stats': [{'identifier': 'minutes', 'points': 2, 'value': 72, 'points_modification': 0}, {'identifier': 'clean_sheets', 'points': 1, 'value': 1, 'points_modification': 0}]}]",False,Nwaneri,3,1,53,Nwaneri,MID,3
26,4,2025-26,90,2,0,1,0,0,0,0,0,0,0,3,52,68.6,14.5,25.0,10.8,1,1,0,2,1,0.16,0.03,0.19,0.2,16,True,"[{'fixture': 31, 'stats': [{'identifier': 'minutes', 'points': 2, 'value': 90, 'points_modification': 0}, {'identifier': 'goals_scored', 'points': 10, 'value': 2, 'points_modification': 0}, {'identifier': 'clean_sheets', 'points': 1, 'value': 1, 'points_modification': 0}, {'identifier': 'bonus', 'points': 3, 'value': 3, 'points_modification': 0}]}]",False,Zubimendi,3,1,55,Zubimendi,MID,16
27,4,2025-26,0,0,0,0,0,0,0,0,0,0,0,0,0,0.0,0.0,0.0,0.0,0,0,0,0,0,0.0,0.0,0.0,0.0,0,False,"[{'fixture': 33, 'stats': [{'identifier': 'minutes', 'points': 0, 'value': 0, 'points_modification': 0}]}]",False,Nelson,3,5,49,Nelson,MID,0
28,4,2025-26,0,0,0,0,0,0,0,0,0,0,0,0,0,0.0,0.0,0.0,0.0,0,0,0,0,0,0.0,0.0,0.0,0.0,0,False,"[{'fixture': 31, 'stats': [{'identifier': 'minutes', 'points': 0, 'value': 0, 'points_modification': 0}]}]",False,Kabia,3,1,45,Kabia,MID,0
29,4,2025-26,0,0,0,0,0,0,0,0,0,0,0,0,0,0.0,0.0,0.0,0.0,0,0,0,0,0,0.0,0.0,0.0,0.0,0,False,"[{'fixture': 31, 'stats': [{'identifier': 'minutes', 'points': 0, 'value': 0, 'points_modification': 0}]}]",False,Sambi,3,1,45,Sambi,MID,0
30,4,2025-26,0,0,0,0,0,0,0,0,0,0,0,0,0,0.0,0.0,0.0,0.0,0,0,0,0,0,0.0,0.0,0.0,0.0,0,False,"[{'fixture': 31, 'stats': [{'identifier': 'minutes', 'points': 0, 'value': 0, 'points_modification': 0}]}]",False,Havertz,4,1,73,Havertz,FWD,0
31,4,2025-26,0,0,0,0,0,0,0,0,0,0,0,0,0,0.0,0.0,0.0,0.0,0,0,0,0,0,0.0,0.0,0.0,0.0,0,False,"[{'fixture': 31, 'stats': [{'identifier': 'minutes', 'points': 0, 'value': 0, 'points_modification': 0}]}]",False,G.Jesus,4,1,64,G.Jesus,FWD,0
32,4,2025-26,90,0,0,1,0,0,0,0,0,0,2,0,27,20.2,0.0,0.0,2.0,2,3,0,0,1,0.0,0.0,0.0,2.08,6,False,"[{'fixture': 36, 'stats': [{'identifier': 'minutes', 'points': 2, 'value': 90, 'points_modification': 0}, {'identifier': 'clean_sheets', 'points': 4, 'value': 1, 'points_modification': 0}]}]",False,Martinez,1,2,50,Martinez,GK,6
33,4,2025-26,0,0,0,0,0,0,0,0,0,0,0,0,0,0.0,0.0,0.0,0.0,0,0,0,0,0,0.0,0.0,0.0,0.0,0,False,"[{'fixture': 36, 'stats': [{'identifier': 'minutes', 'points': 0, 'value': 0, 'points_modification': 0}]}]",False,M.Bizot,1,2,45,M.Bizot,GK,0
34,4,2025-26,0,0,0,0,0,0,0,0,0,0,0,0,0,0.0,0.0,0.0,0.0,0,0,0,0,0,0.0,0.0,0.0,0.0,0,False,"[{'fixture': 36, 'stats': [{'identifier': 'minutes', 'points': 0, 'value': 0, 'points_modification': 0}]}]",False,Gauci,1,2,40,Gauci,GK,0
35,4,2025-26,0,0,0,0,0,0,0,0,0,0,0,0,0,0.0,0.0,0.0,0.0,0,0,0,0,0,0.0,0.0,0.0,0.0,0,False,"[{'fixture': 36, 'stats': [{'identifier': 'minutes', 'points': 0, 'value': 0, 'points_modification': 0}]}]",False,Marschall,1,2,40,Marschall,GK,0
36,4,2025-26,90,0,0,1,0,0,0,0,1,0,0,0,13,13.2,16.6,2.0,3.2,1,0,3,4,1,0.0,0.14,0.14,2.08,5,False,"[{'fixture': 36, 'stats': [{'identifier': 'minutes', 'points': 2, 'value': 90, 'points_modification': 0}, {'identifier': 'clean_sheets', 'points': 4, 'value': 1, 'points_modification': 0}, {'identifier': 'yellow_cards', 'points': -1, 'value': 1, 'points_modification': 0}]}]",False,Cash,2,2,46,Cash,DEF,5
37,4,2025-26,90,0,0,1,0,0,0,0,1,0,0,0,18,7.4,6.8,9.0,2.3,3,6,1,4,1,0.08,0.01,0.09,2.08,5,False,"[{'fixture': 36, 'stats': [{'identifier': 'minutes', 'points': 2, 'value': 90, 'points_modification': 0}, {'identifier': 'clean_sheets', 'points': 4, 'value': 1, 'points_modification': 0}, {'identifier': 'yellow_cards', 'points': -1, 'value': 1, 'points_modification': 0}]}]",False,Digne,2,2,45,Digne,DEF,5
38,4,2025-26,90,0,0,1,0,0,0,0,0,0,0,0,28,15.4,1.0,0.0,1.6,3,2,1,4,1,0.0,0.01,0.01,2.08,6,False,"[{'fixture': 36, 'stats': [{'identifier': 'minutes', 'points': 2, 'value': 90, 'points_modification': 0}, {'identifier': 'clean_sheets', 'points': 4, 'value': 1, 'points_modification': 0}]}]",False,Konsa,2,2,45,Konsa,DEF,6
39,4,2025-26,0,0,0,0,0,0,0,0,0,0,0,0,0,0.0,0.0,0.0,0.0,0,0,0,0,0,0.0,0.0,0.0,0.0,0,False,"[{'fixture': 36, 'stats': [{'identifier': 'minutes', 'points': 0, 'value': 0, 'points_modification': 0}]}]",False,Maatsen,2,2,44,Maatsen,DEF,0
40,4,2025-26,90,0,0,1,0,0,0,0,0,0,0,1,30,36.0,1.3,8.0,4.5,12,3,1,13,1,0.22,0.01,0.23,2.08,9,False,"[{'fixture': 36, 'stats': [{'identifier': 'minutes', 'points': 2, 'value': 90, 'points_modification': 0}, {'identifier': 'clean_sheets', 'points': 4, 'value': 1, 'points_modification': 0}, {'identifier': 'bonus', 'points': 1, 'value': 1, 'points_modification': 0}, {'identifier': 'defensive_contribution', 'points': 2, 'value': 13, 'points_modification': 0}]}]",False,Mings,2,2,45,Mings,DEF,9
41,4,2025-26,0,0,0,0,0,0,0,0,0,0,0,0,0,0.0,0.0,0.0,0.0,0,0,0,0,0,0.0,0.0,0.0,0.0,0,False,"[{'fixture': 36, 'stats': [{'identifier': 'minutes', 'points': 0, 'value': 0, 'points_modification': 0}]}]",False,Pau,2,2,44,Pau,DEF,0
42,4,2025-26,0,0,0,0,0,0,0,0,0,0,0,0,0,0.0,0.0,0.0,0.0,0,0,0,0,0,0.0,0.0,0.0,0.0,0,False,"[{'fixture': 36, 'stats': [{'identifier': 'minutes', 'points': 0, 'value': 0, 'points_modification': 0}]}]",False,A.García,2,2,39,A.García,DEF,0
43,4,2025-26,0,0,0,0,0,0,0,0,0,0,0,0,0,0.0,0.0,0.0,0.0,0,0,0,0,0,0.0,0.0,0.0,0.0,0,False,"[{'fixture': 36, 'stats': [{'identifier': 'minutes', 'points': 0, 'value': 0, 'points_modification': 0}]}]",False,Alex Moreno,2,2,40,Alex Moreno,DEF,0
44,4,2025-26,82,0,0,1,0,0,0,0,0,0,0,3,35,13.0,2.0,0.0,1.5,4,3,3,7,1,0.0,0.02,0.02,1.6,9,False,"[{'fixture': 36, 'stats': [{'identifier': 'minutes', 'points': 2, 'value': 82, 'points_modification': 0}, {'identifier': 'clean_sheets', 'points': 4, 'value': 1, 'points_modification': 0}, {'identifier': 'bonus', 'points': 3, 'value': 3, 'points_modification': 0}]}]",False,Bogarde,2,2,40,Bogarde,DEF,9
45,4,2025-26,0,0,0,0,0,0,0,0,0,0,0,0,0,0.0,0.0,0.0,0.0,0,0,0,0,0,0.0,0.0,0.0,0.0,0,False,"[{'fixture': 36, 'stats': [{'identifier': 'minutes', 'points': 0, 'value': 0, 'points_modification': 0}]}]",False,Sousa,2,2,40,Sousa,DEF,0
46,4,2025-26,0,0,0,0,0,0,0,0,0,0,0,0,0,0.0,0.0,0.0,0.0,0,0,0,0,0,0.0,0.0,0.0,0.0,0,False,"[{'fixture': 36, 'stats': [{'identifier': 'minutes', 'points': 0, 'value': 0, 'points_modification': 0}]}]",False,Yasin,2,2,40,Yasin,DEF,0
47,4,2025-26,90,0,0,1,0,0,0,0,0,0,0,0,4,6.4,4.0,7.0,1.7,2,4,0,6,1,0.08,0.02,0.1,2.08,3,False,"[{'fixture': 36, 'stats': [{'identifier': 'minutes', 'points': 2, 'value': 90, 'points_modification': 0}, {'identifier': 'clean_sheets', 'points': 1, 'value': 1, 'points_modification': 0}]}]",False,Rogers,3,2,69,Rogers,MID,3
48,4,2025-26,45,0,0,0,0,0,0,0,0,0,0,0,10,3.4,2.3,0.0,0.6,0,3,1,4,1,0.0,0.02,0.02,1.17,1,False,"[{'fixture': 36, 'stats': [{'identifier': 'minutes', 'points': 1, 'value': 45, 'points_modification': 0}]}]",False,Tielemans,3,2,59,Tielemans,MID,1
49,4,2025-26,0,0,0,0,0,0,0,0,0,0,0,0,0,0.0,0.0,0.0,0.0,0,0,0,0,0,0.0,0.0,0.0,0.0,0,False,"[{'fixture': 36, 'stats': [{'identifier': 'minutes', 'points': 0, 'value': 0, 'points_modification': 0}]}]",False,Bailey,3,2,55,Bailey,MID,0
50,4,2025-26,70,0,0,1,0,0,0,0,1,0,0,0,6,8.6,13.2,13.0,3.5,1,5,2,8,1,0.16,0.06,0.22,1.53,2,False,"[{'fixture': 36, 'stats': [{'identifier': 'minutes', 'points': 2, 'value': 70, 'points_modification': 0}, {'identifier': 'clean_sheets', 'points': 1, 'value': 1, 'points_modification': 0}, {'identifier': 'yellow_cards', 'points': -1, 'value': 1, 'points_modification': 0}]}]",False,Buendía,3,2,53,Buendía,MID,2
51,4,2025-26,0,0,0,0,0,0,0,0,0,0,0,0,0,0.0,0.0,0.0,0.0,0,0,0,0,0,0.0,0.0,0.0,0.0,0,False,"[{'fixture': 36, 'stats': [{'identifier': 'minutes', 'points': 0, 'value': 0, 'points_modification': 0}]}]",False,Iling Jr,3,2,55,Iling Jr,MID,0
52,4,2025-26,0,0,0,0,0,0,0,0,0,0,0,0,0,0.0,0.0,0.0,0.0,0,0,0,0,0,0.0,0.0,0.0,0.0,0,False,"[{'fixture': 39, 'stats': [{'identifier': 'minutes', 'points': 0, 'value': 0, 'points_modification': 0}]}]",False,J.Ramsey,3,15,53,J.Ramsey,MID,0
53,4,2025-26,7,0,0,0,0,0,0,0,0,0,0,0,2,1.0,0.3,0.0,0.1,0,0,0,0,0,0.0,0.0,0.0,0.48,1,False,"[{'fixture': 36, 'stats': [{'identifier': 'minutes', 'points': 1, 'value': 7, 'points_modification': 0}]}]",False,Malen,3,2,52,Malen,MID,1
54,4,2025-26,90,0,0,1,0,0,0,0,0,0,0,0,12,10.4,13.4,0.0,2.4,3,5,0,8,1,0.0,0.03,0.03,2.08,3,False,"[{'fixture': 36, 'stats': [{'identifier': 'minutes', 'points': 2, 'value': 90, 'points_modification': 0}, {'identifier': 'clean_sheets', 'points': 1, 'value': 1, 'points_modification': 0}]}]",False,McGinn,3,2,54,McGinn,MID,3
55,4,2025-26,0,0,0,0,0,0,0,0,0,0,0,0,0,0.0,0.0,0.0,0.0,0,0,0,0,0,0.0,0.0,0.0,0.0,0,False,"[{'fixture': 36, 'stats': [{'identifier': 'minutes', 'points': 0, 'value': 0, 'points_modification': 0}]}]",False,Barkley,3,2,48,Barkley,MID,0
56,4,2025-26,0,0,0,0,0,0,0,0,0,0,0,0,0,0.0,0.0,0.0,0.0,0,0,0,0,0,0.0,0.0,0.0,0.0,0,False,"[{'fixture': 36, 'stats': [{'identifier': 'minutes', 'points': 0, 'value': 0, 'points_modification': 0}]}]",False,Barrenechea,3,2,50,Barrenechea,MID,0
57,4,2025-26,0,0,0,0,0,0,0,0,0,0,0,0,0,0.0,0.0,0.0,0.0,0,0,0,0,0,0.0,0.0,0.0,0.0,0,False,"[{'fixture': 36, 'stats': [{'identifier': 'minutes', 'points': 0, 'value': 0, 'points_modification': 0}]}]",False,Dobbin,3,2,50,Dobbin,MID,0
58,4,2025-26,0,0,0,0,0,0,0,0,0,0,0,0,0,0.0,0.0,0.0,0.0,0,0,0,0,0,0.0,0.0,0.0,0.0,0,False,"[{'fixture': 36, 'stats': [{'identifier': 'minutes', 'points': 0, 'value': 0, 'points_modification': 0}]}]",False,Kamara,3,2,49,Kamara,MID,0
59,4,2025-26,0,0,0,0,0,0,0,0,0,0,0,0,0,0.0,0.0,0.0,0.0,0,0,0,0,0,0.0,0.0,0.0,0.0,0,False,"[{'fixture': 36, 'stats': [{'identifier': 'minutes', 'points': 0, 'value': 0, 'points_modification': 0}]}]",False,Onana,3,2,49,Onana,MID,0
60,4,2025-26,0,0,0,0,0,0,0,0,0,0,0,0,0,0.0,0.0,0.0,0.0,0,0,0,0,0,0.0,0.0,0.0,0.0,0,False,"[{'fixture': 36, 'stats': [{'identifier': 'minutes', 'points': 0, 'value': 0, 'points_modification': 0}]}]",False,Broggio,3,2,45,Broggio,MID,0
61,4,2025-26,0,0,0,0,0,0,0,0,0,0,0,0,0,0.0,0.0,0.0,0.0,0,0,0,0,0,0.0,0.0,0.0,0.0,0,False,"[{'fixture': 36, 'stats': [{'identifier': 'minutes', 'points': 0, 'value': 0, 'points_modification': 0}]}]",False,Dendoncker,3,2,45,Dendoncker,MID,0
62,4,2025-26,0,0,0,0,0,0,0,0,0,0,0,0,0,0.0,0.0,0.0,0.0,0,0,0,0,0,0.0,0.0,0.0,0.0,0,False,"[{'fixture': 36, 'stats': [{'identifier': 'minutes', 'points': 0, 'value': 0, 'points_modification': 0}]}]",False,Jimoh-Aloba,3,2,45,Jimoh-Aloba,MID,0
63,4,2025-26,0,0,0,0,0,0,0,0,0,0,0,0,0,0.0,0.0,0.0,0.0,0,0,0,0,0,0.0,0.0,0.0,0.0,0,False,"[{'fixture': 36, 'stats': [{'identifier': 'minutes', 'points': 0, 'value': 0, 'points_modification': 0}]}]",False,Young,3,2,44,Young,MID,0
64,4,2025-26,82,0,0,1,0,0,0,0,0,0,0,0,6,2.0,17.3,2.0,2.1,0,2,0,2,1,0.0,0.04,0.04,1.6,2,False,"[{'fixture': 36, 'stats': [{'identifier': 'minutes', 'points': 2, 'value': 82, 'points_modification': 0}]}]",False,Watkins,4,2,87,Watkins,FWD,2
65,4,2025-26,0,0,0,0,0,0,0,0,0,0,0,0,0,0.0,0.0,0.0,0.0,0,0,0,0,0,0.0,0.0,0.0,0.0,0,False,"[{'fixture': 36, 'stats': [{'identifier': 'minutes', 'points': 0, 'value': 0, 'points_modification': 0}]}]",False,Redmond,4,2,45,Redmond,FWD,0
66,4,2025-26,0,0,0,0,0,0,0,0,0,0,0,0,0,0.0,0.0,0.0,0.0,0,0,0,0,0,0.0,0.0,0.0,0.0,0,False,"[{'fixture': 32, 'stats': [{'identifier': 'minutes', 'points': 0, 'value': 0, 'points_modification': 0}]}]",False,Neto,1,4,45,Neto,GK,0
67,4,2025-26,90,0,0,0,1,0,0,0,0,0,1,0,5,8.6,0.0,0.0,0.9,1,5,0,0,1,0.0,0.0,0.0,0.62,2,False,"[{'fixture': 32, 'stats': [{'identifier': 'minutes', 'points': 2, 'value': 90, 'points_modification': 0}]}]",False,Petrović,1,4,45,Petrović,GK,2
68,4,2025-26,0,0,0,0,0,0,0,0,0,0,0,0,0,0.0,0.0,0.0,0.0,0,0,0,0,0,0.0,0.0,0.0,0.0,0,False,"[{'fixture': 32, 'stats': [{'identifier': 'minutes', 'points': 0, 'value': 0, 'points_modification': 0}]}]",False,Dennis,1,4,40,Dennis,GK,0
69,4,2025-26,0,0,0,0,0,0,0,0,0,0,0,0,0,0.0,0.0,0.0,0.0,0,0,0,0,0,0.0,0.0,0.0,0.0,0,False,"[{'fixture': 32, 'stats': [{'identifier': 'minutes', 'points': 0, 'value': 0, 'points_modification': 0}]}]",False,McKenna,1,4,40,McKenna,GK,0
70,4,2025-26,0,0,0,0,0,0,0,0,0,0,0,0,0,0.0,0.0,0.0,0.0,0,0,0,0,0,0.0,0.0,0.0,0.0,0,False,"[{'fixture': 32, 'stats': [{'identifier': 'minutes', 'points': 0, 'value': 0, 'points_modification': 0}]}]",False,Paulsen,1,4,40,Paulsen,GK,0
71,4,2025-26,0,0,0,0,0,0,0,0,0,0,0,0,0,0.0,0.0,0.0,0.0,0,0,0,0,0,0.0,0.0,0.0,0.0,0,False,"[{'fixture': 32, 'stats': [{'identifier': 'minutes', 'points': 0, 'value': 0, 'points_modification': 0}]}]",False,Zabarnyi,2,4,50,Zabarnyi,DEF,0
72,4,2025-26,90,0,0,0,1,0,0,0,1,0,0,0,9,30.0,4.7,2.0,3.7,9,6,3,12,1,0.0,0.03,0.03,0.62,3,False,"[{'fixture': 32, 'stats': [{'identifier': 'minutes', 'points': 2, 'value': 90, 'points_modification': 0}, {'identifier': 'yellow_cards', 'points': -1, 'value': 1, 'points_modification': 0}, {'identifier': 'defensive_contribution', 'points': 2, 'value': 12, 'points_modification': 0}]}]",False,Senesi,2,4,48,Senesi,DEF,3
73,4,2025-26,0,0,0,0,0,0,0,0,0,0,0,0,0,0.0,0.0,0.0,0.0,0,0,0,0,0,0.0,0.0,0.0,0.0,0,False,"[{'fixture': 32, 'stats': [{'identifier': 'minutes', 'points': 0, 'value': 0, 'points_modification': 0}]}]",False,Smith,2,4,44,Smith,DEF,0
74,4,2025-26,90,0,0,0,1,0,0,0,0,0,0,0,2,15.4,29.7,0.0,4.5,3,3,1,4,1,0.0,0.1,0.1,0.62,2,False,"[{'fixture': 32, 'stats': [{'identifier': 'minutes', 'points': 2, 'value': 90, 'points_modification': 0}]}]",False,Truffert,2,4,45,Truffert,DEF,2
75,4,2025-26,0,0,0,0,0,0,0,0,0,0,0,0,0,0.0,0.0,0.0,0.0,0,0,0,0,0,0.0,0.0,0.0,0.0,0,False,"[{'fixture': 32, 'stats': [{'identifier': 'minutes', 'points': 0, 'value': 0, 'points_modification': 0}]}]",False,Akinmboni,2,4,40,Akinmboni,DEF,0
76,4,2025-26,0,0,0,0,0,0,0,0,0,0,0,0,0,0.0,0.0,0.0,0.0,0,0,0,0,0,0.0,0.0,0.0,0.0,0,False,"[{'fixture': 32, 'stats': [{'identifier': 'minutes', 'points': 0, 'value': 0, 'points_modification': 0}]}]",False,Bevan,2,4,40,Bevan,DEF,0
77,4,2025-26,86,0,0,0,1,0,0,0,0,0,0,0,7,8.2,1.3,33.0,4.3,2,1,1,3,1,0.12,0.03,0.15,0.62,2,False,"[{'fixture': 32, 'stats': [{'identifier': 'minutes', 'points': 2, 'value': 86, 'points_modification': 0}]}]",False,Hill,2,4,40,Hill,DEF,2
78,4,2025-26,0,0,0,0,0,0,0,0,0,0,0,0,0,0.0,0.0,0.0,0.0,0,0,0,0,0,0.0,0.0,0.0,0.0,0,False,"[{'fixture': 32, 'stats': [{'identifier': 'minutes', 'points': 0, 'value': 0, 'points_modification': 0}]}]",False,J.Araujo,2,4,40,J.Araujo,DEF,0
79,4,2025-26,0,0,0,0,0,0,0,0,0,0,0,0,0,0.0,0.0,0.0,0.0,0,0,0,0,0,0.0,0.0,0.0,0.0,0,False,"[{'fixture': 32, 'stats': [{'identifier': 'minutes', 'points': 0, 'value': 0, 'points_modification': 0}]}]",False,Mepham,2,4,40,Mepham,DEF,0
80,4,2025-26,1,0,0,0,0,0,0,0,0,0,0,0,2,0.0,0.0,0.0,0.0,0,0,0,0,0,0.0,0.0,0.0,0.0,1,False,"[{'fixture': 32, 'stats': [{'identifier': 'minutes', 'points': 1, 'value': 1, 'points_modification': 0}]}]",False,Soler,2,4,40,Soler,DEF,1
81,4,2025-26,23,0,0,0,0,0,0,0,0,0,0,0,6,6.6,14.4,8.0,2.9,1,2,0,3,0,0.09,0.32,0.41,0.05,1,False,"[{'fixture': 32, 'stats': [{'identifier': 'minutes', 'points': 1, 'value': 23, 'points_modification': 0}]}]",False,Kluivert,3,4,70,Kluivert,MID,1
82,4,2025-26,90,1,1,0,1,0,0,0,0,0,0,3,39,63.2,24.7,29.0,11.7,3,2,3,8,1,0.87,0.06,0.93,0.62,13,True,"[{'fixture': 32, 'stats': [{'identifier': 'minutes', 'points': 2, 'value': 90, 'points_modification': 0}, {'identifier': 'goals_scored', 'points': 5, 'value': 1, 'points_modification': 0}, {'identifier': 'assists', 'points': 3, 'value': 1, 'points_modification': 0}, {'identifier': 'bonus', 'points': 3, 'value': 3, 'points_modification': 0}]}]",False,Semenyo,3,4,77,Semenyo,MID,13
83,4,2025-26,17,0,0,0,1,0,0,0,0,0,0,0,2,1.0,0.4,4.0,0.5,0,1,0,1,0,0.0,0.0,0.0,0.49,1,False,"[{'fixture': 33, 'stats': [{'identifier': 'minutes', 'points': 1, 'value': 17, 'points_modification': 0}]}]",False,O.Dango,3,5,60,O.Dango,MID,1
84,4,2025-26,85,0,0,0,1,0,0,0,0,0,0,0,9,1.8,14.9,7.0,2.4,1,7,0,8,1,0.04,0.11,0.15,0.62,2,False,"[{'fixture': 32, 'stats': [{'identifier': 'minutes', 'points': 2, 'value': 85, 'points_modification': 0}]}]",False,Tavernier,3,4,55,Tavernier,MID,2
85,4,2025-26,90,0,0,0,1,0,0,0,1,0,0,0,15,11.4,13.3,0.0,2.5,4,5,2,11,1,0.0,0.01,0.01,0.62,1,False,"[{'fixture': 32, 'stats': [{'identifier': 'minutes', 'points': 2, 'value': 90, 'points_modification': 0}, {'identifier': 'yellow_cards', 'points': -1, 'value': 1, 'points_modification': 0}]}]",False,Adams,3,4,50,Adams,MID,1
86,4,2025-26,66,0,0,0,1,0,0,0,1,0,0,0,0,0.0,2.9,8.0,0.6,0,6,0,6,1,0.09,0.02,0.11,0.57,1,False,"[{'fixture': 32, 'stats': [{'identifier': 'minutes', 'points': 2, 'value': 66, 'points_modification': 0}, {'identifier': 'yellow_cards', 'points': -1, 'value': 1, 'points_modification': 0}]}]",False,Brooks,3,4,50,Brooks,MID,1
87,4,2025-26,0,0,0,0,0,0,0,0,0,0,0,0,0,0.0,0.0,0.0,0.0,0,0,0,0,0,0.0,0.0,0.0,0.0,0,False,"[{'fixture': 32, 'stats': [{'identifier': 'minutes', 'points': 0, 'value': 0, 'points_modification': 0}]}]",False,Christie,3,4,50,Christie,MID,0
88,4,2025-26,4,0,0,0,0,0,0,0,0,0,0,0,2,2.0,0.1,0.0,0.2,1,0,0,1,0,0.0,0.0,0.0,0.0,1,False,"[{'fixture': 32, 'stats': [{'identifier': 'minutes', 'points': 1, 'value': 4, 'points_modification': 0}]}]",False,Cook,3,4,49,Cook,MID,1
89,4,2025-26,0,0,0,0,0,0,0,0,0,0,0,0,0,0.0,0.0,0.0,0.0,0,0,0,0,0,0.0,0.0,0.0,0.0,0,False,"[{'fixture': 32, 'stats': [{'identifier': 'minutes', 'points': 0, 'value': 0, 'points_modification': 0}]}]",False,Philip,3,4,49,Philip,MID,0
90,4,2025-26,66,1,0,0,1,0,0,0,0,0,0,2,35,47.6,12.8,9.0,6.9,1,3,6,10,1,0.06,0.02,0.08,0.57,9,False,"[{'fixture': 32, 'stats': [{'identifier': 'minutes', 'points': 2, 'value': 66, 'points_modification': 0}, {'identifier': 'goals_scored', 'points': 5, 'value': 1, 'points_modification': 0}, {'identifier': 'bonus', 'points': 2, 'value': 2, 'points_modification': 0}]}]",False,Scott,3,4,50,Scott,MID,9
91,4,2025-26,0,0,0,0,0,0,0,0,0,0,0,0,0,0.0,0.0,0.0,0.0,0,0,0,0,0,0.0,0.0,0.0,0.0,0,False,"[{'fixture': 32, 'stats': [{'identifier': 'minutes', 'points': 0, 'value': 0, 'points_modification': 0}]}]",False,Sinisterra,3,4,50,Sinisterra,MID,0
92,4,2025-26,0,0,0,0,0,0,0,0,0,0,0,0,0,0.0,0.0,0.0,0.0,0,0,0,0,0,0.0,0.0,0.0,0.0,0,False,"[{'fixture': 32, 'stats': [{'identifier': 'minutes', 'points': 0, 'value': 0, 'points_modification': 0}]}]",False,Faivre,3,4,45,Faivre,MID,0
93,4,2025-26,0,0,0,0,0,0,0,0,0,0,0,0,0,0.0,0.0,0.0,0.0,0,0,0,0,0,0.0,0.0,0.0,0.0,0,False,"[{'fixture': 32, 'stats': [{'identifier': 'minutes', 'points': 0, 'value': 0, 'points_modification': 0}]}]",False,H.Traorè,3,4,45,H.Traorè,MID,0
94,4,2025-26,0,0,0,0,0,0,0,0,0,0,0,0,0,0.0,0.0,0.0,0.0,0,0,0,0,0,0.0,0.0,0.0,0.0,0,False,"[{'fixture': 32, 'stats': [{'identifier': 'minutes', 'points': 0, 'value': 0, 'points_modification': 0}]}]",False,Sadi,3,4,45,Sadi,MID,0
95,4,2025-26,0,0,0,0,0,0,0,0,0,0,0,0,0,0.0,0.0,0.0,0.0,0,0,0,0,0,0.0,0.0,0.0,0.0,0,False,"[{'fixture': 32, 'stats': [{'identifier': 'minutes', 'points': 0, 'value': 0, 'points_modification': 0}]}]",False,Silcott-Duberry,3,4,44,Silcott-Duberry,MID,0
96,4,2025-26,0,0,0,0,0,0,0,0,0,0,0,0,0,0.0,0.0,0.0,0.0,0,0,0,0,0,0.0,0.0,0.0,0.0,0,False,"[{'fixture': 32, 'stats': [{'identifier': 'minutes', 'points': 0, 'value': 0, 'points_modification': 0}]}]",False,Winterburn,3,4,45,Winterburn,MID,0
97,4,2025-26,90,0,1,0,1,0,0,0,0,0,0,0,19,3.4,2.2,40.0,4.6,1,6,0,7,1,0.14,0.04,0.18,0.62,5,False,"[{'fixture': 32, 'stats': [{'identifier': 'minutes', 'points': 2, 'value': 90, 'points_modification': 0}, {'identifier': 'assists', 'points': 3, 'value': 1, 'points_modification': 0}]}]",False,Evanilson,4,4,70,Evanilson,FWD,5
98,4,2025-26,0,0,0,0,0,0,0,0,0,0,0,0,0,0.0,0.0,0.0,0.0,0,0,0,0,0,0.0,0.0,0.0,0.0,0,False,"[{'fixture': 32, 'stats': [{'identifier': 'minutes', 'points': 0, 'value': 0, 'points_modification': 0}]}]",False,Enes Ünal,4,4,55,Enes Ünal,FWD,0
99,4,2025-26,0,0,0,0,0,0,0,0,0,0,0,0,0,0.0,0.0,0.0,0.0,0,0,0,0,0,0.0,0.0,0.0,0.0,0,False,"[{'fixture': 32, 'stats': [{'identifier': 'minutes', 'points': 0, 'value': 0, 'points_modification': 0}]}]",False,Adu-Adjei,4,4,44,Adu-Adjei,FWD,0
100,4,2025-26,0,0,0,0,0,0,0,0,0,0,0,0,0,0.0,0.0,0.0,0.0,0,0,0,0,0,0.0,0.0,0.0,0.0,0,False,"[{'fixture': 32, 'stats': [{'identifier': 'minutes', 'points': 0, 'value': 0, 'points_modification': 0}]}]",False,Kroupi.Jr,4,4,45,Kroupi.Jr,FWD,0
101,4,2025-26,90,0,0,0,2,0,0,0,0,0,4,0,12,33.0,0.0,0.0,3.3,1,10,1,0,1,0.0,0.0,0.0,1.25,2,False,"[{'fixture': 33, 'stats': [{'identifier': 'minutes', 'points': 2, 'value': 90, 'points_modification': 0}, {'identifier': 'goals_conceded', 'points': -1, 'value': 2, 'points_modification': 0}, {'identifier': 'saves', 'points': 1, 'value': 4, 'points_modification': 0}]}]",False,Kelleher,1,5,45,Kelleher,GK,2
102,4,2025-26,0,0,0,0,0,0,0,0,0,0,0,0,0,0.0,0.0,0.0,0.0,0,0,0,0,0,0.0,0.0,0.0,0.0,0,False,"[{'fixture': 33, 'stats': [{'identifier': 'minutes', 'points': 0, 'value': 0, 'points_modification': 0}]}]",False,Balcombe,1,5,40,Balcombe,GK,0
103,4,2025-26,0,0,0,0,0,0,0,0,0,0,0,0,0,0.0,0.0,0.0,0.0,0,0,0,0,0,0.0,0.0,0.0,0.0,0,False,"[{'fixture': 33, 'stats': [{'identifier': 'minutes', 'points': 0, 'value': 0, 'points_modification': 0}]}]",False,Cox,1,5,40,Cox,GK,0
104,4,2025-26,0,0,0,0,0,0,0,0,0,0,0,0,0,0.0,0.0,0.0,0.0,0,0,0,0,0,0.0,0.0,0.0,0.0,0,False,"[{'fixture': 33, 'stats': [{'identifier': 'minutes', 'points': 0, 'value': 0, 'points_modification': 0}]}]",False,Eyestone,1,5,40,Eyestone,GK,0
105,4,2025-26,0,0,0,0,0,0,0,0,0,0,0,0,0,0.0,0.0,0.0,0.0,0,0,0,0,0,0.0,0.0,0.0,0.0,0,False,"[{'fixture': 33, 'stats': [{'identifier': 'minutes', 'points': 0, 'value': 0, 'points_modification': 0}]}]",False,Valdimarsson,1,5,40,Valdimarsson,GK,0
106,4,2025-26,90,0,0,0,2,0,0,0,0,0,0,0,7,24.8,10.4,4.0,3.9,10,1,1,11,1,0.0,0.04,0.04,1.25,3,False,"[{'fixture': 33, 'stats': [{'identifier': 'minutes', 'points': 2, 'value': 90, 'points_modification': 0}, {'identifier': 'goals_conceded', 'points': -1, 'value': 2, 'points_modification': 0}, {'identifier': 'defensive_contribution', 'points': 2, 'value': 11, 'points_modification': 0}]}]",False,Collins,2,5,50,Collins,DEF,3
107,4,2025-26,89,0,0,0,2,0,0,0,0,0,0,0,1,4.2,15.5,4.0,2.4,1,3,1,2,1,0.0,0.05,0.05,1.16,1,False,"[{'fixture': 33, 'stats': [{'identifier': 'minutes', 'points': 2, 'value': 89, 'points_modification': 0}, {'identifier': 'goals_conceded', 'points': -1, 'value': 2, 'points_modification': 0}]}]",False,Lewis-Potter,2,5,50,Lewis-Potter,DEF,1
108,4,2025-26,7,0,1,0,1,0,0,0,0,0,0,0,13,20.2,10.3,19.0,5.0,0,0,0,0,0,0.04,0.41,0.45,0.16,4,False,"[{'fixture': 33, 'stats': [{'identifier': 'minutes', 'points': 1, 'value': 7, 'points_modification': 0}, {'identifier': 'assists', 'points': 3, 'value': 1, 'points_modification': 0}]}]",False,Ajer,2,5,44,Ajer,DEF,4
109,4,2025-26,18,0,0,0,1,0,0,0,0,0,0,0,2,0.0,0.1,4.0,0.3,0,1,1,1,0,0.1,0.0,0.1,0.49,1,False,"[{'fixture': 33, 'stats': [{'identifier': 'minutes', 'points': 1, 'value': 18, 'points_modification': 0}]}]",False,Henry,2,5,44,Henry,DEF,1
110,4,2025-26,82,0,0,0,1,0,0,0,0,0,0,0,10,16.8,1.4,0.0,1.8,8,6,0,8,1,0.0,0.0,0.0,1.1,2,False,"[{'fixture': 33, 'stats': [{'identifier': 'minutes', 'points': 2, 'value': 82, 'points_modification': 0}]}]",False,Kayode,2,5,45,Kayode,DEF,2
111,4,2025-26,82,0,0,0,1,0,0,0,1,0,0,0,5,18.0,0.7,8.0,2.7,7,1,1,8,1,0.0,0.04,0.04,1.1,1,False,"[{'fixture': 33, 'stats': [{'identifier': 'minutes', 'points': 2, 'value': 82, 'points_modification': 0}, {'identifier': 'yellow_cards', 'points': -1, 'value': 1, 'points_modification': 0}]}]",False,Pinnock,2,5,44,Pinnock,DEF,1
112,4,2025-26,0,0,0,0,0,0,0,0,0,0,0,0,0,0.0,0.0,0.0,0.0,0,0,0,0,0,0.0,0.0,0.0,0.0,0,False,"[{'fixture': 33, 'stats': [{'identifier': 'minutes', 'points': 0, 'value': 0, 'points_modification': 0}]}]",False,Roerslev,2,5,45,Roerslev,DEF,0
113,4,2025-26,90,0,0,0,2,0,0,0,0,0,0,0,7,12.4,0.3,0.0,1.3,6,1,1,7,1,0.0,0.0,0.0,1.25,1,False,"[{'fixture': 33, 'stats': [{'identifier': 'minutes', 'points': 2, 'value': 90, 'points_modification': 0}, {'identifier': 'goals_conceded', 'points': -1, 'value': 2, 'points_modification': 0}]}]",False,Van den Berg,2,5,45,Van den Berg,DEF,1
114,4,2025-26,0,0,0,0,0,0,0,0,0,0,0,0,0,0.0,0.0,0.0,0.0,0,0,0,0,0,0.0,0.0,0.0,0.0,0,False,"[{'fixture': 33, 'stats': [{'identifier': 'minutes', 'points': 0, 'value': 0, 'points_modification': 0}]}]",False,Arthur,2,5,40,Arthur,DEF,0
115,4,2025-26,0,0,0,0,0,0,0,0,0,0,0,0,0,0.0,0.0,0.0,0.0,0,0,0,0,0,0.0,0.0,0.0,0.0,0,False,"[{'fixture': 33, 'stats': [{'identifier': 'minutes', 'points': 0, 'value': 0, 'points_modification': 0}]}]",False,Fredrick,2,5,40,Fredrick,DEF,0
116,4,2025-26,7,0,0,0,1,0,0,0,0,0,0,0,-1,0.2,0.3,0.0,0.1,0,0,0,0,0,0.0,0.0,0.0,0.16,1,False,"[{'fixture': 33, 'stats': [{'identifier': 'minutes', 'points': 1, 'value': 7, 'points_modification': 0}]}]",False,Hickey,2,5,40,Hickey,DEF,1
117,4,2025-26,0,0,0,0,0,0,0,0,0,0,0,0,0,0.0,0.0,0.0,0.0,0,0,0,0,0,0.0,0.0,0.0,0.0,0,False,"[{'fixture': 33, 'stats': [{'identifier': 'minutes', 'points': 0, 'value': 0, 'points_modification': 0}]}]",False,Ji-soo,2,5,39,Ji-soo,DEF,0
118,4,2025-26,0,0,0,0,0,0,0,0,0,0,0,0,0,0.0,0.0,0.0,0.0,0,0,0,0,0,0.0,0.0,0.0,0.0,0,False,"[{'fixture': 33, 'stats': [{'identifier': 'minutes', 'points': 0, 'value': 0, 'points_modification': 0}]}]",False,Meghoma,2,5,40,Meghoma,DEF,0
119,4,2025-26,90,0,0,0,3,0,0,0,0,0,0,0,1,2.2,15.7,41.0,5.9,0,2,0,2,1,0.68,0.17,0.85,2.52,2,False,"[{'fixture': 38, 'stats': [{'identifier': 'minutes', 'points': 2, 'value': 90, 'points_modification': 0}]}]",False,Mbeumo,3,14,81,Mbeumo,MID,2
120,4,2025-26,90,1,0,0,2,0,0,0,0,0,0,0,21,35.4,1.6,43.0,8.0,0,1,3,4,1,0.61,0.03,0.64,1.25,7,False,"[{'fixture': 33, 'stats': [{'identifier': 'minutes', 'points': 2, 'value': 90, 'points_modification': 0}, {'identifier': 'goals_scored', 'points': 5, 'value': 1, 'points_modification': 0}]}]",False,Schade,3,5,70,Schade,MID,7
121,4,2025-26,0,0,0,0,0,0,0,0,0,0,0,0,0,0.0,0.0,0.0,0.0,0,0,0,0,0,0.0,0.0,0.0,0.0,0,False,"[{'fixture': 33, 'stats': [{'identifier': 'minutes', 'points': 0, 'value': 0, 'points_modification': 0}]}]",False,Damsgaard,3,5,59,Damsgaard,MID,0
122,4,2025-26,0,0,0,0,0,0,0,0,0,0,0,0,0,0.0,0.0,0.0,0.0,0,0,0,0,0,0.0,0.0,0.0,0.0,0,False,"[{'fixture': 33, 'stats': [{'identifier': 'minutes', 'points': 0, 'value': 0, 'points_modification': 0}]}]",False,Milambo,3,5,53,Milambo,MID,0
123,4,2025-26,1,1,0,0,0,0,0,0,0,0,0,1,23,33.2,0.1,33.0,6.6,0,0,0,0,0,0.67,0.0,0.67,0.09,7,False,"[{'fixture': 33, 'stats': [{'identifier': 'minutes', 'points': 1, 'value': 1, 'points_modification': 0}, {'identifier': 'goals_scored', 'points': 5, 'value': 1, 'points_modification': 0}, {'identifier': 'bonus', 'points': 1, 'value': 1, 'points_modification': 0}]}]",False,Carvalho,3,5,49,Carvalho,MID,7
124,4,2025-26,90,0,1,0,2,0,0,0,0,0,0,1,23,32.4,20.0,0.0,5.2,3,3,3,9,1,0.0,0.03,0.03,1.25,6,False,"[{'fixture': 33, 'stats': [{'identifier': 'minutes', 'points': 2, 'value': 90, 'points_modification': 0}, {'identifier': 'assists', 'points': 3, 'value': 1, 'points_modification': 0}, {'identifier': 'bonus', 'points': 1, 'value': 1, 'points_modification': 0}]}]",False,Henderson,3,5,50,Henderson,MID,6
125,4,2025-26,0,0,0,0,0,0,0,0,0,0,0,0,0,0.0,0.0,0.0,0.0,0,0,0,0,0,0.0,0.0,0.0,0.0,0,False,"[{'fixture': 33, 'stats': [{'identifier': 'minutes', 'points': 0, 'value': 0, 'points_modification': 0}]}]",False,Janelt,3,5,49,Janelt,MID,0
126,4,2025-26,72,0,0,0,1,0,0,0,0,0,0,0,17,14.4,22.3,2.0,3.9,4,3,3,10,1,0.0,0.06,0.06,0.77,2,False,"[{'fixture': 33, 'stats': [{'identifier': 'minutes', 'points': 2, 'value': 72, 'points_modification': 0}]}]",False,Jensen,3,5,49,Jensen,MID,2
127,4,2025-26,0,0,0,0,0,0,0,0,0,0,0,0,0,0.0,0.0,0.0,0.0,0,0,0,0,0,0.0,0.0,0.0,0.0,0,False,"[{'fixture': 33, 'stats': [{'identifier': 'minutes', 'points': 0, 'value': 0, 'points_modification': 0}]}]",False,Nunes,3,5,49,Nunes,MID,0
128,4,2025-26,0,0,0,0,0,0,0,0,0,0,0,0,0,0.0,0.0,0.0,0.0,0,0,0,0,0,0.0,0.0,0.0,0.0,0,False,"[{'fixture': 33, 'stats': [{'identifier': 'minutes', 'points': 0, 'value': 0, 'points_modification': 0}]}]",False,Onyeka,3,5,50,Onyeka,MID,0
129,4,2025-26,90,0,0,0,2,0,0,0,1,0,0,0,11,15.0,12.9,2.0,3.0,3,7,2,12,1,0.0,0.11,0.11,1.25,3,False,"[{'fixture': 33, 'stats': [{'identifier': 'minutes', 'points': 2, 'value': 90, 'points_modification': 0}, {'identifier': 'yellow_cards', 'points': -1, 'value': 1, 'points_modification': 0}, {'identifier': 'defensive_contribution', 'points': 2, 'value': 12, 'points_modification': 0}]}]",False,Yarmoliuk,3,5,50,Yarmoliuk,MID,3
130,4,2025-26,0,0,0,0,0,0,0,0,0,0,0,0,0,0.0,0.0,0.0,0.0,0,0,0,0,0,0.0,0.0,0.0,0.0,0,False,"[{'fixture': 33, 'stats': [{'identifier': 'minutes', 'points': 0, 'value': 0, 'points_modification': 0}]}]",False,Donovan,3,5,45,Donovan,MID,0
131,4,2025-26,0,0,0,0,0,0,0,0,0,0,0,0,0,0.0,0.0,0.0,0.0,0,0,0,0,0,0.0,0.0,0.0,0.0,0,False,"[{'fixture': 33, 'stats': [{'identifier': 'minutes', 'points': 0, 'value': 0, 'points_modification': 0}]}]",False,Konak,3,5,44,Konak,MID,0
132,4,2025-26,0,0,0,0,0,0,0,0,0,0,0,0,0,0.0,0.0,0.0,0.0,0,0,0,0,0,0.0,0.0,0.0,0.0,0,False,"[{'fixture': 33, 'stats': [{'identifier': 'minutes', 'points': 0, 'value': 0, 'points_modification': 0}]}]",False,Maghoma,3,5,45,Maghoma,MID,0
133,4,2025-26,0,0,0,0,0,0,0,0,0,0,0,0,0,0.0,0.0,0.0,0.0,0,0,0,0,0,0.0,0.0,0.0,0.0,0,False,"[{'fixture': 33, 'stats': [{'identifier': 'minutes', 'points': 0, 'value': 0, 'points_modification': 0}]}]",False,Peart-Harris,3,5,45,Peart-Harris,MID,0
134,4,2025-26,0,0,0,0,0,0,0,0,0,0,0,0,0,0.0,0.0,0.0,0.0,0,0,0,0,0,0.0,0.0,0.0,0.0,0,False,"[{'fixture': 33, 'stats': [{'identifier': 'minutes', 'points': 0, 'value': 0, 'points_modification': 0}]}]",False,Trevitt,3,5,45,Trevitt,MID,0
135,4,2025-26,0,0,0,0,0,0,0,0,0,0,0,0,0,0.0,0.0,0.0,0.0,0,0,0,0,0,0.0,0.0,0.0,0.0,0,False,"[{'fixture': 39, 'stats': [{'identifier': 'minutes', 'points': 0, 'value': 0, 'points_modification': 0}]}]",False,Wissa,4,15,74,Wissa,FWD,0
136,4,2025-26,71,0,0,0,1,0,0,0,1,0,0,0,7,10.0,14.5,0.0,2.5,3,1,0,4,1,0.0,0.03,0.03,0.77,1,False,"[{'fixture': 33, 'stats': [{'identifier': 'minutes', 'points': 2, 'value': 71, 'points_modification': 0}, {'identifier': 'yellow_cards', 'points': -1, 'value': 1, 'points_modification': 0}]}]",False,Thiago,4,5,60,Thiago,FWD,1
137,4,2025-26,0,0,0,0,0,0,0,0,0,0,0,0,0,0.0,0.0,0.0,0.0,0,0,0,0,0,0.0,0.0,0.0,0.0,0,False,"[{'fixture': 33, 'stats': [{'identifier': 'minutes', 'points': 0, 'value': 0, 'points_modification': 0}]}]",False,Morgan,4,5,44,Morgan,FWD,0
138,4,2025-26,0,0,0,0,0,0,0,0,0,0,0,0,0,0.0,0.0,0.0,0.0,0,0,0,0,0,0.0,0.0,0.0,0.0,0,False,"[{'fixture': 32, 'stats': [{'identifier': 'minutes', 'points': 0, 'value': 0, 'points_modification': 0}]}]",False,Steele,1,6,44,Steele,GK,0
139,4,2025-26,90,0,0,0,2,0,0,0,0,0,3,0,15,26.2,0.0,0.0,2.6,1,13,0,0,1,0.0,0.01,0.01,1.45,2,False,"[{'fixture': 32, 'stats': [{'identifier': 'minutes', 'points': 2, 'value': 90, 'points_modification': 0}, {'identifier': 'goals_conceded', 'points': -1, 'value': 2, 'points_modification': 0}, {'identifier': 'saves', 'points': 1, 'value': 3, 'points_modification': 0}]}]",False,Verbruggen,1,6,45,Verbruggen,GK,2
140,4,2025-26,0,0,0,0,0,0,0,0,0,0,0,0,0,0.0,0.0,0.0,0.0,0,0,0,0,0,0.0,0.0,0.0,0.0,0,False,"[{'fixture': 32, 'stats': [{'identifier': 'minutes', 'points': 0, 'value': 0, 'points_modification': 0}]}]",False,McGill,1,6,40,McGill,GK,0
141,4,2025-26,0,0,0,0,0,0,0,0,0,0,0,0,0,0.0,0.0,0.0,0.0,0,0,0,0,0,0.0,0.0,0.0,0.0,0,False,"[{'fixture': 32, 'stats': [{'identifier': 'minutes', 'points': 0, 'value': 0, 'points_modification': 0}]}]",False,Rushworth,1,6,40,Rushworth,GK,0
142,4,2025-26,0,0,0,0,0,0,0,0,0,0,0,0,0,0.0,0.0,0.0,0.0,0,0,0,0,0,0.0,0.0,0.0,0.0,0,False,"[{'fixture': 32, 'stats': [{'identifier': 'minutes', 'points': 0, 'value': 0, 'points_modification': 0}]}]",False,Scherpen,1,6,40,Scherpen,GK,0
143,4,2025-26,0,0,0,0,0,0,0,0,0,0,0,0,0,0.0,0.0,0.0,0.0,0,0,0,0,0,0.0,0.0,0.0,0.0,0,False,"[{'fixture': 32, 'stats': [{'identifier': 'minutes', 'points': 0, 'value': 0, 'points_modification': 0}]}]",False,Boscagli,2,6,44,Boscagli,DEF,0
144,4,2025-26,0,0,0,0,0,0,0,0,0,0,0,0,0,0.0,0.0,0.0,0.0,0,0,0,0,0,0.0,0.0,0.0,0.0,0,False,"[{'fixture': 32, 'stats': [{'identifier': 'minutes', 'points': 0, 'value': 0, 'points_modification': 0}]}]",False,Coppola,2,6,44,Coppola,DEF,0
145,4,2025-26,23,0,0,0,1,0,0,0,0,0,0,0,2,3.8,0.2,2.0,0.6,0,2,2,2,1,0.0,0.0,0.0,0.06,1,False,"[{'fixture': 32, 'stats': [{'identifier': 'minutes', 'points': 1, 'value': 23, 'points_modification': 0}]}]",False,De Cuyper,2,6,44,De Cuyper,DEF,1
146,4,2025-26,90,0,0,0,2,0,0,0,1,0,0,0,4,23.2,11.3,8.0,4.3,11,2,0,11,1,0.0,0.01,0.01,1.45,2,False,"[{'fixture': 32, 'stats': [{'identifier': 'minutes', 'points': 2, 'value': 90, 'points_modification': 0}, {'identifier': 'goals_conceded', 'points': -1, 'value': 2, 'points_modification': 0}, {'identifier': 'yellow_cards', 'points': -1, 'value': 1, 'points_modification': 0}, {'identifier': 'defensive_contribution', 'points': 2, 'value': 11, 'points_modification': 0}]}]",False,Dunk,2,6,45,Dunk,DEF,2
147,4,2025-26,0,0,0,0,0,0,0,0,0,0,0,0,0,0.0,0.0,0.0,0.0,0,0,0,0,0,0.0,0.0,0.0,0.0,0,False,"[{'fixture': 32, 'stats': [{'identifier': 'minutes', 'points': 0, 'value': 0, 'points_modification': 0}]}]",False,Estupiñan,2,6,45,Estupiñan,DEF,0
148,4,2025-26,66,0,0,0,1,0,0,0,0,0,0,0,13,21.2,6.4,0.0,2.8,8,4,2,10,0,0.0,0.04,0.04,1.39,4,False,"[{'fixture': 32, 'stats': [{'identifier': 'minutes', 'points': 2, 'value': 66, 'points_modification': 0}, {'identifier': 'defensive_contribution', 'points': 2, 'value': 10, 'points_modification': 0}]}]",False,F.Kadıoğlu,2,6,44,F.Kadıoğlu,DEF,4
149,4,2025-26,0,0,0,0,0,0,0,0,0,0,0,0,0,0.0,0.0,0.0,0.0,0,0,0,0,0,0.0,0.0,0.0,0.0,0,False,"[{'fixture': 40, 'stats': [{'identifier': 'minutes', 'points': 0, 'value': 0, 'points_modification': 0}]}]",False,Igor,2,19,45,Igor,DEF,0
150,4,2025-26,0,0,0,0,0,0,0,0,0,0,0,0,0,0.0,0.0,0.0,0.0,0,0,0,0,0,0.0,0.0,0.0,0.0,0,False,"[{'fixture': 32, 'stats': [{'identifier': 'minutes', 'points': 0, 'value': 0, 'points_modification': 0}]}]",False,Lamptey,2,6,44,Lamptey,DEF,0
151,4,2025-26,90,0,0,0,2,0,0,0,0,0,0,0,5,24.0,0.8,2.0,2.7,10,2,0,10,1,0.0,0.02,0.02,1.45,3,False,"[{'fixture': 32, 'stats': [{'identifier': 'minutes', 'points': 2, 'value': 90, 'points_modification': 0}, {'identifier': 'goals_conceded', 'points': -1, 'value': 2, 'points_modification': 0}, {'identifier': 'defensive_contribution', 'points': 2, 'value': 10, 'points_modification': 0}]}]",False,Van Hecke,2,6,44,Van Hecke,DEF,3
152,4,2025-26,90,0,0,0,2,0,0,0,0,0,0,0,13,22.4,11.3,4.0,3.8,6,7,4,10,1,0.0,0.01,0.01,1.45,3,False,"[{'fixture': 32, 'stats': [{'identifier': 'minutes', 'points': 2, 'value': 90, 'points_modification': 0}, {'identifier': 'goals_conceded', 'points': -1, 'value': 2, 'points_modification': 0}, {'identifier': 'defensive_contribution', 'points': 2, 'value': 10, 'points_modification': 0}]}]",False,Veltman,2,6,44,Veltman,DEF,3
153,4,2025-26,0,0,0,0,0,0,0,0,0,0,0,0,0,0.0,0.0,0.0,0.0,0,0,0,0,0,0.0,0.0,0.0,0.0,0,False,"[{'fixture': 32, 'stats': [{'identifier': 'minutes', 'points': 0, 'value': 0, 'points_modification': 0}]}]",False,Webster,2,6,44,Webster,DEF,0
154,4,2025-26,0,0,0,0,0,0,0,0,0,0,0,0,0,0.0,0.0,0.0,0.0,0,0,0,0,0,0.0,0.0,0.0,0.0,0,False,"[{'fixture': 32, 'stats': [{'identifier': 'minutes', 'points': 0, 'value': 0, 'points_modification': 0}]}]",False,Cashin,2,6,40,Cashin,DEF,0
155,4,2025-26,0,0,0,0,0,0,0,0,0,0,0,0,0,0.0,0.0,0.0,0.0,0,0,0,0,0,0.0,0.0,0.0,0.0,0,False,"[{'fixture': 32, 'stats': [{'identifier': 'minutes', 'points': 0, 'value': 0, 'points_modification': 0}]}]",False,Slater,2,6,40,Slater,DEF,0
156,4,2025-26,0,0,0,0,0,0,0,0,0,0,0,0,0,0.0,0.0,0.0,0.0,0,0,0,0,0,0.0,0.0,0.0,0.0,0,False,"[{'fixture': 32, 'stats': [{'identifier': 'minutes', 'points': 0, 'value': 0, 'points_modification': 0}]}]",False,Tasker,2,6,40,Tasker,DEF,0
157,4,2025-26,90,1,0,0,2,0,0,0,0,0,0,0,24,35.6,3.0,35.0,7.4,0,0,0,0,1,0.37,0.03,0.4,1.45,7,False,"[{'fixture': 32, 'stats': [{'identifier': 'minutes', 'points': 2, 'value': 90, 'points_modification': 0}, {'identifier': 'goals_scored', 'points': 5, 'value': 1, 'points_modification': 0}]}]",False,Mitoma,3,6,64,Mitoma,MID,7
158,4,2025-26,66,0,0,0,2,0,0,0,1,0,0,0,10,6.8,12.2,6.0,2.5,2,2,1,5,1,0.0,0.01,0.01,1.2,1,False,"[{'fixture': 32, 'stats': [{'identifier': 'minutes', 'points': 2, 'value': 66, 'points_modification': 0}, {'identifier': 'yellow_cards', 'points': -1, 'value': 1, 'points_modification': 0}]}]",False,Georginio,3,6,58,Georginio,MID,1
159,4,2025-26,0,0,0,0,0,0,0,0,0,0,0,0,0,0.0,0.0,0.0,0.0,0,0,0,0,0,0.0,0.0,0.0,0.0,0,False,"[{'fixture': 32, 'stats': [{'identifier': 'minutes', 'points': 0, 'value': 0, 'points_modification': 0}]}]",False,March,3,6,58,March,MID,0
160,4,2025-26,90,0,1,0,2,0,0,0,0,0,0,1,28,29.0,16.9,37.0,8.3,0,4,2,6,1,0.14,0.15,0.29,1.45,6,False,"[{'fixture': 32, 'stats': [{'identifier': 'minutes', 'points': 2, 'value': 90, 'points_modification': 0}, {'identifier': 'assists', 'points': 3, 'value': 1, 'points_modification': 0}, {'identifier': 'bonus', 'points': 1, 'value': 1, 'points_modification': 0}]}]",False,Minteh,3,6,59,Minteh,MID,6
161,4,2025-26,0,0,0,0,0,0,0,0,0,0,0,0,0,0.0,0.0,0.0,0.0,0,0,0,0,0,0.0,0.0,0.0,0.0,0,False,"[{'fixture': 32, 'stats': [{'identifier': 'minutes', 'points': 0, 'value': 0, 'points_modification': 0}]}]",False,Enciso,3,6,54,Enciso,MID,0
162,4,2025-26,23,0,0,0,0,0,0,0,0,0,0,0,2,0.6,0.7,0.0,0.1,0,2,0,2,0,0.0,0.01,0.01,0.25,1,False,"[{'fixture': 32, 'stats': [{'identifier': 'minutes', 'points': 1, 'value': 23, 'points_modification': 0}]}]",False,Gruda,3,6,54,Gruda,MID,1
163,4,2025-26,2,0,0,0,0,0,0,0,0,0,0,0,2,0.0,0.0,0.0,0.0,0,0,0,0,1,0.0,0.0,0.0,0.0,1,False,"[{'fixture': 32, 'stats': [{'identifier': 'minutes', 'points': 1, 'value': 2, 'points_modification': 0}]}]",False,Hinshelwood,3,6,52,Hinshelwood,MID,1
164,4,2025-26,0,0,0,0,0,0,0,0,0,0,0,0,0,0.0,0.0,0.0,0.0,0,0,0,0,0,0.0,0.0,0.0,0.0,0,False,"[{'fixture': 32, 'stats': [{'identifier': 'minutes', 'points': 0, 'value': 0, 'points_modification': 0}]}]",False,O'Riley,3,6,55,O'Riley,MID,0
165,4,2025-26,0,0,0,0,0,0,0,0,0,0,0,0,0,0.0,0.0,0.0,0.0,0,0,0,0,0,0.0,0.0,0.0,0.0,0,False,"[{'fixture': 32, 'stats': [{'identifier': 'minutes', 'points': 0, 'value': 0, 'points_modification': 0}]}]",False,Sima,3,6,54,Sima,MID,0
166,4,2025-26,87,0,0,0,2,0,0,0,0,0,0,0,20,15.4,2.4,0.0,1.8,3,3,4,10,0,0.0,0.07,0.07,1.45,2,False,"[{'fixture': 32, 'stats': [{'identifier': 'minutes', 'points': 2, 'value': 87, 'points_modification': 0}]}]",False,Ayari,3,6,49,Ayari,MID,2
167,4,2025-26,24,0,0,0,0,0,0,0,1,0,0,0,0,0.6,1.0,1.0,0.3,2,3,1,6,0,0.02,0.0,0.02,0.25,0,False,"[{'fixture': 32, 'stats': [{'identifier': 'minutes', 'points': 1, 'value': 24, 'points_modification': 0}, {'identifier': 'yellow_cards', 'points': -1, 'value': 1, 'points_modification': 0}]}]",False,Baleba,3,6,48,Baleba,MID,0
168,4,2025-26,45,0,0,0,1,0,0,0,0,0,0,0,4,5.6,25.1,8.0,3.9,0,2,1,3,1,0.0,0.09,0.09,0.55,1,False,"[{'fixture': 33, 'stats': [{'identifier': 'minutes', 'points': 1, 'value': 45, 'points_modification': 0}]}]",False,Buonanotte,3,7,48,Buonanotte,MID,1
169,4,2025-26,0,0,0,0,0,0,0,0,0,0,0,0,0,0.0,0.0,0.0,0.0,0,0,0,0,0,0.0,0.0,0.0,0.0,0,False,"[{'fixture': 32, 'stats': [{'identifier': 'minutes', 'points': 0, 'value': 0, 'points_modification': 0}]}]",False,Gomez,3,6,49,Gomez,MID,0
170,4,2025-26,65,0,0,0,2,0,0,0,1,0,0,0,8,8.0,5.0,0.0,1.3,2,2,2,6,1,0.0,0.02,0.02,1.2,1,False,"[{'fixture': 32, 'stats': [{'identifier': 'minutes', 'points': 2, 'value': 65, 'points_modification': 0}, {'identifier': 'yellow_cards', 'points': -1, 'value': 1, 'points_modification': 0}]}]",False,Milner,3,6,50,Milner,MID,1
171,4,2025-26,0,0,0,0,0,0,0,0,0,0,0,0,0,0.0,0.0,0.0,0.0,0,0,0,0,0,0.0,0.0,0.0,0.0,0,False,"[{'fixture': 32, 'stats': [{'identifier': 'minutes', 'points': 0, 'value': 0, 'points_modification': 0}]}]",False,Sarmiento,3,6,49,Sarmiento,MID,0
172,4,2025-26,0,0,0,0,0,0,0,0,0,0,0,0,0,0.0,0.0,0.0,0.0,0,0,0,0,0,0.0,0.0,0.0,0.0,0,False,"[{'fixture': 32, 'stats': [{'identifier': 'minutes', 'points': 0, 'value': 0, 'points_modification': 0}]}]",False,Watson,3,6,49,Watson,MID,0
173,4,2025-26,0,0,0,0,0,0,0,0,0,0,0,0,0,0.0,0.0,0.0,0.0,0,0,0,0,0,0.0,0.0,0.0,0.0,0,False,"[{'fixture': 32, 'stats': [{'identifier': 'minutes', 'points': 0, 'value': 0, 'points_modification': 0}]}]",False,Wieffer,3,6,49,Wieffer,MID,0
174,4,2025-26,0,0,0,0,0,0,0,0,0,0,0,0,0,0.0,0.0,0.0,0.0,0,0,0,0,0,0.0,0.0,0.0,0.0,0,False,"[{'fixture': 32, 'stats': [{'identifier': 'minutes', 'points': 0, 'value': 0, 'points_modification': 0}]}]",False,Yalcouye,3,6,50,Yalcouye,MID,0
175,4,2025-26,0,0,0,0,0,0,0,0,0,0,0,0,0,0.0,0.0,0.0,0.0,0,0,0,0,0,0.0,0.0,0.0,0.0,0,False,"[{'fixture': 32, 'stats': [{'identifier': 'minutes', 'points': 0, 'value': 0, 'points_modification': 0}]}]",False,Knight,3,6,45,Knight,MID,0
176,4,2025-26,0,0,0,0,0,0,0,0,0,0,0,0,0,0.0,0.0,0.0,0.0,0,0,0,0,0,0.0,0.0,0.0,0.0,0,False,"[{'fixture': 32, 'stats': [{'identifier': 'minutes', 'points': 0, 'value': 0, 'points_modification': 0}]}]",False,Mazilu,3,6,45,Mazilu,MID,0
177,4,2025-26,0,0,0,0,0,0,0,0,0,0,0,0,0,0.0,0.0,0.0,0.0,0,0,0,0,0,0.0,0.0,0.0,0.0,0,False,"[{'fixture': 32, 'stats': [{'identifier': 'minutes', 'points': 0, 'value': 0, 'points_modification': 0}]}]",False,Moran,3,6,45,Moran,MID,0
178,4,2025-26,66,0,0,0,2,0,0,0,0,0,0,0,7,1.8,2.9,8.0,1.3,0,2,2,4,1,0.09,0.02,0.11,1.2,2,False,"[{'fixture': 32, 'stats': [{'identifier': 'minutes', 'points': 2, 'value': 66, 'points_modification': 0}]}]",False,Welbeck,4,6,63,Welbeck,FWD,2
179,4,2025-26,0,0,0,0,0,0,0,0,0,0,0,0,0,0.0,0.0,0.0,0.0,0,0,0,0,0,0.0,0.0,0.0,0.0,0,False,"[{'fixture': 32, 'stats': [{'identifier': 'minutes', 'points': 0, 'value': 0, 'points_modification': 0}]}]",False,Ferguson,4,6,55,Ferguson,FWD,0
180,4,2025-26,23,0,0,0,0,0,0,0,0,0,0,0,0,0.0,0.1,0.0,0.0,0,2,0,2,0,0.0,0.0,0.0,0.25,1,False,"[{'fixture': 32, 'stats': [{'identifier': 'minutes', 'points': 1, 'value': 23, 'points_modification': 0}]}]",False,Tzimas,4,6,54,Tzimas,FWD,1
181,4,2025-26,0,0,0,0,0,0,0,0,0,0,0,0,0,0.0,0.0,0.0,0.0,0,0,0,0,0,0.0,0.0,0.0,0.0,0,False,"[{'fixture': 32, 'stats': [{'identifier': 'minutes', 'points': 0, 'value': 0, 'points_modification': 0}]}]",False,Kostoulas,4,6,49,Kostoulas,FWD,0
182,4,2025-26,0,0,0,0,0,0,0,0,0,0,0,0,0,0.0,0.0,0.0,0.0,0,0,0,0,0,0.0,0.0,0.0,0.0,0,False,"[{'fixture': 38, 'stats': [{'identifier': 'minutes', 'points': 0, 'value': 0, 'points_modification': 0}]}]",False,Trafford,1,13,48,Trafford,GK,0
183,4,2025-26,0,0,0,0,0,0,0,0,0,0,0,0,0,0.0,0.0,0.0,0.0,0,0,0,0,0,0.0,0.0,0.0,0.0,0,False,"[{'fixture': 34, 'stats': [{'identifier': 'minutes', 'points': 0, 'value': 0, 'points_modification': 0}]}]",False,Weiss,1,3,44,Weiss,GK,0
184,4,2025-26,0,0,0,0,0,0,0,0,0,0,0,0,0,0.0,0.0,0.0,0.0,0,0,0,0,0,0.0,0.0,0.0,0.0,0,False,"[{'fixture': 34, 'stats': [{'identifier': 'minutes', 'points': 0, 'value': 0, 'points_modification': 0}]}]",False,Green,1,3,40,Green,GK,0
185,4,2025-26,0,0,0,0,0,0,0,0,0,0,0,0,0,0.0,0.0,0.0,0.0,0,0,0,0,0,0.0,0.0,0.0,0.0,0,False,"[{'fixture': 34, 'stats': [{'identifier': 'minutes', 'points': 0, 'value': 0, 'points_modification': 0}]}]",False,Hladký,1,3,40,Hladký,GK,0
186,4,2025-26,0,0,0,0,0,0,0,0,0,0,0,0,0,0.0,0.0,0.0,0.0,0,0,0,0,0,0.0,0.0,0.0,0.0,0,False,"[{'fixture': 34, 'stats': [{'identifier': 'minutes', 'points': 0, 'value': 0, 'points_modification': 0}]}]",False,Roberts,2,3,44,Roberts,DEF,0
187,4,2025-26,90,0,0,0,1,0,0,0,0,0,0,0,6,8.6,0.8,0.0,0.9,3,1,1,4,1,0.0,0.0,0.0,2.45,2,False,"[{'fixture': 34, 'stats': [{'identifier': 'minutes', 'points': 2, 'value': 90, 'points_modification': 0}]}]",False,Walker,2,3,45,Walker,DEF,2
188,4,2025-26,0,0,0,0,0,0,0,0,0,0,0,0,0,0.0,0.0,0.0,0.0,0,0,0,0,0,0.0,0.0,0.0,0.0,0,False,"[{'fixture': 34, 'stats': [{'identifier': 'minutes', 'points': 0, 'value': 0, 'points_modification': 0}]}]",False,Delcroix,2,3,39,Delcroix,DEF,0
189,4,2025-26,0,0,0,0,0,0,0,0,0,0,0,0,0,0.0,0.0,0.0,0.0,0,0,0,0,0,0.0,0.0,0.0,0.0,0,False,"[{'fixture': 34, 'stats': [{'identifier': 'minutes', 'points': 0, 'value': 0, 'points_modification': 0}]}]",False,Dodgson,2,3,40,Dodgson,DEF,0
190,4,2025-26,90,0,0,0,1,0,0,0,0,0,0,0,8,27.6,0.3,4.0,3.2,11,0,1,12,1,0.01,0.0,0.01,2.45,4,False,"[{'fixture': 34, 'stats': [{'identifier': 'minutes', 'points': 2, 'value': 90, 'points_modification': 0}, {'identifier': 'defensive_contribution', 'points': 2, 'value': 12, 'points_modification': 0}]}]",False,Ekdal,2,3,40,Ekdal,DEF,4
191,4,2025-26,90,0,0,0,1,0,0,0,0,0,0,0,10,36.8,0.1,0.0,3.7,15,0,0,15,1,0.0,0.0,0.0,2.45,4,False,"[{'fixture': 34, 'stats': [{'identifier': 'minutes', 'points': 2, 'value': 90, 'points_modification': 0}, {'identifier': 'defensive_contribution', 'points': 2, 'value': 15, 'points_modification': 0}]}]",False,Estève,2,3,40,Estève,DEF,4
192,4,2025-26,90,0,0,0,1,0,0,0,0,0,0,0,14,25.4,10.2,0.0,3.6,15,2,2,17,1,0.0,0.01,0.01,2.45,4,False,"[{'fixture': 34, 'stats': [{'identifier': 'minutes', 'points': 2, 'value': 90, 'points_modification': 0}, {'identifier': 'defensive_contribution', 'points': 2, 'value': 17, 'points_modification': 0}]}]",False,Hartman,2,3,40,Hartman,DEF,4
193,4,2025-26,0,0,0,0,0,0,0,0,0,0,0,0,0,0.0,0.0,0.0,0.0,0,0,0,0,0,0.0,0.0,0.0,0.0,0,False,"[{'fixture': 34, 'stats': [{'identifier': 'minutes', 'points': 0, 'value': 0, 'points_modification': 0}]}]",False,Humphreys,2,3,40,Humphreys,DEF,0
194,4,2025-26,0,0,0,0,0,0,0,0,0,0,0,0,0,0.0,0.0,0.0,0.0,0,0,0,0,0,0.0,0.0,0.0,0.0,0,False,"[{'fixture': 34, 'stats': [{'identifier': 'minutes', 'points': 0, 'value': 0, 'points_modification': 0}]}]",False,Jordan,2,3,40,Jordan,DEF,0
195,4,2025-26,0,0,0,0,0,0,0,0,0,0,0,0,0,0.0,0.0,0.0,0.0,0,0,0,0,0,0.0,0.0,0.0,0.0,0,False,"[{'fixture': 34, 'stats': [{'identifier': 'minutes', 'points': 0, 'value': 0, 'points_modification': 0}]}]",False,Lucas Pires,2,3,39,Lucas Pires,DEF,0
196,4,2025-26,0,0,0,0,0,0,0,0,0,0,0,0,0,0.0,0.0,0.0,0.0,0,0,0,0,0,0.0,0.0,0.0,0.0,0,False,"[{'fixture': 34, 'stats': [{'identifier': 'minutes', 'points': 0, 'value': 0, 'points_modification': 0}]}]",False,Sambo,2,3,40,Sambo,DEF,0
197,4,2025-26,0,0,0,0,0,0,0,0,0,0,0,0,0,0.0,0.0,0.0,0.0,0,0,0,0,0,0.0,0.0,0.0,0.0,0,False,"[{'fixture': 34, 'stats': [{'identifier': 'minutes', 'points': 0, 'value': 0, 'points_modification': 0}]}]",False,Sonne,2,3,40,Sonne,DEF,0
198,4,2025-26,0,0,0,0,0,0,0,0,0,0,0,0,0,0.0,0.0,0.0,0.0,0,0,0,0,0,0.0,0.0,0.0,0.0,0,False,"[{'fixture': 34, 'stats': [{'identifier': 'minutes', 'points': 0, 'value': 0, 'points_modification': 0}]}]",False,Tuanzebe,2,3,39,Tuanzebe,DEF,0
199,4,2025-26,4,0,0,0,1,0,0,0,0,0,0,0,-1,2.0,0.0,0.0,0.2,1,0,0,1,0,0.0,0.0,0.0,1.0,1,False,"[{'fixture': 34, 'stats': [{'identifier': 'minutes', 'points': 1, 'value': 4, 'points_modification': 0}]}]",False,Worrall,2,3,40,Worrall,DEF,1
200,4,2025-26,88,0,0,1,0,0,0,0,0,0,0,0,6,9.4,0.5,1.0,1.1,3,6,2,11,1,0.11,0.0,0.11,1.51,3,False,"[{'fixture': 34, 'stats': [{'identifier': 'minutes', 'points': 2, 'value': 88, 'points_modification': 0}, {'identifier': 'clean_sheets', 'points': 1, 'value': 1, 'points_modification': 0}]}]",False,Anthony,3,3,56,Anthony,MID,3
201,4,2025-26,0,0,0,0,0,0,0,0,0,0,0,0,0,0.0,0.0,0.0,0.0,0,0,0,0,0,0.0,0.0,0.0,0.0,0,False,"[{'fixture': 34, 'stats': [{'identifier': 'minutes', 'points': 0, 'value': 0, 'points_modification': 0}]}]",False,Benson,3,3,54,Benson,MID,0
202,4,2025-26,0,0,0,0,0,0,0,0,0,0,0,0,0,0.0,0.0,0.0,0.0,0,0,0,0,0,0.0,0.0,0.0,0.0,0,False,"[{'fixture': 34, 'stats': [{'identifier': 'minutes', 'points': 0, 'value': 0, 'points_modification': 0}]}]",False,Bruun Larsen,3,3,54,Bruun Larsen,MID,0
203,4,2025-26,0,0,0,0,0,0,0,0,0,0,0,0,0,0.0,0.0,0.0,0.0,0,0,0,0,0,0.0,0.0,0.0,0.0,0,False,"[{'fixture': 34, 'stats': [{'identifier': 'minutes', 'points': 0, 'value': 0, 'points_modification': 0}]}]",False,Boateng,3,3,49,Boateng,MID,0
204,4,2025-26,0,0,0,0,0,0,0,0,0,0,0,0,0,0.0,0.0,0.0,0.0,0,0,0,0,0,0.0,0.0,0.0,0.0,0,False,"[{'fixture': 34, 'stats': [{'identifier': 'minutes', 'points': 0, 'value': 0, 'points_modification': 0}]}]",False,Churlinov,3,3,49,Churlinov,MID,0
205,4,2025-26,62,0,0,1,0,0,0,0,0,0,0,0,12,16.6,1.5,0.0,1.8,6,0,1,7,1,0.0,0.0,0.0,1.21,3,False,"[{'fixture': 34, 'stats': [{'identifier': 'minutes', 'points': 2, 'value': 62, 'points_modification': 0}, {'identifier': 'clean_sheets', 'points': 1, 'value': 1, 'points_modification': 0}]}]",False,Cullen,3,3,50,Cullen,MID,3
206,4,2025-26,0,0,0,0,0,0,0,0,0,0,0,0,0,0.0,0.0,0.0,0.0,0,0,0,0,0,0.0,0.0,0.0,0.0,0,False,"[{'fixture': 34, 'stats': [{'identifier': 'minutes', 'points': 0, 'value': 0, 'points_modification': 0}]}]",False,Edwards,3,3,48,Edwards,MID,0
207,4,2025-26,27,0,0,0,1,0,0,0,0,0,0,0,-2,0.0,0.3,0.0,0.0,0,1,1,2,0,0.0,0.0,0.0,1.24,1,False,"[{'fixture': 34, 'stats': [{'identifier': 'minutes', 'points': 1, 'value': 27, 'points_modification': 0}]}]",False,Hannibal,3,3,50,Hannibal,MID,1
208,4,2025-26,0,0,0,0,0,0,0,0,0,0,0,0,0,0.0,0.0,0.0,0.0,0,0,0,0,0,0.0,0.0,0.0,0.0,0,False,"[{'fixture': 34, 'stats': [{'identifier': 'minutes', 'points': 0, 'value': 0, 'points_modification': 0}]}]",False,Koleosho,3,3,50,Koleosho,MID,0
209,4,2025-26,90,0,0,0,1,0,0,0,0,0,0,0,4,6.2,0.3,1.0,0.8,5,1,0,6,1,0.01,0.0,0.01,2.45,2,False,"[{'fixture': 34, 'stats': [{'identifier': 'minutes', 'points': 2, 'value': 90, 'points_modification': 0}]}]",False,Laurent,3,3,49,Laurent,MID,2
210,4,2025-26,62,0,0,1,0,0,0,0,0,0,0,0,6,3.8,10.7,0.0,1.5,1,2,0,3,1,0.0,0.01,0.01,1.21,3,False,"[{'fixture': 34, 'stats': [{'identifier': 'minutes', 'points': 2, 'value': 62, 'points_modification': 0}, {'identifier': 'clean_sheets', 'points': 1, 'value': 1, 'points_modification': 0}]}]",False,Tchaouna,3,3,49,Tchaouna,MID,3
211,4,2025-26,0,0,0,0,0,0,0,0,0,0,0,0,0,0.0,0.0,0.0,0.0,0,0,0,0,0,0.0,0.0,0.0,0.0,0,False,"[{'fixture': 34, 'stats': [{'identifier': 'minutes', 'points': 0, 'value': 0, 'points_modification': 0}]}]",False,A.Ramsey,3,3,44,A.Ramsey,MID,0
212,4,2025-26,0,0,0,0,0,0,0,0,0,0,0,0,0,0.0,0.0,0.0,0.0,0,0,0,0,0,0.0,0.0,0.0,0.0,0,False,"[{'fixture': 34, 'stats': [{'identifier': 'minutes', 'points': 0, 'value': 0, 'points_modification': 0}]}]",False,Adewumi,3,3,45,Adewumi,MID,0
213,4,2025-26,0,0,0,0,0,0,0,0,0,0,0,0,0,0.0,0.0,0.0,0.0,0,0,0,0,0,0.0,0.0,0.0,0.0,0,False,"[{'fixture': 34, 'stats': [{'identifier': 'minutes', 'points': 0, 'value': 0, 'points_modification': 0}]}]",False,Banel,3,3,45,Banel,MID,0
214,4,2025-26,0,0,0,0,0,0,0,0,0,0,0,0,0,0.0,0.0,0.0,0.0,0,0,0,0,0,0.0,0.0,0.0,0.0,0,False,"[{'fixture': 34, 'stats': [{'identifier': 'minutes', 'points': 0, 'value': 0, 'points_modification': 0}]}]",False,Trésor,3,3,44,Trésor,MID,0
215,4,2025-26,0,0,0,0,0,0,0,0,0,0,0,0,0,0.0,0.0,0.0,0.0,0,0,0,0,0,0.0,0.0,0.0,0.0,0,False,"[{'fixture': 34, 'stats': [{'identifier': 'minutes', 'points': 0, 'value': 0, 'points_modification': 0}]}]",False,Flemming,4,3,54,Flemming,FWD,0
216,4,2025-26,0,0,0,0,0,0,0,0,0,0,0,0,0,0.0,0.0,0.0,0.0,0,0,0,0,0,0.0,0.0,0.0,0.0,0,False,"[{'fixture': 34, 'stats': [{'identifier': 'minutes', 'points': 0, 'value': 0, 'points_modification': 0}]}]",False,Amdouni,4,3,49,Amdouni,FWD,0
217,4,2025-26,85,0,0,1,0,0,0,0,0,0,0,0,11,8.2,1.3,2.0,1.2,4,3,2,9,1,0.0,0.0,0.0,1.45,2,False,"[{'fixture': 34, 'stats': [{'identifier': 'minutes', 'points': 2, 'value': 85, 'points_modification': 0}]}]",False,Foster,4,3,50,Foster,FWD,2
218,4,2025-26,0,0,0,0,0,0,0,0,0,0,0,0,0,0.0,0.0,0.0,0.0,0,0,0,0,0,0.0,0.0,0.0,0.0,0,False,"[{'fixture': 34, 'stats': [{'identifier': 'minutes', 'points': 0, 'value': 0, 'points_modification': 0}]}]",False,Barnes,4,3,44,Barnes,FWD,0
219,4,2025-26,0,0,0,0,0,0,0,0,0,0,0,0,0,0.0,0.0,0.0,0.0,0,0,0,0,0,0.0,0.0,0.0,0.0,0,False,"[{'fixture': 34, 'stats': [{'identifier': 'minutes', 'points': 0, 'value': 0, 'points_modification': 0}]}]",False,Obafemi,4,3,44,Obafemi,FWD,0
220,4,2025-26,90,0,0,0,2,0,0,0,0,0,3,0,7,23.6,0.0,0.0,2.4,2,8,0,0,1,0.0,0.0,0.0,1.43,2,False,"[{'fixture': 33, 'stats': [{'identifier': 'minutes', 'points': 2, 'value': 90, 'points_modification': 0}, {'identifier': 'goals_conceded', 'points': -1, 'value': 2, 'points_modification': 0}, {'identifier': 'saves', 'points': 1, 'value': 3, 'points_modification': 0}]}]",False,Sánchez,1,7,49,Sánchez,GK,2
221,4,2025-26,0,0,0,0,0,0,0,0,0,0,0,0,0,0.0,0.0,0.0,0.0,0,0,0,0,0,0.0,0.0,0.0,0.0,0,False,"[{'fixture': 33, 'stats': [{'identifier': 'minutes', 'points': 0, 'value': 0, 'points_modification': 0}]}]",False,Jörgensen,1,7,44,Jörgensen,GK,0
222,4,2025-26,0,0,0,0,0,0,0,0,0,0,0,0,0,0.0,0.0,0.0,0.0,0,0,0,0,0,0.0,0.0,0.0,0.0,0,False,"[{'fixture': 33, 'stats': [{'identifier': 'minutes', 'points': 0, 'value': 0, 'points_modification': 0}]}]",False,Penders,1,7,40,Penders,GK,0
223,4,2025-26,0,0,0,0,0,0,0,0,0,0,0,0,0,0.0,0.0,0.0,0.0,0,0,0,0,0,0.0,0.0,0.0,0.0,0,False,"[{'fixture': 33, 'stats': [{'identifier': 'minutes', 'points': 0, 'value': 0, 'points_modification': 0}]}]",False,Slonina,1,7,40,Slonina,GK,0
224,4,2025-26,45,0,0,0,1,0,0,0,0,0,0,0,6,15.4,23.5,19.0,5.8,3,2,2,5,0,0.06,0.02,0.08,0.87,1,False,"[{'fixture': 33, 'stats': [{'identifier': 'minutes', 'points': 1, 'value': 45, 'points_modification': 0}]}]",False,Cucurella,2,7,62,Cucurella,DEF,1
225,4,2025-26,45,0,0,0,1,0,0,0,0,0,0,0,8,6.6,3.3,2.0,1.2,2,2,0,2,0,0.04,0.02,0.06,0.87,1,False,"[{'fixture': 33, 'stats': [{'identifier': 'minutes', 'points': 1, 'value': 45, 'points_modification': 0}]}]",False,James,2,7,54,James,DEF,1
226,4,2025-26,90,0,0,0,2,0,0,0,0,0,0,0,12,31.0,17.1,5.0,5.3,15,4,1,16,1,0.03,0.29,0.32,1.43,3,False,"[{'fixture': 33, 'stats': [{'identifier': 'minutes', 'points': 2, 'value': 90, 'points_modification': 0}, {'identifier': 'goals_conceded', 'points': -1, 'value': 2, 'points_modification': 0}, {'identifier': 'defensive_contribution', 'points': 2, 'value': 16, 'points_modification': 0}]}]",False,Chalobah,2,7,52,Chalobah,DEF,3
227,4,2025-26,0,0,0,0,0,0,0,0,0,0,0,0,0,0.0,0.0,0.0,0.0,0,0,0,0,0,0.0,0.0,0.0,0.0,0,False,"[{'fixture': 33, 'stats': [{'identifier': 'minutes', 'points': 0, 'value': 0, 'points_modification': 0}]}]",False,Colwill,2,7,48,Colwill,DEF,0
228,4,2025-26,0,0,0,0,0,0,0,0,0,0,0,0,0,0.0,0.0,0.0,0.0,0,0,0,0,0,0.0,0.0,0.0,0.0,0,False,"[{'fixture': 33, 'stats': [{'identifier': 'minutes', 'points': 0, 'value': 0, 'points_modification': 0}]}]",False,Gusto,2,7,49,Gusto,DEF,0
229,4,2025-26,0,0,0,0,0,0,0,0,0,0,0,0,0,0.0,0.0,0.0,0.0,0,0,0,0,0,0.0,0.0,0.0,0.0,0,False,"[{'fixture': 33, 'stats': [{'identifier': 'minutes', 'points': 0, 'value': 0, 'points_modification': 0}]}]",False,B.Badiashile,2,7,44,B.Badiashile,DEF,0
230,4,2025-26,45,0,0,0,1,0,0,0,0,0,0,0,7,6.2,2.8,0.0,0.9,2,1,0,2,1,0.0,0.01,0.01,0.55,1,False,"[{'fixture': 33, 'stats': [{'identifier': 'minutes', 'points': 1, 'value': 45, 'points_modification': 0}]}]",False,Fofana,2,7,44,Fofana,DEF,1
231,4,2025-26,0,0,0,0,0,0,0,0,0,0,0,0,0,0.0,0.0,0.0,0.0,0,0,0,0,0,0.0,0.0,0.0,0.0,0,False,"[{'fixture': 33, 'stats': [{'identifier': 'minutes', 'points': 0, 'value': 0, 'points_modification': 0}]}]",False,M.Sarr,2,7,45,M.Sarr,DEF,0
232,4,2025-26,90,0,0,0,2,0,0,0,0,0,0,0,7,27.0,1.7,0.0,2.9,9,1,0,9,1,0.0,0.02,0.02,1.43,1,False,"[{'fixture': 33, 'stats': [{'identifier': 'minutes', 'points': 2, 'value': 90, 'points_modification': 0}, {'identifier': 'goals_conceded', 'points': -1, 'value': 2, 'points_modification': 0}]}]",False,Tosin,2,7,45,Tosin,DEF,1
233,4,2025-26,0,0,0,0,0,0,0,0,0,0,0,0,0,0.0,0.0,0.0,0.0,0,0,0,0,0,0.0,0.0,0.0,0.0,0,False,"[{'fixture': 33, 'stats': [{'identifier': 'minutes', 'points': 0, 'value': 0, 'points_modification': 0}]}]",False,Acheampong,2,7,40,Acheampong,DEF,0
234,4,2025-26,0,0,0,0,0,0,0,0,0,0,0,0,0,0.0,0.0,0.0,0.0,0,0,0,0,0,0.0,0.0,0.0,0.0,0,False,"[{'fixture': 33, 'stats': [{'identifier': 'minutes', 'points': 0, 'value': 0, 'points_modification': 0}]}]",False,Anselmino,2,7,40,Anselmino,DEF,0
235,4,2025-26,34,1,0,0,1,0,0,0,0,0,0,1,23,39.6,2.3,42.0,8.4,1,0,1,2,0,0.63,0.09,0.72,0.87,7,False,"[{'fixture': 33, 'stats': [{'identifier': 'minutes', 'points': 1, 'value': 34, 'points_modification': 0}, {'identifier': 'goals_scored', 'points': 5, 'value': 1, 'points_modification': 0}, {'identifier': 'bonus', 'points': 1, 'value': 1, 'points_modification': 0}]}]",False,Palmer,3,7,104,Palmer,MID,7
236,4,2025-26,90,0,0,0,2,0,0,0,0,0,0,0,13,11.4,35.0,24.0,7.0,1,4,1,6,1,0.12,0.21,0.33,1.43,2,False,"[{'fixture': 33, 'stats': [{'identifier': 'minutes', 'points': 2, 'value': 90, 'points_modification': 0}]}]",False,Neto,3,7,70,Neto,MID,2
237,4,2025-26,90,0,0,0,2,0,0,0,0,0,0,0,18,24.2,29.5,15.0,6.9,3,6,4,13,1,0.11,0.06,0.17,1.43,4,False,"[{'fixture': 33, 'stats': [{'identifier': 'minutes', 'points': 2, 'value': 90, 'points_modification': 0}, {'identifier': 'defensive_contribution', 'points': 2, 'value': 13, 'points_modification': 0}]}]",False,Enzo,3,7,67,Enzo,MID,4
238,4,2025-26,0,0,0,0,0,0,0,0,0,0,0,0,0,0.0,0.0,0.0,0.0,0,0,0,0,0,0.0,0.0,0.0,0.0,0,False,"[{'fixture': 33, 'stats': [{'identifier': 'minutes', 'points': 0, 'value': 0, 'points_modification': 0}]}]",False,Estêvão,3,7,65,Estêvão,MID,0
239,4,2025-26,55,0,0,0,1,0,0,0,0,0,0,0,3,2.0,12.2,15.0,2.9,0,1,0,1,1,0.01,0.03,0.04,0.55,1,False,"[{'fixture': 33, 'stats': [{'identifier': 'minutes', 'points': 1, 'value': 55, 'points_modification': 0}]}]",False,Gittens,3,7,62,Gittens,MID,1
240,4,2025-26,0,0,0,0,0,0,0,0,0,0,0,0,0,0.0,0.0,0.0,0.0,0,0,0,0,0,0.0,0.0,0.0,0.0,0,False,"[{'fixture': 33, 'stats': [{'identifier': 'minutes', 'points': 0, 'value': 0, 'points_modification': 0}]}]",False,Nkunku,3,7,59,Nkunku,MID,0
241,4,2025-26,90,1,0,0,2,0,0,0,0,0,0,3,40,54.0,15.3,7.0,7.6,5,8,4,17,1,0.07,0.07,0.14,1.43,12,True,"[{'fixture': 33, 'stats': [{'identifier': 'minutes', 'points': 2, 'value': 90, 'points_modification': 0}, {'identifier': 'goals_scored', 'points': 5, 'value': 1, 'points_modification': 0}, {'identifier': 'bonus', 'points': 3, 'value': 3, 'points_modification': 0}, {'identifier': 'defensive_contribution', 'points': 2, 'value': 17, 'points_modification': 0}]}]",False,Caicedo,3,7,56,Caicedo,MID,12
242,4,2025-26,90,0,0,1,0,0,0,0,1,0,0,0,11,9.4,28.3,11.0,4.9,0,5,3,8,1,0.06,0.26,0.32,0.54,2,False,"[{'fixture': 36, 'stats': [{'identifier': 'minutes', 'points': 2, 'value': 90, 'points_modification': 0}, {'identifier': 'clean_sheets', 'points': 1, 'value': 1, 'points_modification': 0}, {'identifier': 'yellow_cards', 'points': -1, 'value': 1, 'points_modification': 0}]}]",False,Dewsbury-Hall,3,9,50,Dewsbury-Hall,MID,2
243,4,2025-26,45,0,0,0,1,0,0,0,1,0,0,0,1,4.6,4.9,19.0,2.9,0,0,1,1,0,0.04,0.06,0.1,0.87,0,False,"[{'fixture': 33, 'stats': [{'identifier': 'minutes', 'points': 1, 'value': 45, 'points_modification': 0}, {'identifier': 'yellow_cards', 'points': -1, 'value': 1, 'points_modification': 0}]}]",False,George,3,7,49,George,MID,0
244,4,2025-26,0,0,0,0,0,0,0,0,0,0,0,0,0,0.0,0.0,0.0,0.0,0,0,0,0,0,0.0,0.0,0.0,0.0,0,False,"[{'fixture': 33, 'stats': [{'identifier': 'minutes', 'points': 0, 'value': 0, 'points_modification': 0}]}]",False,Lavia,3,7,49,Lavia,MID,0
245,4,2025-26,0,0,0,0,0,0,0,0,0,0,0,0,0,0.0,0.0,0.0,0.0,0,0,0,0,0,0.0,0.0,0.0,0.0,0,False,"[{'fixture': 33, 'stats': [{'identifier': 'minutes', 'points': 0, 'value': 0, 'points_modification': 0}]}]",False,Mudryk,3,7,50,Mudryk,MID,0
246,4,2025-26,0,0,0,0,0,0,0,0,0,0,0,0,0,0.0,0.0,0.0,0.0,0,0,0,0,0,0.0,0.0,0.0,0.0,0,False,"[{'fixture': 33, 'stats': [{'identifier': 'minutes', 'points': 0, 'value': 0, 'points_modification': 0}]}]",False,Andrey Santos,3,7,45,Andrey Santos,MID,0
247,4,2025-26,0,0,0,0,0,0,0,0,0,0,0,0,0,0.0,0.0,0.0,0.0,0,0,0,0,0,0.0,0.0,0.0,0.0,0,False,"[{'fixture': 33, 'stats': [{'identifier': 'minutes', 'points': 0, 'value': 0, 'points_modification': 0}]}]",False,D.Essugo,3,7,44,D.Essugo,MID,0
248,4,2025-26,0,0,0,0,0,0,0,0,0,0,0,0,0,0.0,0.0,0.0,0.0,0,0,0,0,0,0.0,0.0,0.0,0.0,0,False,"[{'fixture': 33, 'stats': [{'identifier': 'minutes', 'points': 0, 'value': 0, 'points_modification': 0}]}]",False,Paez,3,7,45,Paez,MID,0
249,4,2025-26,78,0,1,0,1,0,0,0,0,0,0,2,25,21.0,18.2,11.0,5.0,3,0,0,3,1,0.15,0.02,0.17,0.71,7,False,"[{'fixture': 33, 'stats': [{'identifier': 'minutes', 'points': 2, 'value': 78, 'points_modification': 0}, {'identifier': 'assists', 'points': 3, 'value': 1, 'points_modification': 0}, {'identifier': 'bonus', 'points': 2, 'value': 2, 'points_modification': 0}]}]",False,João Pedro,4,7,78,João Pedro,FWD,7
250,4,2025-26,0,0,0,0,0,0,0,0,0,0,0,0,0,0.0,0.0,0.0,0.0,0,0,0,0,0,0.0,0.0,0.0,0.0,0,False,"[{'fixture': 33, 'stats': [{'identifier': 'minutes', 'points': 0, 'value': 0, 'points_modification': 0}]}]",False,Delap,4,7,62,Delap,FWD,0
251,4,2025-26,0,0,0,0,0,0,0,0,0,0,0,0,0,0.0,0.0,0.0,0.0,0,0,0,0,0,0.0,0.0,0.0,0.0,0,False,"[{'fixture': 33, 'stats': [{'identifier': 'minutes', 'points': 0, 'value': 0, 'points_modification': 0}]}]",False,N.Jackson,4,7,65,N.Jackson,FWD,0
252,4,2025-26,0,0,0,0,0,0,0,0,0,0,0,0,0,0.0,0.0,0.0,0.0,0,0,0,0,0,0.0,0.0,0.0,0.0,0,False,"[{'fixture': 33, 'stats': [{'identifier': 'minutes', 'points': 0, 'value': 0, 'points_modification': 0}]}]",False,Marc Guiu,4,7,43,Marc Guiu,FWD,0
253,4,2025-26,90,0,0,1,0,0,0,0,0,0,0,0,22,4.4,0.0,0.0,0.4,1,8,0,0,1,0.0,0.0,0.0,0.36,6,False,"[{'fixture': 35, 'stats': [{'identifier': 'minutes', 'points': 2, 'value': 90, 'points_modification': 0}, {'identifier': 'clean_sheets', 'points': 4, 'value': 1, 'points_modification': 0}]}]",False,Henderson,1,8,50,Henderson,GK,6
254,4,2025-26,0,0,0,0,0,0,0,0,0,0,0,0,0,0.0,0.0,0.0,0.0,0,0,0,0,0,0.0,0.0,0.0,0.0,0,False,"[{'fixture': 35, 'stats': [{'identifier': 'minutes', 'points': 0, 'value': 0, 'points_modification': 0}]}]",False,Benitez,1,8,40,Benitez,GK,0
255,4,2025-26,0,0,0,0,0,0,0,0,0,0,0,0,0,0.0,0.0,0.0,0.0,0,0,0,0,0,0.0,0.0,0.0,0.0,0,False,"[{'fixture': 35, 'stats': [{'identifier': 'minutes', 'points': 0, 'value': 0, 'points_modification': 0}]}]",False,Matthews,1,8,40,Matthews,GK,0
256,4,2025-26,90,0,0,1,0,0,0,0,1,0,0,0,21,11.2,7.2,41.0,5.9,3,2,1,4,1,0.12,0.22,0.34,0.36,5,False,"[{'fixture': 35, 'stats': [{'identifier': 'minutes', 'points': 2, 'value': 90, 'points_modification': 0}, {'identifier': 'clean_sheets', 'points': 4, 'value': 1, 'points_modification': 0}, {'identifier': 'yellow_cards', 'points': -1, 'value': 1, 'points_modification': 0}]}]",False,Muñoz,2,8,56,Muñoz,DEF,5
257,4,2025-26,90,0,0,1,0,0,0,0,0,0,0,0,30,19.2,4.1,2.0,2.5,5,3,1,6,1,0.0,0.02,0.02,0.36,6,False,"[{'fixture': 35, 'stats': [{'identifier': 'minutes', 'points': 2, 'value': 90, 'points_modification': 0}, {'identifier': 'clean_sheets', 'points': 4, 'value': 1, 'points_modification': 0}]}]",False,Lacroix,2,8,51,Lacroix,DEF,6
258,4,2025-26,90,0,0,1,0,0,0,0,0,0,0,0,27,20.8,21.2,0.0,4.2,6,5,2,8,1,0.0,0.13,0.13,0.36,6,False,"[{'fixture': 35, 'stats': [{'identifier': 'minutes', 'points': 2, 'value': 90, 'points_modification': 0}, {'identifier': 'clean_sheets', 'points': 4, 'value': 1, 'points_modification': 0}]}]",False,Mitchell,2,8,50,Mitchell,DEF,6
259,4,2025-26,0,0,0,0,0,0,0,0,0,0,0,0,0,0.0,0.0,0.0,0.0,0,0,0,0,0,0.0,0.0,0.0,0.0,0,False,"[{'fixture': 35, 'stats': [{'identifier': 'minutes', 'points': 0, 'value': 0, 'points_modification': 0}]}]",False,Sosa,2,8,49,Sosa,DEF,0
260,4,2025-26,90,0,0,1,0,0,0,0,0,0,0,0,27,17.4,11.8,4.0,3.3,6,6,0,6,1,0.03,0.01,0.04,0.36,6,False,"[{'fixture': 35, 'stats': [{'identifier': 'minutes', 'points': 2, 'value': 90, 'points_modification': 0}, {'identifier': 'clean_sheets', 'points': 4, 'value': 1, 'points_modification': 0}]}]",False,Guéhi,2,8,47,Guéhi,DEF,6
261,4,2025-26,90,0,0,1,0,0,0,0,0,0,0,0,29,17.8,15.3,14.0,4.7,3,3,1,4,1,0.19,0.03,0.22,0.36,6,False,"[{'fixture': 35, 'stats': [{'identifier': 'minutes', 'points': 2, 'value': 90, 'points_modification': 0}, {'identifier': 'clean_sheets', 'points': 4, 'value': 1, 'points_modification': 0}]}]",False,Richards,2,8,45,Richards,DEF,6
262,4,2025-26,0,0,0,0,0,0,0,0,0,0,0,0,0,0.0,0.0,0.0,0.0,0,0,0,0,0,0.0,0.0,0.0,0.0,0,False,"[{'fixture': 35, 'stats': [{'identifier': 'minutes', 'points': 0, 'value': 0, 'points_modification': 0}]}]",False,Chadi Riad,2,8,40,Chadi Riad,DEF,0
263,4,2025-26,0,0,0,0,0,0,0,0,0,0,0,0,0,0.0,0.0,0.0,0.0,0,0,0,0,0,0.0,0.0,0.0,0.0,0,False,"[{'fixture': 35, 'stats': [{'identifier': 'minutes', 'points': 0, 'value': 0, 'points_modification': 0}]}]",False,Clyne,2,8,40,Clyne,DEF,0
264,4,2025-26,0,0,0,0,0,0,0,0,0,0,0,0,0,0.0,0.0,0.0,0.0,0,0,0,0,0,0.0,0.0,0.0,0.0,0,False,"[{'fixture': 35, 'stats': [{'identifier': 'minutes', 'points': 0, 'value': 0, 'points_modification': 0}]}]",False,Holding,2,8,40,Holding,DEF,0
265,4,2025-26,0,0,0,0,0,0,0,0,0,0,0,0,0,0.0,0.0,0.0,0.0,0,0,0,0,0,0.0,0.0,0.0,0.0,0,False,"[{'fixture': 35, 'stats': [{'identifier': 'minutes', 'points': 0, 'value': 0, 'points_modification': 0}]}]",False,Kporha,2,8,40,Kporha,DEF,0
266,4,2025-26,78,0,1,1,0,0,0,0,0,0,0,0,19,20.4,16.3,11.0,4.8,0,2,0,2,1,0.06,0.44,0.5,0.1,6,False,"[{'fixture': 31, 'stats': [{'identifier': 'minutes', 'points': 2, 'value': 78, 'points_modification': 0}, {'identifier': 'assists', 'points': 3, 'value': 1, 'points_modification': 0}, {'identifier': 'clean_sheets', 'points': 1, 'value': 1, 'points_modification': 0}]}]",False,Eze,3,1,75,Eze,MID,6
267,4,2025-26,0,0,0,0,0,0,0,0,0,0,0,0,0,0.0,0.0,0.0,0.0,0,0,0,0,0,0.0,0.0,0.0,0.0,0,False,"[{'fixture': 35, 'stats': [{'identifier': 'minutes', 'points': 0, 'value': 0, 'points_modification': 0}]}]",False,Sarr,3,8,64,Sarr,MID,0
268,4,2025-26,0,0,0,0,0,0,0,0,0,0,0,0,0,0.0,0.0,0.0,0.0,0,0,0,0,0,0.0,0.0,0.0,0.0,0,False,"[{'fixture': 35, 'stats': [{'identifier': 'minutes', 'points': 0, 'value': 0, 'points_modification': 0}]}]",False,Doucouré,3,8,49,Doucouré,MID,0
269,4,2025-26,0,0,0,0,0,0,0,0,0,0,0,0,0,0.0,0.0,0.0,0.0,0,0,0,0,0,0.0,0.0,0.0,0.0,0,False,"[{'fixture': 35, 'stats': [{'identifier': 'minutes', 'points': 0, 'value': 0, 'points_modification': 0}]}]",False,Esse,3,8,48,Esse,MID,0
270,4,2025-26,90,0,0,1,0,0,0,0,0,0,0,0,8,9.4,26.8,2.0,3.8,2,2,1,5,1,0.03,0.21,0.24,0.36,3,False,"[{'fixture': 35, 'stats': [{'identifier': 'minutes', 'points': 2, 'value': 90, 'points_modification': 0}, {'identifier': 'clean_sheets', 'points': 1, 'value': 1, 'points_modification': 0}]}]",False,Hughes,3,8,49,Hughes,MID,3
271,4,2025-26,90,0,0,1,0,0,0,0,0,0,0,0,16,13.8,15.2,18.0,4.7,1,1,1,3,1,0.07,0.22,0.29,0.36,3,False,"[{'fixture': 35, 'stats': [{'identifier': 'minutes', 'points': 2, 'value': 90, 'points_modification': 0}, {'identifier': 'clean_sheets', 'points': 1, 'value': 1, 'points_modification': 0}]}]",False,Kamada,3,8,50,Kamada,MID,3
272,4,2025-26,68,0,0,1,0,0,0,0,0,0,0,0,7,2.2,2.8,1.0,0.6,1,2,1,4,1,0.03,0.01,0.04,0.34,3,False,"[{'fixture': 35, 'stats': [{'identifier': 'minutes', 'points': 2, 'value': 68, 'points_modification': 0}, {'identifier': 'clean_sheets', 'points': 1, 'value': 1, 'points_modification': 0}]}]",False,Lerma,3,8,49,Lerma,MID,3
273,4,2025-26,0,0,0,0,0,0,0,0,0,0,0,0,0,0.0,0.0,0.0,0.0,0,0,0,0,0,0.0,0.0,0.0,0.0,0,False,"[{'fixture': 35, 'stats': [{'identifier': 'minutes', 'points': 0, 'value': 0, 'points_modification': 0}]}]",False,Wharton,3,8,50,Wharton,MID,0
274,4,2025-26,0,0,0,0,0,0,0,0,0,0,0,0,0,0.0,0.0,0.0,0.0,0,0,0,0,0,0.0,0.0,0.0,0.0,0,False,"[{'fixture': 35, 'stats': [{'identifier': 'minutes', 'points': 0, 'value': 0, 'points_modification': 0}]}]",False,Agbinone,3,8,45,Agbinone,MID,0
275,4,2025-26,0,0,0,0,0,0,0,0,0,0,0,0,0,0.0,0.0,0.0,0.0,0,0,0,0,0,0.0,0.0,0.0,0.0,0,False,"[{'fixture': 35, 'stats': [{'identifier': 'minutes', 'points': 0, 'value': 0, 'points_modification': 0}]}]",False,Ahamada,3,8,44,Ahamada,MID,0
276,4,2025-26,21,0,0,0,0,0,0,0,0,0,0,0,6,5.2,21.3,6.0,3.3,0,0,1,1,0,0.0,0.12,0.12,0.02,1,False,"[{'fixture': 35, 'stats': [{'identifier': 'minutes', 'points': 1, 'value': 21, 'points_modification': 0}]}]",False,Devenny,3,8,45,Devenny,MID,1
277,4,2025-26,0,0,0,0,0,0,0,0,0,0,0,0,0,0.0,0.0,0.0,0.0,0,0,0,0,0,0.0,0.0,0.0,0.0,0,False,"[{'fixture': 35, 'stats': [{'identifier': 'minutes', 'points': 0, 'value': 0, 'points_modification': 0}]}]",False,Ebiowei,3,8,45,Ebiowei,MID,0
278,4,2025-26,0,0,0,0,0,0,0,0,0,0,0,0,0,0.0,0.0,0.0,0.0,0,0,0,0,0,0.0,0.0,0.0,0.0,0,False,"[{'fixture': 35, 'stats': [{'identifier': 'minutes', 'points': 0, 'value': 0, 'points_modification': 0}]}]",False,J.Rak-Sakyi,3,8,44,J.Rak-Sakyi,MID,0
279,4,2025-26,0,0,0,0,0,0,0,0,0,0,0,0,0,0.0,0.0,0.0,0.0,0,0,0,0,0,0.0,0.0,0.0,0.0,0,False,"[{'fixture': 35, 'stats': [{'identifier': 'minutes', 'points': 0, 'value': 0, 'points_modification': 0}]}]",False,M.França,3,8,45,M.França,MID,0
280,4,2025-26,0,0,0,0,0,0,0,0,0,0,0,0,0,0.0,0.0,0.0,0.0,0,0,0,0,0,0.0,0.0,0.0,0.0,0,False,"[{'fixture': 35, 'stats': [{'identifier': 'minutes', 'points': 0, 'value': 0, 'points_modification': 0}]}]",False,Ozoh,3,8,45,Ozoh,MID,0
281,4,2025-26,0,0,0,0,0,0,0,0,0,0,0,0,0,0.0,0.0,0.0,0.0,0,0,0,0,0,0.0,0.0,0.0,0.0,0,False,"[{'fixture': 35, 'stats': [{'identifier': 'minutes', 'points': 0, 'value': 0, 'points_modification': 0}]}]",False,Rodney,3,8,45,Rodney,MID,0
282,4,2025-26,0,0,0,0,0,0,0,0,0,0,0,0,0,0.0,0.0,0.0,0.0,0,0,0,0,0,0.0,0.0,0.0,0.0,0,False,"[{'fixture': 35, 'stats': [{'identifier': 'minutes', 'points': 0, 'value': 0, 'points_modification': 0}]}]",False,Umeh,3,8,45,Umeh,MID,0
283,4,2025-26,90,0,0,1,0,0,0,0,0,0,0,0,4,11.6,1.3,50.0,6.3,5,4,0,9,1,0.59,0.01,0.6,0.36,2,False,"[{'fixture': 35, 'stats': [{'identifier': 'minutes', 'points': 2, 'value': 90, 'points_modification': 0}]}]",False,Mateta,4,8,76,Mateta,FWD,2
284,4,2025-26,0,0,0,0,0,0,0,0,0,0,0,0,0,0.0,0.0,0.0,0.0,0,0,0,0,0,0.0,0.0,0.0,0.0,0,False,"[{'fixture': 35, 'stats': [{'identifier': 'minutes', 'points': 0, 'value': 0, 'points_modification': 0}]}]",False,Nketiah,4,8,54,Nketiah,FWD,0
285,4,2025-26,0,0,0,0,0,0,0,0,0,0,0,0,0,0.0,0.0,0.0,0.0,0,0,0,0,0,0.0,0.0,0.0,0.0,0,False,"[{'fixture': 35, 'stats': [{'identifier': 'minutes', 'points': 0, 'value': 0, 'points_modification': 0}]}]",False,Édouard,4,8,50,Édouard,FWD,0
286,4,2025-26,0,0,0,0,0,0,0,0,0,0,0,0,0,0.0,0.0,0.0,0.0,0,0,0,0,0,0.0,0.0,0.0,0.0,0,False,"[{'fixture': 35, 'stats': [{'identifier': 'minutes', 'points': 0, 'value': 0, 'points_modification': 0}]}]",False,Marsh,4,8,45,Marsh,FWD,0
287,4,2025-26,90,0,0,1,0,0,0,0,0,0,1,0,24,8.6,0.0,0.0,0.9,1,9,0,0,1,0.0,0.0,0.0,0.54,6,False,"[{'fixture': 36, 'stats': [{'identifier': 'minutes', 'points': 2, 'value': 90, 'points_modification': 0}, {'identifier': 'clean_sheets', 'points': 4, 'value': 1, 'points_modification': 0}]}]",False,Pickford,1,9,55,Pickford,GK,6
288,4,2025-26,0,0,0,0,0,0,0,0,0,0,0,0,0,0.0,0.0,0.0,0.0,0,0,0,0,0,0.0,0.0,0.0,0.0,0,False,"[{'fixture': 36, 'stats': [{'identifier': 'minutes', 'points': 0, 'value': 0, 'points_modification': 0}]}]",False,Travers,1,9,44,Travers,GK,0
289,4,2025-26,0,0,0,0,0,0,0,0,0,0,0,0,0,0.0,0.0,0.0,0.0,0,0,0,0,0,0.0,0.0,0.0,0.0,0,False,"[{'fixture': 36, 'stats': [{'identifier': 'minutes', 'points': 0, 'value': 0, 'points_modification': 0}]}]",False,Tyrer,1,9,40,Tyrer,GK,0
290,4,2025-26,0,0,0,0,0,0,0,0,0,0,0,0,0,0.0,0.0,0.0,0.0,0,0,0,0,0,0.0,0.0,0.0,0.0,0,False,"[{'fixture': 36, 'stats': [{'identifier': 'minutes', 'points': 0, 'value': 0, 'points_modification': 0}]}]",False,Branthwaite,2,9,53,Branthwaite,DEF,0
291,4,2025-26,90,0,0,1,0,0,0,0,0,0,0,0,27,29.2,10.8,6.0,4.6,7,3,4,11,1,0.0,0.04,0.04,0.54,8,False,"[{'fixture': 36, 'stats': [{'identifier': 'minutes', 'points': 2, 'value': 90, 'points_modification': 0}, {'identifier': 'clean_sheets', 'points': 4, 'value': 1, 'points_modification': 0}, {'identifier': 'defensive_contribution', 'points': 2, 'value': 11, 'points_modification': 0}]}]",False,Tarkowski,2,9,55,Tarkowski,DEF,8
292,4,2025-26,0,0,0,0,0,0,0,0,0,0,0,0,0,0.0,0.0,0.0,0.0,0,0,0,0,0,0.0,0.0,0.0,0.0,0,False,"[{'fixture': 36, 'stats': [{'identifier': 'minutes', 'points': 0, 'value': 0, 'points_modification': 0}]}]",False,Mykolenko,2,9,49,Mykolenko,DEF,0
293,4,2025-26,90,0,0,1,0,0,0,0,0,0,0,0,26,16.2,15.4,5.0,3.7,4,3,2,6,1,0.05,0.06,0.11,0.54,6,False,"[{'fixture': 36, 'stats': [{'identifier': 'minutes', 'points': 2, 'value': 90, 'points_modification': 0}, {'identifier': 'clean_sheets', 'points': 4, 'value': 1, 'points_modification': 0}]}]",False,O'Brien,2,9,50,O'Brien,DEF,6
294,4,2025-26,0,0,0,0,0,0,0,0,0,0,0,0,0,0.0,0.0,0.0,0.0,0,0,0,0,0,0.0,0.0,0.0,0.0,0,False,"[{'fixture': 36, 'stats': [{'identifier': 'minutes', 'points': 0, 'value': 0, 'points_modification': 0}]}]",False,Coleman,2,9,44,Coleman,DEF,0
295,4,2025-26,90,0,0,1,0,0,0,0,0,0,0,0,20,11.0,10.8,34.0,5.6,5,3,1,6,1,0.55,0.04,0.59,0.54,6,False,"[{'fixture': 36, 'stats': [{'identifier': 'minutes', 'points': 2, 'value': 90, 'points_modification': 0}, {'identifier': 'clean_sheets', 'points': 4, 'value': 1, 'points_modification': 0}]}]",False,Keane,2,9,45,Keane,DEF,6
296,4,2025-26,0,0,0,0,0,0,0,0,0,0,0,0,0,0.0,0.0,0.0,0.0,0,0,0,0,0,0.0,0.0,0.0,0.0,0,False,"[{'fixture': 36, 'stats': [{'identifier': 'minutes', 'points': 0, 'value': 0, 'points_modification': 0}]}]",False,Patterson,2,9,44,Patterson,DEF,0
297,4,2025-26,0,0,0,0,0,0,0,0,0,0,0,0,0,0.0,0.0,0.0,0.0,0,0,0,0,0,0.0,0.0,0.0,0.0,0,False,"[{'fixture': 36, 'stats': [{'identifier': 'minutes', 'points': 0, 'value': 0, 'points_modification': 0}]}]",False,Dixon,2,9,40,Dixon,DEF,0
298,4,2025-26,0,0,0,0,0,0,0,0,0,0,0,0,0,0.0,0.0,0.0,0.0,0,0,0,0,0,0.0,0.0,0.0,0.0,0,False,"[{'fixture': 36, 'stats': [{'identifier': 'minutes', 'points': 0, 'value': 0, 'points_modification': 0}]}]",False,Welch,2,9,39,Welch,DEF,0
299,4,2025-26,90,0,0,1,0,0,0,0,0,0,0,0,18,15.2,27.8,12.0,5.5,2,10,2,14,1,0.02,0.19,0.21,0.54,5,False,"[{'fixture': 36, 'stats': [{'identifier': 'minutes', 'points': 2, 'value': 90, 'points_modification': 0}, {'identifier': 'clean_sheets', 'points': 1, 'value': 1, 'points_modification': 0}, {'identifier': 'defensive_contribution', 'points': 2, 'value': 14, 'points_modification': 0}]}]",False,Ndiaye,3,9,65,Ndiaye,MID,5
300,4,2025-26,0,0,0,0,0,0,0,0,0,0,0,0,0,0.0,0.0,0.0,0.0,0,0,0,0,0,0.0,0.0,0.0,0.0,0,False,"[{'fixture': 36, 'stats': [{'identifier': 'minutes', 'points': 0, 'value': 0, 'points_modification': 0}]}]",False,McNeil,3,9,57,McNeil,MID,0
301,4,2025-26,0,0,0,0,0,0,0,0,0,0,0,0,0,0.0,0.0,0.0,0.0,0,0,0,0,0,0.0,0.0,0.0,0.0,0,False,"[{'fixture': 36, 'stats': [{'identifier': 'minutes', 'points': 0, 'value': 0, 'points_modification': 0}]}]",False,Alcaraz,3,9,53,Alcaraz,MID,0
302,4,2025-26,90,0,0,1,0,0,0,0,0,0,0,0,17,4.6,3.4,2.0,1.0,2,6,2,10,1,0.1,0.03,0.13,0.54,3,False,"[{'fixture': 36, 'stats': [{'identifier': 'minutes', 'points': 2, 'value': 90, 'points_modification': 0}, {'identifier': 'clean_sheets', 'points': 1, 'value': 1, 'points_modification': 0}]}]",False,Gana,3,9,54,Gana,MID,3
303,4,2025-26,90,0,0,1,0,0,0,0,0,0,0,2,31,29.6,56.7,2.0,8.8,2,3,4,9,1,0.08,0.31,0.39,0.54,5,False,"[{'fixture': 36, 'stats': [{'identifier': 'minutes', 'points': 2, 'value': 90, 'points_modification': 0}, {'identifier': 'clean_sheets', 'points': 1, 'value': 1, 'points_modification': 0}, {'identifier': 'bonus', 'points': 2, 'value': 2, 'points_modification': 0}]}]",False,Garner,3,9,50,Garner,MID,5
304,4,2025-26,65,0,0,1,0,0,0,0,1,0,0,0,4,5.4,1.3,2.0,0.9,2,4,0,6,1,0.04,0.0,0.04,0.54,2,False,"[{'fixture': 36, 'stats': [{'identifier': 'minutes', 'points': 2, 'value': 65, 'points_modification': 0}, {'identifier': 'clean_sheets', 'points': 1, 'value': 1, 'points_modification': 0}, {'identifier': 'yellow_cards', 'points': -1, 'value': 1, 'points_modification': 0}]}]",False,Iroegbunam,3,9,49,Iroegbunam,MID,2
305,4,2025-26,0,0,0,0,0,0,0,0,0,0,0,0,0,0.0,0.0,0.0,0.0,0,0,0,0,0,0.0,0.0,0.0,0.0,0,False,"[{'fixture': 36, 'stats': [{'identifier': 'minutes', 'points': 0, 'value': 0, 'points_modification': 0}]}]",False,Armstrong,3,9,45,Armstrong,MID,0
306,4,2025-26,0,0,0,0,0,0,0,0,0,0,0,0,0,0.0,0.0,0.0,0.0,0,0,0,0,0,0.0,0.0,0.0,0.0,0,False,"[{'fixture': 36, 'stats': [{'identifier': 'minutes', 'points': 0, 'value': 0, 'points_modification': 0}]}]",False,Bates,3,9,45,Bates,MID,0
307,4,2025-26,0,0,0,0,0,0,0,0,0,0,0,0,0,0.0,0.0,0.0,0.0,0,0,0,0,0,0.0,0.0,0.0,0.0,0,False,"[{'fixture': 36, 'stats': [{'identifier': 'minutes', 'points': 0, 'value': 0, 'points_modification': 0}]}]",False,Ebere,3,9,45,Ebere,MID,0
308,4,2025-26,0,0,0,0,0,0,0,0,0,0,0,0,0,0.0,0.0,0.0,0.0,0,0,0,0,0,0.0,0.0,0.0,0.0,0,False,"[{'fixture': 36, 'stats': [{'identifier': 'minutes', 'points': 0, 'value': 0, 'points_modification': 0}]}]",False,Heath,3,9,45,Heath,MID,0
309,4,2025-26,0,0,0,0,0,0,0,0,0,0,0,0,0,0.0,0.0,0.0,0.0,0,0,0,0,0,0.0,0.0,0.0,0.0,0,False,"[{'fixture': 36, 'stats': [{'identifier': 'minutes', 'points': 0, 'value': 0, 'points_modification': 0}]}]",False,Metcalfe,3,9,45,Metcalfe,MID,0
310,4,2025-26,15,0,0,0,0,0,0,0,0,0,0,0,1,0.0,0.5,13.0,1.1,0,0,0,0,0,0.11,0.01,0.12,0.0,1,False,"[{'fixture': 36, 'stats': [{'identifier': 'minutes', 'points': 1, 'value': 15, 'points_modification': 0}]}]",False,Barry,4,9,58,Barry,FWD,1
311,4,2025-26,74,0,0,1,0,0,0,0,0,0,0,0,-4,0.0,0.7,29.0,2.5,1,0,0,1,1,0.97,0.0,0.97,0.54,2,False,"[{'fixture': 36, 'stats': [{'identifier': 'minutes', 'points': 2, 'value': 74, 'points_modification': 0}]}]",False,Beto,4,9,54,Beto,FWD,2
312,4,2025-26,0,0,0,0,0,0,0,0,0,0,0,0,0,0.0,0.0,0.0,0.0,0,0,0,0,0,0.0,0.0,0.0,0.0,0,False,"[{'fixture': 36, 'stats': [{'identifier': 'minutes', 'points': 0, 'value': 0, 'points_modification': 0}]}]",False,Y.Chermiti,4,9,49,Y.Chermiti,FWD,0
313,4,2025-26,0,0,0,0,0,0,0,0,0,0,0,0,0,0.0,0.0,0.0,0.0,0,0,0,0,0,0.0,0.0,0.0,0.0,0,False,"[{'fixture': 36, 'stats': [{'identifier': 'minutes', 'points': 0, 'value': 0, 'points_modification': 0}]}]",False,Sherif,4,9,44,Sherif,FWD,0
314,4,2025-26,90,0,0,1,0,0,0,0,0,0,3,1,28,24.0,0.0,0.0,2.4,1,7,0,0,1,0.0,0.0,0.0,0.79,8,False,"[{'fixture': 37, 'stats': [{'identifier': 'minutes', 'points': 2, 'value': 90, 'points_modification': 0}, {'identifier': 'clean_sheets', 'points': 4, 'value': 1, 'points_modification': 0}, {'identifier': 'saves', 'points': 1, 'value': 3, 'points_modification': 0}, {'identifier': 'bonus', 'points': 1, 'value': 1, 'points_modification': 0}]}]",False,Leno,1,10,50,Leno,GK,8
315,4,2025-26,0,0,0,0,0,0,0,0,0,0,0,0,0,0.0,0.0,0.0,0.0,0,0,0,0,0,0.0,0.0,0.0,0.0,0,False,"[{'fixture': 37, 'stats': [{'identifier': 'minutes', 'points': 0, 'value': 0, 'points_modification': 0}]}]",False,Benda,1,10,40,Benda,GK,0
316,4,2025-26,0,0,0,0,0,0,0,0,0,0,0,0,0,0.0,0.0,0.0,0.0,0,0,0,0,0,0.0,0.0,0.0,0.0,0,False,"[{'fixture': 37, 'stats': [{'identifier': 'minutes', 'points': 0, 'value': 0, 'points_modification': 0}]}]",False,Robinson,2,10,50,Robinson,DEF,0
317,4,2025-26,90,0,0,1,0,0,0,0,0,0,0,2,32,29.0,3.0,0.0,3.2,9,7,3,12,1,0.0,0.05,0.05,0.79,10,True,"[{'fixture': 37, 'stats': [{'identifier': 'minutes', 'points': 2, 'value': 90, 'points_modification': 0}, {'identifier': 'clean_sheets', 'points': 4, 'value': 1, 'points_modification': 0}, {'identifier': 'bonus', 'points': 2, 'value': 2, 'points_modification': 0}, {'identifier': 'defensive_contribution', 'points': 2, 'value': 12, 'points_modification': 0}]}]",False,Andersen,2,10,45,Andersen,DEF,10
318,4,2025-26,90,0,0,1,0,0,0,0,0,0,0,3,34,24.0,3.0,0.0,2.7,6,6,2,8,1,0.0,0.03,0.03,0.79,9,False,"[{'fixture': 37, 'stats': [{'identifier': 'minutes', 'points': 2, 'value': 90, 'points_modification': 0}, {'identifier': 'clean_sheets', 'points': 4, 'value': 1, 'points_modification': 0}, {'identifier': 'bonus', 'points': 3, 'value': 3, 'points_modification': 0}]}]",False,Bassey,2,10,45,Bassey,DEF,9
319,4,2025-26,0,0,0,0,0,0,0,0,0,0,0,0,0,0.0,0.0,0.0,0.0,0,0,0,0,0,0.0,0.0,0.0,0.0,0,False,"[{'fixture': 37, 'stats': [{'identifier': 'minutes', 'points': 0, 'value': 0, 'points_modification': 0}]}]",False,Castagne,2,10,44,Castagne,DEF,0
320,4,2025-26,0,0,0,0,0,0,0,0,0,0,0,0,0,0.0,0.0,0.0,0.0,0,0,0,0,0,0.0,0.0,0.0,0.0,0,False,"[{'fixture': 37, 'stats': [{'identifier': 'minutes', 'points': 0, 'value': 0, 'points_modification': 0}]}]",False,Diop,2,10,44,Diop,DEF,0
321,4,2025-26,0,0,0,0,0,0,0,0,0,0,0,0,0,0.0,0.0,0.0,0.0,0,0,0,0,0,0.0,0.0,0.0,0.0,0,False,"[{'fixture': 37, 'stats': [{'identifier': 'minutes', 'points': 0, 'value': 0, 'points_modification': 0}]}]",False,J.Cuenca,2,10,44,J.Cuenca,DEF,0
322,4,2025-26,90,0,0,1,0,0,0,0,0,0,0,0,26,11.4,3.5,0.0,1.5,3,2,3,6,1,0.0,0.02,0.02,0.79,6,False,"[{'fixture': 37, 'stats': [{'identifier': 'minutes', 'points': 2, 'value': 90, 'points_modification': 0}, {'identifier': 'clean_sheets', 'points': 4, 'value': 1, 'points_modification': 0}]}]",False,Tete,2,10,45,Tete,DEF,6
323,4,2025-26,0,0,0,0,0,0,0,0,0,0,0,0,0,0.0,0.0,0.0,0.0,0,0,0,0,0,0.0,0.0,0.0,0.0,0,False,"[{'fixture': 37, 'stats': [{'identifier': 'minutes', 'points': 0, 'value': 0, 'points_modification': 0}]}]",False,Amissah,2,10,39,Amissah,DEF,0
324,4,2025-26,75,0,0,1,0,0,0,0,0,0,0,0,6,2.4,3.3,0.0,0.6,0,3,1,4,1,0.0,0.02,0.02,0.76,3,False,"[{'fixture': 37, 'stats': [{'identifier': 'minutes', 'points': 2, 'value': 75, 'points_modification': 0}, {'identifier': 'clean_sheets', 'points': 1, 'value': 1, 'points_modification': 0}]}]",False,Iwobi,3,10,65,Iwobi,MID,3
325,4,2025-26,30,0,0,0,0,0,0,0,0,0,0,0,2,1.0,4.8,0.0,0.6,0,1,0,1,0,0.0,0.0,0.0,0.05,1,False,"[{'fixture': 37, 'stats': [{'identifier': 'minutes', 'points': 1, 'value': 30, 'points_modification': 0}]}]",False,Smith Rowe,3,10,58,Smith Rowe,MID,1
326,4,2025-26,30,0,0,0,0,0,0,0,0,0,0,0,0,0.0,0.6,6.0,0.4,0,1,0,1,0,0.04,0.01,0.05,0.05,1,False,"[{'fixture': 37, 'stats': [{'identifier': 'minutes', 'points': 1, 'value': 30, 'points_modification': 0}]}]",False,Adama,3,10,53,Adama,MID,1
327,4,2025-26,0,0,0,0,0,0,0,0,0,0,0,0,0,0.0,0.0,0.0,0.0,0,0,0,0,0,0.0,0.0,0.0,0.0,0,False,"[{'fixture': 37, 'stats': [{'identifier': 'minutes', 'points': 0, 'value': 0, 'points_modification': 0}]}]",False,Andreas,3,10,53,Andreas,MID,0
328,4,2025-26,90,0,0,1,0,0,0,0,0,0,0,0,12,15.4,22.8,4.0,4.2,5,3,2,10,1,0.0,0.22,0.22,0.79,3,False,"[{'fixture': 37, 'stats': [{'identifier': 'minutes', 'points': 2, 'value': 90, 'points_modification': 0}, {'identifier': 'clean_sheets', 'points': 1, 'value': 1, 'points_modification': 0}]}]",False,Sessegnon,3,10,54,Sessegnon,MID,3
329,4,2025-26,59,0,0,0,0,0,0,0,0,0,0,0,9,7.0,2.8,11.0,2.1,0,0,2,2,1,0.12,0.02,0.14,0.74,1,False,"[{'fixture': 37, 'stats': [{'identifier': 'minutes', 'points': 1, 'value': 59, 'points_modification': 0}]}]",False,Wilson,3,10,54,Wilson,MID,1
330,4,2025-26,83,0,0,1,0,0,0,0,1,0,0,0,18,19.4,18.6,0.0,3.8,5,6,3,14,1,0.0,0.15,0.15,0.79,4,False,"[{'fixture': 37, 'stats': [{'identifier': 'minutes', 'points': 2, 'value': 83, 'points_modification': 0}, {'identifier': 'clean_sheets', 'points': 1, 'value': 1, 'points_modification': 0}, {'identifier': 'yellow_cards', 'points': -1, 'value': 1, 'points_modification': 0}, {'identifier': 'defensive_contribution', 'points': 2, 'value': 14, 'points_modification': 0}]}]",False,Berge,3,10,50,Berge,MID,4
331,4,2025-26,6,0,0,0,0,0,0,0,0,0,0,0,3,0.0,0.6,0.0,0.1,0,0,0,0,0,0.0,0.0,0.0,0.0,1,False,"[{'fixture': 37, 'stats': [{'identifier': 'minutes', 'points': 1, 'value': 6, 'points_modification': 0}]}]",False,Cairney,3,10,49,Cairney,MID,1
332,4,2025-26,90,0,1,1,0,0,0,0,0,0,0,0,25,11.4,4.0,7.0,2.2,3,2,4,9,1,0.5,0.01,0.51,0.79,6,False,"[{'fixture': 37, 'stats': [{'identifier': 'minutes', 'points': 2, 'value': 90, 'points_modification': 0}, {'identifier': 'assists', 'points': 3, 'value': 1, 'points_modification': 0}, {'identifier': 'clean_sheets', 'points': 1, 'value': 1, 'points_modification': 0}]}]",False,Lukić,3,10,50,Lukić,MID,6
333,4,2025-26,0,0,0,0,0,0,0,0,0,0,0,0,0,0.0,0.0,0.0,0.0,0,0,0,0,0,0.0,0.0,0.0,0.0,0,False,"[{'fixture': 37, 'stats': [{'identifier': 'minutes', 'points': 0, 'value': 0, 'points_modification': 0}]}]",False,Godo,3,10,45,Godo,MID,0
334,4,2025-26,0,0,0,0,0,0,0,0,0,0,0,0,0,0.0,0.0,0.0,0.0,0,0,0,0,0,0.0,0.0,0.0,0.0,0,False,"[{'fixture': 37, 'stats': [{'identifier': 'minutes', 'points': 0, 'value': 0, 'points_modification': 0}]}]",False,Harris,3,10,45,Harris,MID,0
335,4,2025-26,59,0,0,0,0,0,0,0,0,0,0,0,4,0.2,1.0,0.0,0.1,0,2,1,3,1,0.0,0.01,0.01,0.74,1,False,"[{'fixture': 37, 'stats': [{'identifier': 'minutes', 'points': 1, 'value': 59, 'points_modification': 0}]}]",False,King,3,10,45,King,MID,1
336,4,2025-26,0,0,0,0,0,0,0,0,0,0,0,0,0,0.0,0.0,0.0,0.0,0,0,0,0,0,0.0,0.0,0.0,0.0,0,False,"[{'fixture': 37, 'stats': [{'identifier': 'minutes', 'points': 0, 'value': 0, 'points_modification': 0}]}]",False,Reed,3,10,44,Reed,MID,0
337,4,2025-26,6,0,0,0,0,0,0,0,0,0,0,0,4,3.0,0.0,0.0,0.3,0,0,2,2,0,0.0,0.0,0.0,0.0,1,False,"[{'fixture': 37, 'stats': [{'identifier': 'minutes', 'points': 1, 'value': 6, 'points_modification': 0}]}]",False,Raúl,4,10,63,Raúl,FWD,1
338,4,2025-26,83,0,0,1,0,0,0,0,0,0,0,0,4,4.4,0.3,21.0,2.6,1,2,1,4,1,0.18,0.01,0.19,0.79,2,False,"[{'fixture': 37, 'stats': [{'identifier': 'minutes', 'points': 2, 'value': 83, 'points_modification': 0}]}]",False,Muniz,4,10,55,Muniz,FWD,2
339,4,2025-26,0,0,0,0,0,0,0,0,0,0,0,0,0,0.0,0.0,0.0,0.0,0,0,0,0,0,0.0,0.0,0.0,0.0,0,False,"[{'fixture': 37, 'stats': [{'identifier': 'minutes', 'points': 0, 'value': 0, 'points_modification': 0}]}]",False,Meslier,1,11,44,Meslier,GK,0
340,4,2025-26,0,0,0,0,0,0,0,0,0,0,0,0,0,0.0,0.0,0.0,0.0,0,0,0,0,0,0.0,0.0,0.0,0.0,0,False,"[{'fixture': 37, 'stats': [{'identifier': 'minutes', 'points': 0, 'value': 0, 'points_modification': 0}]}]",False,Cairns,1,11,40,Cairns,GK,0
341,4,2025-26,90,0,0,0,1,0,0,0,0,0,3,0,15,19.6,0.0,0.0,2.0,1,12,0,0,1,0.0,0.0,0.0,0.85,3,False,"[{'fixture': 37, 'stats': [{'identifier': 'minutes', 'points': 2, 'value': 90, 'points_modification': 0}, {'identifier': 'saves', 'points': 1, 'value': 3, 'points_modification': 0}]}]",False,Darlow,1,11,40,Darlow,GK,3
342,4,2025-26,90,0,0,0,1,0,0,0,0,0,0,0,11,15.6,1.8,14.0,3.1,4,7,3,7,1,0.05,0.01,0.06,0.85,2,False,"[{'fixture': 37, 'stats': [{'identifier': 'minutes', 'points': 2, 'value': 90, 'points_modification': 0}]}]",False,Bogle,2,11,45,Bogle,DEF,2
343,4,2025-26,90,0,0,0,1,0,0,0,0,0,0,0,8,16.0,0.6,0.0,1.7,7,1,1,8,1,0.0,0.01,0.01,0.85,2,False,"[{'fixture': 37, 'stats': [{'identifier': 'minutes', 'points': 2, 'value': 90, 'points_modification': 0}]}]",False,Struijk,2,11,45,Struijk,DEF,2
344,4,2025-26,0,0,0,0,0,0,0,0,0,0,0,0,0,0.0,0.0,0.0,0.0,0,0,0,0,0,0.0,0.0,0.0,0.0,0,False,"[{'fixture': 37, 'stats': [{'identifier': 'minutes', 'points': 0, 'value': 0, 'points_modification': 0}]}]",False,Bijol,2,11,39,Bijol,DEF,0
345,4,2025-26,0,0,0,0,0,0,0,0,0,0,0,0,0,0.0,0.0,0.0,0.0,0,0,0,0,0,0.0,0.0,0.0,0.0,0,False,"[{'fixture': 37, 'stats': [{'identifier': 'minutes', 'points': 0, 'value': 0, 'points_modification': 0}]}]",False,Bornauw,2,11,39,Bornauw,DEF,0
346,4,2025-26,0,0,0,0,0,0,0,0,0,0,0,0,0,0.0,0.0,0.0,0.0,0,0,0,0,0,0.0,0.0,0.0,0.0,0,False,"[{'fixture': 37, 'stats': [{'identifier': 'minutes', 'points': 0, 'value': 0, 'points_modification': 0}]}]",False,Byram,2,11,39,Byram,DEF,0
347,4,2025-26,90,0,0,0,1,1,0,0,0,0,0,0,6,3.4,8.2,2.0,1.4,2,4,2,4,1,0.0,0.06,0.06,0.85,0,False,"[{'fixture': 37, 'stats': [{'identifier': 'minutes', 'points': 2, 'value': 90, 'points_modification': 0}, {'identifier': 'own_goals', 'points': -2, 'value': 1, 'points_modification': 0}]}]",False,Gudmundsson,2,11,40,Gudmundsson,DEF,0
348,4,2025-26,90,0,0,0,1,0,0,0,0,0,0,0,12,19.0,0.7,2.0,2.2,10,1,0,10,1,0.0,0.0,0.0,0.85,4,False,"[{'fixture': 37, 'stats': [{'identifier': 'minutes', 'points': 2, 'value': 90, 'points_modification': 0}, {'identifier': 'defensive_contribution', 'points': 2, 'value': 10, 'points_modification': 0}]}]",False,Rodon,2,11,40,Rodon,DEF,4
349,4,2025-26,0,0,0,0,0,0,0,0,0,0,0,0,0,0.0,0.0,0.0,0.0,0,0,0,0,0,0.0,0.0,0.0,0.0,0,False,"[{'fixture': 37, 'stats': [{'identifier': 'minutes', 'points': 0, 'value': 0, 'points_modification': 0}]}]",False,Schmidt,2,11,40,Schmidt,DEF,0
350,4,2025-26,76,0,0,1,0,0,0,0,0,0,0,0,19,18.6,12.0,23.0,5.4,2,5,5,12,1,0.13,0.32,0.45,0.3,5,False,"[{'fixture': 37, 'stats': [{'identifier': 'minutes', 'points': 2, 'value': 76, 'points_modification': 0}, {'identifier': 'clean_sheets', 'points': 1, 'value': 1, 'points_modification': 0}, {'identifier': 'defensive_contribution', 'points': 2, 'value': 12, 'points_modification': 0}]}]",False,Aaronson,3,11,54,Aaronson,MID,5
351,4,2025-26,1,0,0,0,1,0,0,0,0,0,0,0,5,2.0,0.0,0.0,0.2,0,0,1,1,0,0.0,0.0,0.0,0.01,1,False,"[{'fixture': 37, 'stats': [{'identifier': 'minutes', 'points': 1, 'value': 1, 'points_modification': 0}]}]",False,Gnonto,3,11,53,Gnonto,MID,1
352,4,2025-26,22,0,0,0,1,0,0,0,0,0,0,0,3,0.2,0.4,0.0,0.1,0,0,0,0,0,0.0,0.0,0.0,0.73,1,False,"[{'fixture': 37, 'stats': [{'identifier': 'minutes', 'points': 1, 'value': 22, 'points_modification': 0}]}]",False,Harrison,3,11,53,Harrison,MID,1
353,4,2025-26,11,0,0,0,0,0,0,0,0,0,0,0,3,0.0,0.0,0.0,0.0,0,0,0,0,0,0.0,0.0,0.0,0.54,1,False,"[{'fixture': 37, 'stats': [{'identifier': 'minutes', 'points': 1, 'value': 11, 'points_modification': 0}]}]",False,James,3,11,53,James,MID,1
354,4,2025-26,90,0,0,0,1,0,0,0,0,0,0,0,15,13.6,1.4,0.0,1.5,4,6,2,12,1,0.0,0.01,0.01,0.85,4,False,"[{'fixture': 37, 'stats': [{'identifier': 'minutes', 'points': 2, 'value': 90, 'points_modification': 0}, {'identifier': 'defensive_contribution', 'points': 2, 'value': 12, 'points_modification': 0}]}]",False,Ampadu,3,11,49,Ampadu,MID,4
355,4,2025-26,0,0,0,0,0,0,0,0,0,0,0,0,0,0.0,0.0,0.0,0.0,0,0,0,0,0,0.0,0.0,0.0,0.0,0,False,"[{'fixture': 37, 'stats': [{'identifier': 'minutes', 'points': 0, 'value': 0, 'points_modification': 0}]}]",False,Greenwood,3,11,49,Greenwood,MID,0
356,4,2025-26,0,0,0,0,0,0,0,0,0,0,0,0,0,0.0,0.0,0.0,0.0,0,0,0,0,0,0.0,0.0,0.0,0.0,0,False,"[{'fixture': 37, 'stats': [{'identifier': 'minutes', 'points': 0, 'value': 0, 'points_modification': 0}]}]",False,Gruev,3,11,49,Gruev,MID,0
357,4,2025-26,0,0,0,0,0,0,0,0,0,0,0,0,0,0.0,0.0,0.0,0.0,0,0,0,0,0,0.0,0.0,0.0,0.0,0,False,"[{'fixture': 37, 'stats': [{'identifier': 'minutes', 'points': 0, 'value': 0, 'points_modification': 0}]}]",False,Ramazani,3,11,49,Ramazani,MID,0
358,4,2025-26,0,0,0,0,0,0,0,0,0,0,0,0,0,0.0,0.0,0.0,0.0,0,0,0,0,0,0.0,0.0,0.0,0.0,0,False,"[{'fixture': 37, 'stats': [{'identifier': 'minutes', 'points': 0, 'value': 0, 'points_modification': 0}]}]",False,Tanaka,3,11,49,Tanaka,MID,0
359,4,2025-26,0,0,0,0,0,0,0,0,0,0,0,0,0,0.0,0.0,0.0,0.0,0,0,0,0,0,0.0,0.0,0.0,0.0,0,False,"[{'fixture': 37, 'stats': [{'identifier': 'minutes', 'points': 0, 'value': 0, 'points_modification': 0}]}]",False,Crew,3,11,45,Crew,MID,0
360,4,2025-26,0,0,0,0,0,0,0,0,0,0,0,0,0,0.0,0.0,0.0,0.0,0,0,0,0,0,0.0,0.0,0.0,0.0,0,False,"[{'fixture': 37, 'stats': [{'identifier': 'minutes', 'points': 0, 'value': 0, 'points_modification': 0}]}]",False,Gelhardt,3,11,45,Gelhardt,MID,0
361,4,2025-26,0,0,0,0,0,0,0,0,0,0,0,0,0,0.0,0.0,0.0,0.0,0,0,0,0,0,0.0,0.0,0.0,0.0,0,False,"[{'fixture': 37, 'stats': [{'identifier': 'minutes', 'points': 0, 'value': 0, 'points_modification': 0}]}]",False,Gyabi,3,11,45,Gyabi,MID,0
362,4,2025-26,0,0,0,0,0,0,0,0,0,0,0,0,0,0.0,0.0,0.0,0.0,0,0,0,0,0,0.0,0.0,0.0,0.0,0,False,"[{'fixture': 37, 'stats': [{'identifier': 'minutes', 'points': 0, 'value': 0, 'points_modification': 0}]}]",False,Piroe,4,11,52,Piroe,FWD,0
363,4,2025-26,0,0,0,0,0,0,0,0,0,0,0,0,0,0.0,0.0,0.0,0.0,0,0,0,0,0,0.0,0.0,0.0,0.0,0,False,"[{'fixture': 37, 'stats': [{'identifier': 'minutes', 'points': 0, 'value': 0, 'points_modification': 0}]}]",False,Bamford,4,11,49,Bamford,FWD,0
364,4,2025-26,0,0,0,0,0,0,0,0,0,0,0,0,0,0.0,0.0,0.0,0.0,0,0,0,0,0,0.0,0.0,0.0,0.0,0,False,"[{'fixture': 37, 'stats': [{'identifier': 'minutes', 'points': 0, 'value': 0, 'points_modification': 0}]}]",False,Mateo Joseph,4,11,50,Mateo Joseph,FWD,0
365,4,2025-26,21,0,0,0,1,0,0,0,0,0,0,0,1,0.0,1.3,0.0,0.0,0,0,0,0,0,0.0,0.0,0.0,0.73,1,False,"[{'fixture': 37, 'stats': [{'identifier': 'minutes', 'points': 1, 'value': 21, 'points_modification': 0}]}]",False,Nmecha,4,11,50,Nmecha,FWD,1
366,4,2025-26,90,0,0,1,0,0,0,0,0,0,0,0,19,4.0,0.1,0.0,0.4,0,5,0,0,1,0.0,0.0,0.0,0.13,6,False,"[{'fixture': 34, 'stats': [{'identifier': 'minutes', 'points': 2, 'value': 90, 'points_modification': 0}, {'identifier': 'clean_sheets', 'points': 4, 'value': 1, 'points_modification': 0}]}]",False,A.Becker,1,12,55,A.Becker,GK,6
367,4,2025-26,0,0,0,0,0,0,0,0,0,0,0,0,0,0.0,0.0,0.0,0.0,0,0,0,0,0,0.0,0.0,0.0,0.0,0,False,"[{'fixture': 34, 'stats': [{'identifier': 'minutes', 'points': 0, 'value': 0, 'points_modification': 0}]}]",False,Mamardashvili,1,12,43,Mamardashvili,GK,0
368,4,2025-26,0,0,0,0,0,0,0,0,0,0,0,0,0,0.0,0.0,0.0,0.0,0,0,0,0,0,0.0,0.0,0.0,0.0,0,False,"[{'fixture': 34, 'stats': [{'identifier': 'minutes', 'points': 0, 'value': 0, 'points_modification': 0}]}]",False,Pécsi,1,12,39,Pécsi,GK,0
369,4,2025-26,0,0,0,0,0,0,0,0,0,0,0,0,0,0.0,0.0,0.0,0.0,0,0,0,0,0,0.0,0.0,0.0,0.0,0,False,"[{'fixture': 34, 'stats': [{'identifier': 'minutes', 'points': 0, 'value': 0, 'points_modification': 0}]}]",False,Woodman,1,12,39,Woodman,GK,0
370,4,2025-26,3,0,1,0,0,0,0,0,0,0,0,0,14,3.0,0.6,19.0,2.3,0,0,0,0,0,0.08,0.01,0.09,0.0,4,False,"[{'fixture': 34, 'stats': [{'identifier': 'minutes', 'points': 1, 'value': 3, 'points_modification': 0}, {'identifier': 'assists', 'points': 3, 'value': 1, 'points_modification': 0}]}]",False,Frimpong,2,12,59,Frimpong,DEF,4
371,4,2025-26,37,0,0,0,0,0,0,0,1,0,0,0,-1,0.0,16.9,10.0,2.7,0,0,0,0,1,0.08,0.02,0.1,0.12,0,False,"[{'fixture': 34, 'stats': [{'identifier': 'minutes', 'points': 1, 'value': 37, 'points_modification': 0}, {'identifier': 'yellow_cards', 'points': -1, 'value': 1, 'points_modification': 0}]}]",False,Kerkez,2,12,59,Kerkez,DEF,0
372,4,2025-26,52,0,0,0,0,0,0,0,0,0,0,0,20,24.6,68.0,23.0,11.6,0,2,0,0,0,0.1,0.37,0.47,0.01,1,False,"[{'fixture': 34, 'stats': [{'identifier': 'minutes', 'points': 1, 'value': 52, 'points_modification': 0}]}]",False,Robertson,2,12,58,Robertson,DEF,1
373,4,2025-26,90,0,0,1,0,0,0,0,0,0,0,2,27,24.8,16.3,0.0,4.1,5,1,1,6,1,0.0,0.06,0.06,0.13,8,False,"[{'fixture': 34, 'stats': [{'identifier': 'minutes', 'points': 2, 'value': 90, 'points_modification': 0}, {'identifier': 'clean_sheets', 'points': 4, 'value': 1, 'points_modification': 0}, {'identifier': 'bonus', 'points': 2, 'value': 2, 'points_modification': 0}]}]",False,Virgil,2,12,61,Virgil,DEF,8
374,4,2025-26,86,0,0,1,0,0,0,0,0,0,0,3,29,20.8,26.7,9.0,5.7,3,3,4,7,1,0.49,0.05,0.54,0.13,9,False,"[{'fixture': 34, 'stats': [{'identifier': 'minutes', 'points': 2, 'value': 86, 'points_modification': 0}, {'identifier': 'clean_sheets', 'points': 4, 'value': 1, 'points_modification': 0}, {'identifier': 'bonus', 'points': 3, 'value': 3, 'points_modification': 0}]}]",False,Konaté,2,12,55,Konaté,DEF,9
375,4,2025-26,45,0,0,0,0,0,0,0,1,0,0,0,6,7.8,8.5,11.0,2.7,1,3,1,2,0,0.02,0.08,0.1,0.01,0,False,"[{'fixture': 34, 'stats': [{'identifier': 'minutes', 'points': 1, 'value': 45, 'points_modification': 0}, {'identifier': 'yellow_cards', 'points': -1, 'value': 1, 'points_modification': 0}]}]",False,Bradley,2,12,50,Bradley,DEF,0
376,4,2025-26,0,0,0,0,0,0,0,0,0,0,0,0,0,0.0,0.0,0.0,0.0,0,0,0,0,0,0.0,0.0,0.0,0.0,0,False,"[{'fixture': 34, 'stats': [{'identifier': 'minutes', 'points': 0, 'value': 0, 'points_modification': 0}]}]",False,Gomez,2,12,50,Gomez,DEF,0
377,4,2025-26,0,0,0,0,0,0,0,0,0,0,0,0,0,0.0,0.0,0.0,0.0,0,0,0,0,0,0.0,0.0,0.0,0.0,0,False,"[{'fixture': 34, 'stats': [{'identifier': 'minutes', 'points': 0, 'value': 0, 'points_modification': 0}]}]",False,Tsimikas,2,12,48,Tsimikas,DEF,0
378,4,2025-26,0,0,0,0,0,0,0,0,0,0,0,0,0,0.0,0.0,0.0,0.0,0,0,0,0,0,0.0,0.0,0.0,0.0,0,False,"[{'fixture': 34, 'stats': [{'identifier': 'minutes', 'points': 0, 'value': 0, 'points_modification': 0}]}]",False,Nallo,2,12,39,Nallo,DEF,0
379,4,2025-26,0,0,0,0,0,0,0,0,0,0,0,0,0,0.0,0.0,0.0,0.0,0,0,0,0,0,0.0,0.0,0.0,0.0,0,False,"[{'fixture': 34, 'stats': [{'identifier': 'minutes', 'points': 0, 'value': 0, 'points_modification': 0}]}]",False,R.Williams,2,12,39,R.Williams,DEF,0
380,4,2025-26,0,0,0,0,0,0,0,0,0,0,0,0,0,0.0,0.0,0.0,0.0,0,0,0,0,0,0.0,0.0,0.0,0.0,0,False,"[{'fixture': 34, 'stats': [{'identifier': 'minutes', 'points': 0, 'value': 0, 'points_modification': 0}]}]",False,Ramsay,2,12,39,Ramsay,DEF,0
381,4,2025-26,90,1,0,1,0,0,0,0,0,0,0,1,26,35.0,20.6,27.0,8.3,0,3,0,3,1,0.79,0.15,0.94,0.13,9,False,"[{'fixture': 34, 'stats': [{'identifier': 'minutes', 'points': 2, 'value': 90, 'points_modification': 0}, {'identifier': 'goals_scored', 'points': 5, 'value': 1, 'points_modification': 0}, {'identifier': 'clean_sheets', 'points': 1, 'value': 1, 'points_modification': 0}, {'identifier': 'bonus', 'points': 1, 'value': 1, 'points_modification': 0}]}]",False,M.Salah,3,12,145,M.Salah,MID,9
382,4,2025-26,86,0,0,1,0,0,0,0,0,0,0,0,8,9.2,59.0,22.0,9.0,1,2,1,4,1,0.15,0.26,0.41,0.13,3,False,"[{'fixture': 34, 'stats': [{'identifier': 'minutes', 'points': 2, 'value': 86, 'points_modification': 0}, {'identifier': 'clean_sheets', 'points': 1, 'value': 1, 'points_modification': 0}]}]",False,Wirtz,3,12,82,Wirtz,MID,3
383,4,2025-26,0,0,0,0,0,0,0,0,0,0,0,0,0,0.0,0.0,0.0,0.0,0,0,0,0,0,0.0,0.0,0.0,0.0,0,False,"[{'fixture': 34, 'stats': [{'identifier': 'minutes', 'points': 0, 'value': 0, 'points_modification': 0}]}]",False,Luis Díaz,3,12,80,Luis Díaz,MID,0
384,4,2025-26,90,0,0,1,0,0,0,0,0,0,0,0,14,4.2,35.8,32.0,7.2,1,0,0,1,1,0.21,0.32,0.53,0.13,3,False,"[{'fixture': 34, 'stats': [{'identifier': 'minutes', 'points': 2, 'value': 90, 'points_modification': 0}, {'identifier': 'clean_sheets', 'points': 1, 'value': 1, 'points_modification': 0}]}]",False,Gakpo,3,12,76,Gakpo,MID,3
385,4,2025-26,18,0,0,0,0,0,0,0,0,0,0,0,-1,0.0,0.6,8.0,0.7,0,0,0,0,0,0.08,0.03,0.11,0.01,1,False,"[{'fixture': 34, 'stats': [{'identifier': 'minutes', 'points': 1, 'value': 18, 'points_modification': 0}]}]",False,Chiesa,3,12,64,Chiesa,MID,1
386,4,2025-26,45,0,0,0,0,0,0,0,0,0,0,0,10,3.4,4.7,0.0,0.8,0,2,1,3,1,0.0,0.03,0.03,0.12,1,False,"[{'fixture': 34, 'stats': [{'identifier': 'minutes', 'points': 1, 'value': 45, 'points_modification': 0}]}]",False,Mac Allister,3,12,64,Mac Allister,MID,1
387,4,2025-26,90,0,0,1,0,0,0,0,0,0,0,0,14,12.6,11.9,22.0,4.7,4,4,1,9,1,0.21,0.07,0.28,0.13,3,False,"[{'fixture': 34, 'stats': [{'identifier': 'minutes', 'points': 2, 'value': 90, 'points_modification': 0}, {'identifier': 'clean_sheets', 'points': 1, 'value': 1, 'points_modification': 0}]}]",False,Szoboszlai,3,12,65,Szoboszlai,MID,3
388,4,2025-26,0,0,0,0,0,0,0,0,0,0,0,0,0,0.0,0.0,0.0,0.0,0,0,0,0,0,0.0,0.0,0.0,0.0,0,False,"[{'fixture': 34, 'stats': [{'identifier': 'minutes', 'points': 0, 'value': 0, 'points_modification': 0}]}]",False,C.Jones,3,12,54,C.Jones,MID,0
389,4,2025-26,19,0,0,0,0,0,0,0,0,0,0,0,4,1.4,2.0,0.0,0.3,1,1,0,2,0,0.0,0.0,0.0,0.55,1,False,"[{'fixture': 36, 'stats': [{'identifier': 'minutes', 'points': 1, 'value': 19, 'points_modification': 0}]}]",False,Elliott,3,2,54,Elliott,MID,1
390,4,2025-26,90,0,0,1,0,0,0,0,0,0,0,0,19,21.2,51.8,12.0,8.5,2,3,1,6,1,0.12,0.11,0.23,0.13,3,False,"[{'fixture': 34, 'stats': [{'identifier': 'minutes', 'points': 2, 'value': 90, 'points_modification': 0}, {'identifier': 'clean_sheets', 'points': 1, 'value': 1, 'points_modification': 0}]}]",False,Gravenberch,3,12,56,Gravenberch,MID,3
391,4,2025-26,0,0,0,0,0,0,0,0,0,0,0,0,0,0.0,0.0,0.0,0.0,0,0,0,0,0,0.0,0.0,0.0,0.0,0,False,"[{'fixture': 32, 'stats': [{'identifier': 'minutes', 'points': 0, 'value': 0, 'points_modification': 0}]}]",False,Gannon-Doak,3,4,50,Gannon-Doak,MID,0
392,4,2025-26,0,0,0,0,0,0,0,0,0,0,0,0,0,0.0,0.0,0.0,0.0,0,0,0,0,0,0.0,0.0,0.0,0.0,0,False,"[{'fixture': 34, 'stats': [{'identifier': 'minutes', 'points': 0, 'value': 0, 'points_modification': 0}]}]",False,Endo,3,12,49,Endo,MID,0
393,4,2025-26,0,0,0,0,0,0,0,0,0,0,0,0,0,0.0,0.0,0.0,0.0,0,0,0,0,0,0.0,0.0,0.0,0.0,0,False,"[{'fixture': 34, 'stats': [{'identifier': 'minutes', 'points': 0, 'value': 0, 'points_modification': 0}]}]",False,Bajcetic,3,12,44,Bajcetic,MID,0
394,4,2025-26,0,0,0,0,0,0,0,0,0,0,0,0,0,0.0,0.0,0.0,0.0,0,0,0,0,0,0.0,0.0,0.0,0.0,0,False,"[{'fixture': 34, 'stats': [{'identifier': 'minutes', 'points': 0, 'value': 0, 'points_modification': 0}]}]",False,McConnell,3,12,44,McConnell,MID,0
395,4,2025-26,0,0,0,0,0,0,0,0,0,0,0,0,0,0.0,0.0,0.0,0.0,0,0,0,0,0,0.0,0.0,0.0,0.0,0,False,"[{'fixture': 34, 'stats': [{'identifier': 'minutes', 'points': 0, 'value': 0, 'points_modification': 0}]}]",False,Morton,3,12,45,Morton,MID,0
396,4,2025-26,0,0,0,0,0,0,0,0,0,0,0,0,0,0.0,0.0,0.0,0.0,0,0,0,0,0,0.0,0.0,0.0,0.0,0,False,"[{'fixture': 34, 'stats': [{'identifier': 'minutes', 'points': 0, 'value': 0, 'points_modification': 0}]}]",False,Nyoni,3,12,44,Nyoni,MID,0
397,4,2025-26,0,0,0,0,0,0,0,0,0,0,0,0,0,0.0,0.0,0.0,0.0,0,0,0,0,0,0.0,0.0,0.0,0.0,0,False,"[{'fixture': 34, 'stats': [{'identifier': 'minutes', 'points': 0, 'value': 0, 'points_modification': 0}]}]",False,Darwin,4,12,65,Darwin,FWD,0
398,4,2025-26,0,0,0,0,0,0,0,0,0,0,0,0,0,0.0,0.0,0.0,0.0,0,0,0,0,0,0.0,0.0,0.0,0.0,0,False,"[{'fixture': 34, 'stats': [{'identifier': 'minutes', 'points': 0, 'value': 0, 'points_modification': 0}]}]",False,Danns,4,12,44,Danns,FWD,0
399,4,2025-26,0,0,0,0,0,0,0,0,0,0,0,0,0,0.0,0.0,0.0,0.0,0,0,0,0,0,0.0,0.0,0.0,0.0,0,False,"[{'fixture': 38, 'stats': [{'identifier': 'minutes', 'points': 0, 'value': 0, 'points_modification': 0}]}]",False,Ederson M.,1,13,53,Ederson M.,GK,0
400,4,2025-26,0,0,0,0,0,0,0,0,0,0,0,0,0,0.0,0.0,0.0,0.0,0,0,0,0,0,0.0,0.0,0.0,0.0,0,False,"[{'fixture': 38, 'stats': [{'identifier': 'minutes', 'points': 0, 'value': 0, 'points_modification': 0}]}]",False,Ortega Moreno,1,13,49,Ortega Moreno,GK,0
401,4,2025-26,0,0,0,0,0,0,0,0,0,0,0,0,0,0.0,0.0,0.0,0.0,0,0,0,0,0,0.0,0.0,0.0,0.0,0,False,"[{'fixture': 38, 'stats': [{'identifier': 'minutes', 'points': 0, 'value': 0, 'points_modification': 0}]}]",False,Bettinelli,1,13,40,Bettinelli,GK,0
402,4,2025-26,0,0,0,0,0,0,0,0,0,0,0,0,0,0.0,0.0,0.0,0.0,0,0,0,0,0,0.0,0.0,0.0,0.0,0,False,"[{'fixture': 38, 'stats': [{'identifier': 'minutes', 'points': 0, 'value': 0, 'points_modification': 0}]}]",False,Aït-Nouri,2,13,59,Aït-Nouri,DEF,0
403,4,2025-26,90,0,0,1,0,0,0,0,0,0,0,0,22,9.2,1.2,0.0,1.0,3,0,0,3,1,0.0,0.0,0.0,1.51,6,False,"[{'fixture': 38, 'stats': [{'identifier': 'minutes', 'points': 2, 'value': 90, 'points_modification': 0}, {'identifier': 'clean_sheets', 'points': 4, 'value': 1, 'points_modification': 0}]}]",False,Gvardiol,2,13,58,Gvardiol,DEF,6
404,4,2025-26,0,0,0,0,0,0,0,0,0,0,0,0,0,0.0,0.0,0.0,0.0,0,0,0,0,0,0.0,0.0,0.0,0.0,0,False,"[{'fixture': 38, 'stats': [{'identifier': 'minutes', 'points': 0, 'value': 0, 'points_modification': 0}]}]",False,Akanji,2,13,54,Akanji,DEF,0
405,4,2025-26,2,0,0,0,0,0,0,0,0,0,0,0,3,0.0,0.0,0.0,0.0,0,0,0,0,0,0.0,0.0,0.0,0.09,1,False,"[{'fixture': 38, 'stats': [{'identifier': 'minutes', 'points': 1, 'value': 2, 'points_modification': 0}]}]",False,Aké,2,13,54,Aké,DEF,1
406,4,2025-26,90,0,0,1,0,0,0,0,0,0,0,0,27,20.0,2.1,0.0,2.2,10,5,2,12,1,0.0,0.01,0.01,1.51,8,False,"[{'fixture': 38, 'stats': [{'identifier': 'minutes', 'points': 2, 'value': 90, 'points_modification': 0}, {'identifier': 'clean_sheets', 'points': 4, 'value': 1, 'points_modification': 0}, {'identifier': 'defensive_contribution', 'points': 2, 'value': 12, 'points_modification': 0}]}]",False,Khusanov,2,13,54,Khusanov,DEF,8
407,4,2025-26,0,0,0,0,0,0,0,0,0,0,0,0,0,0.0,0.0,0.0,0.0,0,0,0,0,0,0.0,0.0,0.0,0.0,0,False,"[{'fixture': 38, 'stats': [{'identifier': 'minutes', 'points': 0, 'value': 0, 'points_modification': 0}]}]",False,Matheus N.,2,13,53,Matheus N.,DEF,0
408,4,2025-26,90,0,0,1,0,0,0,0,0,0,0,0,25,14.0,0.9,0.0,1.5,7,1,0,7,1,0.0,0.01,0.01,1.51,6,False,"[{'fixture': 38, 'stats': [{'identifier': 'minutes', 'points': 2, 'value': 90, 'points_modification': 0}, {'identifier': 'clean_sheets', 'points': 4, 'value': 1, 'points_modification': 0}]}]",False,Rúben,2,13,55,Rúben,DEF,6
409,4,2025-26,0,0,0,0,0,0,0,0,0,0,0,0,0,0.0,0.0,0.0,0.0,0,0,0,0,0,0.0,0.0,0.0,0.0,0,False,"[{'fixture': 38, 'stats': [{'identifier': 'minutes', 'points': 0, 'value': 0, 'points_modification': 0}]}]",False,Stones,2,13,55,Stones,DEF,0
410,4,2025-26,0,0,0,0,0,0,0,0,0,0,0,0,0,0.0,0.0,0.0,0.0,0,0,0,0,0,0.0,0.0,0.0,0.0,0,False,"[{'fixture': 38, 'stats': [{'identifier': 'minutes', 'points': 0, 'value': 0, 'points_modification': 0}]}]",False,Lewis,2,13,50,Lewis,DEF,0
411,4,2025-26,90,0,0,1,0,0,0,0,0,0,0,0,25,19.6,1.8,1.0,2.2,4,5,5,9,1,0.03,0.01,0.04,1.51,6,False,"[{'fixture': 38, 'stats': [{'identifier': 'minutes', 'points': 2, 'value': 90, 'points_modification': 0}, {'identifier': 'clean_sheets', 'points': 4, 'value': 1, 'points_modification': 0}]}]",False,O’Reilly,2,13,49,O’Reilly,DEF,6
412,4,2025-26,0,0,0,0,0,0,0,0,0,0,0,0,0,0.0,0.0,0.0,0.0,0,0,0,0,0,0.0,0.0,0.0,0.0,0,False,"[{'fixture': 38, 'stats': [{'identifier': 'minutes', 'points': 0, 'value': 0, 'points_modification': 0}]}]",False,Vitor Reis,2,13,50,Vitor Reis,DEF,0
413,4,2025-26,0,0,0,0,0,0,0,0,0,0,0,0,0,0.0,0.0,0.0,0.0,0,0,0,0,0,0.0,0.0,0.0,0.0,0,False,"[{'fixture': 38, 'stats': [{'identifier': 'minutes', 'points': 0, 'value': 0, 'points_modification': 0}]}]",False,Marmoush,3,13,83,Marmoush,MID,0
414,4,2025-26,90,1,0,1,0,0,0,0,0,0,0,2,37,40.6,16.5,23.0,8.0,1,11,1,13,1,0.28,0.03,0.31,1.51,12,True,"[{'fixture': 38, 'stats': [{'identifier': 'minutes', 'points': 2, 'value': 90, 'points_modification': 0}, {'identifier': 'goals_scored', 'points': 5, 'value': 1, 'points_modification': 0}, {'identifier': 'clean_sheets', 'points': 1, 'value': 1, 'points_modification': 0}, {'identifier': 'bonus', 'points': 2, 'value': 2, 'points_modification': 0}, {'identifier': 'defensive_contribution', 'points': 2, 'value': 13, 'points_modification': 0}]}]",False,Foden,3,13,81,Foden,MID,12
415,4,2025-26,13,0,0,0,0,0,0,0,0,0,0,0,6,5.2,0.5,33.0,3.9,2,0,0,2,0,0.04,0.0,0.04,1.37,1,False,"[{'fixture': 38, 'stats': [{'identifier': 'minutes', 'points': 1, 'value': 13, 'points_modification': 0}]}]",False,Savinho,3,13,69,Savinho,MID,1
416,4,2025-26,87,0,1,1,0,0,0,0,0,0,0,0,16,19.0,33.8,8.0,6.1,0,7,1,8,1,0.1,0.55,0.65,1.42,6,False,"[{'fixture': 38, 'stats': [{'identifier': 'minutes', 'points': 2, 'value': 87, 'points_modification': 0}, {'identifier': 'assists', 'points': 3, 'value': 1, 'points_modification': 0}, {'identifier': 'clean_sheets', 'points': 1, 'value': 1, 'points_modification': 0}]}]",False,Bernardo,3,13,64,Bernardo,MID,6
417,4,2025-26,0,0,0,0,0,0,0,0,0,0,0,0,0,0.0,0.0,0.0,0.0,0,0,0,0,0,0.0,0.0,0.0,0.0,0,False,"[{'fixture': 38, 'stats': [{'identifier': 'minutes', 'points': 0, 'value': 0, 'points_modification': 0}]}]",False,Cherki,3,13,63,Cherki,MID,0
418,4,2025-26,76,0,2,1,0,0,0,0,0,0,0,1,33,40.6,54.0,10.0,10.5,1,3,0,4,1,0.0,0.75,0.75,0.14,10,False,"[{'fixture': 38, 'stats': [{'identifier': 'minutes', 'points': 2, 'value': 76, 'points_modification': 0}, {'identifier': 'assists', 'points': 6, 'value': 2, 'points_modification': 0}, {'identifier': 'clean_sheets', 'points': 1, 'value': 1, 'points_modification': 0}, {'identifier': 'bonus', 'points': 1, 'value': 1, 'points_modification': 0}]}]",False,Doku,3,13,65,Doku,MID,10
419,4,2025-26,90,0,0,1,0,0,0,0,1,0,0,0,20,28.0,64.3,56.0,14.8,1,2,3,6,1,0.09,0.3,0.39,0.54,2,False,"[{'fixture': 36, 'stats': [{'identifier': 'minutes', 'points': 2, 'value': 90, 'points_modification': 0}, {'identifier': 'clean_sheets', 'points': 1, 'value': 1, 'points_modification': 0}, {'identifier': 'yellow_cards', 'points': -1, 'value': 1, 'points_modification': 0}]}]",False,Grealish,3,9,69,Grealish,MID,2
420,4,2025-26,0,0,0,0,0,0,0,0,0,0,0,0,0,0.0,0.0,0.0,0.0,0,0,0,0,0,0.0,0.0,0.0,0.0,0,False,"[{'fixture': 38, 'stats': [{'identifier': 'minutes', 'points': 0, 'value': 0, 'points_modification': 0}]}]",False,Gündoğan,3,13,63,Gündoğan,MID,0
421,4,2025-26,75,0,0,1,0,0,0,0,0,0,0,0,11,6.4,3.8,0.0,1.0,0,5,2,7,1,0.0,0.02,0.02,0.14,3,False,"[{'fixture': 38, 'stats': [{'identifier': 'minutes', 'points': 2, 'value': 75, 'points_modification': 0}, {'identifier': 'clean_sheets', 'points': 1, 'value': 1, 'points_modification': 0}]}]",False,Rodrigo,3,13,64,Rodrigo,MID,3
422,4,2025-26,0,0,0,0,0,0,0,0,0,0,0,0,0,0.0,0.0,0.0,0.0,0,0,0,0,0,0.0,0.0,0.0,0.0,0,False,"[{'fixture': 38, 'stats': [{'identifier': 'minutes', 'points': 0, 'value': 0, 'points_modification': 0}]}]",False,Kovačić,3,13,59,Kovačić,MID,0
423,4,2025-26,14,0,0,0,0,0,0,0,0,0,0,0,5,9.2,0.1,0.0,0.9,4,1,0,5,0,0.0,0.0,0.0,1.37,1,False,"[{'fixture': 38, 'stats': [{'identifier': 'minutes', 'points': 1, 'value': 14, 'points_modification': 0}]}]",False,N.Gonzalez,3,13,59,N.Gonzalez,MID,1
424,4,2025-26,3,0,0,0,0,0,0,0,0,0,0,0,5,3.0,10.8,4.0,1.8,0,1,0,1,0,0.0,0.05,0.05,0.09,1,False,"[{'fixture': 38, 'stats': [{'identifier': 'minutes', 'points': 1, 'value': 3, 'points_modification': 0}]}]",False,Bobb,3,13,55,Bobb,MID,1
425,4,2025-26,0,0,0,0,0,0,0,0,0,0,0,0,0,0.0,0.0,0.0,0.0,0,0,0,0,0,0.0,0.0,0.0,0.0,0,False,"[{'fixture': 38, 'stats': [{'identifier': 'minutes', 'points': 0, 'value': 0, 'points_modification': 0}]}]",False,Echeverri,3,13,54,Echeverri,MID,0
426,4,2025-26,17,0,0,0,1,0,0,0,0,0,0,0,2,2.8,12.1,0.0,1.5,0,0,0,0,0,0.0,0.01,0.01,0.08,1,False,"[{'fixture': 31, 'stats': [{'identifier': 'minutes', 'points': 1, 'value': 17, 'points_modification': 0}]}]",False,McAtee,3,16,53,McAtee,MID,1
427,4,2025-26,90,0,0,1,0,0,0,0,0,0,0,0,8,8.0,19.3,25.0,5.2,3,3,1,7,1,0.35,0.02,0.37,1.51,3,False,"[{'fixture': 38, 'stats': [{'identifier': 'minutes', 'points': 2, 'value': 90, 'points_modification': 0}, {'identifier': 'clean_sheets', 'points': 1, 'value': 1, 'points_modification': 0}]}]",False,Reijnders,3,13,57,Reijnders,MID,3
428,4,2025-26,0,0,0,0,0,0,0,0,0,0,0,0,0,0.0,0.0,0.0,0.0,0,0,0,0,0,0.0,0.0,0.0,0.0,0,False,"[{'fixture': 38, 'stats': [{'identifier': 'minutes', 'points': 0, 'value': 0, 'points_modification': 0}]}]",False,Nypan,3,13,50,Nypan,MID,0
429,4,2025-26,0,0,0,0,0,0,0,0,0,0,0,0,0,0.0,0.0,0.0,0.0,0,0,0,0,0,0.0,0.0,0.0,0.0,0,False,"[{'fixture': 38, 'stats': [{'identifier': 'minutes', 'points': 0, 'value': 0, 'points_modification': 0}]}]",False,Phillips,3,13,49,Phillips,MID,0
430,4,2025-26,86,2,0,1,0,0,0,0,0,0,0,3,63,78.8,12.9,70.0,16.2,6,2,0,8,1,1.8,0.01,1.81,1.42,13,True,"[{'fixture': 38, 'stats': [{'identifier': 'minutes', 'points': 2, 'value': 86, 'points_modification': 0}, {'identifier': 'goals_scored', 'points': 8, 'value': 2, 'points_modification': 0}, {'identifier': 'bonus', 'points': 3, 'value': 3, 'points_modification': 0}]}]",False,Haaland,4,13,143,Haaland,FWD,13
431,4,2025-26,90,0,0,0,3,0,0,0,0,0,3,0,5,29.2,0.0,0.0,2.9,1,4,0,0,1,0.0,0.0,0.0,2.52,2,False,"[{'fixture': 38, 'stats': [{'identifier': 'minutes', 'points': 2, 'value': 90, 'points_modification': 0}, {'identifier': 'goals_conceded', 'points': -1, 'value': 3, 'points_modification': 0}, {'identifier': 'saves', 'points': 1, 'value': 3, 'points_modification': 0}]}]",False,Bayindir,1,14,50,Bayindir,GK,2
432,4,2025-26,0,0,0,0,0,0,0,0,0,0,0,0,0,0.0,0.0,0.0,0.0,0,0,0,0,0,0.0,0.0,0.0,0.0,0,False,"[{'fixture': 38, 'stats': [{'identifier': 'minutes', 'points': 0, 'value': 0, 'points_modification': 0}]}]",False,Onana,1,14,49,Onana,GK,0
433,4,2025-26,0,0,0,0,0,0,0,0,0,0,0,0,0,0.0,0.0,0.0,0.0,0,0,0,0,0,0.0,0.0,0.0,0.0,0,False,"[{'fixture': 38, 'stats': [{'identifier': 'minutes', 'points': 0, 'value': 0, 'points_modification': 0}]}]",False,Harrison,1,14,40,Harrison,GK,0
434,4,2025-26,0,0,0,0,0,0,0,0,0,0,0,0,0,0.0,0.0,0.0,0.0,0,0,0,0,0,0.0,0.0,0.0,0.0,0,False,"[{'fixture': 38, 'stats': [{'identifier': 'minutes', 'points': 0, 'value': 0, 'points_modification': 0}]}]",False,Heaton,1,14,40,Heaton,GK,0
435,4,2025-26,0,0,0,0,0,0,0,0,0,0,0,0,0,0.0,0.0,0.0,0.0,0,0,0,0,0,0.0,0.0,0.0,0.0,0,False,"[{'fixture': 38, 'stats': [{'identifier': 'minutes', 'points': 0, 'value': 0, 'points_modification': 0}]}]",False,Mee,1,14,40,Mee,GK,0
436,4,2025-26,90,0,0,0,3,0,0,0,0,0,0,0,6,14.8,0.8,0.0,1.6,4,4,5,9,1,0.0,0.0,0.0,2.52,1,False,"[{'fixture': 38, 'stats': [{'identifier': 'minutes', 'points': 2, 'value': 90, 'points_modification': 0}, {'identifier': 'goals_conceded', 'points': -1, 'value': 3, 'points_modification': 0}]}]",False,De Ligt,2,14,50,De Ligt,DEF,1
437,4,2025-26,0,0,0,0,0,0,0,0,0,0,0,0,0,0.0,0.0,0.0,0.0,0,0,0,0,0,0.0,0.0,0.0,0.0,0,False,"[{'fixture': 38, 'stats': [{'identifier': 'minutes', 'points': 0, 'value': 0, 'points_modification': 0}]}]",False,Martinez,2,14,49,Martinez,DEF,0
438,4,2025-26,61,0,0,0,2,0,0,0,0,0,0,0,7,8.6,2.5,4.0,1.5,2,5,3,5,1,0.0,0.03,0.03,1.46,1,False,"[{'fixture': 38, 'stats': [{'identifier': 'minutes', 'points': 2, 'value': 61, 'points_modification': 0}, {'identifier': 'goals_conceded', 'points': -1, 'value': 2, 'points_modification': 0}]}]",False,Mazraoui,2,14,49,Mazraoui,DEF,1
439,4,2025-26,0,0,0,0,0,0,0,0,0,0,0,0,0,0.0,0.0,0.0,0.0,0,0,0,0,0,0.0,0.0,0.0,0.0,0,False,"[{'fixture': 38, 'stats': [{'identifier': 'minutes', 'points': 0, 'value': 0, 'points_modification': 0}]}]",False,D.Leon,2,14,43,D.Leon,DEF,0
440,4,2025-26,0,0,0,0,0,0,0,0,0,0,0,0,0,0.0,0.0,0.0,0.0,0,0,0,0,0,0.0,0.0,0.0,0.0,0,False,"[{'fixture': 38, 'stats': [{'identifier': 'minutes', 'points': 0, 'value': 0, 'points_modification': 0}]}]",False,Dalot,2,14,44,Dalot,DEF,0
441,4,2025-26,90,0,0,0,3,0,0,0,0,0,0,0,7,20.4,48.9,28.0,9.7,2,3,4,6,1,0.2,0.1,0.3,2.52,1,False,"[{'fixture': 38, 'stats': [{'identifier': 'minutes', 'points': 2, 'value': 90, 'points_modification': 0}, {'identifier': 'goals_conceded', 'points': -1, 'value': 3, 'points_modification': 0}]}]",False,Dorgu,2,14,45,Dorgu,DEF,1
442,4,2025-26,28,0,0,0,1,0,0,0,0,0,0,0,-4,0.0,0.3,0.0,0.0,1,1,0,1,0,0.0,0.0,0.0,1.06,1,False,"[{'fixture': 38, 'stats': [{'identifier': 'minutes', 'points': 1, 'value': 28, 'points_modification': 0}]}]",False,Maguire,2,14,44,Maguire,DEF,1
443,4,2025-26,90,0,0,0,3,0,0,0,0,0,0,0,1,8.6,3.7,0.0,1.2,1,5,1,2,1,0.0,0.05,0.05,2.52,1,False,"[{'fixture': 38, 'stats': [{'identifier': 'minutes', 'points': 2, 'value': 90, 'points_modification': 0}, {'identifier': 'goals_conceded', 'points': -1, 'value': 3, 'points_modification': 0}]}]",False,Shaw,2,14,45,Shaw,DEF,1
444,4,2025-26,61,0,0,0,2,0,0,0,0,0,0,0,-3,0.6,0.8,2.0,0.3,3,5,0,3,1,0.0,0.0,0.0,1.46,1,False,"[{'fixture': 38, 'stats': [{'identifier': 'minutes', 'points': 2, 'value': 61, 'points_modification': 0}, {'identifier': 'goals_conceded', 'points': -1, 'value': 2, 'points_modification': 0}]}]",False,Yoro,2,14,45,Yoro,DEF,1
445,4,2025-26,0,0,0,0,0,0,0,0,0,0,0,0,0,0.0,0.0,0.0,0.0,0,0,0,0,0,0.0,0.0,0.0,0.0,0,False,"[{'fixture': 38, 'stats': [{'identifier': 'minutes', 'points': 0, 'value': 0, 'points_modification': 0}]}]",False,Amass,2,14,40,Amass,DEF,0
446,4,2025-26,0,0,0,0,0,0,0,0,0,0,0,0,0,0.0,0.0,0.0,0.0,0,0,0,0,0,0.0,0.0,0.0,0.0,0,False,"[{'fixture': 38, 'stats': [{'identifier': 'minutes', 'points': 0, 'value': 0, 'points_modification': 0}]}]",False,Fredricson,2,14,39,Fredricson,DEF,0
447,4,2025-26,0,0,0,0,0,0,0,0,0,0,0,0,0,0.0,0.0,0.0,0.0,0,0,0,0,0,0.0,0.0,0.0,0.0,0,False,"[{'fixture': 38, 'stats': [{'identifier': 'minutes', 'points': 0, 'value': 0, 'points_modification': 0}]}]",False,Heaven,2,14,39,Heaven,DEF,0
448,4,2025-26,0,0,0,0,0,0,0,0,0,0,0,0,0,0.0,0.0,0.0,0.0,0,0,0,0,0,0.0,0.0,0.0,0.0,0,False,"[{'fixture': 38, 'stats': [{'identifier': 'minutes', 'points': 0, 'value': 0, 'points_modification': 0}]}]",False,Malacia,2,14,39,Malacia,DEF,0
449,4,2025-26,90,0,0,0,3,0,0,0,0,0,0,0,21,16.0,35.7,1.0,5.3,0,3,2,5,1,0.02,0.32,0.34,2.52,2,False,"[{'fixture': 38, 'stats': [{'identifier': 'minutes', 'points': 2, 'value': 90, 'points_modification': 0}]}]",False,B.Fernandes,3,14,90,B.Fernandes,MID,2
450,4,2025-26,0,0,0,0,0,0,0,0,0,0,0,0,0,0.0,0.0,0.0,0.0,0,0,0,0,0,0.0,0.0,0.0,0.0,0,False,"[{'fixture': 38, 'stats': [{'identifier': 'minutes', 'points': 0, 'value': 0, 'points_modification': 0}]}]",False,Cunha,3,14,80,Cunha,MID,0
451,4,2025-26,0,0,0,0,0,0,0,0,0,0,0,0,0,0.0,0.0,0.0,0.0,0,0,0,0,0,0.0,0.0,0.0,0.0,0,False,"[{'fixture': 38, 'stats': [{'identifier': 'minutes', 'points': 0, 'value': 0, 'points_modification': 0}]}]",False,Rashford,3,14,70,Rashford,MID,0
452,4,2025-26,90,0,0,0,3,0,0,0,0,0,0,0,17,10.4,27.0,9.0,4.6,1,3,2,6,1,0.07,0.57,0.64,2.52,2,False,"[{'fixture': 38, 'stats': [{'identifier': 'minutes', 'points': 2, 'value': 90, 'points_modification': 0}]}]",False,Amad,3,14,63,Amad,MID,2
453,4,2025-26,11,0,0,0,1,0,0,0,0,0,0,0,4,2.0,10.5,6.0,1.9,0,1,0,1,0,0.0,0.05,0.05,0.71,1,False,"[{'fixture': 33, 'stats': [{'identifier': 'minutes', 'points': 1, 'value': 11, 'points_modification': 0}]}]",False,Garnacho,3,7,64,Garnacho,MID,1
454,4,2025-26,0,0,0,0,0,0,0,0,0,0,0,0,0,0.0,0.0,0.0,0.0,0,0,0,0,0,0.0,0.0,0.0,0.0,0,False,"[{'fixture': 38, 'stats': [{'identifier': 'minutes', 'points': 0, 'value': 0, 'points_modification': 0}]}]",False,Antony,3,14,59,Antony,MID,0
455,4,2025-26,0,0,0,0,0,0,0,0,0,0,0,0,0,0.0,0.0,0.0,0.0,0,0,0,0,0,0.0,0.0,0.0,0.0,0,False,"[{'fixture': 38, 'stats': [{'identifier': 'minutes', 'points': 0, 'value': 0, 'points_modification': 0}]}]",False,Mount,3,14,59,Mount,MID,0
456,4,2025-26,0,0,0,0,0,0,0,0,0,0,0,0,0,0.0,0.0,0.0,0.0,0,0,0,0,0,0.0,0.0,0.0,0.0,0,False,"[{'fixture': 36, 'stats': [{'identifier': 'minutes', 'points': 0, 'value': 0, 'points_modification': 0}]}]",False,Sancho,3,2,59,Sancho,MID,0
457,4,2025-26,10,0,0,0,0,0,0,0,0,0,0,0,-1,0.2,1.4,9.0,1.1,0,2,0,2,0,0.49,0.02,0.51,0.18,1,False,"[{'fixture': 38, 'stats': [{'identifier': 'minutes', 'points': 1, 'value': 10, 'points_modification': 0}]}]",False,Casemiro,3,14,55,Casemiro,MID,1
458,4,2025-26,28,0,0,0,1,0,0,0,0,0,0,0,7,9.6,22.5,0.0,3.2,0,2,2,4,0,0.0,0.02,0.02,1.06,1,False,"[{'fixture': 38, 'stats': [{'identifier': 'minutes', 'points': 1, 'value': 28, 'points_modification': 0}]}]",False,Mainoo,3,14,48,Mainoo,MID,1
459,4,2025-26,79,0,0,0,3,0,0,0,0,0,0,0,15,7.2,8.8,1.0,1.7,3,6,3,12,1,0.02,0.01,0.03,2.34,4,False,"[{'fixture': 38, 'stats': [{'identifier': 'minutes', 'points': 2, 'value': 79, 'points_modification': 0}, {'identifier': 'defensive_contribution', 'points': 2, 'value': 12, 'points_modification': 0}]}]",False,Ugarte,3,14,49,Ugarte,MID,4
460,4,2025-26,0,0,0,0,0,0,0,0,0,0,0,0,0,0.0,0.0,0.0,0.0,0,0,0,0,0,0.0,0.0,0.0,0.0,0,False,"[{'fixture': 38, 'stats': [{'identifier': 'minutes', 'points': 0, 'value': 0, 'points_modification': 0}]}]",False,Collyer,3,14,45,Collyer,MID,0
461,4,2025-26,0,0,0,0,0,0,0,0,0,0,0,0,0,0.0,0.0,0.0,0.0,0,0,0,0,0,0.0,0.0,0.0,0.0,0,False,"[{'fixture': 38, 'stats': [{'identifier': 'minutes', 'points': 0, 'value': 0, 'points_modification': 0}]}]",False,Fitzgerald,3,14,44,Fitzgerald,MID,0
462,4,2025-26,0,0,0,0,0,0,0,0,0,0,0,0,0,0.0,0.0,0.0,0.0,0,0,0,0,0,0.0,0.0,0.0,0.0,0,False,"[{'fixture': 38, 'stats': [{'identifier': 'minutes', 'points': 0, 'value': 0, 'points_modification': 0}]}]",False,J.Fletcher,3,14,44,J.Fletcher,MID,0
463,4,2025-26,0,0,0,0,0,0,0,0,0,0,0,0,0,0.0,0.0,0.0,0.0,0,0,0,0,0,0.0,0.0,0.0,0.0,0,False,"[{'fixture': 38, 'stats': [{'identifier': 'minutes', 'points': 0, 'value': 0, 'points_modification': 0}]}]",False,Kone,3,14,44,Kone,MID,0
464,4,2025-26,0,0,0,0,0,0,0,0,0,0,0,0,0,0.0,0.0,0.0,0.0,0,0,0,0,0,0.0,0.0,0.0,0.0,0,False,"[{'fixture': 38, 'stats': [{'identifier': 'minutes', 'points': 0, 'value': 0, 'points_modification': 0}]}]",False,Moorhouse,3,14,45,Moorhouse,MID,0
465,4,2025-26,0,0,0,0,0,0,0,0,0,0,0,0,0,0.0,0.0,0.0,0.0,0,0,0,0,0,0.0,0.0,0.0,0.0,0,False,"[{'fixture': 38, 'stats': [{'identifier': 'minutes', 'points': 0, 'value': 0, 'points_modification': 0}]}]",False,Højlund,4,14,63,Højlund,FWD,0
466,4,2025-26,10,0,0,0,0,0,0,0,0,0,0,0,4,0.2,0.3,2.0,0.3,0,1,0,1,0,0.0,0.0,0.0,0.18,1,False,"[{'fixture': 38, 'stats': [{'identifier': 'minutes', 'points': 1, 'value': 10, 'points_modification': 0}]}]",False,Zirkzee,4,14,59,Zirkzee,FWD,1
467,4,2025-26,0,0,0,0,0,0,0,0,0,0,0,0,0,0.0,0.0,0.0,0.0,0,0,0,0,0,0.0,0.0,0.0,0.0,0,False,"[{'fixture': 38, 'stats': [{'identifier': 'minutes', 'points': 0, 'value': 0, 'points_modification': 0}]}]",False,Obi,4,14,44,Obi,FWD,0
468,4,2025-26,0,0,0,0,0,0,0,0,0,0,0,0,0,0.0,0.0,0.0,0.0,0,0,0,0,0,0.0,0.0,0.0,0.0,0,False,"[{'fixture': 38, 'stats': [{'identifier': 'minutes', 'points': 0, 'value': 0, 'points_modification': 0}]}]",False,Wheatley,4,14,45,Wheatley,FWD,0
469,4,2025-26,90,0,0,1,0,0,0,0,0,0,3,1,29,26.4,0.0,0.0,2.6,0,7,0,0,1,0.0,0.0,0.0,0.5,8,False,"[{'fixture': 39, 'stats': [{'identifier': 'minutes', 'points': 2, 'value': 90, 'points_modification': 0}, {'identifier': 'clean_sheets', 'points': 4, 'value': 1, 'points_modification': 0}, {'identifier': 'saves', 'points': 1, 'value': 3, 'points_modification': 0}, {'identifier': 'bonus', 'points': 1, 'value': 1, 'points_modification': 0}]}]",False,Pope,1,15,50,Pope,GK,8
470,4,2025-26,90,0,0,0,1,0,0,0,0,0,3,0,15,21.2,0.0,0.0,2.1,4,11,0,0,1,0.0,0.0,0.0,2.45,3,False,"[{'fixture': 34, 'stats': [{'identifier': 'minutes', 'points': 2, 'value': 90, 'points_modification': 0}, {'identifier': 'saves', 'points': 1, 'value': 3, 'points_modification': 0}]}]",False,Dúbravka,1,3,40,Dúbravka,GK,3
471,4,2025-26,0,0,0,0,0,0,0,0,0,0,0,0,0,0.0,0.0,0.0,0.0,0,0,0,0,0,0.0,0.0,0.0,0.0,0,False,"[{'fixture': 39, 'stats': [{'identifier': 'minutes', 'points': 0, 'value': 0, 'points_modification': 0}]}]",False,Gillespie,1,15,40,Gillespie,GK,0
472,4,2025-26,0,0,0,0,0,0,0,0,0,0,0,0,0,0.0,0.0,0.0,0.0,0,0,0,0,0,0.0,0.0,0.0,0.0,0,False,"[{'fixture': 39, 'stats': [{'identifier': 'minutes', 'points': 0, 'value': 0, 'points_modification': 0}]}]",False,Odysseas,1,15,40,Odysseas,GK,0
473,4,2025-26,0,0,0,0,0,0,0,0,0,0,0,0,0,0.0,0.0,0.0,0.0,0,0,0,0,0,0.0,0.0,0.0,0.0,0,False,"[{'fixture': 39, 'stats': [{'identifier': 'minutes', 'points': 0, 'value': 0, 'points_modification': 0}]}]",False,Hall,2,15,54,Hall,DEF,0
474,4,2025-26,90,0,0,1,0,0,0,0,0,0,0,0,28,28.6,11.3,2.0,4.2,11,2,0,11,1,0.0,0.03,0.03,0.5,8,False,"[{'fixture': 39, 'stats': [{'identifier': 'minutes', 'points': 2, 'value': 90, 'points_modification': 0}, {'identifier': 'clean_sheets', 'points': 4, 'value': 1, 'points_modification': 0}, {'identifier': 'defensive_contribution', 'points': 2, 'value': 11, 'points_modification': 0}]}]",False,Schär,2,15,55,Schär,DEF,8
475,4,2025-26,1,0,0,0,0,0,0,0,0,0,0,0,3,0.0,0.0,0.0,0.0,0,0,0,0,0,0.0,0.0,0.0,0.0,1,False,"[{'fixture': 39, 'stats': [{'identifier': 'minutes', 'points': 1, 'value': 1, 'points_modification': 0}]}]",False,Botman,2,15,49,Botman,DEF,1
476,4,2025-26,90,0,0,1,0,0,0,0,0,0,0,0,24,13.8,0.5,9.0,2.3,4,3,2,6,1,0.04,0.0,0.04,0.5,6,False,"[{'fixture': 39, 'stats': [{'identifier': 'minutes', 'points': 2, 'value': 90, 'points_modification': 0}, {'identifier': 'clean_sheets', 'points': 4, 'value': 1, 'points_modification': 0}]}]",False,Burn,2,15,50,Burn,DEF,6
477,4,2025-26,90,0,0,1,0,0,0,0,0,0,0,0,22,10.0,5.7,2.0,1.8,2,4,2,4,1,0.0,0.04,0.04,0.5,6,False,"[{'fixture': 39, 'stats': [{'identifier': 'minutes', 'points': 2, 'value': 90, 'points_modification': 0}, {'identifier': 'clean_sheets', 'points': 4, 'value': 1, 'points_modification': 0}]}]",False,Livramento,2,15,51,Livramento,DEF,6
478,4,2025-26,90,0,0,1,0,0,0,0,0,0,0,2,32,22.2,82.1,2.0,10.6,2,7,1,3,1,0.0,0.19,0.19,0.5,8,False,"[{'fixture': 39, 'stats': [{'identifier': 'minutes', 'points': 2, 'value': 90, 'points_modification': 0}, {'identifier': 'clean_sheets', 'points': 4, 'value': 1, 'points_modification': 0}, {'identifier': 'bonus', 'points': 2, 'value': 2, 'points_modification': 0}]}]",False,Trippier,2,15,50,Trippier,DEF,8
479,4,2025-26,0,0,0,0,0,0,0,0,0,0,0,0,0,0.0,0.0,0.0,0.0,0,0,0,0,0,0.0,0.0,0.0,0.0,0,False,"[{'fixture': 39, 'stats': [{'identifier': 'minutes', 'points': 0, 'value': 0, 'points_modification': 0}]}]",False,Krafth,2,15,44,Krafth,DEF,0
480,4,2025-26,0,0,0,0,0,0,0,0,0,0,0,0,0,0.0,0.0,0.0,0.0,0,0,0,0,0,0.0,0.0,0.0,0.0,0,False,"[{'fixture': 39, 'stats': [{'identifier': 'minutes', 'points': 0, 'value': 0, 'points_modification': 0}]}]",False,Lascelles,2,15,44,Lascelles,DEF,0
481,4,2025-26,0,0,0,0,0,0,0,0,0,0,0,0,0,0.0,0.0,0.0,0.0,0,0,0,0,0,0.0,0.0,0.0,0.0,0,False,"[{'fixture': 39, 'stats': [{'identifier': 'minutes', 'points': 0, 'value': 0, 'points_modification': 0}]}]",False,A.Murphy,2,15,39,A.Murphy,DEF,0
482,4,2025-26,0,0,0,0,0,0,0,0,0,0,0,0,0,0.0,0.0,0.0,0.0,0,0,0,0,0,0.0,0.0,0.0,0.0,0,False,"[{'fixture': 39, 'stats': [{'identifier': 'minutes', 'points': 0, 'value': 0, 'points_modification': 0}]}]",False,Ashby,2,15,39,Ashby,DEF,0
483,4,2025-26,0,0,0,0,0,0,0,0,0,0,0,0,0,0.0,0.0,0.0,0.0,0,0,0,0,0,0.0,0.0,0.0,0.0,0,False,"[{'fixture': 39, 'stats': [{'identifier': 'minutes', 'points': 0, 'value': 0, 'points_modification': 0}]}]",False,Pivas,2,15,39,Pivas,DEF,0
484,4,2025-26,0,0,0,0,0,0,0,0,0,0,0,0,0,0.0,0.0,0.0,0.0,0,0,0,0,0,0.0,0.0,0.0,0.0,0,False,"[{'fixture': 39, 'stats': [{'identifier': 'minutes', 'points': 0, 'value': 0, 'points_modification': 0}]}]",False,Targett,2,15,40,Targett,DEF,0
485,4,2025-26,0,0,0,0,0,0,0,0,0,0,0,0,0,0.0,0.0,0.0,0.0,0,0,0,0,0,0.0,0.0,0.0,0.0,0,False,"[{'fixture': 39, 'stats': [{'identifier': 'minutes', 'points': 0, 'value': 0, 'points_modification': 0}]}]",False,Gordon,3,15,74,Gordon,MID,0
486,4,2025-26,10,0,0,0,0,0,0,0,0,0,0,0,4,0.2,1.4,0.0,0.2,0,0,0,0,0,0.0,0.0,0.0,0.09,1,False,"[{'fixture': 39, 'stats': [{'identifier': 'minutes', 'points': 1, 'value': 10, 'points_modification': 0}]}]",False,Elanga,3,15,69,Elanga,MID,1
487,4,2025-26,79,0,0,1,0,0,0,0,0,0,0,0,4,0.0,4.1,14.0,1.8,1,2,1,4,1,0.11,0.09,0.2,0.41,3,False,"[{'fixture': 39, 'stats': [{'identifier': 'minutes', 'points': 2, 'value': 79, 'points_modification': 0}, {'identifier': 'clean_sheets', 'points': 1, 'value': 1, 'points_modification': 0}]}]",False,Barnes,3,15,65,Barnes,MID,3
488,4,2025-26,90,0,0,1,0,0,0,0,1,0,0,0,9,7.2,32.3,6.0,4.6,1,10,0,11,1,0.08,0.05,0.13,0.5,2,False,"[{'fixture': 39, 'stats': [{'identifier': 'minutes', 'points': 2, 'value': 90, 'points_modification': 0}, {'identifier': 'clean_sheets', 'points': 1, 'value': 1, 'points_modification': 0}, {'identifier': 'yellow_cards', 'points': -1, 'value': 1, 'points_modification': 0}]}]",False,Bruno G.,3,15,65,Bruno G.,MID,2
489,4,2025-26,90,0,1,1,0,0,0,0,0,0,0,0,16,24.2,17.2,41.0,8.2,2,0,0,2,1,0.82,0.28,1.1,0.5,6,False,"[{'fixture': 39, 'stats': [{'identifier': 'minutes', 'points': 2, 'value': 90, 'points_modification': 0}, {'identifier': 'assists', 'points': 3, 'value': 1, 'points_modification': 0}, {'identifier': 'clean_sheets', 'points': 1, 'value': 1, 'points_modification': 0}]}]",False,J.Murphy,3,15,63,J.Murphy,MID,6
490,4,2025-26,64,0,0,1,0,0,0,0,0,0,0,0,11,3.2,16.6,8.0,2.8,1,1,0,2,1,0.0,0.31,0.31,0.41,3,False,"[{'fixture': 39, 'stats': [{'identifier': 'minutes', 'points': 2, 'value': 64, 'points_modification': 0}, {'identifier': 'clean_sheets', 'points': 1, 'value': 1, 'points_modification': 0}]}]",False,Joelinton,3,15,59,Joelinton,MID,3
491,4,2025-26,90,0,0,1,0,0,0,0,0,0,0,0,18,14.2,5.0,35.0,5.4,2,2,1,5,1,0.14,0.02,0.16,0.5,3,False,"[{'fixture': 39, 'stats': [{'identifier': 'minutes', 'points': 2, 'value': 90, 'points_modification': 0}, {'identifier': 'clean_sheets', 'points': 1, 'value': 1, 'points_modification': 0}]}]",False,Tonali,3,15,54,Tonali,MID,3
492,4,2025-26,0,0,0,0,0,0,0,0,0,0,0,0,0,0.0,0.0,0.0,0.0,0,0,0,0,0,0.0,0.0,0.0,0.0,0,False,"[{'fixture': 39, 'stats': [{'identifier': 'minutes', 'points': 0, 'value': 0, 'points_modification': 0}]}]",False,Antoñito C.,3,15,49,Antoñito C.,MID,0
493,4,2025-26,90,0,0,0,1,0,0,0,0,0,0,0,10,5.8,2.2,5.0,1.3,1,4,2,7,1,0.04,0.02,0.06,0.85,2,False,"[{'fixture': 37, 'stats': [{'identifier': 'minutes', 'points': 2, 'value': 90, 'points_modification': 0}]}]",False,Longstaff,3,11,49,Longstaff,MID,2
494,4,2025-26,25,0,0,0,0,0,0,0,0,0,0,0,1,0.0,0.3,4.0,0.3,1,1,0,2,0,0.09,0.0,0.09,0.09,1,False,"[{'fixture': 39, 'stats': [{'identifier': 'minutes', 'points': 1, 'value': 25, 'points_modification': 0}]}]",False,Willock,3,15,50,Willock,MID,1
495,4,2025-26,0,0,0,0,0,0,0,0,0,0,0,0,0,0.0,0.0,0.0,0.0,0,0,0,0,0,0.0,0.0,0.0,0.0,0,False,"[{'fixture': 39, 'stats': [{'identifier': 'minutes', 'points': 0, 'value': 0, 'points_modification': 0}]}]",False,Hayden,3,15,45,Hayden,MID,0
496,4,2025-26,0,0,0,0,0,0,0,0,0,0,0,0,0,0.0,0.0,0.0,0.0,0,0,0,0,0,0.0,0.0,0.0,0.0,0,False,"[{'fixture': 39, 'stats': [{'identifier': 'minutes', 'points': 0, 'value': 0, 'points_modification': 0}]}]",False,Kuol,3,15,44,Kuol,MID,0
497,4,2025-26,0,0,0,0,0,0,0,0,0,0,0,0,0,0.0,0.0,0.0,0.0,0,0,0,0,0,0.0,0.0,0.0,0.0,0,False,"[{'fixture': 39, 'stats': [{'identifier': 'minutes', 'points': 0, 'value': 0, 'points_modification': 0}]}]",False,L.Miley,3,15,44,L.Miley,MID,0
498,4,2025-26,0,0,0,0,0,0,0,0,0,0,0,0,0,0.0,0.0,0.0,0.0,0,0,0,0,0,0.0,0.0,0.0,0.0,0,False,"[{'fixture': 39, 'stats': [{'identifier': 'minutes', 'points': 0, 'value': 0, 'points_modification': 0}]}]",False,White,3,15,45,White,MID,0
499,4,2025-26,0,0,0,0,0,0,0,0,0,0,0,0,0,0.0,0.0,0.0,0.0,0,0,0,0,0,0.0,0.0,0.0,0.0,0,False,"[{'fixture': 34, 'stats': [{'identifier': 'minutes', 'points': 0, 'value': 0, 'points_modification': 0}]}]",False,Isak,4,12,105,Isak,FWD,0
500,4,2025-26,25,0,0,0,0,0,0,0,0,0,0,0,3,6.0,10.0,0.0,1.6,1,1,0,2,0,0.0,0.0,0.0,0.09,1,False,"[{'fixture': 39, 'stats': [{'identifier': 'minutes', 'points': 1, 'value': 25, 'points_modification': 0}]}]",False,Osula,4,15,55,Osula,FWD,1
501,4,2025-26,0,0,0,0,0,0,0,0,0,0,0,0,0,0.0,0.0,0.0,0.0,0,0,0,0,0,0.0,0.0,0.0,0.0,0,False,"[{'fixture': 39, 'stats': [{'identifier': 'minutes', 'points': 0, 'value': 0, 'points_modification': 0}]}]",False,Neave,4,15,44,Neave,FWD,0
502,4,2025-26,90,0,0,0,3,0,0,0,0,0,2,0,2,20.6,0.0,0.0,2.1,2,4,0,0,1,0.0,0.0,0.0,1.84,1,False,"[{'fixture': 31, 'stats': [{'identifier': 'minutes', 'points': 2, 'value': 90, 'points_modification': 0}, {'identifier': 'goals_conceded', 'points': -1, 'value': 3, 'points_modification': 0}]}]",False,Sels,1,16,50,Sels,GK,1
503,4,2025-26,0,0,0,0,0,0,0,0,0,0,0,0,0,0.0,0.0,0.0,0.0,0,0,0,0,0,0.0,0.0,0.0,0.0,0,False,"[{'fixture': 31, 'stats': [{'identifier': 'minutes', 'points': 0, 'value': 0, 'points_modification': 0}]}]",False,C.Miguel,1,16,40,C.Miguel,GK,0
504,4,2025-26,0,0,0,0,0,0,0,0,0,0,0,0,0,0.0,0.0,0.0,0.0,0,0,0,0,0,0.0,0.0,0.0,0.0,0,False,"[{'fixture': 31, 'stats': [{'identifier': 'minutes', 'points': 0, 'value': 0, 'points_modification': 0}]}]",False,Turner,1,16,40,Turner,GK,0
505,4,2025-26,90,0,0,0,3,0,0,0,0,0,0,0,0,10.8,1.6,2.0,1.4,5,3,0,5,1,0.0,0.02,0.02,1.84,1,False,"[{'fixture': 31, 'stats': [{'identifier': 'minutes', 'points': 2, 'value': 90, 'points_modification': 0}, {'identifier': 'goals_conceded', 'points': -1, 'value': 3, 'points_modification': 0}]}]",False,Milenković,2,16,54,Milenković,DEF,1
506,4,2025-26,36,0,0,0,1,0,0,0,0,0,0,0,5,14.2,0.0,0.0,1.4,9,1,1,10,1,0.0,0.0,0.0,0.95,3,False,"[{'fixture': 31, 'stats': [{'identifier': 'minutes', 'points': 1, 'value': 36, 'points_modification': 0}, {'identifier': 'defensive_contribution', 'points': 2, 'value': 10, 'points_modification': 0}]}]",False,Murillo,2,16,54,Murillo,DEF,3
507,4,2025-26,0,0,0,0,0,0,0,0,0,0,0,0,0,0.0,0.0,0.0,0.0,0,0,0,0,0,0.0,0.0,0.0,0.0,0,False,"[{'fixture': 31, 'stats': [{'identifier': 'minutes', 'points': 0, 'value': 0, 'points_modification': 0}]}]",False,Aina,2,16,49,Aina,DEF,0
508,4,2025-26,90,0,0,0,3,0,0,0,1,0,0,0,-5,16.0,2.6,2.0,2.1,4,2,1,5,1,0.01,0.01,0.02,1.84,0,False,"[{'fixture': 31, 'stats': [{'identifier': 'minutes', 'points': 2, 'value': 90, 'points_modification': 0}, {'identifier': 'goals_conceded', 'points': -1, 'value': 3, 'points_modification': 0}, {'identifier': 'yellow_cards', 'points': -1, 'value': 1, 'points_modification': 0}]}]",False,N.Williams,2,16,49,N.Williams,DEF,0
509,4,2025-26,0,0,0,0,0,0,0,0,0,0,0,0,0,0.0,0.0,0.0,0.0,0,0,0,0,0,0.0,0.0,0.0,0.0,0,False,"[{'fixture': 31, 'stats': [{'identifier': 'minutes', 'points': 0, 'value': 0, 'points_modification': 0}]}]",False,David Carmo,2,16,45,David Carmo,DEF,0
510,4,2025-26,0,0,0,0,0,0,0,0,0,0,0,0,0,0.0,0.0,0.0,0.0,0,0,0,0,0,0.0,0.0,0.0,0.0,0,False,"[{'fixture': 31, 'stats': [{'identifier': 'minutes', 'points': 0, 'value': 0, 'points_modification': 0}]}]",False,Jair Cunha,2,16,44,Jair Cunha,DEF,0
511,4,2025-26,90,0,0,0,3,0,0,0,0,0,0,0,1,13.6,0.8,0.0,1.4,4,4,1,5,1,0.0,0.0,0.0,1.84,1,False,"[{'fixture': 31, 'stats': [{'identifier': 'minutes', 'points': 2, 'value': 90, 'points_modification': 0}, {'identifier': 'goals_conceded', 'points': -1, 'value': 3, 'points_modification': 0}]}]",False,Morato,2,16,44,Morato,DEF,1
512,4,2025-26,0,0,0,0,0,0,0,0,0,0,0,0,0,0.0,0.0,0.0,0.0,0,0,0,0,0,0.0,0.0,0.0,0.0,0,False,"[{'fixture': 31, 'stats': [{'identifier': 'minutes', 'points': 0, 'value': 0, 'points_modification': 0}]}]",False,O.Richards,2,16,45,O.Richards,DEF,0
513,4,2025-26,0,0,0,0,0,0,0,0,0,0,0,0,0,0.0,0.0,0.0,0.0,0,0,0,0,0,0.0,0.0,0.0,0.0,0,False,"[{'fixture': 31, 'stats': [{'identifier': 'minutes', 'points': 0, 'value': 0, 'points_modification': 0}]}]",False,Abbott,2,16,39,Abbott,DEF,0
514,4,2025-26,0,0,0,0,0,0,0,0,0,0,0,0,0,0.0,0.0,0.0,0.0,0,0,0,0,0,0.0,0.0,0.0,0.0,0,False,"[{'fixture': 31, 'stats': [{'identifier': 'minutes', 'points': 0, 'value': 0, 'points_modification': 0}]}]",False,Boly,2,16,39,Boly,DEF,0
515,4,2025-26,72,0,0,0,2,0,0,0,0,0,0,0,4,0.0,6.8,6.0,1.2,1,3,0,4,1,0.04,0.01,0.05,1.75,2,False,"[{'fixture': 31, 'stats': [{'identifier': 'minutes', 'points': 2, 'value': 72, 'points_modification': 0}]}]",False,Gibbs-White,3,16,75,Gibbs-White,MID,2
516,4,2025-26,59,0,0,0,2,0,0,0,0,0,0,0,1,0.4,4.1,2.0,0.7,0,2,0,2,1,0.0,0.01,0.01,1.75,1,False,"[{'fixture': 31, 'stats': [{'identifier': 'minutes', 'points': 1, 'value': 59, 'points_modification': 0}]}]",False,Hudson-Odoi,3,16,60,Hudson-Odoi,MID,1
517,4,2025-26,90,0,0,0,3,0,0,0,0,0,0,0,17,15.4,7.9,0.0,2.3,2,11,2,15,1,0.0,0.03,0.03,1.84,4,False,"[{'fixture': 31, 'stats': [{'identifier': 'minutes', 'points': 2, 'value': 90, 'points_modification': 0}, {'identifier': 'defensive_contribution', 'points': 2, 'value': 15, 'points_modification': 0}]}]",False,Anderson,3,16,55,Anderson,MID,4
518,4,2025-26,0,0,0,0,0,0,0,0,0,0,0,0,0,0.0,0.0,0.0,0.0,0,0,0,0,0,0.0,0.0,0.0,0.0,0,False,"[{'fixture': 31, 'stats': [{'identifier': 'minutes', 'points': 0, 'value': 0, 'points_modification': 0}]}]",False,Jota,3,16,54,Jota,MID,0
519,4,2025-26,0,0,0,0,0,0,0,0,0,0,0,0,0,0.0,0.0,0.0,0.0,0,0,0,0,0,0.0,0.0,0.0,0.0,0,False,"[{'fixture': 31, 'stats': [{'identifier': 'minutes', 'points': 0, 'value': 0, 'points_modification': 0}]}]",False,Dominguez,3,16,50,Dominguez,MID,0
520,4,2025-26,0,0,0,0,0,0,0,0,0,0,0,0,0,0.0,0.0,0.0,0.0,0,0,0,0,0,0.0,0.0,0.0,0.0,0,False,"[{'fixture': 31, 'stats': [{'identifier': 'minutes', 'points': 0, 'value': 0, 'points_modification': 0}]}]",False,O'Brien,3,16,50,O'Brien,MID,0
521,4,2025-26,72,0,0,0,2,0,0,0,0,0,0,0,16,7.8,4.5,0.0,1.2,2,2,3,7,1,0.0,0.01,0.01,1.75,2,False,"[{'fixture': 31, 'stats': [{'identifier': 'minutes', 'points': 2, 'value': 72, 'points_modification': 0}]}]",False,Sangaré,3,16,50,Sangaré,MID,2
522,4,2025-26,17,0,0,0,1,0,0,0,0,0,0,0,1,0.0,0.6,0.0,0.0,1,0,0,1,0,0.0,0.0,0.0,0.08,1,False,"[{'fixture': 31, 'stats': [{'identifier': 'minutes', 'points': 1, 'value': 17, 'points_modification': 0}]}]",False,Yates,3,16,48,Yates,MID,1
523,4,2025-26,0,0,0,0,0,0,0,0,0,0,0,0,0,0.0,0.0,0.0,0.0,0,0,0,0,0,0.0,0.0,0.0,0.0,0,False,"[{'fixture': 31, 'stats': [{'identifier': 'minutes', 'points': 0, 'value': 0, 'points_modification': 0}]}]",False,Da Silva Moreira,3,16,45,Da Silva Moreira,MID,0
524,4,2025-26,0,0,0,0,0,0,0,0,0,0,0,0,0,0.0,0.0,0.0,0.0,0,0,0,0,0,0.0,0.0,0.0,0.0,0,False,"[{'fixture': 31, 'stats': [{'identifier': 'minutes', 'points': 0, 'value': 0, 'points_modification': 0}]}]",False,Stamenic,3,16,45,Stamenic,MID,0
525,4,2025-26,59,0,0,0,2,0,0,0,0,0,0,0,4,4.4,11.6,17.0,3.3,1,0,0,1,1,0.03,0.04,0.07,1.75,1,False,"[{'fixture': 31, 'stats': [{'identifier': 'minutes', 'points': 1, 'value': 59, 'points_modification': 0}]}]",False,Wood,4,16,75,Wood,FWD,1
526,4,2025-26,0,0,0,0,0,0,0,0,0,0,0,0,0,0.0,0.0,0.0,0.0,0,0,0,0,0,0.0,0.0,0.0,0.0,0,False,"[{'fixture': 31, 'stats': [{'identifier': 'minutes', 'points': 0, 'value': 0, 'points_modification': 0}]}]",False,Igor Jesus,4,16,58,Igor Jesus,FWD,0
527,4,2025-26,0,0,0,0,0,0,0,0,0,0,0,0,0,0.0,0.0,0.0,0.0,0,0,0,0,0,0.0,0.0,0.0,0.0,0,False,"[{'fixture': 31, 'stats': [{'identifier': 'minutes', 'points': 0, 'value': 0, 'points_modification': 0}]}]",False,Awoniyi,4,16,53,Awoniyi,FWD,0
528,4,2025-26,0,0,0,0,0,0,0,0,0,0,0,0,0,0.0,0.0,0.0,0.0,0,0,0,0,0,0.0,0.0,0.0,0.0,0,False,"[{'fixture': 35, 'stats': [{'identifier': 'minutes', 'points': 0, 'value': 0, 'points_modification': 0}]}]",False,Patterson,1,17,44,Patterson,GK,0
529,4,2025-26,0,0,0,0,0,0,0,0,0,0,0,0,0,0.0,0.0,0.0,0.0,0,0,0,0,0,0.0,0.0,0.0,0.0,0,False,"[{'fixture': 35, 'stats': [{'identifier': 'minutes', 'points': 0, 'value': 0, 'points_modification': 0}]}]",False,Moore,1,17,40,Moore,GK,0
530,4,2025-26,0,0,0,0,0,0,0,0,0,0,0,0,0,0.0,0.0,0.0,0.0,0,0,0,0,0,0.0,0.0,0.0,0.0,0,False,"[{'fixture': 35, 'stats': [{'identifier': 'minutes', 'points': 0, 'value': 0, 'points_modification': 0}]}]",False,Nna Noukeu,1,17,40,Nna Noukeu,GK,0
531,4,2025-26,0,0,0,0,0,0,0,0,0,0,0,0,0,0.0,0.0,0.0,0.0,0,0,0,0,0,0.0,0.0,0.0,0.0,0,False,"[{'fixture': 35, 'stats': [{'identifier': 'minutes', 'points': 0, 'value': 0, 'points_modification': 0}]}]",False,Ballard,2,17,46,Ballard,DEF,0
532,4,2025-26,90,0,0,1,0,0,0,0,0,0,0,0,26,21.4,25.8,0.0,4.7,4,2,3,7,1,0.0,0.05,0.05,1.77,6,False,"[{'fixture': 35, 'stats': [{'identifier': 'minutes', 'points': 2, 'value': 90, 'points_modification': 0}, {'identifier': 'clean_sheets', 'points': 4, 'value': 1, 'points_modification': 0}]}]",False,Hume,2,17,45,Hume,DEF,6
533,4,2025-26,0,0,0,0,0,0,0,0,0,0,0,0,0,0.0,0.0,0.0,0.0,0,0,0,0,0,0.0,0.0,0.0,0.0,0,False,"[{'fixture': 35, 'stats': [{'identifier': 'minutes', 'points': 0, 'value': 0, 'points_modification': 0}]}]",False,Alese,2,17,40,Alese,DEF,0
534,4,2025-26,0,0,0,0,0,0,0,0,0,0,0,0,0,0.0,0.0,0.0,0.0,0,0,0,0,0,0.0,0.0,0.0,0.0,0,False,"[{'fixture': 35, 'stats': [{'identifier': 'minutes', 'points': 0, 'value': 0, 'points_modification': 0}]}]",False,Anderson,2,17,39,Anderson,DEF,0
535,4,2025-26,0,0,0,0,0,0,0,0,0,0,0,0,0,0.0,0.0,0.0,0.0,0,0,0,0,0,0.0,0.0,0.0,0.0,0,False,"[{'fixture': 35, 'stats': [{'identifier': 'minutes', 'points': 0, 'value': 0, 'points_modification': 0}]}]",False,Cirkin,2,17,40,Cirkin,DEF,0
536,4,2025-26,0,0,0,0,0,0,0,0,0,0,0,0,0,0.0,0.0,0.0,0.0,0,0,0,0,0,0.0,0.0,0.0,0.0,0,False,"[{'fixture': 35, 'stats': [{'identifier': 'minutes', 'points': 0, 'value': 0, 'points_modification': 0}]}]",False,Hjelde,2,17,40,Hjelde,DEF,0
537,4,2025-26,0,0,0,0,0,0,0,0,0,0,0,0,0,0.0,0.0,0.0,0.0,0,0,0,0,0,0.0,0.0,0.0,0.0,0,False,"[{'fixture': 35, 'stats': [{'identifier': 'minutes', 'points': 0, 'value': 0, 'points_modification': 0}]}]",False,Huggins,2,17,40,Huggins,DEF,0
538,4,2025-26,0,0,0,0,0,0,0,0,0,0,0,0,0,0.0,0.0,0.0,0.0,0,0,0,0,0,0.0,0.0,0.0,0.0,0,False,"[{'fixture': 35, 'stats': [{'identifier': 'minutes', 'points': 0, 'value': 0, 'points_modification': 0}]}]",False,Johnson,2,17,39,Johnson,DEF,0
539,4,2025-26,0,0,0,0,0,0,0,0,0,0,0,0,0,0.0,0.0,0.0,0.0,0,0,0,0,0,0.0,0.0,0.0,0.0,0,False,"[{'fixture': 35, 'stats': [{'identifier': 'minutes', 'points': 0, 'value': 0, 'points_modification': 0}]}]",False,O'Nien,2,17,40,O'Nien,DEF,0
540,4,2025-26,0,0,0,0,0,0,0,0,0,0,0,0,0,0.0,0.0,0.0,0.0,0,0,0,0,0,0.0,0.0,0.0,0.0,0,False,"[{'fixture': 35, 'stats': [{'identifier': 'minutes', 'points': 0, 'value': 0, 'points_modification': 0}]}]",False,Pembele,2,17,39,Pembele,DEF,0
541,4,2025-26,90,0,0,1,0,0,0,0,0,0,0,0,29,21.4,2.1,0.0,2.4,5,4,1,6,1,0.0,0.01,0.01,1.77,6,False,"[{'fixture': 35, 'stats': [{'identifier': 'minutes', 'points': 2, 'value': 90, 'points_modification': 0}, {'identifier': 'clean_sheets', 'points': 4, 'value': 1, 'points_modification': 0}]}]",False,Reinildo,2,17,40,Reinildo,DEF,6
542,4,2025-26,0,0,0,0,0,0,0,0,0,0,0,0,0,0.0,0.0,0.0,0.0,0,0,0,0,0,0.0,0.0,0.0,0.0,0,False,"[{'fixture': 35, 'stats': [{'identifier': 'minutes', 'points': 0, 'value': 0, 'points_modification': 0}]}]",False,Seelt,2,17,40,Seelt,DEF,0
543,4,2025-26,68,0,0,1,0,0,0,0,0,0,0,0,11,8.2,15.2,0.0,2.3,1,2,1,4,1,0.0,0.09,0.09,0.84,3,False,"[{'fixture': 35, 'stats': [{'identifier': 'minutes', 'points': 2, 'value': 68, 'points_modification': 0}, {'identifier': 'clean_sheets', 'points': 1, 'value': 1, 'points_modification': 0}]}]",False,Adingra,3,17,53,Adingra,MID,3
544,4,2025-26,90,0,0,1,0,0,0,0,0,0,0,0,1,0.0,6.1,7.0,1.1,2,2,0,4,1,0.02,0.01,0.03,1.77,3,False,"[{'fixture': 35, 'stats': [{'identifier': 'minutes', 'points': 2, 'value': 90, 'points_modification': 0}, {'identifier': 'clean_sheets', 'points': 1, 'value': 1, 'points_modification': 0}]}]",False,Diarra,3,17,55,Diarra,MID,3
545,4,2025-26,0,0,0,0,0,0,0,0,0,0,0,0,0,0.0,0.0,0.0,0.0,0,0,0,0,0,0.0,0.0,0.0,0.0,0,False,"[{'fixture': 35, 'stats': [{'identifier': 'minutes', 'points': 0, 'value': 0, 'points_modification': 0}]}]",False,Roberts,3,17,54,Roberts,MID,0
546,4,2025-26,0,0,0,0,0,0,0,0,0,0,0,0,0,0.0,0.0,0.0,0.0,0,0,0,0,0,0.0,0.0,0.0,0.0,0,False,"[{'fixture': 35, 'stats': [{'identifier': 'minutes', 'points': 0, 'value': 0, 'points_modification': 0}]}]",False,Aleksić,3,17,49,Aleksić,MID,0
547,4,2025-26,0,0,0,0,0,0,0,0,0,0,0,0,0,0.0,0.0,0.0,0.0,0,0,0,0,0,0.0,0.0,0.0,0.0,0,False,"[{'fixture': 35, 'stats': [{'identifier': 'minutes', 'points': 0, 'value': 0, 'points_modification': 0}]}]",False,E.Le Fée,3,17,49,E.Le Fée,MID,0
548,4,2025-26,0,0,0,0,0,0,0,0,0,0,0,0,0,0.0,0.0,0.0,0.0,0,0,0,0,0,0.0,0.0,0.0,0.0,0,False,"[{'fixture': 35, 'stats': [{'identifier': 'minutes', 'points': 0, 'value': 0, 'points_modification': 0}]}]",False,Mundle,3,17,49,Mundle,MID,0
549,4,2025-26,0,0,0,0,0,0,0,0,0,0,0,0,0,0.0,0.0,0.0,0.0,0,0,0,0,0,0.0,0.0,0.0,0.0,0,False,"[{'fixture': 35, 'stats': [{'identifier': 'minutes', 'points': 0, 'value': 0, 'points_modification': 0}]}]",False,Neil,3,17,49,Neil,MID,0
550,4,2025-26,0,0,0,0,0,0,0,0,0,0,0,0,0,0.0,0.0,0.0,0.0,0,0,0,0,0,0.0,0.0,0.0,0.0,0,False,"[{'fixture': 35, 'stats': [{'identifier': 'minutes', 'points': 0, 'value': 0, 'points_modification': 0}]}]",False,Poveda,3,17,49,Poveda,MID,0
551,4,2025-26,1,0,0,0,0,0,0,0,0,0,0,0,3,0.0,0.0,0.0,0.0,0,0,0,0,0,0.0,0.0,0.0,0.1,1,False,"[{'fixture': 35, 'stats': [{'identifier': 'minutes', 'points': 1, 'value': 1, 'points_modification': 0}]}]",False,Rigg,3,17,48,Rigg,MID,1
552,4,2025-26,83,0,0,1,0,0,0,0,0,0,0,0,11,8.4,6.7,4.0,1.9,3,3,1,7,1,0.02,0.01,0.03,1.39,3,False,"[{'fixture': 35, 'stats': [{'identifier': 'minutes', 'points': 2, 'value': 83, 'points_modification': 0}, {'identifier': 'clean_sheets', 'points': 1, 'value': 1, 'points_modification': 0}]}]",False,Sadiki,3,17,50,Sadiki,MID,3
553,4,2025-26,90,0,0,1,0,0,0,0,0,0,0,0,8,7.2,16.4,15.0,3.9,2,2,0,4,1,0.21,0.16,0.37,1.77,3,False,"[{'fixture': 35, 'stats': [{'identifier': 'minutes', 'points': 2, 'value': 90, 'points_modification': 0}, {'identifier': 'clean_sheets', 'points': 1, 'value': 1, 'points_modification': 0}]}]",False,Talbi,3,17,50,Talbi,MID,3
554,4,2025-26,0,0,0,0,0,0,0,0,0,0,0,0,0,0.0,0.0,0.0,0.0,0,0,0,0,0,0.0,0.0,0.0,0.0,0,False,"[{'fixture': 35, 'stats': [{'identifier': 'minutes', 'points': 0, 'value': 0, 'points_modification': 0}]}]",False,Ba,3,17,44,Ba,MID,0
555,4,2025-26,0,0,0,0,0,0,0,0,0,0,0,0,0,0.0,0.0,0.0,0.0,0,0,0,0,0,0.0,0.0,0.0,0.0,0,False,"[{'fixture': 35, 'stats': [{'identifier': 'minutes', 'points': 0, 'value': 0, 'points_modification': 0}]}]",False,Browne,3,17,45,Browne,MID,0
556,4,2025-26,0,0,0,0,0,0,0,0,0,0,0,0,0,0.0,0.0,0.0,0.0,0,0,0,0,0,0.0,0.0,0.0,0.0,0,False,"[{'fixture': 35, 'stats': [{'identifier': 'minutes', 'points': 0, 'value': 0, 'points_modification': 0}]}]",False,Ekwah,3,17,45,Ekwah,MID,0
557,4,2025-26,0,0,0,0,0,0,0,0,0,0,0,0,0,0.0,0.0,0.0,0.0,0,0,0,0,0,0.0,0.0,0.0,0.0,0,False,"[{'fixture': 35, 'stats': [{'identifier': 'minutes', 'points': 0, 'value': 0, 'points_modification': 0}]}]",False,H.Jones,3,17,44,H.Jones,MID,0
558,4,2025-26,0,0,0,0,0,0,0,0,0,0,0,0,0,0.0,0.0,0.0,0.0,0,0,0,0,0,0.0,0.0,0.0,0.0,0,False,"[{'fixture': 35, 'stats': [{'identifier': 'minutes', 'points': 0, 'value': 0, 'points_modification': 0}]}]",False,Matete,3,17,44,Matete,MID,0
559,4,2025-26,0,0,0,0,0,0,0,0,0,0,0,0,0,0.0,0.0,0.0,0.0,0,0,0,0,0,0.0,0.0,0.0,0.0,0,False,"[{'fixture': 35, 'stats': [{'identifier': 'minutes', 'points': 0, 'value': 0, 'points_modification': 0}]}]",False,Triantis,3,17,44,Triantis,MID,0
560,4,2025-26,90,0,0,1,0,0,0,0,0,0,0,0,1,0.6,0.6,17.0,1.8,1,1,1,3,1,0.11,0.0,0.11,1.67,2,False,"[{'fixture': 35, 'stats': [{'identifier': 'minutes', 'points': 2, 'value': 90, 'points_modification': 0}]}]",False,Isidor,4,17,55,Isidor,FWD,2
561,4,2025-26,0,0,0,0,0,0,0,0,0,0,0,0,0,0.0,0.0,0.0,0.0,0,0,0,0,0,0.0,0.0,0.0,0.0,0,False,"[{'fixture': 35, 'stats': [{'identifier': 'minutes', 'points': 0, 'value': 0, 'points_modification': 0}]}]",False,Mayenda,4,17,55,Mayenda,FWD,0
562,4,2025-26,0,0,0,0,0,0,0,0,0,0,0,0,0,0.0,0.0,0.0,0.0,0,0,0,0,0,0.0,0.0,0.0,0.0,0,False,"[{'fixture': 35, 'stats': [{'identifier': 'minutes', 'points': 0, 'value': 0, 'points_modification': 0}]}]",False,Abdullahi,4,17,44,Abdullahi,FWD,0
563,4,2025-26,0,0,0,0,0,0,0,0,0,0,0,0,0,0.0,0.0,0.0,0.0,0,0,0,0,0,0.0,0.0,0.0,0.0,0,False,"[{'fixture': 35, 'stats': [{'identifier': 'minutes', 'points': 0, 'value': 0, 'points_modification': 0}]}]",False,Luís Hemir,4,17,44,Luís Hemir,FWD,0
564,4,2025-26,0,0,0,0,0,0,0,0,0,0,0,0,0,0.0,0.0,0.0,0.0,0,0,0,0,0,0.0,0.0,0.0,0.0,0,False,"[{'fixture': 35, 'stats': [{'identifier': 'minutes', 'points': 0, 'value': 0, 'points_modification': 0}]}]",False,Rusyn,4,17,44,Rusyn,FWD,0
565,4,2025-26,90,0,0,1,0,0,0,0,0,0,4,1,39,38.6,0.0,0.0,3.9,2,9,0,0,1,0.0,0.0,0.0,0.6,8,False,"[{'fixture': 40, 'stats': [{'identifier': 'minutes', 'points': 2, 'value': 90, 'points_modification': 0}, {'identifier': 'clean_sheets', 'points': 4, 'value': 1, 'points_modification': 0}, {'identifier': 'saves', 'points': 1, 'value': 4, 'points_modification': 0}, {'identifier': 'bonus', 'points': 1, 'value': 1, 'points_modification': 0}]}]",False,Vicario,1,18,51,Vicario,GK,8
566,4,2025-26,0,0,0,0,0,0,0,0,0,0,0,0,0,0.0,0.0,0.0,0.0,0,0,0,0,0,0.0,0.0,0.0,0.0,0,False,"[{'fixture': 40, 'stats': [{'identifier': 'minutes', 'points': 0, 'value': 0, 'points_modification': 0}]}]",False,Austin,1,18,40,Austin,GK,0
567,4,2025-26,0,0,0,0,0,0,0,0,0,0,0,0,0,0.0,0.0,0.0,0.0,0,0,0,0,0,0.0,0.0,0.0,0.0,0,False,"[{'fixture': 40, 'stats': [{'identifier': 'minutes', 'points': 0, 'value': 0, 'points_modification': 0}]}]",False,Kinsky,1,18,39,Kinsky,GK,0
568,4,2025-26,90,0,0,1,0,0,0,0,0,0,0,0,32,18.6,31.9,6.0,5.7,2,5,3,5,1,0.0,0.37,0.37,0.6,6,False,"[{'fixture': 40, 'stats': [{'identifier': 'minutes', 'points': 2, 'value': 90, 'points_modification': 0}, {'identifier': 'clean_sheets', 'points': 4, 'value': 1, 'points_modification': 0}]}]",False,Pedro Porro,2,18,56,Pedro Porro,DEF,6
569,4,2025-26,90,0,1,1,0,0,0,0,0,0,0,3,44,34.2,21.8,35.0,9.1,2,4,1,3,1,0.07,0.14,0.21,0.6,12,True,"[{'fixture': 40, 'stats': [{'identifier': 'minutes', 'points': 2, 'value': 90, 'points_modification': 0}, {'identifier': 'assists', 'points': 3, 'value': 1, 'points_modification': 0}, {'identifier': 'clean_sheets', 'points': 4, 'value': 1, 'points_modification': 0}, {'identifier': 'bonus', 'points': 3, 'value': 3, 'points_modification': 0}]}]",False,Romero,2,18,51,Romero,DEF,12
570,4,2025-26,10,0,0,0,0,0,0,0,0,0,0,0,3,2.0,0.8,0.0,0.3,0,0,0,0,0,0.0,0.0,0.0,0.0,1,False,"[{'fixture': 40, 'stats': [{'identifier': 'minutes', 'points': 1, 'value': 10, 'points_modification': 0}]}]",False,Danso,2,18,43,Danso,DEF,1
571,4,2025-26,0,0,0,0,0,0,0,0,0,0,0,0,0,0.0,0.0,0.0,0.0,0,0,0,0,0,0.0,0.0,0.0,0.0,0,False,"[{'fixture': 40, 'stats': [{'identifier': 'minutes', 'points': 0, 'value': 0, 'points_modification': 0}]}]",False,Davies,2,18,44,Davies,DEF,0
572,4,2025-26,0,0,0,0,0,0,0,0,0,0,0,0,0,0.0,0.0,0.0,0.0,0,0,0,0,0,0.0,0.0,0.0,0.0,0,False,"[{'fixture': 40, 'stats': [{'identifier': 'minutes', 'points': 0, 'value': 0, 'points_modification': 0}]}]",False,Dragusin,2,18,45,Dragusin,DEF,0
573,4,2025-26,70,0,0,1,0,0,0,0,1,0,0,0,14,2.8,2.4,2.0,0.7,0,3,0,0,1,0.0,0.01,0.01,0.6,5,False,"[{'fixture': 40, 'stats': [{'identifier': 'minutes', 'points': 2, 'value': 70, 'points_modification': 0}, {'identifier': 'clean_sheets', 'points': 4, 'value': 1, 'points_modification': 0}, {'identifier': 'yellow_cards', 'points': -1, 'value': 1, 'points_modification': 0}]}]",False,Spence,2,18,45,Spence,DEF,5
574,4,2025-26,19,0,0,0,0,0,0,0,0,0,0,0,6,4.2,11.5,6.0,2.2,0,1,1,1,0,0.0,0.01,0.01,0.0,1,False,"[{'fixture': 40, 'stats': [{'identifier': 'minutes', 'points': 1, 'value': 19, 'points_modification': 0}]}]",False,Udogie,2,18,44,Udogie,DEF,1
575,4,2025-26,79,1,0,1,0,0,0,0,0,0,0,2,43,46.0,10.9,23.0,8.0,4,2,1,5,1,0.09,0.0,0.09,0.6,14,True,"[{'fixture': 40, 'stats': [{'identifier': 'minutes', 'points': 2, 'value': 79, 'points_modification': 0}, {'identifier': 'goals_scored', 'points': 6, 'value': 1, 'points_modification': 0}, {'identifier': 'clean_sheets', 'points': 4, 'value': 1, 'points_modification': 0}, {'identifier': 'bonus', 'points': 2, 'value': 2, 'points_modification': 0}]}]",False,Van de Ven,2,18,47,Van de Ven,DEF,14
576,4,2025-26,0,0,0,0,0,0,0,0,0,0,0,0,0,0.0,0.0,0.0,0.0,0,0,0,0,0,0.0,0.0,0.0,0.0,0,False,"[{'fixture': 40, 'stats': [{'identifier': 'minutes', 'points': 0, 'value': 0, 'points_modification': 0}]}]",False,Phillips,2,18,40,Phillips,DEF,0
577,4,2025-26,0,0,0,0,0,0,0,0,0,0,0,0,0,0.0,0.0,0.0,0.0,0,0,0,0,0,0.0,0.0,0.0,0.0,0,False,"[{'fixture': 40, 'stats': [{'identifier': 'minutes', 'points': 0, 'value': 0, 'points_modification': 0}]}]",False,Takai,2,18,40,Takai,DEF,0
578,4,2025-26,0,0,0,0,0,0,0,0,0,0,0,0,0,0.0,0.0,0.0,0.0,0,0,0,0,0,0.0,0.0,0.0,0.0,0,False,"[{'fixture': 40, 'stats': [{'identifier': 'minutes', 'points': 0, 'value': 0, 'points_modification': 0}]}]",False,Vuskovic,2,18,39,Vuskovic,DEF,0
579,4,2025-26,0,0,0,0,0,0,0,0,0,0,0,0,0,0.0,0.0,0.0,0.0,0,0,0,0,0,0.0,0.0,0.0,0.0,0,False,"[{'fixture': 40, 'stats': [{'identifier': 'minutes', 'points': 0, 'value': 0, 'points_modification': 0}]}]",False,Son,3,18,85,Son,MID,0
580,4,2025-26,10,0,0,0,0,0,0,0,0,0,0,0,3,1.0,0.6,4.0,0.6,1,1,0,2,0,0.0,0.05,0.05,0.0,1,False,"[{'fixture': 40, 'stats': [{'identifier': 'minutes', 'points': 1, 'value': 10, 'points_modification': 0}]}]",False,Johnson,3,18,70,Johnson,MID,1
581,4,2025-26,0,0,0,0,0,0,0,0,0,0,0,0,0,0.0,0.0,0.0,0.0,0,0,0,0,0,0.0,0.0,0.0,0.0,0,False,"[{'fixture': 40, 'stats': [{'identifier': 'minutes', 'points': 0, 'value': 0, 'points_modification': 0}]}]",False,Maddison,3,18,69,Maddison,MID,0
582,4,2025-26,90,0,0,1,0,0,0,0,0,0,0,0,4,10.2,31.8,36.0,7.8,0,3,0,3,1,0.47,0.11,0.58,0.6,3,False,"[{'fixture': 40, 'stats': [{'identifier': 'minutes', 'points': 2, 'value': 90, 'points_modification': 0}, {'identifier': 'clean_sheets', 'points': 1, 'value': 1, 'points_modification': 0}]}]",False,Kudus,3,18,67,Kudus,MID,3
583,4,2025-26,0,0,0,0,0,0,0,0,0,0,0,0,0,0.0,0.0,0.0,0.0,0,0,0,0,0,0.0,0.0,0.0,0.0,0,False,"[{'fixture': 40, 'stats': [{'identifier': 'minutes', 'points': 0, 'value': 0, 'points_modification': 0}]}]",False,Kulusevski,3,18,64,Kulusevski,MID,0
584,4,2025-26,78,0,0,1,0,0,0,0,0,0,0,0,7,0.8,3.0,8.0,1.2,0,1,0,1,1,0.02,0.0,0.02,0.6,3,False,"[{'fixture': 40, 'stats': [{'identifier': 'minutes', 'points': 2, 'value': 78, 'points_modification': 0}, {'identifier': 'clean_sheets', 'points': 1, 'value': 1, 'points_modification': 0}]}]",False,Tel,3,18,63,Tel,MID,3
585,4,2025-26,0,0,0,0,0,0,0,0,0,0,0,0,0,0.0,0.0,0.0,0.0,0,0,0,0,0,0.0,0.0,0.0,0.0,0,False,"[{'fixture': 40, 'stats': [{'identifier': 'minutes', 'points': 0, 'value': 0, 'points_modification': 0}]}]",False,Bentancur,3,18,54,Bentancur,MID,0
586,4,2025-26,79,1,1,1,0,0,0,0,0,0,0,0,38,55.2,13.8,23.0,9.2,0,3,2,5,1,0.12,0.06,0.18,0.6,11,True,"[{'fixture': 40, 'stats': [{'identifier': 'minutes', 'points': 2, 'value': 79, 'points_modification': 0}, {'identifier': 'goals_scored', 'points': 5, 'value': 1, 'points_modification': 0}, {'identifier': 'assists', 'points': 3, 'value': 1, 'points_modification': 0}, {'identifier': 'clean_sheets', 'points': 1, 'value': 1, 'points_modification': 0}]}]",False,Bergvall,3,18,54,Bergvall,MID,11
587,4,2025-26,0,0,0,0,0,0,0,0,0,0,0,0,0,0.0,0.0,0.0,0.0,0,0,0,0,0,0.0,0.0,0.0,0.0,0,False,"[{'fixture': 40, 'stats': [{'identifier': 'minutes', 'points': 0, 'value': 0, 'points_modification': 0}]}]",False,Bissouma,3,18,52,Bissouma,MID,0
588,4,2025-26,11,0,0,0,0,0,0,0,0,0,0,0,5,2.4,2.6,0.0,0.5,0,0,1,1,0,0.0,0.01,0.01,0.0,1,False,"[{'fixture': 40, 'stats': [{'identifier': 'minutes', 'points': 1, 'value': 11, 'points_modification': 0}]}]",False,Odobert,3,18,53,Odobert,MID,1
589,4,2025-26,0,0,0,0,0,0,0,0,0,0,0,0,0,0.0,0.0,0.0,0.0,0,0,0,0,0,0.0,0.0,0.0,0.0,0,False,"[{'fixture': 40, 'stats': [{'identifier': 'minutes', 'points': 0, 'value': 0, 'points_modification': 0}]}]",False,Solomon,3,18,54,Solomon,MID,0
590,4,2025-26,0,0,0,0,0,0,0,0,0,0,0,0,0,0.0,0.0,0.0,0.0,0,0,0,0,0,0.0,0.0,0.0,0.0,0,False,"[{'fixture': 40, 'stats': [{'identifier': 'minutes', 'points': 0, 'value': 0, 'points_modification': 0}]}]",False,Bryan,3,18,49,Bryan,MID,0
591,4,2025-26,0,0,0,0,0,0,0,0,0,0,0,0,0,0.0,0.0,0.0,0.0,0,0,0,0,0,0.0,0.0,0.0,0.0,0,False,"[{'fixture': 40, 'stats': [{'identifier': 'minutes', 'points': 0, 'value': 0, 'points_modification': 0}]}]",False,Gray,3,18,49,Gray,MID,0
592,4,2025-26,0,0,0,0,0,0,0,0,0,0,0,0,0,0.0,0.0,0.0,0.0,0,0,0,0,0,0.0,0.0,0.0,0.0,0,False,"[{'fixture': 40, 'stats': [{'identifier': 'minutes', 'points': 0, 'value': 0, 'points_modification': 0}]}]",False,Moore,3,18,50,Moore,MID,0
593,4,2025-26,90,1,0,1,0,0,0,0,0,0,0,0,33,37.6,4.3,45.0,8.7,2,5,0,7,1,0.28,0.03,0.31,0.6,8,False,"[{'fixture': 40, 'stats': [{'identifier': 'minutes', 'points': 2, 'value': 90, 'points_modification': 0}, {'identifier': 'goals_scored', 'points': 5, 'value': 1, 'points_modification': 0}, {'identifier': 'clean_sheets', 'points': 1, 'value': 1, 'points_modification': 0}]}]",False,P.M.Sarr,3,18,50,P.M.Sarr,MID,8
594,4,2025-26,0,0,0,0,0,0,0,0,0,0,0,0,0,0.0,0.0,0.0,0.0,0,0,0,0,0,0.0,0.0,0.0,0.0,0,False,"[{'fixture': 40, 'stats': [{'identifier': 'minutes', 'points': 0, 'value': 0, 'points_modification': 0}]}]",False,Min-hyeok,3,18,45,Min-hyeok,MID,0
595,4,2025-26,0,0,0,0,0,0,0,0,0,0,0,0,0,0.0,0.0,0.0,0.0,0,0,0,0,0,0.0,0.0,0.0,0.0,0,False,"[{'fixture': 40, 'stats': [{'identifier': 'minutes', 'points': 0, 'value': 0, 'points_modification': 0}]}]",False,Olusesi,3,18,44,Olusesi,MID,0
596,4,2025-26,0,0,0,0,0,0,0,0,0,0,0,0,0,0.0,0.0,0.0,0.0,0,0,0,0,0,0.0,0.0,0.0,0.0,0,False,"[{'fixture': 40, 'stats': [{'identifier': 'minutes', 'points': 0, 'value': 0, 'points_modification': 0}]}]",False,Solanke,4,18,72,Solanke,FWD,0
597,4,2025-26,19,0,0,0,0,0,0,0,0,0,0,0,4,2.0,10.3,2.0,1.4,0,0,0,0,0,0.0,0.0,0.0,0.0,1,False,"[{'fixture': 40, 'stats': [{'identifier': 'minutes', 'points': 1, 'value': 19, 'points_modification': 0}]}]",False,Richarlison,4,18,68,Richarlison,FWD,1
598,4,2025-26,0,0,0,0,0,0,0,0,0,0,0,0,0,0.0,0.0,0.0,0.0,0,0,0,0,0,0.0,0.0,0.0,0.0,0,False,"[{'fixture': 40, 'stats': [{'identifier': 'minutes', 'points': 0, 'value': 0, 'points_modification': 0}]}]",False,Lankshear,4,18,45,Lankshear,FWD,0
599,4,2025-26,0,0,0,0,0,0,0,0,0,0,0,0,0,0.0,0.0,0.0,0.0,0,0,0,0,0,0.0,0.0,0.0,0.0,0,False,"[{'fixture': 40, 'stats': [{'identifier': 'minutes', 'points': 0, 'value': 0, 'points_modification': 0}]}]",False,Scarlett,4,18,44,Scarlett,FWD,0
600,4,2025-26,0,0,0,0,0,0,0,0,0,0,0,0,0,0.0,0.0,0.0,0.0,0,0,0,0,0,0.0,0.0,0.0,0.0,0,False,"[{'fixture': 40, 'stats': [{'identifier': 'minutes', 'points': 0, 'value': 0, 'points_modification': 0}]}]",False,Areola,1,19,43,Areola,GK,0
601,4,2025-26,0,0,0,0,0,0,0,0,0,0,0,0,0,0.0,0.0,0.0,0.0,0,0,0,0,0,0.0,0.0,0.0,0.0,0,False,"[{'fixture': 40, 'stats': [{'identifier': 'minutes', 'points': 0, 'value': 0, 'points_modification': 0}]}]",False,Foderingham,1,19,40,Foderingham,GK,0
602,4,2025-26,0,0,0,0,0,0,0,0,0,0,0,0,0,0.0,0.0,0.0,0.0,0,0,0,0,0,0.0,0.0,0.0,0.0,0,False,"[{'fixture': 40, 'stats': [{'identifier': 'minutes', 'points': 0, 'value': 0, 'points_modification': 0}]}]",False,Hegyi,1,19,40,Hegyi,GK,0
603,4,2025-26,90,0,0,0,3,0,0,0,0,0,0,0,0,20.6,5.4,17.0,4.3,5,4,3,8,1,0.01,0.04,0.05,1.29,1,False,"[{'fixture': 40, 'stats': [{'identifier': 'minutes', 'points': 2, 'value': 90, 'points_modification': 0}, {'identifier': 'goals_conceded', 'points': -1, 'value': 3, 'points_modification': 0}]}]",False,Diouf,2,19,44,Diouf,DEF,1
604,4,2025-26,0,0,0,0,0,0,0,0,0,0,0,0,0,0.0,0.0,0.0,0.0,0,0,0,0,0,0.0,0.0,0.0,0.0,0,False,"[{'fixture': 40, 'stats': [{'identifier': 'minutes', 'points': 0, 'value': 0, 'points_modification': 0}]}]",False,Emerson,2,19,44,Emerson,DEF,0
605,4,2025-26,90,0,0,0,3,0,0,0,0,0,0,0,-3,21.0,0.3,7.0,2.8,9,5,0,9,1,0.2,0.0,0.2,1.29,1,False,"[{'fixture': 40, 'stats': [{'identifier': 'minutes', 'points': 2, 'value': 90, 'points_modification': 0}, {'identifier': 'goals_conceded', 'points': -1, 'value': 3, 'points_modification': 0}]}]",False,Kilman,2,19,44,Kilman,DEF,1
606,4,2025-26,90,0,0,0,3,0,0,0,0,0,0,0,2,26.8,0.6,0.0,2.7,11,3,0,11,1,0.0,0.01,0.01,1.29,3,False,"[{'fixture': 40, 'stats': [{'identifier': 'minutes', 'points': 2, 'value': 90, 'points_modification': 0}, {'identifier': 'goals_conceded', 'points': -1, 'value': 3, 'points_modification': 0}, {'identifier': 'defensive_contribution', 'points': 2, 'value': 11, 'points_modification': 0}]}]",False,Mavropanos,2,19,44,Mavropanos,DEF,3
607,4,2025-26,0,0,0,0,0,0,0,0,0,0,0,0,0,0.0,0.0,0.0,0.0,0,0,0,0,0,0.0,0.0,0.0,0.0,0,False,"[{'fixture': 40, 'stats': [{'identifier': 'minutes', 'points': 0, 'value': 0, 'points_modification': 0}]}]",False,N.Aguerd,2,19,44,N.Aguerd,DEF,0
608,4,2025-26,0,0,0,0,0,0,0,0,0,0,0,0,0,0.0,0.0,0.0,0.0,0,0,0,0,0,0.0,0.0,0.0,0.0,0,False,"[{'fixture': 40, 'stats': [{'identifier': 'minutes', 'points': 0, 'value': 0, 'points_modification': 0}]}]",False,Scarles,2,19,44,Scarles,DEF,0
609,4,2025-26,0,0,0,0,0,0,0,0,0,0,0,0,0,0.0,0.0,0.0,0.0,0,0,0,0,0,0.0,0.0,0.0,0.0,0,False,"[{'fixture': 40, 'stats': [{'identifier': 'minutes', 'points': 0, 'value': 0, 'points_modification': 0}]}]",False,Todibo,2,19,44,Todibo,DEF,0
610,4,2025-26,0,0,0,0,0,0,0,0,0,0,0,0,0,0.0,0.0,0.0,0.0,0,0,0,0,0,0.0,0.0,0.0,0.0,0,False,"[{'fixture': 40, 'stats': [{'identifier': 'minutes', 'points': 0, 'value': 0, 'points_modification': 0}]}]",False,Wan-Bissaka,2,19,43,Wan-Bissaka,DEF,0
611,4,2025-26,0,0,0,0,0,0,0,0,0,0,0,0,0,0.0,0.0,0.0,0.0,0,0,0,0,0,0.0,0.0,0.0,0.0,0,False,"[{'fixture': 40, 'stats': [{'identifier': 'minutes', 'points': 0, 'value': 0, 'points_modification': 0}]}]",False,Casey,2,19,40,Casey,DEF,0
612,4,2025-26,67,0,0,0,3,0,0,0,0,0,0,0,4,0.0,14.7,4.0,1.9,1,1,0,2,1,0.25,0.01,0.26,0.78,2,False,"[{'fixture': 40, 'stats': [{'identifier': 'minutes', 'points': 2, 'value': 67, 'points_modification': 0}]}]",False,L.Paquetá,3,19,59,L.Paquetá,MID,2
613,4,2025-26,53,0,0,0,3,0,0,0,0,1,0,0,-2,14.6,0.9,17.0,3.3,9,1,1,11,1,0.01,0.0,0.01,0.42,-2,False,"[{'fixture': 40, 'stats': [{'identifier': 'minutes', 'points': 1, 'value': 53, 'points_modification': 0}, {'identifier': 'red_cards', 'points': -3, 'value': 1, 'points_modification': 0}]}]",False,Souček,3,19,57,Souček,MID,-2
614,4,2025-26,90,0,0,0,3,0,0,0,0,0,0,0,20,13.6,30.7,0.0,4.4,2,1,0,3,1,0.0,0.24,0.24,0.92,2,False,"[{'fixture': 40, 'stats': [{'identifier': 'minutes', 'points': 2, 'value': 90, 'points_modification': 0}]}]",False,Ward-Prowse,3,19,58,Ward-Prowse,MID,2
615,4,2025-26,60,0,0,0,2,0,0,0,0,0,0,0,11,9.8,2.1,0.0,1.2,2,1,2,5,1,0.0,0.01,0.01,0.63,2,False,"[{'fixture': 40, 'stats': [{'identifier': 'minutes', 'points': 2, 'value': 60, 'points_modification': 0}]}]",False,Summerville,3,19,55,Summerville,MID,2
616,4,2025-26,0,0,0,0,0,0,0,0,0,0,0,0,0,0.0,0.0,0.0,0.0,0,0,0,0,0,0.0,0.0,0.0,0.0,0,False,"[{'fixture': 40, 'stats': [{'identifier': 'minutes', 'points': 0, 'value': 0, 'points_modification': 0}]}]",False,Álvarez,3,19,49,Álvarez,MID,0
617,4,2025-26,0,0,0,0,0,0,0,0,0,0,0,0,0,0.0,0.0,0.0,0.0,0,0,0,0,0,0.0,0.0,0.0,0.0,0,False,"[{'fixture': 40, 'stats': [{'identifier': 'minutes', 'points': 0, 'value': 0, 'points_modification': 0}]}]",False,Cornet,3,19,49,Cornet,MID,0
618,4,2025-26,0,0,0,0,0,0,0,0,0,0,0,0,0,0.0,0.0,0.0,0.0,0,0,0,0,0,0.0,0.0,0.0,0.0,0,False,"[{'fixture': 40, 'stats': [{'identifier': 'minutes', 'points': 0, 'value': 0, 'points_modification': 0}]}]",False,G.Rodriguez,3,19,49,G.Rodriguez,MID,0
619,4,2025-26,29,0,0,0,1,0,0,0,0,0,0,0,2,1.4,0.0,0.0,0.1,1,2,0,3,0,0.0,0.0,0.0,0.65,1,False,"[{'fixture': 40, 'stats': [{'identifier': 'minutes', 'points': 1, 'value': 29, 'points_modification': 0}]}]",False,L.Guilherme,3,19,49,L.Guilherme,MID,1
620,4,2025-26,0,0,0,0,0,0,0,0,0,0,0,0,0,0.0,0.0,0.0,0.0,0,0,0,0,0,0.0,0.0,0.0,0.0,0,False,"[{'fixture': 40, 'stats': [{'identifier': 'minutes', 'points': 0, 'value': 0, 'points_modification': 0}]}]",False,Earthy,3,19,45,Earthy,MID,0
621,4,2025-26,1,0,0,0,0,0,0,0,0,0,0,0,3,5.0,0.0,0.0,0.5,1,0,0,1,0,0.0,0.0,0.0,0.37,1,False,"[{'fixture': 40, 'stats': [{'identifier': 'minutes', 'points': 1, 'value': 1, 'points_modification': 0}]}]",False,Irving,3,19,44,Irving,MID,1
622,4,2025-26,0,0,0,0,0,0,0,0,0,0,0,0,0,0.0,0.0,0.0,0.0,0,0,0,0,0,0.0,0.0,0.0,0.0,0,False,"[{'fixture': 40, 'stats': [{'identifier': 'minutes', 'points': 0, 'value': 0, 'points_modification': 0}]}]",False,Orford,3,19,44,Orford,MID,0
623,4,2025-26,0,0,0,0,0,0,0,0,0,0,0,0,0,0.0,0.0,0.0,0.0,0,0,0,0,0,0.0,0.0,0.0,0.0,0,False,"[{'fixture': 40, 'stats': [{'identifier': 'minutes', 'points': 0, 'value': 0, 'points_modification': 0}]}]",False,Potts,3,19,44,Potts,MID,0
624,4,2025-26,90,0,0,0,3,0,0,0,0,0,0,0,12,12.4,4.4,39.0,5.6,4,4,1,9,1,0.12,0.02,0.14,1.29,2,False,"[{'fixture': 40, 'stats': [{'identifier': 'minutes', 'points': 2, 'value': 90, 'points_modification': 0}]}]",False,Bowen,4,19,77,Bowen,FWD,2
625,4,2025-26,0,0,0,0,0,0,0,0,0,0,0,0,0,0.0,0.0,0.0,0.0,0,0,0,0,0,0.0,0.0,0.0,0.0,0,False,"[{'fixture': 40, 'stats': [{'identifier': 'minutes', 'points': 0, 'value': 0, 'points_modification': 0}]}]",False,Füllkrug,4,19,57,Füllkrug,FWD,0
626,4,2025-26,0,0,0,0,0,0,0,0,0,0,0,0,0,0.0,0.0,0.0,0.0,0,0,0,0,0,0.0,0.0,0.0,0.0,0,False,"[{'fixture': 40, 'stats': [{'identifier': 'minutes', 'points': 0, 'value': 0, 'points_modification': 0}]}]",False,Marshall,4,19,44,Marshall,FWD,0
627,4,2025-26,90,0,0,0,1,0,0,0,0,0,3,0,17,31.2,0.0,0.0,3.1,5,13,0,0,1,0.0,0.0,0.0,1.55,3,False,"[{'fixture': 39, 'stats': [{'identifier': 'minutes', 'points': 2, 'value': 90, 'points_modification': 0}, {'identifier': 'saves', 'points': 1, 'value': 3, 'points_modification': 0}]}]",False,Johnstone,1,20,45,Johnstone,GK,3
628,4,2025-26,0,0,0,0,0,0,0,0,0,0,0,0,0,0.0,0.0,0.0,0.0,0,0,0,0,0,0.0,0.0,0.0,0.0,0,False,"[{'fixture': 39, 'stats': [{'identifier': 'minutes', 'points': 0, 'value': 0, 'points_modification': 0}]}]",False,José Sá,1,20,45,José Sá,GK,0
629,4,2025-26,0,0,0,0,0,0,0,0,0,0,0,0,0,0.0,0.0,0.0,0.0,0,0,0,0,0,0.0,0.0,0.0,0.0,0,False,"[{'fixture': 39, 'stats': [{'identifier': 'minutes', 'points': 0, 'value': 0, 'points_modification': 0}]}]",False,Bentley,1,20,40,Bentley,GK,0
630,4,2025-26,0,0,0,0,0,0,0,0,0,0,0,0,0,0.0,0.0,0.0,0.0,0,0,0,0,0,0.0,0.0,0.0,0.0,0,False,"[{'fixture': 36, 'stats': [{'identifier': 'minutes', 'points': 0, 'value': 0, 'points_modification': 0}]}]",False,King,1,9,40,King,GK,0
631,4,2025-26,90,0,0,0,1,0,0,0,0,0,0,0,10,37.0,4.6,0.0,4.2,12,3,2,14,1,0.0,0.1,0.1,1.55,4,False,"[{'fixture': 39, 'stats': [{'identifier': 'minutes', 'points': 2, 'value': 90, 'points_modification': 0}, {'identifier': 'defensive_contribution', 'points': 2, 'value': 14, 'points_modification': 0}]}]",False,Agbadou,2,20,45,Agbadou,DEF,4
632,4,2025-26,0,0,0,0,0,0,0,0,0,0,0,0,0,0.0,0.0,0.0,0.0,0,0,0,0,0,0.0,0.0,0.0,0.0,0,False,"[{'fixture': 39, 'stats': [{'identifier': 'minutes', 'points': 0, 'value': 0, 'points_modification': 0}]}]",False,Doherty,2,20,44,Doherty,DEF,0
633,4,2025-26,90,0,0,0,1,0,0,0,0,0,0,0,11,29.6,29.8,8.0,6.7,5,4,6,11,1,0.0,0.11,0.11,1.55,4,False,"[{'fixture': 39, 'stats': [{'identifier': 'minutes', 'points': 2, 'value': 90, 'points_modification': 0}, {'identifier': 'defensive_contribution', 'points': 2, 'value': 11, 'points_modification': 0}]}]",False,H.Bueno,2,20,44,H.Bueno,DEF,4
634,4,2025-26,65,0,0,0,1,0,0,0,0,0,0,0,4,11.8,0.2,0.0,1.2,5,2,1,6,1,0.0,0.0,0.0,1.35,2,False,"[{'fixture': 39, 'stats': [{'identifier': 'minutes', 'points': 2, 'value': 65, 'points_modification': 0}]}]",False,Mosquera,2,20,44,Mosquera,DEF,2
635,4,2025-26,76,0,0,0,1,0,0,0,0,0,0,0,9,10.2,1.3,27.0,3.9,5,4,2,7,1,0.26,0.0,0.26,1.38,2,False,"[{'fixture': 39, 'stats': [{'identifier': 'minutes', 'points': 2, 'value': 76, 'points_modification': 0}]}]",False,R.Gomes,2,20,45,R.Gomes,DEF,2
636,4,2025-26,0,0,0,0,0,0,0,0,0,0,0,0,0,0.0,0.0,0.0,0.0,0,0,0,0,0,0.0,0.0,0.0,0.0,0,False,"[{'fixture': 39, 'stats': [{'identifier': 'minutes', 'points': 0, 'value': 0, 'points_modification': 0}]}]",False,S.Bueno,2,20,44,S.Bueno,DEF,0
637,4,2025-26,90,0,0,0,1,0,0,0,0,0,0,0,11,15.4,2.0,19.0,3.6,4,8,0,4,1,0.01,0.01,0.02,1.55,2,False,"[{'fixture': 39, 'stats': [{'identifier': 'minutes', 'points': 2, 'value': 90, 'points_modification': 0}]}]",False,Toti,2,20,44,Toti,DEF,2
638,4,2025-26,0,0,0,0,0,0,0,0,0,0,0,0,0,0.0,0.0,0.0,0.0,0,0,0,0,0,0.0,0.0,0.0,0.0,0,False,"[{'fixture': 39, 'stats': [{'identifier': 'minutes', 'points': 0, 'value': 0, 'points_modification': 0}]}]",False,Hoever,2,20,40,Hoever,DEF,0
639,4,2025-26,0,0,0,0,0,0,0,0,0,0,0,0,0,0.0,0.0,0.0,0.0,0,0,0,0,0,0.0,0.0,0.0,0.0,0,False,"[{'fixture': 39, 'stats': [{'identifier': 'minutes', 'points': 0, 'value': 0, 'points_modification': 0}]}]",False,Meupiyou,2,20,40,Meupiyou,DEF,0
640,4,2025-26,0,0,0,0,0,0,0,0,0,0,0,0,0,0.0,0.0,0.0,0.0,0,0,0,0,0,0.0,0.0,0.0,0.0,0,False,"[{'fixture': 39, 'stats': [{'identifier': 'minutes', 'points': 0, 'value': 0, 'points_modification': 0}]}]",False,Pedro Lima,2,20,40,Pedro Lima,DEF,0
641,4,2025-26,0,0,0,0,0,0,0,0,0,0,0,0,0,0.0,0.0,0.0,0.0,0,0,0,0,0,0.0,0.0,0.0,0.0,0,False,"[{'fixture': 39, 'stats': [{'identifier': 'minutes', 'points': 0, 'value': 0, 'points_modification': 0}]}]",False,Pond,2,20,39,Pond,DEF,0
642,4,2025-26,76,0,0,0,1,0,0,0,0,0,0,0,6,0.6,0.7,28.0,2.9,0,1,0,1,1,0.14,0.01,0.15,1.38,2,False,"[{'fixture': 39, 'stats': [{'identifier': 'minutes', 'points': 2, 'value': 76, 'points_modification': 0}]}]",False,Hee Chan,3,20,59,Hee Chan,MID,2
643,4,2025-26,65,0,0,0,1,0,0,0,1,0,0,0,7,2.4,0.9,0.0,0.3,2,4,1,7,1,0.0,0.0,0.0,1.35,1,False,"[{'fixture': 39, 'stats': [{'identifier': 'minutes', 'points': 2, 'value': 65, 'points_modification': 0}, {'identifier': 'yellow_cards', 'points': -1, 'value': 1, 'points_modification': 0}]}]",False,André,3,20,54,André,MID,1
644,4,2025-26,24,0,0,0,0,0,0,0,0,0,0,0,4,1.6,4.6,2.0,0.8,1,1,0,2,0,0.05,0.02,0.07,0.2,1,False,"[{'fixture': 39, 'stats': [{'identifier': 'minutes', 'points': 1, 'value': 24, 'points_modification': 0}]}]",False,Bellegarde,3,20,53,Bellegarde,MID,1
645,4,2025-26,13,0,0,0,0,0,0,0,0,0,0,0,5,3.6,11.6,2.0,1.7,0,0,0,0,0,0.0,0.07,0.07,0.17,1,False,"[{'fixture': 39, 'stats': [{'identifier': 'minutes', 'points': 1, 'value': 13, 'points_modification': 0}]}]",False,Fer López,3,20,54,Fer López,MID,1
646,4,2025-26,90,0,0,0,1,0,0,0,1,0,0,0,14,18.2,16.7,2.0,3.7,6,9,3,18,1,0.0,0.09,0.09,1.55,3,False,"[{'fixture': 39, 'stats': [{'identifier': 'minutes', 'points': 2, 'value': 90, 'points_modification': 0}, {'identifier': 'yellow_cards', 'points': -1, 'value': 1, 'points_modification': 0}, {'identifier': 'defensive_contribution', 'points': 2, 'value': 18, 'points_modification': 0}]}]",False,Gomes,3,20,54,Gomes,MID,3
647,4,2025-26,0,0,0,0,0,0,0,0,0,0,0,0,0,0.0,0.0,0.0,0.0,0,0,0,0,0,0.0,0.0,0.0,0.0,0,False,"[{'fixture': 39, 'stats': [{'identifier': 'minutes', 'points': 0, 'value': 0, 'points_modification': 0}]}]",False,Guedes,3,20,55,Guedes,MID,0
648,4,2025-26,24,0,0,0,0,0,0,0,1,0,0,0,-1,0.0,1.6,2.0,0.2,0,0,0,0,0,0.0,0.0,0.0,0.2,0,False,"[{'fixture': 39, 'stats': [{'identifier': 'minutes', 'points': 1, 'value': 24, 'points_modification': 0}, {'identifier': 'yellow_cards', 'points': -1, 'value': 1, 'points_modification': 0}]}]",False,Munetsi,3,20,54,Munetsi,MID,0
649,4,2025-26,0,0,0,0,0,0,0,0,0,0,0,0,0,0.0,0.0,0.0,0.0,0,0,0,0,0,0.0,0.0,0.0,0.0,0,False,"[{'fixture': 39, 'stats': [{'identifier': 'minutes', 'points': 0, 'value': 0, 'points_modification': 0}]}]",False,B.Traore,3,20,50,B.Traore,MID,0
650,4,2025-26,0,0,0,0,0,0,0,0,0,0,0,0,0,0.0,0.0,0.0,0.0,0,0,0,0,0,0.0,0.0,0.0,0.0,0,False,"[{'fixture': 39, 'stats': [{'identifier': 'minutes', 'points': 0, 'value': 0, 'points_modification': 0}]}]",False,Chirewa,3,20,44,Chirewa,MID,0
651,4,2025-26,0,0,0,0,0,0,0,0,0,0,0,0,0,0.0,0.0,0.0,0.0,0,0,0,0,0,0.0,0.0,0.0,0.0,0,False,"[{'fixture': 39, 'stats': [{'identifier': 'minutes', 'points': 0, 'value': 0, 'points_modification': 0}]}]",False,Edozie,3,20,44,Edozie,MID,0
652,4,2025-26,0,0,0,0,0,0,0,0,0,0,0,0,0,0.0,0.0,0.0,0.0,0,0,0,0,0,0.0,0.0,0.0,0.0,0,False,"[{'fixture': 39, 'stats': [{'identifier': 'minutes', 'points': 0, 'value': 0, 'points_modification': 0}]}]",False,Gonzalez,3,20,44,Gonzalez,MID,0
653,4,2025-26,0,0,0,0,0,0,0,0,0,0,0,0,0,0.0,0.0,0.0,0.0,0,0,0,0,0,0.0,0.0,0.0,0.0,0,False,"[{'fixture': 39, 'stats': [{'identifier': 'minutes', 'points': 0, 'value': 0, 'points_modification': 0}]}]",False,Hodge,3,20,45,Hodge,MID,0
654,4,2025-26,0,0,0,0,0,0,0,0,0,0,0,0,0,0.0,0.0,0.0,0.0,0,0,0,0,0,0.0,0.0,0.0,0.0,0,False,"[{'fixture': 39, 'stats': [{'identifier': 'minutes', 'points': 0, 'value': 0, 'points_modification': 0}]}]",False,Strand Larsen,4,20,64,Strand Larsen,FWD,0
655,4,2025-26,0,0,0,0,0,0,0,0,0,0,0,0,0,0.0,0.0,0.0,0.0,0,0,0,0,0,0.0,0.0,0.0,0.0,0,False,"[{'fixture': 39, 'stats': [{'identifier': 'minutes', 'points': 0, 'value': 0, 'points_modification': 0}]}]",False,Fábio Silva,4,20,49,Fábio Silva,FWD,0
656,4,2025-26,0,0,0,0,0,0,0,0,0,0,0,0,0,0.0,0.0,0.0,0.0,0,0,0,0,0,0.0,0.0,0.0,0.0,0,False,"[{'fixture': 39, 'stats': [{'identifier': 'minutes', 'points': 0, 'value': 0, 'points_modification': 0}]}]",False,Kalajdžić,4,20,49,Kalajdžić,FWD,0
657,4,2025-26,0,0,0,0,0,0,0,0,0,0,0,0,0,0.0,0.0,0.0,0.0,0,0,0,0,0,0.0,0.0,0.0,0.0,0,False,"[{'fixture': 39, 'stats': [{'identifier': 'minutes', 'points': 0, 'value': 0, 'points_modification': 0}]}]",False,Chiwome,4,20,45,Chiwome,FWD,0
658,4,2025-26,0,0,0,0,0,0,0,0,0,0,0,0,0,0.0,0.0,0.0,0.0,0,0,0,0,0,0.0,0.0,0.0,0.0,0,False,"[{'fixture': 39, 'stats': [{'identifier': 'minutes', 'points': 0, 'value': 0, 'points_modification': 0}]}]",False,Fraser,4,20,44,Fraser,FWD,0
659,4,2025-26,90,0,0,0,3,0,0,0,0,0,0,0,2,14.6,13.0,0.0,2.8,3,6,2,5,1,0.0,0.01,0.01,1.29,1,False,"[{'fixture': 40, 'stats': [{'identifier': 'minutes', 'points': 2, 'value': 90, 'points_modification': 0}, {'identifier': 'goals_conceded', 'points': -1, 'value': 3, 'points_modification': 0}]}]",False,Walker-Peters,2,19,44,Walker-Peters,DEF,1
660,4,2025-26,90,0,0,0,1,0,0,0,1,0,0,0,2,4.4,16.0,13.0,3.3,2,2,1,5,1,0.08,0.11,0.19,0.85,1,False,"[{'fixture': 37, 'stats': [{'identifier': 'minutes', 'points': 2, 'value': 90, 'points_modification': 0}, {'identifier': 'yellow_cards', 'points': -1, 'value': 1, 'points_modification': 0}]}]",False,Stach,3,11,50,Stach,MID,1
661,4,2025-26,71,0,0,1,0,0,0,0,0,0,0,0,8,2.6,2.7,10.0,1.5,1,3,0,4,1,0.1,0.06,0.16,0.12,2,False,"[{'fixture': 34, 'stats': [{'identifier': 'minutes', 'points': 2, 'value': 71, 'points_modification': 0}]}]",False,Ekitiké,4,12,87,Ekitiké,FWD,2
662,4,2025-26,90,0,0,1,0,0,0,0,0,0,0,1,32,21.4,1.6,2.0,2.5,6,6,2,8,1,0.0,0.04,0.04,0.2,7,False,"[{'fixture': 31, 'stats': [{'identifier': 'minutes', 'points': 2, 'value': 90, 'points_modification': 0}, {'identifier': 'clean_sheets', 'points': 4, 'value': 1, 'points_modification': 0}, {'identifier': 'bonus', 'points': 1, 'value': 1, 'points_modification': 0}]}]",False,Mosquera,2,1,54,Mosquera,DEF,7
663,4,2025-26,24,0,0,0,0,0,0,0,0,0,0,0,1,0.0,0.8,7.0,0.7,1,1,0,2,0,0.04,0.0,0.04,0.2,1,False,"[{'fixture': 39, 'stats': [{'identifier': 'minutes', 'points': 1, 'value': 24, 'points_modification': 0}]}]",False,J.Arias,3,20,52,J.Arias,MID,1
664,4,2025-26,0,0,0,0,0,0,0,0,0,0,0,0,0,0.0,0.0,0.0,0.0,0,0,0,0,0,0.0,0.0,0.0,0.0,0,False,"[{'fixture': 37, 'stats': [{'identifier': 'minutes', 'points': 0, 'value': 0, 'points_modification': 0}]}]",False,Lecomte,1,10,40,Lecomte,GK,0
665,4,2025-26,0,0,0,0,0,0,0,0,0,0,0,0,0,0.0,0.0,0.0,0.0,0,0,0,0,0,0.0,0.0,0.0,0.0,0,False,"[{'fixture': 37, 'stats': [{'identifier': 'minutes', 'points': 0, 'value': 0, 'points_modification': 0}]}]",False,Perri,1,11,45,Perri,GK,0
666,4,2025-26,67,1,0,1,0,0,0,0,0,0,0,0,30,34.6,11.3,44.0,9.0,1,1,1,3,1,0.84,0.02,0.86,0.1,6,False,"[{'fixture': 31, 'stats': [{'identifier': 'minutes', 'points': 2, 'value': 67, 'points_modification': 0}, {'identifier': 'goals_scored', 'points': 4, 'value': 1, 'points_modification': 0}]}]",False,Gyökeres,4,1,90,Gyökeres,FWD,6
667,4,2025-26,0,0,0,0,0,0,0,0,0,0,0,0,0,0.0,0.0,0.0,0.0,0,0,0,0,0,0.0,0.0,0.0,0.0,0,False,"[{'fixture': 36, 'stats': [{'identifier': 'minutes', 'points': 0, 'value': 0, 'points_modification': 0}]}]",False,Aznou,2,9,44,Aznou,DEF,0
668,4,2025-26,90,0,0,1,0,0,0,0,0,0,0,0,20,25.2,15.8,2.0,4.3,10,6,2,18,1,0.0,0.11,0.11,1.77,5,False,"[{'fixture': 35, 'stats': [{'identifier': 'minutes', 'points': 2, 'value': 90, 'points_modification': 0}, {'identifier': 'clean_sheets', 'points': 1, 'value': 1, 'points_modification': 0}, {'identifier': 'defensive_contribution', 'points': 2, 'value': 18, 'points_modification': 0}]}]",False,Xhaka,3,17,50,Xhaka,MID,5
669,4,2025-26,90,0,0,0,3,0,0,0,0,0,0,0,10,16.6,21.1,4.0,4.2,2,2,1,5,1,0.0,0.03,0.03,1.84,2,False,"[{'fixture': 31, 'stats': [{'identifier': 'minutes', 'points': 2, 'value': 90, 'points_modification': 0}]}]",False,Ndoye,3,16,61,Ndoye,MID,2
670,4,2025-26,90,0,0,1,0,0,0,0,1,0,6,3,39,43.2,0.0,0.0,4.3,1,15,0,0,1,0.0,0.0,0.0,1.77,10,True,"[{'fixture': 35, 'stats': [{'identifier': 'minutes', 'points': 2, 'value': 90, 'points_modification': 0}, {'identifier': 'clean_sheets', 'points': 4, 'value': 1, 'points_modification': 0}, {'identifier': 'yellow_cards', 'points': -1, 'value': 1, 'points_modification': 0}, {'identifier': 'saves', 'points': 2, 'value': 6, 'points_modification': 0}, {'identifier': 'bonus', 'points': 3, 'value': 3, 'points_modification': 0}]}]",False,Roefs,1,17,45,Roefs,GK,10
671,4,2025-26,22,0,0,0,0,0,0,0,0,0,0,0,3,0.2,0.1,0.0,0.0,0,2,0,2,0,0.0,0.0,0.0,0.51,1,False,"[{'fixture': 40, 'stats': [{'identifier': 'minutes', 'points': 1, 'value': 22, 'points_modification': 0}]}]",False,Wilson,4,19,59,Wilson,FWD,1
672,4,2025-26,45,0,0,0,1,0,0,0,1,0,0,0,-6,0.0,1.5,2.0,0.3,1,2,0,1,1,0.0,0.01,0.01,0.55,0,False,"[{'fixture': 33, 'stats': [{'identifier': 'minutes', 'points': 1, 'value': 45, 'points_modification': 0}, {'identifier': 'yellow_cards', 'points': -1, 'value': 1, 'points_modification': 0}]}]",False,Hato,2,7,48,Hato,DEF,0
673,4,2025-26,90,0,0,1,0,0,0,0,0,0,0,0,18,14.2,4.2,18.0,3.6,0,1,6,7,1,0.22,0.03,0.25,0.6,3,False,"[{'fixture': 40, 'stats': [{'identifier': 'minutes', 'points': 2, 'value': 90, 'points_modification': 0}, {'identifier': 'clean_sheets', 'points': 1, 'value': 1, 'points_modification': 0}]}]",False,J.Palhinha,3,18,55,J.Palhinha,MID,3
674,4,2025-26,0,0,0,0,0,0,0,0,0,0,0,0,0,0.0,0.0,0.0,0.0,0,0,0,0,0,0.0,0.0,0.0,0.0,0,False,"[{'fixture': 39, 'stats': [{'identifier': 'minutes', 'points': 0, 'value': 0, 'points_modification': 0}]}]",False,Ramsdale,1,15,49,Ramsdale,GK,0
675,4,2025-26,0,0,0,0,0,0,0,0,0,0,0,0,0,0.0,0.0,0.0,0.0,0,0,0,0,0,0.0,0.0,0.0,0.0,0,False,"[{'fixture': 31, 'stats': [{'identifier': 'minutes', 'points': 0, 'value': 0, 'points_modification': 0}]}]",False,Gunn,1,16,40,Gunn,GK,0
676,4,2025-26,83,0,0,0,1,0,0,0,0,1,0,0,0,7.4,0.1,0.0,0.8,4,2,3,9,1,0.0,0.0,0.0,1.45,-1,False,"[{'fixture': 34, 'stats': [{'identifier': 'minutes', 'points': 2, 'value': 83, 'points_modification': 0}, {'identifier': 'red_cards', 'points': -3, 'value': 1, 'points_modification': 0}]}]",False,Ugochukwu,3,3,50,Ugochukwu,MID,-1
677,4,2025-26,45,0,0,0,0,0,0,0,0,0,0,0,2,6.2,0.8,0.0,0.7,0,1,4,5,0,0.0,0.0,0.0,0.91,1,False,"[{'fixture': 36, 'stats': [{'identifier': 'minutes', 'points': 1, 'value': 45, 'points_modification': 0}]}]",False,Guessand,3,2,63,Guessand,MID,1
678,4,2025-26,0,0,0,0,0,0,0,0,0,0,0,0,0,0.0,0.0,0.0,0.0,0,0,0,0,0,0.0,0.0,0.0,0.0,0,False,"[{'fixture': 35, 'stats': [{'identifier': 'minutes', 'points': 0, 'value': 0, 'points_modification': 0}]}]",False,Masuaku,2,17,40,Masuaku,DEF,0
679,4,2025-26,90,0,0,0,3,0,0,0,0,0,2,0,2,19.2,0.0,0.0,1.9,2,3,0,0,1,0.0,0.0,0.0,1.29,1,False,"[{'fixture': 40, 'stats': [{'identifier': 'minutes', 'points': 2, 'value': 90, 'points_modification': 0}, {'identifier': 'goals_conceded', 'points': -1, 'value': 3, 'points_modification': 0}]}]",False,Hermansen,1,19,45,Hermansen,GK,1
680,4,2025-26,1,0,0,0,1,0,0,0,0,0,0,0,3,2.0,0.1,0.0,0.2,1,0,0,1,0,0.0,0.0,0.0,0.94,1,False,"[{'fixture': 34, 'stats': [{'identifier': 'minutes', 'points': 1, 'value': 1, 'points_modification': 0}]}]",False,Broja,4,3,53,Broja,FWD,1
681,4,2025-26,79,0,0,0,3,0,0,0,0,0,0,0,6,1.0,6.8,7.0,1.5,0,1,0,1,1,0.03,0.0,0.03,2.34,2,False,"[{'fixture': 38, 'stats': [{'identifier': 'minutes', 'points': 2, 'value': 79, 'points_modification': 0}]}]",False,Šeško,4,14,73,Šeško,FWD,2
682,4,2025-26,0,0,0,0,0,0,0,0,0,0,0,0,0,0.0,0.0,0.0,0.0,0,0,0,0,0,0.0,0.0,0.0,0.0,0,False,"[{'fixture': 39, 'stats': [{'identifier': 'minutes', 'points': 0, 'value': 0, 'points_modification': 0}]}]",False,Møller Wolfe,2,20,45,Møller Wolfe,DEF,0
683,4,2025-26,90,0,0,1,0,0,0,0,0,0,0,1,31,30.2,0.5,2.0,3.3,8,5,2,10,1,0.0,0.02,0.02,1.77,9,False,"[{'fixture': 35, 'stats': [{'identifier': 'minutes', 'points': 2, 'value': 90, 'points_modification': 0}, {'identifier': 'clean_sheets', 'points': 4, 'value': 1, 'points_modification': 0}, {'identifier': 'bonus', 'points': 1, 'value': 1, 'points_modification': 0}, {'identifier': 'defensive_contribution', 'points': 2, 'value': 10, 'points_modification': 0}]}]",False,Alderete,2,17,40,Alderete,DEF,9
684,4,2025-26,0,0,0,0,0,0,0,0,0,0,0,0,0,0.0,0.0,0.0,0.0,0,0,0,0,0,0.0,0.0,0.0,0.0,0,False,"[{'fixture': 39, 'stats': [{'identifier': 'minutes', 'points': 0, 'value': 0, 'points_modification': 0}]}]",False,Thiaw,2,15,49,Thiaw,DEF,0
685,4,2025-26,0,0,0,0,0,0,0,0,0,0,0,0,0,0.0,0.0,0.0,0.0,0,0,0,0,0,0.0,0.0,0.0,0.0,0,False,"[{'fixture': 32, 'stats': [{'identifier': 'minutes', 'points': 0, 'value': 0, 'points_modification': 0}]}]",False,Diakité,2,4,45,Diakité,DEF,0
686,4,2025-26,3,0,0,0,0,0,0,0,0,0,0,0,4,2.2,11.3,6.0,2.0,0,0,0,0,0,0.0,0.1,0.1,0.0,1,False,"[{'fixture': 34, 'stats': [{'identifier': 'minutes', 'points': 1, 'value': 3, 'points_modification': 0}]}]",False,Ngumoha,3,12,45,Ngumoha,MID,1
687,4,2025-26,0,0,0,0,0,0,0,0,0,0,0,0,0,0.0,0.0,0.0,0.0,0,0,0,0,0,0.0,0.0,0.0,0.0,0,False,"[{'fixture': 32, 'stats': [{'identifier': 'minutes', 'points': 0, 'value': 0, 'points_modification': 0}]}]",False,Rees-Dottin,3,4,45,Rees-Dottin,MID,0
688,4,2025-26,0,0,0,0,0,0,0,0,0,0,0,0,0,0.0,0.0,0.0,0.0,0,0,0,0,0,0.0,0.0,0.0,0.0,0,False,"[{'fixture': 36, 'stats': [{'identifier': 'minutes', 'points': 0, 'value': 0, 'points_modification': 0}]}]",False,Wright,1,2,40,Wright,GK,0
689,4,2025-26,0,0,0,0,0,0,0,0,0,0,0,0,0,0.0,0.0,0.0,0.0,0,0,0,0,0,0.0,0.0,0.0,0.0,0,False,"[{'fixture': 39, 'stats': [{'identifier': 'minutes', 'points': 0, 'value': 0, 'points_modification': 0}]}]",False,Seung soo,3,15,44,Seung soo,MID,0
690,4,2025-26,0,0,0,0,0,0,0,0,0,0,0,0,0,0.0,0.0,0.0,0.0,0,0,0,0,0,0.0,0.0,0.0,0.0,0,False,"[{'fixture': 35, 'stats': [{'identifier': 'minutes', 'points': 0, 'value': 0, 'points_modification': 0}]}]",False,Cardines,3,8,44,Cardines,MID,0
691,4,2025-26,68,0,0,1,0,0,0,0,0,0,0,0,7,5.2,12.3,19.0,3.7,1,0,0,1,1,0.3,0.05,0.35,0.12,2,False,"[{'fixture': 37, 'stats': [{'identifier': 'minutes', 'points': 2, 'value': 68, 'points_modification': 0}]}]",False,Calvert-Lewin,4,11,55,Calvert-Lewin,FWD,2
692,4,2025-26,0,0,0,0,0,0,0,0,0,0,0,0,0,0.0,0.0,0.0,0.0,0,0,0,0,0,0.0,0.0,0.0,0.0,0,False,"[{'fixture': 34, 'stats': [{'identifier': 'minutes', 'points': 0, 'value': 0, 'points_modification': 0}]}]",False,Leoni,2,12,50,Leoni,DEF,0
693,4,2025-26,0,0,0,0,0,0,0,0,0,0,0,0,0,0.0,0.0,0.0,0.0,0,0,0,0,0,0.0,0.0,0.0,0.0,0,False,"[{'fixture': 31, 'stats': [{'identifier': 'minutes', 'points': 0, 'value': 0, 'points_modification': 0}]}]",False,Hutchinson,3,16,55,Hutchinson,MID,0
694,4,2025-26,90,0,0,1,0,0,0,0,0,0,0,2,32,24.4,10.9,0.0,3.5,10,2,2,12,1,0.0,0.05,0.05,1.77,10,True,"[{'fixture': 35, 'stats': [{'identifier': 'minutes', 'points': 2, 'value': 90, 'points_modification': 0}, {'identifier': 'clean_sheets', 'points': 4, 'value': 1, 'points_modification': 0}, {'identifier': 'bonus', 'points': 2, 'value': 2, 'points_modification': 0}, {'identifier': 'defensive_contribution', 'points': 2, 'value': 12, 'points_modification': 0}]}]",False,Mukiele,2,17,40,Mukiele,DEF,10
695,4,2025-26,13,0,0,0,0,0,0,0,0,0,0,0,3,0.2,1.2,2.0,0.3,0,2,0,0,0,0.0,0.0,0.0,0.17,1,False,"[{'fixture': 39, 'stats': [{'identifier': 'minutes', 'points': 1, 'value': 13, 'points_modification': 0}]}]",False,Tchatchoua,2,20,45,Tchatchoua,DEF,1
696,4,2025-26,30,0,0,0,1,0,0,0,0,0,0,0,3,1.2,12.2,13.0,2.6,0,0,0,0,0,0.11,0.01,0.12,0.08,1,False,"[{'fixture': 31, 'stats': [{'identifier': 'minutes', 'points': 1, 'value': 30, 'points_modification': 0}]}]",False,Kalimuendo,4,16,60,Kalimuendo,FWD,1
697,4,2025-26,23,0,0,0,0,0,0,0,0,0,0,0,5,6.6,1.3,7.0,1.5,2,1,0,3,0,0.04,0.0,0.04,0.05,1,False,"[{'fixture': 32, 'stats': [{'identifier': 'minutes', 'points': 1, 'value': 23, 'points_modification': 0}]}]",False,Adli,3,4,55,Adli,MID,1
698,4,2025-26,67,0,0,1,0,0,0,0,1,0,0,0,2,4.2,12.3,17.0,3.4,3,7,1,11,1,0.18,0.02,0.2,0.12,2,False,"[{'fixture': 37, 'stats': [{'identifier': 'minutes', 'points': 2, 'value': 67, 'points_modification': 0}, {'identifier': 'clean_sheets', 'points': 1, 'value': 1, 'points_modification': 0}, {'identifier': 'yellow_cards', 'points': -1, 'value': 1, 'points_modification': 0}]}]",False,Okafor,3,11,55,Okafor,MID,2
699,4,2025-26,0,0,0,0,0,0,0,0,0,0,0,0,0,0.0,0.0,0.0,0.0,0,0,0,0,0,0.0,0.0,0.0,0.0,0,False,"[{'fixture': 31, 'stats': [{'identifier': 'minutes', 'points': 0, 'value': 0, 'points_modification': 0}]}]",False,Douglas Luiz,3,16,50,Douglas Luiz,MID,0
700,4,2025-26,0,0,0,0,0,0,0,0,0,0,0,0,0,0.0,0.0,0.0,0.0,0,0,0,0,0,0.0,0.0,0.0,0.0,0,False,"[{'fixture': 31, 'stats': [{'identifier': 'minutes', 'points': 0, 'value': 0, 'points_modification': 0}]}]",False,Dowman,3,1,45,Dowman,MID,0
701,4,2025-26,0,0,0,0,0,0,0,0,0,0,0,0,0,0.0,0.0,0.0,0.0,0,0,0,0,0,0.0,0.0,0.0,0.0,0,False,"[{'fixture': 36, 'stats': [{'identifier': 'minutes', 'points': 0, 'value': 0, 'points_modification': 0}]}]",False,Rowe,2,2,40,Rowe,DEF,0
702,4,2025-26,0,0,0,0,0,0,0,0,0,0,0,0,0,0.0,0.0,0.0,0.0,0,0,0,0,0,0.0,0.0,0.0,0.0,0,False,"[{'fixture': 36, 'stats': [{'identifier': 'minutes', 'points': 0, 'value': 0, 'points_modification': 0}]}]",False,Burrowes,3,2,45,Burrowes,MID,0
703,4,2025-26,0,0,0,0,0,0,0,0,0,0,0,0,0,0.0,0.0,0.0,0.0,0,0,0,0,0,0.0,0.0,0.0,0.0,0,False,"[{'fixture': 36, 'stats': [{'identifier': 'minutes', 'points': 0, 'value': 0, 'points_modification': 0}]}]",False,Proctor,1,2,40,Proctor,GK,0
704,4,2025-26,0,0,0,0,0,0,0,0,0,0,0,0,0,0.0,0.0,0.0,0.0,0,0,0,0,0,0.0,0.0,0.0,0.0,0,False,"[{'fixture': 36, 'stats': [{'identifier': 'minutes', 'points': 0, 'value': 0, 'points_modification': 0}]}]",False,Onyango,3,9,45,Onyango,MID,0
705,4,2025-26,0,0,0,0,0,0,0,0,0,0,0,0,0,0.0,0.0,0.0,0.0,0,0,0,0,0,0.0,0.0,0.0,0.0,0,False,"[{'fixture': 36, 'stats': [{'identifier': 'minutes', 'points': 0, 'value': 0, 'points_modification': 0}]}]",False,Campbell,2,9,40,Campbell,DEF,0
706,4,2025-26,0,0,0,0,0,0,0,0,0,0,0,0,0,0.0,0.0,0.0,0.0,0,0,0,0,0,0.0,0.0,0.0,0.0,0,False,"[{'fixture': 37, 'stats': [{'identifier': 'minutes', 'points': 0, 'value': 0, 'points_modification': 0}]}]",False,Justin,2,11,40,Justin,DEF,0
707,4,2025-26,0,0,0,0,0,0,0,0,0,0,0,0,0,0.0,0.0,0.0,0.0,0,0,0,0,0,0.0,0.0,0.0,0.0,0,False,"[{'fixture': 36, 'stats': [{'identifier': 'minutes', 'points': 0, 'value': 0, 'points_modification': 0}]}]",False,Dibling,3,9,55,Dibling,MID,0
708,4,2025-26,60,0,0,0,2,0,0,0,0,0,0,0,10,6.4,28.3,4.0,3.9,0,1,2,3,1,0.0,0.15,0.15,0.63,2,False,"[{'fixture': 40, 'stats': [{'identifier': 'minutes', 'points': 2, 'value': 60, 'points_modification': 0}]}]",False,M.Fernandes,3,19,55,M.Fernandes,MID,2
709,4,2025-26,90,0,0,0,1,0,0,0,1,0,0,0,8,8.2,15.6,0.0,2.4,3,3,1,4,1,0.0,0.16,0.16,1.55,1,False,"[{'fixture': 39, 'stats': [{'identifier': 'minutes', 'points': 2, 'value': 90, 'points_modification': 0}, {'identifier': 'yellow_cards', 'points': -1, 'value': 1, 'points_modification': 0}]}]",False,Krejčí,2,20,45,Krejčí,DEF,1
710,4,2025-26,0,0,0,0,0,0,0,0,0,0,0,0,0,0.0,0.0,0.0,0.0,0,0,0,0,0,0.0,0.0,0.0,0.0,0,False,"[{'fixture': 36, 'stats': [{'identifier': 'minutes', 'points': 0, 'value': 0, 'points_modification': 0}]}]",False,Patterson,2,2,40,Patterson,DEF,0
711,4,2025-26,0,0,0,0,0,0,0,0,0,0,0,0,0,0.0,0.0,0.0,0.0,0,0,0,0,0,0.0,0.0,0.0,0.0,0,False,"[{'fixture': 31, 'stats': [{'identifier': 'minutes', 'points': 0, 'value': 0, 'points_modification': 0}]}]",False,Harriman-Annous,3,1,45,Harriman-Annous,MID,0
712,4,2025-26,83,0,0,1,0,0,0,0,0,0,0,0,-1,0.0,15.2,10.0,2.3,0,4,1,5,1,0.73,0.03,0.76,0.36,3,False,"[{'fixture': 35, 'stats': [{'identifier': 'minutes', 'points': 2, 'value': 83, 'points_modification': 0}, {'identifier': 'clean_sheets', 'points': 1, 'value': 1, 'points_modification': 0}]}]",False,Yeremy,3,8,60,Yeremy,MID,3
713,4,2025-26,3,0,0,0,0,0,0,0,1,0,0,0,2,2.2,0.1,0.0,0.2,1,0,1,2,0,0.0,0.0,0.0,0.0,0,False,"[{'fixture': 32, 'stats': [{'identifier': 'minutes', 'points': 1, 'value': 3, 'points_modification': 0}, {'identifier': 'yellow_cards', 'points': -1, 'value': 1, 'points_modification': 0}]}]",False,A.Jimenez,2,4,45,A.Jimenez,DEF,0
714,4,2025-26,64,1,0,1,0,0,0,0,0,0,0,3,40,37.2,12.3,46.0,9.6,0,3,3,6,1,0.27,0.01,0.28,0.41,9,False,"[{'fixture': 39, 'stats': [{'identifier': 'minutes', 'points': 2, 'value': 64, 'points_modification': 0}, {'identifier': 'goals_scored', 'points': 4, 'value': 1, 'points_modification': 0}, {'identifier': 'bonus', 'points': 3, 'value': 3, 'points_modification': 0}]}]",False,Woltemade,4,15,71,Woltemade,FWD,9
715,4,2025-26,0,0,0,0,0,0,0,0,0,0,0,0,0,0.0,0.0,0.0,0.0,0,0,0,0,0,0.0,0.0,0.0,0.0,0,False,"[{'fixture': 31, 'stats': [{'identifier': 'minutes', 'points': 0, 'value': 0, 'points_modification': 0}]}]",False,John,1,16,40,John,GK,0
716,4,2025-26,53,0,0,0,2,0,0,0,0,0,0,0,4,11.0,11.1,4.0,2.6,2,0,3,5,0,0.0,0.0,0.0,0.88,0,False,"[{'fixture': 31, 'stats': [{'identifier': 'minutes', 'points': 1, 'value': 53, 'points_modification': 0}, {'identifier': 'goals_conceded', 'points': -1, 'value': 2, 'points_modification': 0}]}]",False,Savona,2,16,45,Savona,DEF,0
717,4,2025-26,70,0,1,1,0,0,0,0,0,0,0,0,23,18.4,19.7,1.0,3.9,0,2,1,3,1,0.03,0.08,0.11,0.6,6,False,"[{'fixture': 40, 'stats': [{'identifier': 'minutes', 'points': 2, 'value': 70, 'points_modification': 0}, {'identifier': 'assists', 'points': 3, 'value': 1, 'points_modification': 0}, {'identifier': 'clean_sheets', 'points': 1, 'value': 1, 'points_modification': 0}]}]",False,Xavi,3,18,71,Xavi,MID,6
718,4,2025-26,29,0,0,0,1,0,0,0,0,0,0,0,6,9.6,1.3,0.0,1.1,1,0,2,3,0,0.0,0.0,0.0,0.65,1,False,"[{'fixture': 40, 'stats': [{'identifier': 'minutes', 'points': 1, 'value': 29, 'points_modification': 0}]}]",False,S.Magassa,3,19,50,S.Magassa,MID,1
719,4,2025-26,7,0,0,0,0,0,0,0,0,0,0,0,3,0.4,0.3,0.0,0.1,0,0,0,0,0,0.0,0.0,0.0,0.48,1,False,"[{'fixture': 36, 'stats': [{'identifier': 'minutes', 'points': 1, 'value': 7, 'points_modification': 0}]}]",False,Lindelöf,2,2,45,Lindelöf,DEF,1
720,4,2025-26,65,0,0,0,1,0,0,0,0,0,0,0,7,4.4,1.8,4.0,1.0,4,0,0,4,1,0.0,0.0,0.0,1.35,2,False,"[{'fixture': 39, 'stats': [{'identifier': 'minutes', 'points': 2, 'value': 65, 'points_modification': 0}]}]",False,Tolu,4,20,55,Tolu,FWD,2
721,4,2025-26,90,0,0,0,1,0,0,0,0,0,0,0,15,23.4,11.3,6.0,4.1,10,3,1,11,1,0.0,0.18,0.18,0.62,4,False,"[{'fixture': 32, 'stats': [{'identifier': 'minutes', 'points': 2, 'value': 90, 'points_modification': 0}, {'identifier': 'defensive_contribution', 'points': 2, 'value': 11, 'points_modification': 0}]}]",False,Milosavljević,2,4,45,Milosavljević,DEF,4
722,4,2025-26,27,0,0,0,1,0,0,0,0,0,0,0,5,13.0,0.2,0.0,1.3,2,2,3,7,0,0.0,0.0,0.0,1.24,1,False,"[{'fixture': 34, 'stats': [{'identifier': 'minutes', 'points': 1, 'value': 27, 'points_modification': 0}]}]",False,Florentino,3,3,50,Florentino,MID,1
723,4,2025-26,0,0,0,0,0,0,0,0,0,0,0,0,0,0.0,0.0,0.0,0.0,0,0,0,0,0,0.0,0.0,0.0,0.0,0,False,"[{'fixture': 35, 'stats': [{'identifier': 'minutes', 'points': 0, 'value': 0, 'points_modification': 0}]}]",False,Canvot,2,8,45,Canvot,DEF,0
724,4,2025-26,6,0,0,0,0,0,0,0,0,0,0,0,4,1.0,0.0,0.0,0.1,0,1,0,0,0,0.0,0.0,0.0,0.38,1,False,"[{'fixture': 35, 'stats': [{'identifier': 'minutes', 'points': 1, 'value': 6, 'points_modification': 0}]}]",False,Geertruida,2,17,45,Geertruida,DEF,1
725,4,2025-26,0,0,0,0,0,0,0,0,0,0,0,0,0,0.0,0.0,0.0,0.0,0,0,0,0,0,0.0,0.0,0.0,0.0,0,False,"[{'fixture': 31, 'stats': [{'identifier': 'minutes', 'points': 0, 'value': 0, 'points_modification': 0}]}]",False,Hincapie,2,1,55,Hincapie,DEF,0
726,4,2025-26,0,0,0,0,0,0,0,0,0,0,0,0,0,0.0,0.0,0.0,0.0,0,0,0,0,0,0.0,0.0,0.0,0.0,0,False,"[{'fixture': 40, 'stats': [{'identifier': 'minutes', 'points': 0, 'value': 0, 'points_modification': 0}]}]",False,Kolo Muani,4,18,70,Kolo Muani,FWD,0
727,4,2025-26,0,0,0,0,0,0,0,0,0,0,0,0,0,0.0,0.0,0.0,0.0,0,0,0,0,0,0.0,0.0,0.0,0.0,0,False,"[{'fixture': 37, 'stats': [{'identifier': 'minutes', 'points': 0, 'value': 0, 'points_modification': 0}]}]",False,Chukwueze,3,10,55,Chukwueze,MID,0
728,4,2025-26,24,0,0,0,0,0,0,0,0,0,0,0,5,3.0,10.7,1.0,1.5,0,1,2,3,0,0.03,0.0,0.03,0.0,1,False,"[{'fixture': 36, 'stats': [{'identifier': 'minutes', 'points': 1, 'value': 24, 'points_modification': 0}]}]",False,Röhl,3,9,50,Röhl,MID,1
729,4,2025-26,0,0,0,0,0,0,0,0,0,0,0,0,0,0.0,0.0,0.0,0.0,0,0,0,0,0,0.0,0.0,0.0,0.0,0,False,"[{'fixture': 31, 'stats': [{'identifier': 'minutes', 'points': 0, 'value': 0, 'points_modification': 0}]}]",False,Cuiabano,2,16,45,Cuiabano,DEF,0
730,4,2025-26,21,0,0,0,0,0,0,0,0,0,0,0,4,1.0,0.1,0.0,0.1,1,1,0,2,0,0.0,0.0,0.0,0.93,1,False,"[{'fixture': 35, 'stats': [{'identifier': 'minutes', 'points': 1, 'value': 21, 'points_modification': 0}]}]",False,Brobbey,4,17,55,Brobbey,FWD,1
731,4,2025-26,14,0,0,0,0,0,0,0,0,0,0,0,6,11.4,18.6,7.0,3.7,0,0,0,0,0,0.01,0.07,0.08,0.03,1,False,"[{'fixture': 37, 'stats': [{'identifier': 'minutes', 'points': 1, 'value': 14, 'points_modification': 0}]}]",False,Kevin,3,10,60,Kevin,MID,1
732,4,2025-26,6,0,0,0,0,0,0,0,0,0,0,0,6,3.4,0.8,19.0,2.3,0,1,0,1,0,0.01,0.0,0.01,0.0,1,False,"[{'fixture': 35, 'stats': [{'identifier': 'minutes', 'points': 1, 'value': 6, 'points_modification': 0}]}]",False,Uche,4,8,55,Uche,FWD,1
733,4,2025-26,0,0,0,0,0,0,0,0,0,0,0,0,0,0.0,0.0,0.0,0.0,0,0,0,0,0,0.0,0.0,0.0,0.0,0,False,"[{'fixture': 38, 'stats': [{'identifier': 'minutes', 'points': 0, 'value': 0, 'points_modification': 0}]}]",False,Lammens,1,14,50,Lammens,GK,0
734,4,2025-26,30,0,0,0,1,0,0,0,0,0,0,0,4,0.6,0.9,2.0,0.4,0,2,0,2,0,0.0,0.0,0.0,0.08,1,False,"[{'fixture': 31, 'stats': [{'identifier': 'minutes', 'points': 1, 'value': 30, 'points_modification': 0}]}]",False,Bakwa,3,16,60,Bakwa,MID,1
735,4,2025-26,0,0,0,0,0,0,0,0,0,0,0,0,0,0.0,0.0,0.0,0.0,0,0,0,0,0,0.0,0.0,0.0,0.0,0,False,"[{'fixture': 35, 'stats': [{'identifier': 'minutes', 'points': 0, 'value': 0, 'points_modification': 0}]}]",False,Traoré,3,17,55,Traoré,MID,0
736,4,2025-26,90,0,0,1,0,0,0,0,0,0,2,0,26,14.4,0.0,0.0,1.4,3,6,0,0,1,0.0,0.0,0.0,1.51,6,False,"[{'fixture': 38, 'stats': [{'identifier': 'minutes', 'points': 2, 'value': 90, 'points_modification': 0}, {'identifier': 'clean_sheets', 'points': 4, 'value': 1, 'points_modification': 0}]}]",False,Donnarumma,1,13,56,Donnarumma,GK,6
737,4,2025-26,0,0,0,0,0,0,0,0,0,0,0,0,0,0.0,0.0,0.0,0.0,0,0,0,0,0,0.0,0.0,0.0,0.0,0,False,"[{'fixture': 37, 'stats': [{'identifier': 'minutes', 'points': 0, 'value': 0, 'points_modification': 0}]}]",False,Kusi-Asare,4,10,45,Kusi-Asare,FWD,0
738,4,2025-26,0,0,0,0,0,0,0,0,0,0,0,0,0,0.0,0.0,0.0,0.0,0,0,0,0,0,0.0,0.0,0.0,0.0,0,False,"[{'fixture': 40, 'stats': [{'identifier': 'minutes', 'points': 0, 'value': 0, 'points_modification': 0}]}]",False,Fabianski,1,19,45,Fabianski,GK,0
739,4,2025-26,0,0,0,0,0,0,0,0,0,0,0,0,0,0.0,0.0,0.0,0.0,0,0,0,0,0,0.0,0.0,0.0,0.0,0,False,"[{'fixture': 38, 'stats': [{'identifier': 'minutes', 'points': 0, 'value': 0, 'points_modification': 0}]}]",False,Mukasa,3,13,45,Mukasa,MID,0
740,4,2025-26,0,0,0,0,0,0,0,0,0,0,0,0,0,0.0,0.0,0.0,0.0,0,0,0,0,0,0.0,0.0,0.0,0.0,0,False,"[{'fixture': 38, 'stats': [{'identifier': 'minutes', 'points': 0, 'value': 0, 'points_modification': 0}]}]",False,Mfuni,2,13,40,Mfuni,DEF,0
