element,gameweek,season,minutes,goals_scored,assists,clean_sheets,goals_conceded,own_goals,penalties_saved,penalties_missed,yellow_cards,red_cards,saves,bonus,bps,influence,creativity,threat,ict_index,clearances_blocks_interceptions,recoveries,tackles,defensive_contribution,starts,expected_goals,expected_assists,expected_goal_involvements,expected_goals_conceded,total_points,in_dreamteam,explain,modified
1,5,2025-26,90,0,0,0,1,0,0,0,0,0,2,0,13,21.4,0.0,0.0,2.1,1,6,0,0,1,0.00,0.01,0.01,0.89,2,False,"[{'fixture': 41, 'stats': [{'identifier': 'minutes', 'points': 2, 'value': 90, 'points_modification': 0}]}]",False
2,5,2025-26,0,0,0,0,0,0,0,0,0,0,0,0,0,0.0,0.0,0.0,0.0,0,0,0,0,0,0.00,0.00,0.00,0.00,0,False,"[{'fixture': 41, 'stats': [{'identifier': 'minutes', 'points': 0, 'value': 0, 'points_modification': 0}]}]",False
3,5,2025-26,0,0,0,0,0,0,0,0,0,0,0,0,0,0.0,0.0,0.0,0.0,0,0,0,0,0,0.00,0.00,0.00,0.00,0,False,"[{'fixture': 41, 'stats': [{'identifier': 'minutes', 'points': 0, 'value': 0, 'points_modification': 0}]}]",False
4,5,2025-26,0,0,0,0,0,0,0,0,0,0,0,0,0,0.0,0.0,0.0,0.0,0,0,0,0,0,0.00,0.00,0.00,0.00,0,False,"[{'fixture': 41, 'stats': [{'identifier': 'minutes', 'points': 0, 'value': 0, 'points_modification': 0}]}]",False
5,5,2025-26,90,0,0,0,1,0,0,0,0,0,0,0,13,19.6,2.3,0.0,2.2,7,1,1,8,1,0.00,0.01,0.01,0.89,2,False,"[{'fixture': 41, 'stats': [{'identifier': 'minutes', 'points': 2, 'value': 90, 'points_modification': 0}]}]",False
6,5,2025-26,90,0,0,0,1,0,0,0,0,0,0,0,15,22.0,3.0,4.0,2.9,5,8,4,9,1,0.13,0.02,0.15,0.89,2,False,"[{'fixture': 41, 'stats': [{'identifier': 'minutes', 'points': 2, 'value': 90, 'points_modification': 0}]}]",False
7,5,2025-26,90,0,0,0,1,0,0,0,0,0,0,0,7,3.6,6.2,19.0,2.9,2,6,3,5,1,0.14,0.05,0.19,0.89,2,False,"[{'fixture': 41, 'stats': [{'identifier': 'minutes', 'points': 2, 'value': 90, 'points_modification': 0}]}]",False
8,5,2025-26,79,0,0,0,1,0,0,0,1,0,0,0,16,17.0,13.9,8.0,3.9,1,3,7,8,1,0.00,0.05,0.05,0.65,1,False,"[{'fixture': 41, 'stats': [{'identifier': 'minutes', 'points': 2, 'value': 79, 'points_modification': 0}, {'identifier': 'yellow_cards', 'points': -1, 'value': 1, 'points_modification': 0}]}]",False
9,5,2025-26,0,0,0,0,0,0,0,0,0,0,0,0,0,0.0,0.0,0.0,0.0,0,0,0,0,0,0.00,0.00,0.00,0.00,0,False,"[{'fixture': 41, 'stats': [{'identifier': 'minutes', 'points': 0, 'value': 0, 'points_modification': 0}]}]",False
10,5,2025-26,0,0,0,0,0,0,0,0,0,0,0,0,0,0.0,0.0,0.0,0.0,0,0,0,0,0,0.00,0.00,0.00,0.00,0,False,"[{'fixture': 41, 'stats': [{'identifier': 'minutes', 'points': 0, 'value': 0, 'points_modification': 0}]}]",False
11,5,2025-26,0,0,0,0,0,0,0,0,0,0,0,0,0,0.0,0.0,0.0,0.0,0,0,0,0,0,0.00,0.00,0.00,0.00,0,False,"[{'fixture': 41, 'stats': [{'identifier': 'minutes', 'points': 0, 'value': 0, 'points_modification': 0}]}]",False
12,5,2025-26,90,0,0,0,1,0,0,0,0,0,0,0,19,29.6,18.0,15.0,6.3,6,6,3,9,1,0.04,0.07,0.11,0.85,2,False,"[{'fixture': 44, 'stats': [{'identifier': 'minutes', 'points': 2, 'value': 90, 'points_modification': 0}]}]",False
13,5,2025-26,0,0,0,0,0,0,0,0,0,0,0,0,0,0.0,0.0,0.0,0.0,0,0,0,0,0,0.00,0.00,0.00,0.00,0,False,"[{'fixture': 41, 'stats': [{'identifier': 'minutes', 'points': 0, 'value': 0, 'points_modification': 0}]}]",False
14,5,2025-26,0,0,0,0,0,0,0,0,0,0,0,0,0,0.0,0.0,0.0,0.0,0,0,0,0,0,0.00,0.00,0.00,0.00,0,False,"[{'fixture': 41, 'stats': [{'identifier': 'minutes', 'points': 0, 'value': 0, 'points_modification': 0}]}]",False
15,5,2025-26,0,0,0,0,0,0,0,0,0,0,0,0,0,0.0,0.0,0.0,0.0,0,0,0,0,0,0.00,0.00,0.00,0.00,0,False,"[{'fixture': 41, 'stats': [{'identifier': 'minutes', 'points': 0, 'value': 0, 'points_modification': 0}]}]",False
16,5,2025-26,45,0,0,0,0,0,0,0,0,0,0,0,7,5.6,32.3,7.0,4.5,0,3,0,3,0,0.04,0.21,0.25,0.34,1,False,"[{'fixture': 41, 'stats': [{'identifier': 'minutes', 'points': 1, 'value': 45, 'points_modification': 0}]}]",False
17,5,2025-26,0,0,0,0,0,0,0,0,0,0,0,0,0,0.0,0.0,0.0,0.0,0,0,0,0,0,0.00,0.00,0.00,0.00,0,False,"[{'fixture': 41, 'stats': [{'identifier': 'minutes', 'points': 0, 'value': 0, 'points_modification': 0}]}]",False
18,5,2025-26,45,0,0,0,1,0,0,0,0,0,0,0,-2,0.4,1.7,29.0,3.1,0,2,0,2,1,0.15,0.01,0.16,0.55,1,False,"[{'fixture': 41, 'stats': [{'identifier': 'minutes', 'points': 1, 'value': 45, 'points_modification': 0}]}]",False
19,5,2025-26,10,1,0,0,0,0,0,0,0,0,0,1,22,33.0,0.3,17.0,5.0,0,0,0,0,0,0.16,0.00,0.16,0.25,7,False,"[{'fixture': 41, 'stats': [{'identifier': 'minutes', 'points': 1, 'value': 10, 'points_modification': 0}, {'identifier': 'goals_scored', 'points': 5, 'value': 1, 'points_modification': 0}, {'identifier': 'bonus', 'points': 1, 'value': 1, 'points_modification': 0}]}]",False
20,5,2025-26,83,0,0,0,1,0,0,0,0,0,0,0,13,7.6,4.3,17.0,2.9,2,1,1,4,1,0.14,0.07,0.21,0.89,2,False,"[{'fixture': 41, 'stats': [{'identifier': 'minutes', 'points': 2, 'value': 83, 'points_modification': 0}]}]",False
21,5,2025-26,90,0,0,0,1,0,0,0,0,0,0,1,22,18.8,37.0,0.0,5.6,1,6,2,9,1,0.00,0.16,0.16,0.89,3,False,"[{'fixture': 41, 'stats': [{'identifier': 'minutes', 'points': 2, 'value': 90, 'points_modification': 0}, {'identifier': 'bonus', 'points': 1, 'value': 1, 'points_modification': 0}]}]",False
22,5,2025-26,45,0,0,0,1,0,0,0,0,0,0,0,6,8.8,17.3,0.0,2.6,2,4,1,7,1,0.00,0.03,0.03,0.55,1,False,"[{'fixture': 41, 'stats': [{'identifier': 'minutes', 'points': 1, 'value': 45, 'points_modification': 0}]}]",False
23,5,2025-26,0,0,0,0,0,0,0,0,0,0,0,0,0,0.0,0.0,0.0,0.0,0,0,0,0,0,0.00,0.00,0.00,0.00,0,False,"[{'fixture': 41, 'stats': [{'identifier': 'minutes', 'points': 0, 'value': 0, 'points_modification': 0}]}]",False
24,5,2025-26,0,0,0,0,0,0,0,0,0,0,0,0,0,0.0,0.0,0.0,0.0,0,0,0,0,0,0.00,0.00,0.00,0.00,0,False,"[{'fixture': 41, 'stats': [{'identifier': 'minutes', 'points': 0, 'value': 0, 'points_modification': 0}]}]",False
25,5,2025-26,6,0,0,0,0,0,0,0,0,0,0,0,3,0.2,0.4,0.0,0.1,0,1,0,1,0,0.00,0.00,0.00,0.00,1,False,"[{'fixture': 41, 'stats': [{'identifier': 'minutes', 'points': 1, 'value': 6, 'points_modification': 0}]}]",False
26,5,2025-26,90,0,0,0,1,0,0,0,0,0,0,0,13,8.6,19.0,12.0,4.0,2,3,0,5,1,0.05,0.04,0.09,0.89,2,False,"[{'fixture': 41, 'stats': [{'identifier': 'minutes', 'points': 2, 'value': 90, 'points_modification': 0}]}]",False
27,5,2025-26,0,0,0,0,0,0,0,0,0,0,0,0,0,0.0,0.0,0.0,0.0,0,0,0,0,0,0.00,0.00,0.00,0.00,0,False,"[{'fixture': 45, 'stats': [{'identifier': 'minutes', 'points': 0, 'value': 0, 'points_modification': 0}]}]",False
28,5,2025-26,0,0,0,0,0,0,0,0,0,0,0,0,0,0.0,0.0,0.0,0.0,0,0,0,0,0,0.00,0.00,0.00,0.00,0,False,"[{'fixture': 41, 'stats': [{'identifier': 'minutes', 'points': 0, 'value': 0, 'points_modification': 0}]}]",False
29,5,2025-26,0,0,0,0,0,0,0,0,0,0,0,0,0,0.0,0.0,0.0,0.0,0,0,0,0,0,0.00,0.00,0.00,0.00,0,False,"[{'fixture': 41, 'stats': [{'identifier': 'minutes', 'points': 0, 'value': 0, 'points_modification': 0}]}]",False
30,5,2025-26,0,0,0,0,0,0,0,0,0,0,0,0,0,0.0,0.0,0.0,0.0,0,0,0,0,0,0.00,0.00,0.00,0.00,0,False,"[{'fixture': 41, 'stats': [{'identifier': 'minutes', 'points': 0, 'value': 0, 'points_modification': 0}]}]",False
31,5,2025-26,0,0,0,0,0,0,0,0,0,0,0,0,0,0.0,0.0,0.0,0.0,0,0,0,0,0,0.00,0.00,0.00,0.00,0,False,"[{'fixture': 41, 'stats': [{'identifier': 'minutes', 'points': 0, 'value': 0, 'points_modification': 0}]}]",False
32,5,2025-26,90,0,0,0,1,0,0,0,0,0,3,0,12,18.8,0.0,0.0,1.9,1,7,0,0,1,0.00,0.00,0.00,1.05,3,False,"[{'fixture': 48, 'stats': [{'identifier': 'minutes', 'points': 2, 'value': 90, 'points_modification': 0}, {'identifier': 'saves', 'points': 1, 'value': 3, 'points_modification': 0}]}]",False
33,5,2025-26,0,0,0,0,0,0,0,0,0,0,0,0,0,0.0,0.0,0.0,0.0,0,0,0,0,0,0.00,0.00,0.00,0.00,0,False,"[{'fixture': 48, 'stats': [{'identifier': 'minutes', 'points': 0, 'value': 0, 'points_modification': 0}]}]",False
34,5,2025-26,0,0,0,0,0,0,0,0,0,0,0,0,0,0.0,0.0,0.0,0.0,0,0,0,0,0,0.00,0.00,0.00,0.00,0,False,"[{'fixture': 48, 'stats': [{'identifier': 'minutes', 'points': 0, 'value': 0, 'points_modification': 0}]}]",False
35,5,2025-26,0,0,0,0,0,0,0,0,0,0,0,0,0,0.0,0.0,0.0,0.0,0,0,0,0,0,0.00,0.00,0.00,0.00,0,False,"[{'fixture': 48, 'stats': [{'identifier': 'minutes', 'points': 0, 'value': 0, 'points_modification': 0}]}]",False
36,5,2025-26,90,1,0,0,1,0,0,0,0,0,0,2,29,44.4,7.2,11.0,6.3,3,3,2,5,1,0.05,0.05,0.10,1.05,10,True,"[{'fixture': 48, 'stats': [{'identifier': 'minutes', 'points': 2, 'value': 90, 'points_modification': 0}, {'identifier': 'goals_scored', 'points': 6, 'value': 1, 'points_modification': 0}, {'identifier': 'bonus', 'points': 2, 'value': 2, 'points_modification': 0}]}]",False
37,5,2025-26,57,0,0,0,0,0,0,0,0,0,0,0,6,1.2,3.8,2.0,0.7,0,2,0,0,1,0.00,0.04,0.04,0.37,1,False,"[{'fixture': 48, 'stats': [{'identifier': 'minutes', 'points': 1, 'value': 57, 'points_modification': 0}]}]",False
38,5,2025-26,90,0,0,0,1,0,0,0,0,0,0,0,10,26.2,3.0,0.0,2.9,5,4,1,6,1,0.00,0.02,0.02,1.05,2,False,"[{'fixture': 48, 'stats': [{'identifier': 'minutes', 'points': 2, 'value': 90, 'points_modification': 0}]}]",False
39,5,2025-26,32,0,0,0,1,0,0,0,1,0,0,0,-2,5.0,3.5,6.0,1.5,2,3,0,2,0,0.00,0.02,0.02,0.68,0,False,"[{'fixture': 48, 'stats': [{'identifier': 'minutes', 'points': 1, 'value': 32, 'points_modification': 0}, {'identifier': 'yellow_cards', 'points': -1, 'value': 1, 'points_modification': 0}]}]",False
40,5,2025-26,90,0,0,0,1,0,0,0,0,0,0,0,16,34.4,24.4,2.0,6.1,12,2,0,12,1,0.00,0.03,0.03,1.05,4,False,"[{'fixture': 48, 'stats': [{'identifier': 'minutes', 'points': 2, 'value': 90, 'points_modification': 0}, {'identifier': 'defensive_contribution', 'points': 2, 'value': 12, 'points_modification': 0}]}]",False
41,5,2025-26,0,0,0,0,0,0,0,0,0,0,0,0,0,0.0,0.0,0.0,0.0,0,0,0,0,0,0.00,0.00,0.00,0.00,0,False,"[{'fixture': 48, 'stats': [{'identifier': 'minutes', 'points': 0, 'value': 0, 'points_modification': 0}]}]",False
42,5,2025-26,0,0,0,0,0,0,0,0,0,0,0,0,0,0.0,0.0,0.0,0.0,0,0,0,0,0,0.00,0.00,0.00,0.00,0,False,"[{'fixture': 48, 'stats': [{'identifier': 'minutes', 'points': 0, 'value': 0, 'points_modification': 0}]}]",False
43,5,2025-26,0,0,0,0,0,0,0,0,0,0,0,0,0,0.0,0.0,0.0,0.0,0,0,0,0,0,0.00,0.00,0.00,0.00,0,False,"[{'fixture': 48, 'stats': [{'identifier': 'minutes', 'points': 0, 'value': 0, 'points_modification': 0}]}]",False
44,5,2025-26,8,0,0,0,0,0,0,0,0,0,0,0,2,0.0,1.3,4.0,0.5,0,2,0,0,0,0.00,0.00,0.00,0.00,1,False,"[{'fixture': 48, 'stats': [{'identifier': 'minutes', 'points': 1, 'value': 8, 'points_modification': 0}]}]",False
45,5,2025-26,0,0,0,0,0,0,0,0,0,0,0,0,0,0.0,0.0,0.0,0.0,0,0,0,0,0,0.00,0.00,0.00,0.00,0,False,"[{'fixture': 48, 'stats': [{'identifier': 'minutes', 'points': 0, 'value': 0, 'points_modification': 0}]}]",False
46,5,2025-26,0,0,0,0,0,0,0,0,0,0,0,0,0,0.0,0.0,0.0,0.0,0,0,0,0,0,0.00,0.00,0.00,0.00,0,False,"[{'fixture': 48, 'stats': [{'identifier': 'minutes', 'points': 0, 'value': 0, 'points_modification': 0}]}]",False
47,5,2025-26,81,0,0,0,1,0,0,0,0,0,0,0,5,5.2,23.8,10.0,3.9,1,1,0,2,1,0.00,0.27,0.27,1.05,2,False,"[{'fixture': 48, 'stats': [{'identifier': 'minutes', 'points': 2, 'value': 81, 'points_modification': 0}]}]",False
48,5,2025-26,0,0,0,0,0,0,0,0,0,0,0,0,0,0.0,0.0,0.0,0.0,0,0,0,0,0,0.00,0.00,0.00,0.00,0,False,"[{'fixture': 48, 'stats': [{'identifier': 'minutes', 'points': 0, 'value': 0, 'points_modification': 0}]}]",False
49,5,2025-26,0,0,0,0,0,0,0,0,0,0,0,0,0,0.0,0.0,0.0,0.0,0,0,0,0,0,0.00,0.00,0.00,0.00,0,False,"[{'fixture': 48, 'stats': [{'identifier': 'minutes', 'points': 0, 'value': 0, 'points_modification': 0}]}]",False
50,5,2025-26,57,0,0,0,0,0,0,0,0,0,0,0,0,2.6,3.5,12.0,1.8,2,3,2,7,1,0.06,0.06,0.12,0.37,1,False,"[{'fixture': 48, 'stats': [{'identifier': 'minutes', 'points': 1, 'value': 57, 'points_modification': 0}]}]",False
51,5,2025-26,0,0,0,0,0,0,0,0,0,0,0,0,0,0.0,0.0,0.0,0.0,0,0,0,0,0,0.00,0.00,0.00,0.00,0,False,"[{'fixture': 48, 'stats': [{'identifier': 'minutes', 'points': 0, 'value': 0, 'points_modification': 0}]}]",False
52,5,2025-26,0,0,0,0,0,0,0,0,0,0,0,0,0,0.0,0.0,0.0,0.0,0,0,0,0,0,0.00,0.00,0.00,0.00,0,False,"[{'fixture': 42, 'stats': [{'identifier': 'minutes', 'points': 0, 'value': 0, 'points_modification': 0}]}]",False
53,5,2025-26,17,0,0,0,1,0,0,0,0,0,0,0,4,2.2,12.8,14.0,2.9,0,0,1,1,0,0.10,0.05,0.15,0.27,1,False,"[{'fixture': 48, 'stats': [{'identifier': 'minutes', 'points': 1, 'value': 17, 'points_modification': 0}]}]",False
54,5,2025-26,90,0,0,0,1,0,0,0,0,0,0,0,15,11.8,19.4,3.0,3.4,1,3,1,5,1,0.06,0.08,0.14,1.05,2,False,"[{'fixture': 48, 'stats': [{'identifier': 'minutes', 'points': 2, 'value': 90, 'points_modification': 0}]}]",False
55,5,2025-26,0,0,0,0,0,0,0,0,0,0,0,0,0,0.0,0.0,0.0,0.0,0,0,0,0,0,0.00,0.00,0.00,0.00,0,False,"[{'fixture': 48, 'stats': [{'identifier': 'minutes', 'points': 0, 'value': 0, 'points_modification': 0}]}]",False
56,5,2025-26,0,0,0,0,0,0,0,0,0,0,0,0,0,0.0,0.0,0.0,0.0,0,0,0,0,0,0.00,0.00,0.00,0.00,0,False,"[{'fixture': 48, 'stats': [{'identifier': 'minutes', 'points': 0, 'value': 0, 'points_modification': 0}]}]",False
57,5,2025-26,0,0,0,0,0,0,0,0,0,0,0,0,0,0.0,0.0,0.0,0.0,0,0,0,0,0,0.00,0.00,0.00,0.00,0,False,"[{'fixture': 48, 'stats': [{'identifier': 'minutes', 'points': 0, 'value': 0, 'points_modification': 0}]}]",False
58,5,2025-26,81,0,1,0,1,0,0,0,0,0,0,1,28,38.2,29.0,0.0,6.7,4,2,2,8,1,0.00,0.08,0.08,1.05,6,False,"[{'fixture': 48, 'stats': [{'identifier': 'minutes', 'points': 2, 'value': 81, 'points_modification': 0}, {'identifier': 'assists', 'points': 3, 'value': 1, 'points_modification': 0}, {'identifier': 'bonus', 'points': 1, 'value': 1, 'points_modification': 0}]}]",False
59,5,2025-26,0,0,0,0,0,0,0,0,0,0,0,0,0,0.0,0.0,0.0,0.0,0,0,0,0,0,0.00,0.00,0.00,0.00,0,False,"[{'fixture': 48, 'stats': [{'identifier': 'minutes', 'points': 0, 'value': 0, 'points_modification': 0}]}]",False
60,5,2025-26,0,0,0,0,0,0,0,0,0,0,0,0,0,0.0,0.0,0.0,0.0,0,0,0,0,0,0.00,0.00,0.00,0.00,0,False,"[{'fixture': 48, 'stats': [{'identifier': 'minutes', 'points': 0, 'value': 0, 'points_modification': 0}]}]",False
61,5,2025-26,0,0,0,0,0,0,0,0,0,0,0,0,0,0.0,0.0,0.0,0.0,0,0,0,0,0,0.00,0.00,0.00,0.00,0,False,"[{'fixture': 48, 'stats': [{'identifier': 'minutes', 'points': 0, 'value': 0, 'points_modification': 0}]}]",False
62,5,2025-26,0,0,0,0,0,0,0,0,0,0,0,0,0,0.0,0.0,0.0,0.0,0,0,0,0,0,0.00,0.00,0.00,0.00,0,False,"[{'fixture': 48, 'stats': [{'identifier': 'minutes', 'points': 0, 'value': 0, 'points_modification': 0}]}]",False
63,5,2025-26,0,0,0,0,0,0,0,0,0,0,0,0,0,0.0,0.0,0.0,0.0,0,0,0,0,0,0.00,0.00,0.00,0.00,0,False,"[{'fixture': 48, 'stats': [{'identifier': 'minutes', 'points': 0, 'value': 0, 'points_modification': 0}]}]",False
64,5,2025-26,90,0,0,0,1,0,0,0,0,0,0,0,4,1.2,0.8,6.0,0.8,0,1,1,2,1,0.00,0.00,0.00,1.05,2,False,"[{'fixture': 48, 'stats': [{'identifier': 'minutes', 'points': 2, 'value': 90, 'points_modification': 0}]}]",False
65,5,2025-26,0,0,0,0,0,0,0,0,0,0,0,0,0,0.0,0.0,0.0,0.0,0,0,0,0,0,0.00,0.00,0.00,0.00,0,False,"[{'fixture': 48, 'stats': [{'identifier': 'minutes', 'points': 0, 'value': 0, 'points_modification': 0}]}]",False
66,5,2025-26,0,0,0,0,0,0,0,0,0,0,0,0,0,0.0,0.0,0.0,0.0,0,0,0,0,0,0.00,0.00,0.00,0.00,0,False,"[{'fixture': 42, 'stats': [{'identifier': 'minutes', 'points': 0, 'value': 0, 'points_modification': 0}]}]",False
67,5,2025-26,90,0,0,1,0,0,0,0,0,0,1,0,22,9.8,0.0,0.0,1.0,1,5,0,0,1,0.00,0.00,0.00,0.14,6,False,"[{'fixture': 42, 'stats': [{'identifier': 'minutes', 'points': 2, 'value': 90, 'points_modification': 0}, {'identifier': 'clean_sheets', 'points': 4, 'value': 1, 'points_modification': 0}]}]",False
68,5,2025-26,0,0,0,0,0,0,0,0,0,0,0,0,0,0.0,0.0,0.0,0.0,0,0,0,0,0,0.00,0.00,0.00,0.00,0,False,"[{'fixture': 42, 'stats': [{'identifier': 'minutes', 'points': 0, 'value': 0, 'points_modification': 0}]}]",False
69,5,2025-26,0,0,0,0,0,0,0,0,0,0,0,0,0,0.0,0.0,0.0,0.0,0,0,0,0,0,0.00,0.00,0.00,0.00,0,False,"[{'fixture': 42, 'stats': [{'identifier': 'minutes', 'points': 0, 'value': 0, 'points_modification': 0}]}]",False
70,5,2025-26,0,0,0,0,0,0,0,0,0,0,0,0,0,0.0,0.0,0.0,0.0,0,0,0,0,0,0.00,0.00,0.00,0.00,0,False,"[{'fixture': 42, 'stats': [{'identifier': 'minutes', 'points': 0, 'value': 0, 'points_modification': 0}]}]",False
71,5,2025-26,0,0,0,0,0,0,0,0,0,0,0,0,0,0.0,0.0,0.0,0.0,0,0,0,0,0,0.00,0.00,0.00,0.00,0,False,"[{'fixture': 42, 'stats': [{'identifier': 'minutes', 'points': 0, 'value': 0, 'points_modification': 0}]}]",False
72,5,2025-26,90,0,0,1,0,0,0,0,0,0,0,1,27,25.8,11.9,2.0,4.0,11,3,0,11,1,0.00,0.03,0.03,0.14,9,False,"[{'fixture': 42, 'stats': [{'identifier': 'minutes', 'points': 2, 'value': 90, 'points_modification': 0}, {'identifier': 'clean_sheets', 'points': 4, 'value': 1, 'points_modification': 0}, {'identifier': 'bonus', 'points': 1, 'value': 1, 'points_modification': 0}, {'identifier': 'defensive_contribution', 'points': 2, 'value': 11, 'points_modification': 0}]}]",False
73,5,2025-26,0,0,0,0,0,0,0,0,0,0,0,0,0,0.0,0.0,0.0,0.0,0,0,0,0,0,0.00,0.00,0.00,0.00,0,False,"[{'fixture': 42, 'stats': [{'identifier': 'minutes', 'points': 0, 'value': 0, 'points_modification': 0}]}]",False
74,5,2025-26,90,0,0,1,0,0,0,0,0,0,0,3,29,11.4,4.9,2.0,1.8,5,10,0,5,1,0.00,0.01,0.01,0.14,9,False,"[{'fixture': 42, 'stats': [{'identifier': 'minutes', 'points': 2, 'value': 90, 'points_modification': 0}, {'identifier': 'clean_sheets', 'points': 4, 'value': 1, 'points_modification': 0}, {'identifier': 'bonus', 'points': 3, 'value': 3, 'points_modification': 0}]}]",False
75,5,2025-26,0,0,0,0,0,0,0,0,0,0,0,0,0,0.0,0.0,0.0,0.0,0,0,0,0,0,0.00,0.00,0.00,0.00,0,False,"[{'fixture': 42, 'stats': [{'identifier': 'minutes', 'points': 0, 'value': 0, 'points_modification': 0}]}]",False
76,5,2025-26,0,0,0,0,0,0,0,0,0,0,0,0,0,0.0,0.0,0.0,0.0,0,0,0,0,0,0.00,0.00,0.00,0.00,0,False,"[{'fixture': 42, 'stats': [{'identifier': 'minutes', 'points': 0, 'value': 0, 'points_modification': 0}]}]",False
77,5,2025-26,45,0,0,0,0,0,0,0,0,0,0,0,4,5.0,0.7,4.0,1.0,4,0,0,4,0,0.00,0.00,0.00,0.00,1,False,"[{'fixture': 42, 'stats': [{'identifier': 'minutes', 'points': 1, 'value': 45, 'points_modification': 0}]}]",False
78,5,2025-26,0,0,0,0,0,0,0,0,0,0,0,0,0,0.0,0.0,0.0,0.0,0,0,0,0,0,0.00,0.00,0.00,0.00,0,False,"[{'fixture': 42, 'stats': [{'identifier': 'minutes', 'points': 0, 'value': 0, 'points_modification': 0}]}]",False
79,5,2025-26,0,0,0,0,0,0,0,0,0,0,0,0,0,0.0,0.0,0.0,0.0,0,0,0,0,0,0.00,0.00,0.00,0.00,0,False,"[{'fixture': 42, 'stats': [{'identifier': 'minutes', 'points': 0, 'value': 0, 'points_modification': 0}]}]",False
80,5,2025-26,0,0,0,0,0,0,0,0,0,0,0,0,0,0.0,0.0,0.0,0.0,0,0,0,0,0,0.00,0.00,0.00,0.00,0,False,"[{'fixture': 42, 'stats': [{'identifier': 'minutes', 'points': 0, 'value': 0, 'points_modification': 0}]}]",False
81,5,2025-26,27,0,0,0,0,0,0,0,0,0,0,0,4,5.4,3.8,7.0,1.6,1,1,0,2,0,0.11,0.00,0.11,0.00,1,False,"[{'fixture': 42, 'stats': [{'identifier': 'minutes', 'points': 1, 'value': 27, 'points_modification': 0}]}]",False
82,5,2025-26,90,0,0,1,0,0,0,0,0,0,0,0,9,8.8,13.9,4.0,2.7,1,10,3,14,1,0.11,0.05,0.16,0.14,5,False,"[{'fixture': 42, 'stats': [{'identifier': 'minutes', 'points': 2, 'value': 90, 'points_modification': 0}, {'identifier': 'clean_sheets', 'points': 1, 'value': 1, 'points_modification': 0}, {'identifier': 'defensive_contribution', 'points': 2, 'value': 14, 'points_modification': 0}]}]",False
83,5,2025-26,25,0,0,0,0,0,0,0,0,0,0,0,-2,0.0,0.3,11.0,0.9,0,0,0,0,0,0.12,0.00,0.12,0.00,1,False,"[{'fixture': 45, 'stats': [{'identifier': 'minutes', 'points': 1, 'value': 25, 'points_modification': 0}]}]",False
84,5,2025-26,74,0,0,1,0,0,0,0,0,0,0,0,4,11.4,13.1,6.0,3.1,3,3,1,7,1,0.06,0.03,0.09,0.14,3,False,"[{'fixture': 42, 'stats': [{'identifier': 'minutes', 'points': 2, 'value': 74, 'points_modification': 0}, {'identifier': 'clean_sheets', 'points': 1, 'value': 1, 'points_modification': 0}]}]",False
85,5,2025-26,90,0,0,1,0,0,0,0,0,0,0,0,19,16.2,4.0,17.0,3.7,4,4,3,11,1,0.04,0.01,0.05,0.14,3,False,"[{'fixture': 42, 'stats': [{'identifier': 'minutes', 'points': 2, 'value': 90, 'points_modification': 0}, {'identifier': 'clean_sheets', 'points': 1, 'value': 1, 'points_modification': 0}]}]",False
86,5,2025-26,62,0,0,1,0,0,0,0,0,0,0,0,8,3.8,14.8,4.0,2.3,2,4,0,6,1,0.00,0.04,0.04,0.14,3,False,"[{'fixture': 42, 'stats': [{'identifier': 'minutes', 'points': 2, 'value': 62, 'points_modification': 0}, {'identifier': 'clean_sheets', 'points': 1, 'value': 1, 'points_modification': 0}]}]",False
87,5,2025-26,27,0,0,0,0,0,0,0,0,0,0,0,4,3.2,5.5,4.0,1.3,2,3,0,5,0,0.01,0.02,0.03,0.00,1,False,"[{'fixture': 42, 'stats': [{'identifier': 'minutes', 'points': 1, 'value': 27, 'points_modification': 0}]}]",False
88,5,2025-26,0,0,0,0,0,0,0,0,0,0,0,0,0,0.0,0.0,0.0,0.0,0,0,0,0,0,0.00,0.00,0.00,0.00,0,False,"[{'fixture': 42, 'stats': [{'identifier': 'minutes', 'points': 0, 'value': 0, 'points_modification': 0}]}]",False
89,5,2025-26,0,0,0,0,0,0,0,0,0,0,0,0,0,0.0,0.0,0.0,0.0,0,0,0,0,0,0.00,0.00,0.00,0.00,0,False,"[{'fixture': 42, 'stats': [{'identifier': 'minutes', 'points': 0, 'value': 0, 'points_modification': 0}]}]",False
90,5,2025-26,62,0,0,1,0,0,0,0,0,0,0,0,12,7.6,8.5,1.0,1.7,3,5,2,10,1,0.06,0.02,0.08,0.14,3,False,"[{'fixture': 42, 'stats': [{'identifier': 'minutes', 'points': 2, 'value': 62, 'points_modification': 0}, {'identifier': 'clean_sheets', 'points': 1, 'value': 1, 'points_modification': 0}]}]",False
91,5,2025-26,0,0,0,0,0,0,0,0,0,0,0,0,0,0.0,0.0,0.0,0.0,0,0,0,0,0,0.00,0.00,0.00,0.00,0,False,"[{'fixture': 42, 'stats': [{'identifier': 'minutes', 'points': 0, 'value': 0, 'points_modification': 0}]}]",False
92,5,2025-26,0,0,0,0,0,0,0,0,0,0,0,0,0,0.0,0.0,0.0,0.0,0,0,0,0,0,0.00,0.00,0.00,0.00,0,False,"[{'fixture': 42, 'stats': [{'identifier': 'minutes', 'points': 0, 'value': 0, 'points_modification': 0}]}]",False
93,5,2025-26,0,0,0,0,0,0,0,0,0,0,0,0,0,0.0,0.0,0.0,0.0,0,0,0,0,0,0.00,0.00,0.00,0.00,0,False,"[{'fixture': 42, 'stats': [{'identifier': 'minutes', 'points': 0, 'value': 0, 'points_modification': 0}]}]",False
94,5,2025-26,0,0,0,0,0,0,0,0,0,0,0,0,0,0.0,0.0,0.0,0.0,0,0,0,0,0,0.00,0.00,0.00,0.00,0,False,"[{'fixture': 42, 'stats': [{'identifier': 'minutes', 'points': 0, 'value': 0, 'points_modification': 0}]}]",False
95,5,2025-26,0,0,0,0,0,0,0,0,0,0,0,0,0,0.0,0.0,0.0,0.0,0,0,0,0,0,0.00,0.00,0.00,0.00,0,False,"[{'fixture': 42, 'stats': [{'identifier': 'minutes', 'points': 0, 'value': 0, 'points_modification': 0}]}]",False
96,5,2025-26,0,0,0,0,0,0,0,0,0,0,0,0,0,0.0,0.0,0.0,0.0,0,0,0,0,0,0.00,0.00,0.00,0.00,0,False,"[{'fixture': 42, 'stats': [{'identifier': 'minutes', 'points': 0, 'value': 0, 'points_modification': 0}]}]",False
97,5,2025-26,90,0,0,1,0,0,0,0,0,0,0,0,9,4.6,11.6,9.0,2.5,0,4,1,5,1,0.10,0.02,0.12,0.14,2,False,"[{'fixture': 42, 'stats': [{'identifier': 'minutes', 'points': 2, 'value': 90, 'points_modification': 0}]}]",False
98,5,2025-26,0,0,0,0,0,0,0,0,0,0,0,0,0,0.0,0.0,0.0,0.0,0,0,0,0,0,0.00,0.00,0.00,0.00,0,False,"[{'fixture': 42, 'stats': [{'identifier': 'minutes', 'points': 0, 'value': 0, 'points_modification': 0}]}]",False
99,5,2025-26,0,0,0,0,0,0,0,0,0,0,0,0,0,0.0,0.0,0.0,0.0,0,0,0,0,0,0.00,0.00,0.00,0.00,0,False,"[{'fixture': 42, 'stats': [{'identifier': 'minutes', 'points': 0, 'value': 0, 'points_modification': 0}]}]",False
100,5,2025-26,0,0,0,0,0,0,0,0,0,0,0,0,0,0.0,0.0,0.0,0.0,0,0,0,0,0,0.00,0.00,0.00,0.00,0,False,"[{'fixture': 42, 'stats': [{'identifier': 'minutes', 'points': 0, 'value': 0, 'points_modification': 0}]}]",False
101,5,2025-26,90,0,0,0,3,0,0,0,0,0,2,0,1,17.6,0.0,0.0,1.8,1,7,0,0,1,0.00,0.00,0.00,1.01,1,False,"[{'fixture': 45, 'stats': [{'identifier': 'minutes', 'points': 2, 'value': 90, 'points_modification': 0}, {'identifier': 'goals_conceded', 'points': -1, 'value': 3, 'points_modification': 0}]}]",False
102,5,2025-26,0,0,0,0,0,0,0,0,0,0,0,0,0,0.0,0.0,0.0,0.0,0,0,0,0,0,0.00,0.00,0.00,0.00,0,False,"[{'fixture': 45, 'stats': [{'identifier': 'minutes', 'points': 0, 'value': 0, 'points_modification': 0}]}]",False
103,5,2025-26,0,0,0,0,0,0,0,0,0,0,0,0,0,0.0,0.0,0.0,0.0,0,0,0,0,0,0.00,0.00,0.00,0.00,0,False,"[{'fixture': 45, 'stats': [{'identifier': 'minutes', 'points': 0, 'value': 0, 'points_modification': 0}]}]",False
104,5,2025-26,0,0,0,0,0,0,0,0,0,0,0,0,0,0.0,0.0,0.0,0.0,0,0,0,0,0,0.00,0.00,0.00,0.00,0,False,"[{'fixture': 45, 'stats': [{'identifier': 'minutes', 'points': 0, 'value': 0, 'points_modification': 0}]}]",False
105,5,2025-26,0,0,0,0,0,0,0,0,0,0,0,0,0,0.0,0.0,0.0,0.0,0,0,0,0,0,0.00,0.00,0.00,0.00,0,False,"[{'fixture': 45, 'stats': [{'identifier': 'minutes', 'points': 0, 'value': 0, 'points_modification': 0}]}]",False
106,5,2025-26,90,0,0,0,3,0,0,0,1,0,0,0,1,22.2,0.3,33.0,5.6,7,1,1,8,1,0.09,0.01,0.10,1.01,0,False,"[{'fixture': 45, 'stats': [{'identifier': 'minutes', 'points': 2, 'value': 90, 'points_modification': 0}, {'identifier': 'goals_conceded', 'points': -1, 'value': 3, 'points_modification': 0}, {'identifier': 'yellow_cards', 'points': -1, 'value': 1, 'points_modification': 0}]}]",False
107,5,2025-26,65,0,0,0,3,0,0,0,0,0,0,0,-4,0.8,4.3,2.0,0.7,0,2,0,0,1,0.00,0.01,0.01,1.01,1,False,"[{'fixture': 45, 'stats': [{'identifier': 'minutes', 'points': 2, 'value': 65, 'points_modification': 0}, {'identifier': 'goals_conceded', 'points': -1, 'value': 3, 'points_modification': 0}]}]",False
108,5,2025-26,16,0,0,0,0,0,0,0,0,0,0,0,4,3.2,0.3,4.0,0.8,1,1,1,2,0,0.05,0.00,0.05,0.00,1,False,"[{'fixture': 45, 'stats': [{'identifier': 'minutes', 'points': 1, 'value': 16, 'points_modification': 0}]}]",False
109,5,2025-26,24,0,0,0,0,0,0,0,0,0,0,0,0,0.4,0.2,0.0,0.1,1,4,0,1,0,0.00,0.00,0.00,0.00,1,False,"[{'fixture': 45, 'stats': [{'identifier': 'minutes', 'points': 1, 'value': 24, 'points_modification': 0}]}]",False
110,5,2025-26,90,0,0,0,3,0,0,0,0,0,0,0,5,13.2,22.9,2.0,3.8,2,5,2,4,1,0.00,0.07,0.07,1.01,1,False,"[{'fixture': 45, 'stats': [{'identifier': 'minutes', 'points': 2, 'value': 90, 'points_modification': 0}, {'identifier': 'goals_conceded', 'points': -1, 'value': 3, 'points_modification': 0}]}]",False
111,5,2025-26,73,0,0,0,3,1,0,0,0,0,0,0,-4,13.8,0.1,2.0,1.6,6,3,1,7,1,0.00,0.00,0.00,1.01,-1,False,"[{'fixture': 45, 'stats': [{'identifier': 'minutes', 'points': 2, 'value': 73, 'points_modification': 0}, {'identifier': 'goals_conceded', 'points': -1, 'value': 3, 'points_modification': 0}, {'identifier': 'own_goals', 'points': -2, 'value': 1, 'points_modification': 0}]}]",False
112,5,2025-26,0,0,0,0,0,0,0,0,0,0,0,0,0,0.0,0.0,0.0,0.0,0,0,0,0,0,0.00,0.00,0.00,0.00,0,False,"[{'fixture': 45, 'stats': [{'identifier': 'minutes', 'points': 0, 'value': 0, 'points_modification': 0}]}]",False
113,5,2025-26,90,0,0,0,3,0,0,0,0,0,0,0,3,10.6,0.3,0.0,1.1,6,3,0,6,1,0.00,0.00,0.00,1.01,1,False,"[{'fixture': 45, 'stats': [{'identifier': 'minutes', 'points': 2, 'value': 90, 'points_modification': 0}, {'identifier': 'goals_conceded', 'points': -1, 'value': 3, 'points_modification': 0}]}]",False
114,5,2025-26,0,0,0,0,0,0,0,0,0,0,0,0,0,0.0,0.0,0.0,0.0,0,0,0,0,0,0.00,0.00,0.00,0.00,0,False,"[{'fixture': 45, 'stats': [{'identifier': 'minutes', 'points': 0, 'value': 0, 'points_modification': 0}]}]",False
115,5,2025-26,0,0,0,0,0,0,0,0,0,0,0,0,0,0.0,0.0,0.0,0.0,0,0,0,0,0,0.00,0.00,0.00,0.00,0,False,"[{'fixture': 45, 'stats': [{'identifier': 'minutes', 'points': 0, 'value': 0, 'points_modification': 0}]}]",False
116,5,2025-26,0,0,0,0,0,0,0,0,0,0,0,0,0,0.0,0.0,0.0,0.0,0,0,0,0,0,0.00,0.00,0.00,0.00,0,False,"[{'fixture': 45, 'stats': [{'identifier': 'minutes', 'points': 0, 'value': 0, 'points_modification': 0}]}]",False
117,5,2025-26,0,0,0,0,0,0,0,0,0,0,0,0,0,0.0,0.0,0.0,0.0,0,0,0,0,0,0.00,0.00,0.00,0.00,0,False,"[{'fixture': 45, 'stats': [{'identifier': 'minutes', 'points': 0, 'value': 0, 'points_modification': 0}]}]",False
118,5,2025-26,0,0,0,0,0,0,0,0,0,0,0,0,0,0.0,0.0,0.0,0.0,0,0,0,0,0,0.00,0.00,0.00,0.00,0,False,"[{'fixture': 45, 'stats': [{'identifier': 'minutes', 'points': 0, 'value': 0, 'points_modification': 0}]}]",False
119,5,2025-26,69,0,0,1,0,0,0,0,0,0,0,0,7,2.8,11.1,22.0,3.6,1,1,0,2,1,0.09,0.08,0.17,0.13,3,False,"[{'fixture': 47, 'stats': [{'identifier': 'minutes', 'points': 2, 'value': 69, 'points_modification': 0}, {'identifier': 'clean_sheets', 'points': 1, 'value': 1, 'points_modification': 0}]}]",False
120,5,2025-26,90,0,0,0,3,0,0,0,0,0,0,0,7,6.0,11.3,13.0,3.0,0,3,2,5,1,0.06,0.20,0.26,1.01,2,False,"[{'fixture': 45, 'stats': [{'identifier': 'minutes', 'points': 2, 'value': 90, 'points_modification': 0}]}]",False
121,5,2025-26,86,1,0,0,3,0,0,0,0,0,0,1,32,42.6,8.0,24.0,7.5,0,1,3,4,1,0.19,0.04,0.23,1.01,8,False,"[{'fixture': 45, 'stats': [{'identifier': 'minutes', 'points': 2, 'value': 86, 'points_modification': 0}, {'identifier': 'goals_scored', 'points': 5, 'value': 1, 'points_modification': 0}, {'identifier': 'bonus', 'points': 1, 'value': 1, 'points_modification': 0}]}]",False
122,5,2025-26,0,0,0,0,0,0,0,0,0,0,0,0,0,0.0,0.0,0.0,0.0,0,0,0,0,0,0.00,0.00,0.00,0.00,0,False,"[{'fixture': 45, 'stats': [{'identifier': 'minutes', 'points': 0, 'value': 0, 'points_modification': 0}]}]",False
123,5,2025-26,3,0,0,0,0,0,0,0,0,0,0,0,3,0.2,1.0,0.0,0.1,0,1,0,1,0,0.00,0.00,0.00,0.00,1,False,"[{'fixture': 45, 'stats': [{'identifier': 'minutes', 'points': 1, 'value': 3, 'points_modification': 0}]}]",False
124,5,2025-26,73,0,0,0,3,0,0,0,0,0,0,0,8,2.8,2.1,0.0,0.5,1,2,0,3,1,0.00,0.01,0.01,1.01,2,False,"[{'fixture': 45, 'stats': [{'identifier': 'minutes', 'points': 2, 'value': 73, 'points_modification': 0}]}]",False
125,5,2025-26,16,0,0,0,0,0,0,0,0,0,0,0,2,0.0,0.1,0.0,0.0,0,0,0,0,0,0.00,0.00,0.00,0.00,1,False,"[{'fixture': 45, 'stats': [{'identifier': 'minutes', 'points': 1, 'value': 16, 'points_modification': 0}]}]",False
126,5,2025-26,0,0,0,0,0,0,0,0,0,0,0,0,0,0.0,0.0,0.0,0.0,0,0,0,0,0,0.00,0.00,0.00,0.00,0,False,"[{'fixture': 45, 'stats': [{'identifier': 'minutes', 'points': 0, 'value': 0, 'points_modification': 0}]}]",False
127,5,2025-26,0,0,0,0,0,0,0,0,0,0,0,0,0,0.0,0.0,0.0,0.0,0,0,0,0,0,0.00,0.00,0.00,0.00,0,False,"[{'fixture': 45, 'stats': [{'identifier': 'minutes', 'points': 0, 'value': 0, 'points_modification': 0}]}]",False
128,5,2025-26,0,0,0,0,0,0,0,0,0,0,0,0,0,0.0,0.0,0.0,0.0,0,0,0,0,0,0.00,0.00,0.00,0.00,0,False,"[{'fixture': 45, 'stats': [{'identifier': 'minutes', 'points': 0, 'value': 0, 'points_modification': 0}]}]",False
129,5,2025-26,90,0,0,0,3,0,0,0,0,0,0,0,13,13.6,12.3,0.0,2.6,2,3,2,7,1,0.00,0.01,0.01,1.01,2,False,"[{'fixture': 45, 'stats': [{'identifier': 'minutes', 'points': 2, 'value': 90, 'points_modification': 0}]}]",False
130,5,2025-26,0,0,0,0,0,0,0,0,0,0,0,0,0,0.0,0.0,0.0,0.0,0,0,0,0,0,0.00,0.00,0.00,0.00,0,False,"[{'fixture': 45, 'stats': [{'identifier': 'minutes', 'points': 0, 'value': 0, 'points_modification': 0}]}]",False
131,5,2025-26,0,0,0,0,0,0,0,0,0,0,0,0,0,0.0,0.0,0.0,0.0,0,0,0,0,0,0.00,0.00,0.00,0.00,0,False,"[{'fixture': 45, 'stats': [{'identifier': 'minutes', 'points': 0, 'value': 0, 'points_modification': 0}]}]",False
132,5,2025-26,0,0,0,0,0,0,0,0,0,0,0,0,0,0.0,0.0,0.0,0.0,0,0,0,0,0,0.00,0.00,0.00,0.00,0,False,"[{'fixture': 45, 'stats': [{'identifier': 'minutes', 'points': 0, 'value': 0, 'points_modification': 0}]}]",False
133,5,2025-26,0,0,0,0,0,0,0,0,0,0,0,0,0,0.0,0.0,0.0,0.0,0,0,0,0,0,0.00,0.00,0.00,0.00,0,False,"[{'fixture': 45, 'stats': [{'identifier': 'minutes', 'points': 0, 'value': 0, 'points_modification': 0}]}]",False
134,5,2025-26,0,0,0,0,0,0,0,0,0,0,0,0,0,0.0,0.0,0.0,0.0,0,0,0,0,0,0.00,0.00,0.00,0.00,0,False,"[{'fixture': 45, 'stats': [{'identifier': 'minutes', 'points': 0, 'value': 0, 'points_modification': 0}]}]",False
135,5,2025-26,0,0,0,0,0,0,0,0,0,0,0,0,0,0.0,0.0,0.0,0.0,0,0,0,0,0,0.00,0.00,0.00,0.00,0,False,"[{'fixture': 42, 'stats': [{'identifier': 'minutes', 'points': 0, 'value': 0, 'points_modification': 0}]}]",False
136,5,2025-26,64,0,0,0,3,0,0,0,0,0,0,0,5,3.4,1.6,17.0,2.2,1,2,1,4,1,0.10,0.01,0.11,1.01,2,False,"[{'fixture': 45, 'stats': [{'identifier': 'minutes', 'points': 2, 'value': 64, 'points_modification': 0}]}]",False
137,5,2025-26,0,0,0,0,0,0,0,0,0,0,0,0,0,0.0,0.0,0.0,0.0,0,0,0,0,0,0.00,0.00,0.00,0.00,0,False,"[{'fixture': 45, 'stats': [{'identifier': 'minutes', 'points': 0, 'value': 0, 'points_modification': 0}]}]",False
138,5,2025-26,0,0,0,0,0,0,0,0,0,0,0,0,0,0.0,0.0,0.0,0.0,0,0,0,0,0,0.00,0.00,0.00,0.00,0,False,"[{'fixture': 43, 'stats': [{'identifier': 'minutes', 'points': 0, 'value': 0, 'points_modification': 0}]}]",False
139,5,2025-26,90,0,0,0,2,0,0,0,0,0,2,0,6,19.2,0.0,0.0,1.9,1,7,0,0,1,0.00,0.00,0.00,1.22,1,False,"[{'fixture': 43, 'stats': [{'identifier': 'minutes', 'points': 2, 'value': 90, 'points_modification': 0}, {'identifier': 'goals_conceded', 'points': -1, 'value': 2, 'points_modification': 0}]}]",False
140,5,2025-26,0,0,0,0,0,0,0,0,0,0,0,0,0,0.0,0.0,0.0,0.0,0,0,0,0,0,0.00,0.00,0.00,0.00,0,False,"[{'fixture': 43, 'stats': [{'identifier': 'minutes', 'points': 0, 'value': 0, 'points_modification': 0}]}]",False
141,5,2025-26,0,0,0,0,0,0,0,0,0,0,0,0,0,0.0,0.0,0.0,0.0,0,0,0,0,0,0.00,0.00,0.00,0.00,0,False,"[{'fixture': 43, 'stats': [{'identifier': 'minutes', 'points': 0, 'value': 0, 'points_modification': 0}]}]",False
142,5,2025-26,0,0,0,0,0,0,0,0,0,0,0,0,0,0.0,0.0,0.0,0.0,0,0,0,0,0,0.00,0.00,0.00,0.00,0,False,"[{'fixture': 43, 'stats': [{'identifier': 'minutes', 'points': 0, 'value': 0, 'points_modification': 0}]}]",False
143,5,2025-26,0,0,0,0,0,0,0,0,0,0,0,0,0,0.0,0.0,0.0,0.0,0,0,0,0,0,0.00,0.00,0.00,0.00,0,False,"[{'fixture': 43, 'stats': [{'identifier': 'minutes', 'points': 0, 'value': 0, 'points_modification': 0}]}]",False
144,5,2025-26,15,0,0,0,1,0,0,0,0,0,0,0,0,5.4,0.1,0.0,0.6,3,1,0,3,0,0.00,0.00,0.00,0.07,1,False,"[{'fixture': 43, 'stats': [{'identifier': 'minutes', 'points': 1, 'value': 15, 'points_modification': 0}]}]",False
145,5,2025-26,0,0,0,0,0,0,0,0,0,0,0,0,0,0.0,0.0,0.0,0.0,0,0,0,0,0,0.00,0.00,0.00,0.00,0,False,"[{'fixture': 43, 'stats': [{'identifier': 'minutes', 'points': 0, 'value': 0, 'points_modification': 0}]}]",False
146,5,2025-26,90,0,0,0,2,0,0,0,0,0,0,0,10,26.4,0.4,2.0,2.9,10,4,2,12,1,0.03,0.00,0.03,1.22,3,False,"[{'fixture': 43, 'stats': [{'identifier': 'minutes', 'points': 2, 'value': 90, 'points_modification': 0}, {'identifier': 'goals_conceded', 'points': -1, 'value': 2, 'points_modification': 0}, {'identifier': 'defensive_contribution', 'points': 2, 'value': 12, 'points_modification': 0}]}]",False
147,5,2025-26,0,0,0,0,0,0,0,0,0,0,0,0,0,0.0,0.0,0.0,0.0,0,0,0,0,0,0.00,0.00,0.00,0.00,0,False,"[{'fixture': 43, 'stats': [{'identifier': 'minutes', 'points': 0, 'value': 0, 'points_modification': 0}]}]",False
148,5,2025-26,84,0,0,0,2,0,0,0,0,0,0,0,9,10.6,11.3,4.0,2.6,1,5,4,5,1,0.07,0.01,0.08,1.21,1,False,"[{'fixture': 43, 'stats': [{'identifier': 'minutes', 'points': 2, 'value': 84, 'points_modification': 0}, {'identifier': 'goals_conceded', 'points': -1, 'value': 2, 'points_modification': 0}]}]",False
149,5,2025-26,0,0,0,0,0,0,0,0,0,0,0,0,0,0.0,0.0,0.0,0.0,0,0,0,0,0,0.00,0.00,0.00,0.00,0,False,"[{'fixture': 49, 'stats': [{'identifier': 'minutes', 'points': 0, 'value': 0, 'points_modification': 0}]}]",False
150,5,2025-26,0,0,0,0,0,0,0,0,0,0,0,0,0,0.0,0.0,0.0,0.0,0,0,0,0,0,0.00,0.00,0.00,0.00,0,False,"[{'fixture': 43, 'stats': [{'identifier': 'minutes', 'points': 0, 'value': 0, 'points_modification': 0}]}]",False
151,5,2025-26,90,0,0,0,2,1,0,0,0,0,0,0,5,15.2,0.3,0.0,1.6,11,1,1,12,1,0.00,0.00,0.00,1.22,1,False,"[{'fixture': 43, 'stats': [{'identifier': 'minutes', 'points': 2, 'value': 90, 'points_modification': 0}, {'identifier': 'goals_conceded', 'points': -1, 'value': 2, 'points_modification': 0}, {'identifier': 'own_goals', 'points': -2, 'value': 1, 'points_modification': 0}, {'identifier': 'defensive_contribution', 'points': 2, 'value': 12, 'points_modification': 0}]}]",False
152,5,2025-26,90,0,0,0,2,0,0,0,0,0,0,0,11,27.0,5.2,0.0,3.2,8,4,7,15,1,0.00,0.00,0.00,1.22,3,False,"[{'fixture': 43, 'stats': [{'identifier': 'minutes', 'points': 2, 'value': 90, 'points_modification': 0}, {'identifier': 'goals_conceded', 'points': -1, 'value': 2, 'points_modification': 0}, {'identifier': 'defensive_contribution', 'points': 2, 'value': 15, 'points_modification': 0}]}]",False
153,5,2025-26,0,0,0,0,0,0,0,0,0,0,0,0,0,0.0,0.0,0.0,0.0,0,0,0,0,0,0.00,0.00,0.00,0.00,0,False,"[{'fixture': 43, 'stats': [{'identifier': 'minutes', 'points': 0, 'value': 0, 'points_modification': 0}]}]",False
154,5,2025-26,0,0,0,0,0,0,0,0,0,0,0,0,0,0.0,0.0,0.0,0.0,0,0,0,0,0,0.00,0.00,0.00,0.00,0,False,"[{'fixture': 43, 'stats': [{'identifier': 'minutes', 'points': 0, 'value': 0, 'points_modification': 0}]}]",False
155,5,2025-26,0,0,0,0,0,0,0,0,0,0,0,0,0,0.0,0.0,0.0,0.0,0,0,0,0,0,0.00,0.00,0.00,0.00,0,False,"[{'fixture': 43, 'stats': [{'identifier': 'minutes', 'points': 0, 'value': 0, 'points_modification': 0}]}]",False
156,5,2025-26,0,0,0,0,0,0,0,0,0,0,0,0,0,0.0,0.0,0.0,0.0,0,0,0,0,0,0.00,0.00,0.00,0.00,0,False,"[{'fixture': 43, 'stats': [{'identifier': 'minutes', 'points': 0, 'value': 0, 'points_modification': 0}]}]",False
157,5,2025-26,90,0,0,0,2,0,0,0,0,0,0,0,9,11.2,12.8,19.0,4.3,2,5,0,7,1,0.09,0.07,0.16,1.22,2,False,"[{'fixture': 43, 'stats': [{'identifier': 'minutes', 'points': 2, 'value': 90, 'points_modification': 0}]}]",False
158,5,2025-26,74,0,1,0,1,0,0,0,0,0,0,0,16,31.8,21.8,6.0,6.0,5,1,1,7,1,0.00,0.02,0.02,1.16,5,False,"[{'fixture': 43, 'stats': [{'identifier': 'minutes', 'points': 2, 'value': 74, 'points_modification': 0}, {'identifier': 'assists', 'points': 3, 'value': 1, 'points_modification': 0}]}]",False
159,5,2025-26,0,0,0,0,0,0,0,0,0,0,0,0,0,0.0,0.0,0.0,0.0,0,0,0,0,0,0.00,0.00,0.00,0.00,0,False,"[{'fixture': 43, 'stats': [{'identifier': 'minutes', 'points': 0, 'value': 0, 'points_modification': 0}]}]",False
160,5,2025-26,75,1,0,0,1,0,0,0,0,0,0,2,32,39.0,12.7,39.0,9.1,0,5,2,7,1,0.74,0.00,0.74,1.16,9,False,"[{'fixture': 43, 'stats': [{'identifier': 'minutes', 'points': 2, 'value': 75, 'points_modification': 0}, {'identifier': 'goals_scored', 'points': 5, 'value': 1, 'points_modification': 0}, {'identifier': 'bonus', 'points': 2, 'value': 2, 'points_modification': 0}]}]",False
161,5,2025-26,0,0,0,0,0,0,0,0,0,0,0,0,0,0.0,0.0,0.0,0.0,0,0,0,0,0,0.00,0.00,0.00,0.00,0,False,"[{'fixture': 43, 'stats': [{'identifier': 'minutes', 'points': 0, 'value': 0, 'points_modification': 0}]}]",False
162,5,2025-26,62,0,0,0,1,0,0,0,0,0,0,0,5,2.4,11.8,3.0,1.7,1,3,1,5,1,0.09,0.01,0.10,0.91,2,False,"[{'fixture': 43, 'stats': [{'identifier': 'minutes', 'points': 2, 'value': 62, 'points_modification': 0}]}]",False
163,5,2025-26,0,0,0,0,0,0,0,0,0,0,0,0,0,0.0,0.0,0.0,0.0,0,0,0,0,0,0.00,0.00,0.00,0.00,0,False,"[{'fixture': 43, 'stats': [{'identifier': 'minutes', 'points': 0, 'value': 0, 'points_modification': 0}]}]",False
164,5,2025-26,0,0,0,0,0,0,0,0,0,0,0,0,0,0.0,0.0,0.0,0.0,0,0,0,0,0,0.00,0.00,0.00,0.00,0,False,"[{'fixture': 43, 'stats': [{'identifier': 'minutes', 'points': 0, 'value': 0, 'points_modification': 0}]}]",False
165,5,2025-26,0,0,0,0,0,0,0,0,0,0,0,0,0,0.0,0.0,0.0,0.0,0,0,0,0,0,0.00,0.00,0.00,0.00,0,False,"[{'fixture': 43, 'stats': [{'identifier': 'minutes', 'points': 0, 'value': 0, 'points_modification': 0}]}]",False
166,5,2025-26,90,1,0,0,2,0,0,0,0,0,0,1,28,34.8,11.8,22.0,6.9,2,7,1,10,1,0.24,0.02,0.26,1.22,8,False,"[{'fixture': 43, 'stats': [{'identifier': 'minutes', 'points': 2, 'value': 90, 'points_modification': 0}, {'identifier': 'goals_scored', 'points': 5, 'value': 1, 'points_modification': 0}, {'identifier': 'bonus', 'points': 1, 'value': 1, 'points_modification': 0}]}]",False
167,5,2025-26,45,0,0,0,1,0,0,0,0,0,0,0,6,6.0,0.7,0.0,0.7,2,3,2,7,1,0.00,0.00,0.00,0.91,1,False,"[{'fixture': 43, 'stats': [{'identifier': 'minutes', 'points': 1, 'value': 45, 'points_modification': 0}]}]",False
168,5,2025-26,0,0,0,0,0,0,0,0,0,0,0,0,0,0.0,0.0,0.0,0.0,0,0,0,0,0,0.00,0.00,0.00,0.00,0,False,"[{'fixture': 47, 'stats': [{'identifier': 'minutes', 'points': 0, 'value': 0, 'points_modification': 0}]}]",False
169,5,2025-26,45,0,0,0,1,0,0,0,1,0,0,0,5,7.0,14.6,4.0,2.6,0,2,3,5,0,0.02,0.06,0.08,0.31,0,False,"[{'fixture': 43, 'stats': [{'identifier': 'minutes', 'points': 1, 'value': 45, 'points_modification': 0}, {'identifier': 'yellow_cards', 'points': -1, 'value': 1, 'points_modification': 0}]}]",False
170,5,2025-26,27,0,0,0,1,0,0,0,0,0,0,0,5,5.2,11.3,0.0,1.7,1,3,0,4,0,0.00,0.03,0.03,0.31,1,False,"[{'fixture': 43, 'stats': [{'identifier': 'minutes', 'points': 1, 'value': 27, 'points_modification': 0}]}]",False
171,5,2025-26,0,0,0,0,0,0,0,0,0,0,0,0,0,0.0,0.0,0.0,0.0,0,0,0,0,0,0.00,0.00,0.00,0.00,0,False,"[{'fixture': 43, 'stats': [{'identifier': 'minutes', 'points': 0, 'value': 0, 'points_modification': 0}]}]",False
172,5,2025-26,0,0,0,0,0,0,0,0,0,0,0,0,0,0.0,0.0,0.0,0.0,0,0,0,0,0,0.00,0.00,0.00,0.00,0,False,"[{'fixture': 43, 'stats': [{'identifier': 'minutes', 'points': 0, 'value': 0, 'points_modification': 0}]}]",False
173,5,2025-26,5,0,0,0,0,0,0,0,0,0,0,0,2,2.2,0.8,0.0,0.3,0,1,1,2,0,0.00,0.01,0.01,0.02,1,False,"[{'fixture': 43, 'stats': [{'identifier': 'minutes', 'points': 1, 'value': 5, 'points_modification': 0}]}]",False
174,5,2025-26,0,0,0,0,0,0,0,0,0,0,0,0,0,0.0,0.0,0.0,0.0,0,0,0,0,0,0.00,0.00,0.00,0.00,0,False,"[{'fixture': 43, 'stats': [{'identifier': 'minutes', 'points': 0, 'value': 0, 'points_modification': 0}]}]",False
175,5,2025-26,0,0,0,0,0,0,0,0,0,0,0,0,0,0.0,0.0,0.0,0.0,0,0,0,0,0,0.00,0.00,0.00,0.00,0,False,"[{'fixture': 43, 'stats': [{'identifier': 'minutes', 'points': 0, 'value': 0, 'points_modification': 0}]}]",False
176,5,2025-26,0,0,0,0,0,0,0,0,0,0,0,0,0,0.0,0.0,0.0,0.0,0,0,0,0,0,0.00,0.00,0.00,0.00,0,False,"[{'fixture': 43, 'stats': [{'identifier': 'minutes', 'points': 0, 'value': 0, 'points_modification': 0}]}]",False
177,5,2025-26,0,0,0,0,0,0,0,0,0,0,0,0,0,0.0,0.0,0.0,0.0,0,0,0,0,0,0.00,0.00,0.00,0.00,0,False,"[{'fixture': 43, 'stats': [{'identifier': 'minutes', 'points': 0, 'value': 0, 'points_modification': 0}]}]",False
178,5,2025-26,15,0,0,0,1,0,0,0,0,0,0,0,3,1.2,1.0,9.0,1.1,0,0,0,0,0,0.04,0.06,0.10,0.07,1,False,"[{'fixture': 43, 'stats': [{'identifier': 'minutes', 'points': 1, 'value': 15, 'points_modification': 0}]}]",False
179,5,2025-26,0,0,0,0,0,0,0,0,0,0,0,0,0,0.0,0.0,0.0,0.0,0,0,0,0,0,0.00,0.00,0.00,0.00,0,False,"[{'fixture': 43, 'stats': [{'identifier': 'minutes', 'points': 0, 'value': 0, 'points_modification': 0}]}]",False
180,5,2025-26,0,0,0,0,0,0,0,0,0,0,0,0,0,0.0,0.0,0.0,0.0,0,0,0,0,0,0.00,0.00,0.00,0.00,0,False,"[{'fixture': 43, 'stats': [{'identifier': 'minutes', 'points': 0, 'value': 0, 'points_modification': 0}]}]",False
181,5,2025-26,0,0,0,0,0,0,0,0,0,0,0,0,0,0.0,0.0,0.0,0.0,0,0,0,0,0,0.00,0.00,0.00,0.00,0,False,"[{'fixture': 43, 'stats': [{'identifier': 'minutes', 'points': 0, 'value': 0, 'points_modification': 0}]}]",False
182,5,2025-26,0,0,0,0,0,0,0,0,0,0,0,0,0,0.0,0.0,0.0,0.0,0,0,0,0,0,0.00,0.00,0.00,0.00,0,False,"[{'fixture': 41, 'stats': [{'identifier': 'minutes', 'points': 0, 'value': 0, 'points_modification': 0}]}]",False
183,5,2025-26,0,0,0,0,0,0,0,0,0,0,0,0,0,0.0,0.0,0.0,0.0,0,0,0,0,0,0.00,0.00,0.00,0.00,0,False,"[{'fixture': 44, 'stats': [{'identifier': 'minutes', 'points': 0, 'value': 0, 'points_modification': 0}]}]",False
184,5,2025-26,0,0,0,0,0,0,0,0,0,0,0,0,0,0.0,0.0,0.0,0.0,0,0,0,0,0,0.00,0.00,0.00,0.00,0,False,"[{'fixture': 44, 'stats': [{'identifier': 'minutes', 'points': 0, 'value': 0, 'points_modification': 0}]}]",False
185,5,2025-26,0,0,0,0,0,0,0,0,0,0,0,0,0,0.0,0.0,0.0,0.0,0,0,0,0,0,0.00,0.00,0.00,0.00,0,False,"[{'fixture': 44, 'stats': [{'identifier': 'minutes', 'points': 0, 'value': 0, 'points_modification': 0}]}]",False
186,5,2025-26,0,0,0,0,0,0,0,0,0,0,0,0,0,0.0,0.0,0.0,0.0,0,0,0,0,0,0.00,0.00,0.00,0.00,0,False,"[{'fixture': 44, 'stats': [{'identifier': 'minutes', 'points': 0, 'value': 0, 'points_modification': 0}]}]",False
187,5,2025-26,90,0,0,0,1,0,0,0,0,0,0,0,10,20.2,3.4,2.0,2.6,7,7,2,9,1,0.00,0.02,0.02,1.10,2,False,"[{'fixture': 44, 'stats': [{'identifier': 'minutes', 'points': 2, 'value': 90, 'points_modification': 0}]}]",False
188,5,2025-26,0,0,0,0,0,0,0,0,0,0,0,0,0,0.0,0.0,0.0,0.0,0,0,0,0,0,0.00,0.00,0.00,0.00,0,False,"[{'fixture': 44, 'stats': [{'identifier': 'minutes', 'points': 0, 'value': 0, 'points_modification': 0}]}]",False
189,5,2025-26,0,0,0,0,0,0,0,0,0,0,0,0,0,0.0,0.0,0.0,0.0,0,0,0,0,0,0.00,0.00,0.00,0.00,0,False,"[{'fixture': 44, 'stats': [{'identifier': 'minutes', 'points': 0, 'value': 0, 'points_modification': 0}]}]",False
190,5,2025-26,90,0,0,0,1,0,0,0,0,0,0,0,5,17.8,0.4,39.0,5.7,8,3,0,8,1,0.14,0.00,0.14,1.10,2,False,"[{'fixture': 44, 'stats': [{'identifier': 'minutes', 'points': 2, 'value': 90, 'points_modification': 0}]}]",False
191,5,2025-26,90,0,0,0,1,0,0,0,0,0,0,0,14,19.6,10.4,8.0,3.8,10,5,1,11,1,0.12,0.00,0.12,1.10,4,False,"[{'fixture': 44, 'stats': [{'identifier': 'minutes', 'points': 2, 'value': 90, 'points_modification': 0}, {'identifier': 'defensive_contribution', 'points': 2, 'value': 11, 'points_modification': 0}]}]",False
192,5,2025-26,90,0,0,0,1,0,0,0,0,0,0,0,10,26.4,47.3,9.0,8.3,3,0,2,5,1,0.02,0.31,0.33,1.10,2,False,"[{'fixture': 44, 'stats': [{'identifier': 'minutes', 'points': 2, 'value': 90, 'points_modification': 0}]}]",False
193,5,2025-26,0,0,0,0,0,0,0,0,0,0,0,0,0,0.0,0.0,0.0,0.0,0,0,0,0,0,0.00,0.00,0.00,0.00,0,False,"[{'fixture': 44, 'stats': [{'identifier': 'minutes', 'points': 0, 'value': 0, 'points_modification': 0}]}]",False
194,5,2025-26,0,0,0,0,0,0,0,0,0,0,0,0,0,0.0,0.0,0.0,0.0,0,0,0,0,0,0.00,0.00,0.00,0.00,0,False,"[{'fixture': 44, 'stats': [{'identifier': 'minutes', 'points': 0, 'value': 0, 'points_modification': 0}]}]",False
195,5,2025-26,0,0,0,0,0,0,0,0,0,0,0,0,0,0.0,0.0,0.0,0.0,0,0,0,0,0,0.00,0.00,0.00,0.00,0,False,"[{'fixture': 44, 'stats': [{'identifier': 'minutes', 'points': 0, 'value': 0, 'points_modification': 0}]}]",False
196,5,2025-26,0,0,0,0,0,0,0,0,0,0,0,0,0,0.0,0.0,0.0,0.0,0,0,0,0,0,0.00,0.00,0.00,0.00,0,False,"[{'fixture': 44, 'stats': [{'identifier': 'minutes', 'points': 0, 'value': 0, 'points_modification': 0}]}]",False
197,5,2025-26,0,0,0,0,0,0,0,0,0,0,0,0,0,0.0,0.0,0.0,0.0,0,0,0,0,0,0.00,0.00,0.00,0.00,0,False,"[{'fixture': 44, 'stats': [{'identifier': 'minutes', 'points': 0, 'value': 0, 'points_modification': 0}]}]",False
198,5,2025-26,0,0,0,0,0,0,0,0,0,0,0,0,0,0.0,0.0,0.0,0.0,0,0,0,0,0,0.00,0.00,0.00,0.00,0,False,"[{'fixture': 44, 'stats': [{'identifier': 'minutes', 'points': 0, 'value': 0, 'points_modification': 0}]}]",False
199,5,2025-26,0,0,0,0,0,0,0,0,0,0,0,0,0,0.0,0.0,0.0,0.0,0,0,0,0,0,0.00,0.00,0.00,0.00,0,False,"[{'fixture': 44, 'stats': [{'identifier': 'minutes', 'points': 0, 'value': 0, 'points_modification': 0}]}]",False
200,5,2025-26,90,1,0,0,1,0,0,0,0,0,0,3,37,52.4,19.7,55.0,12.7,2,3,1,6,1,0.36,0.14,0.50,1.10,10,True,"[{'fixture': 44, 'stats': [{'identifier': 'minutes', 'points': 2, 'value': 90, 'points_modification': 0}, {'identifier': 'goals_scored', 'points': 5, 'value': 1, 'points_modification': 0}, {'identifier': 'bonus', 'points': 3, 'value': 3, 'points_modification': 0}]}]",False
201,5,2025-26,0,0,0,0,0,0,0,0,0,0,0,0,0,0.0,0.0,0.0,0.0,0,0,0,0,0,0.00,0.00,0.00,0.00,0,False,"[{'fixture': 44, 'stats': [{'identifier': 'minutes', 'points': 0, 'value': 0, 'points_modification': 0}]}]",False
202,5,2025-26,0,0,0,0,0,0,0,0,0,0,0,0,0,0.0,0.0,0.0,0.0,0,0,0,0,0,0.00,0.00,0.00,0.00,0,False,"[{'fixture': 44, 'stats': [{'identifier': 'minutes', 'points': 0, 'value': 0, 'points_modification': 0}]}]",False
203,5,2025-26,0,0,0,0,0,0,0,0,0,0,0,0,0,0.0,0.0,0.0,0.0,0,0,0,0,0,0.00,0.00,0.00,0.00,0,False,"[{'fixture': 44, 'stats': [{'identifier': 'minutes', 'points': 0, 'value': 0, 'points_modification': 0}]}]",False
204,5,2025-26,0,0,0,0,0,0,0,0,0,0,0,0,0,0.0,0.0,0.0,0.0,0,0,0,0,0,0.00,0.00,0.00,0.00,0,False,"[{'fixture': 44, 'stats': [{'identifier': 'minutes', 'points': 0, 'value': 0, 'points_modification': 0}]}]",False
205,5,2025-26,90,0,0,0,1,0,0,0,0,0,0,0,15,19.0,6.0,0.0,2.5,7,7,0,14,1,0.00,0.04,0.04,1.10,4,False,"[{'fixture': 44, 'stats': [{'identifier': 'minutes', 'points': 2, 'value': 90, 'points_modification': 0}, {'identifier': 'defensive_contribution', 'points': 2, 'value': 14, 'points_modification': 0}]}]",False
206,5,2025-26,0,0,0,0,0,0,0,0,0,0,0,0,0,0.0,0.0,0.0,0.0,0,0,0,0,0,0.00,0.00,0.00,0.00,0,False,"[{'fixture': 44, 'stats': [{'identifier': 'minutes', 'points': 0, 'value': 0, 'points_modification': 0}]}]",False
207,5,2025-26,9,0,0,0,0,0,0,0,0,0,0,0,5,2.0,14.1,0.0,1.6,0,1,0,1,0,0.00,0.08,0.08,0.34,1,False,"[{'fixture': 44, 'stats': [{'identifier': 'minutes', 'points': 1, 'value': 9, 'points_modification': 0}]}]",False
208,5,2025-26,0,0,0,0,0,0,0,0,0,0,0,0,0,0.0,0.0,0.0,0.0,0,0,0,0,0,0.00,0.00,0.00,0.00,0,False,"[{'fixture': 44, 'stats': [{'identifier': 'minutes', 'points': 0, 'value': 0, 'points_modification': 0}]}]",False
209,5,2025-26,90,0,0,0,1,0,0,0,0,0,0,0,11,13.4,5.9,2.0,2.1,3,2,0,5,1,0.00,0.01,0.01,1.10,2,False,"[{'fixture': 44, 'stats': [{'identifier': 'minutes', 'points': 2, 'value': 90, 'points_modification': 0}]}]",False
210,5,2025-26,80,0,0,0,1,0,0,0,0,0,0,0,6,1.6,8.8,8.0,1.8,2,0,1,3,1,0.08,0.10,0.18,0.76,2,False,"[{'fixture': 44, 'stats': [{'identifier': 'minutes', 'points': 2, 'value': 80, 'points_modification': 0}]}]",False
211,5,2025-26,0,0,0,0,0,0,0,0,0,0,0,0,0,0.0,0.0,0.0,0.0,0,0,0,0,0,0.00,0.00,0.00,0.00,0,False,"[{'fixture': 44, 'stats': [{'identifier': 'minutes', 'points': 0, 'value': 0, 'points_modification': 0}]}]",False
212,5,2025-26,0,0,0,0,0,0,0,0,0,0,0,0,0,0.0,0.0,0.0,0.0,0,0,0,0,0,0.00,0.00,0.00,0.00,0,False,"[{'fixture': 44, 'stats': [{'identifier': 'minutes', 'points': 0, 'value': 0, 'points_modification': 0}]}]",False
213,5,2025-26,0,0,0,0,0,0,0,0,0,0,0,0,0,0.0,0.0,0.0,0.0,0,0,0,0,0,0.00,0.00,0.00,0.00,0,False,"[{'fixture': 44, 'stats': [{'identifier': 'minutes', 'points': 0, 'value': 0, 'points_modification': 0}]}]",False
214,5,2025-26,0,0,0,0,0,0,0,0,0,0,0,0,0,0.0,0.0,0.0,0.0,0,0,0,0,0,0.00,0.00,0.00,0.00,0,False,"[{'fixture': 44, 'stats': [{'identifier': 'minutes', 'points': 0, 'value': 0, 'points_modification': 0}]}]",False
215,5,2025-26,4,0,0,0,0,0,0,0,0,0,0,0,3,0.0,0.1,5.0,0.5,0,1,0,1,0,0.11,0.00,0.11,0.06,1,False,"[{'fixture': 44, 'stats': [{'identifier': 'minutes', 'points': 1, 'value': 4, 'points_modification': 0}]}]",False
216,5,2025-26,0,0,0,0,0,0,0,0,0,0,0,0,0,0.0,0.0,0.0,0.0,0,0,0,0,0,0.00,0.00,0.00,0.00,0,False,"[{'fixture': 44, 'stats': [{'identifier': 'minutes', 'points': 0, 'value': 0, 'points_modification': 0}]}]",False
217,5,2025-26,85,0,1,0,1,0,0,0,0,0,0,1,27,26.6,22.7,9.0,5.8,2,3,0,5,1,0.02,0.03,0.05,1.04,6,False,"[{'fixture': 44, 'stats': [{'identifier': 'minutes', 'points': 2, 'value': 85, 'points_modification': 0}, {'identifier': 'assists', 'points': 3, 'value': 1, 'points_modification': 0}, {'identifier': 'bonus', 'points': 1, 'value': 1, 'points_modification': 0}]}]",False
218,5,2025-26,0,0,0,0,0,0,0,0,0,0,0,0,0,0.0,0.0,0.0,0.0,0,0,0,0,0,0.00,0.00,0.00,0.00,0,False,"[{'fixture': 44, 'stats': [{'identifier': 'minutes', 'points': 0, 'value': 0, 'points_modification': 0}]}]",False
219,5,2025-26,0,0,0,0,0,0,0,0,0,0,0,0,0,0.0,0.0,0.0,0.0,0,0,0,0,0,0.00,0.00,0.00,0.00,0,False,"[{'fixture': 44, 'stats': [{'identifier': 'minutes', 'points': 0, 'value': 0, 'points_modification': 0}]}]",False
220,5,2025-26,4,0,0,0,2,0,0,0,0,1,1,0,-12,2.0,0.0,0.0,0.2,0,0,0,0,1,0.00,0.00,0.00,0.05,-3,False,"[{'fixture': 47, 'stats': [{'identifier': 'minutes', 'points': 1, 'value': 4, 'points_modification': 0}, {'identifier': 'goals_conceded', 'points': -1, 'value': 2, 'points_modification': 0}, {'identifier': 'red_cards', 'points': -3, 'value': 1, 'points_modification': 0}]}]",False
221,5,2025-26,84,0,0,0,2,0,0,0,0,0,1,0,4,9.4,0.0,0.0,0.9,2,5,0,0,0,0.00,0.00,0.00,1.79,1,False,"[{'fixture': 47, 'stats': [{'identifier': 'minutes', 'points': 2, 'value': 84, 'points_modification': 0}, {'identifier': 'goals_conceded', 'points': -1, 'value': 2, 'points_modification': 0}]}]",False
222,5,2025-26,0,0,0,0,0,0,0,0,0,0,0,0,0,0.0,0.0,0.0,0.0,0,0,0,0,0,0.00,0.00,0.00,0.00,0,False,"[{'fixture': 47, 'stats': [{'identifier': 'minutes', 'points': 0, 'value': 0, 'points_modification': 0}]}]",False
223,5,2025-26,0,0,0,0,0,0,0,0,0,0,0,0,0,0.0,0.0,0.0,0.0,0,0,0,0,0,0.00,0.00,0.00,0.00,0,False,"[{'fixture': 47, 'stats': [{'identifier': 'minutes', 'points': 0, 'value': 0, 'points_modification': 0}]}]",False
224,5,2025-26,63,0,0,0,2,0,0,0,1,0,0,0,-6,1.8,1.0,4.0,0.7,3,2,1,4,1,0.05,0.00,0.05,1.45,0,False,"[{'fixture': 47, 'stats': [{'identifier': 'minutes', 'points': 2, 'value': 63, 'points_modification': 0}, {'identifier': 'goals_conceded', 'points': -1, 'value': 2, 'points_modification': 0}, {'identifier': 'yellow_cards', 'points': -1, 'value': 1, 'points_modification': 0}]}]",False
225,5,2025-26,90,0,1,0,2,0,0,0,0,0,0,0,16,27.4,32.8,4.0,6.4,6,5,3,9,1,0.00,0.16,0.16,1.84,4,False,"[{'fixture': 47, 'stats': [{'identifier': 'minutes', 'points': 2, 'value': 90, 'points_modification': 0}, {'identifier': 'assists', 'points': 3, 'value': 1, 'points_modification': 0}, {'identifier': 'goals_conceded', 'points': -1, 'value': 2, 'points_modification': 0}]}]",False
226,5,2025-26,90,1,0,0,2,0,0,0,1,0,0,0,23,57.4,2.3,17.0,7.7,8,2,2,10,1,0.20,0.01,0.21,1.84,8,False,"[{'fixture': 47, 'stats': [{'identifier': 'minutes', 'points': 2, 'value': 90, 'points_modification': 0}, {'identifier': 'goals_scored', 'points': 6, 'value': 1, 'points_modification': 0}, {'identifier': 'goals_conceded', 'points': -1, 'value': 2, 'points_modification': 0}, {'identifier': 'yellow_cards', 'points': -1, 'value': 1, 'points_modification': 0}, {'identifier': 'defensive_contribution', 'points': 2, 'value': 10, 'points_modification': 0}]}]",False
227,5,2025-26,0,0,0,0,0,0,0,0,0,0,0,0,0,0.0,0.0,0.0,0.0,0,0,0,0,0,0.00,0.00,0.00,0.00,0,False,"[{'fixture': 47, 'stats': [{'identifier': 'minutes', 'points': 0, 'value': 0, 'points_modification': 0}]}]",False
228,5,2025-26,26,0,0,0,0,0,0,0,0,0,0,0,4,0.6,1.8,4.0,0.6,0,4,0,0,0,0.00,0.01,0.01,0.39,1,False,"[{'fixture': 47, 'stats': [{'identifier': 'minutes', 'points': 1, 'value': 26, 'points_modification': 0}]}]",False
229,5,2025-26,0,0,0,0,0,0,0,0,0,0,0,0,0,0.0,0.0,0.0,0.0,0,0,0,0,0,0.00,0.00,0.00,0.00,0,False,"[{'fixture': 47, 'stats': [{'identifier': 'minutes', 'points': 0, 'value': 0, 'points_modification': 0}]}]",False
230,5,2025-26,63,0,0,0,2,0,0,0,0,0,0,0,6,17.6,1.1,0.0,1.9,7,1,2,9,1,0.00,0.00,0.00,1.45,1,False,"[{'fixture': 47, 'stats': [{'identifier': 'minutes', 'points': 2, 'value': 63, 'points_modification': 0}, {'identifier': 'goals_conceded', 'points': -1, 'value': 2, 'points_modification': 0}]}]",False
231,5,2025-26,0,0,0,0,0,0,0,0,0,0,0,0,0,0.0,0.0,0.0,0.0,0,0,0,0,0,0.00,0.00,0.00,0.00,0,False,"[{'fixture': 47, 'stats': [{'identifier': 'minutes', 'points': 0, 'value': 0, 'points_modification': 0}]}]",False
232,5,2025-26,83,0,0,0,2,0,0,0,1,0,0,0,3,19.6,2.1,9.0,3.1,8,6,0,8,0,0.05,0.01,0.05,1.79,0,False,"[{'fixture': 47, 'stats': [{'identifier': 'minutes', 'points': 2, 'value': 83, 'points_modification': 0}, {'identifier': 'goals_conceded', 'points': -1, 'value': 2, 'points_modification': 0}, {'identifier': 'yellow_cards', 'points': -1, 'value': 1, 'points_modification': 0}]}]",False
233,5,2025-26,0,0,0,0,0,0,0,0,0,0,0,0,0,0.0,0.0,0.0,0.0,0,0,0,0,0,0.00,0.00,0.00,0.00,0,False,"[{'fixture': 47, 'stats': [{'identifier': 'minutes', 'points': 0, 'value': 0, 'points_modification': 0}]}]",False
234,5,2025-26,0,0,0,0,0,0,0,0,0,0,0,0,0,0.0,0.0,0.0,0.0,0,0,0,0,0,0.00,0.00,0.00,0.00,0,False,"[{'fixture': 47, 'stats': [{'identifier': 'minutes', 'points': 0, 'value': 0, 'points_modification': 0}]}]",False
235,5,2025-26,20,0,0,0,1,0,0,0,0,0,0,0,3,0.0,0.0,0.0,0.0,0,0,0,0,1,0.00,0.00,0.00,1.01,1,False,"[{'fixture': 47, 'stats': [{'identifier': 'minutes', 'points': 1, 'value': 20, 'points_modification': 0}]}]",False
236,5,2025-26,6,0,0,0,0,0,0,0,0,0,0,0,3,0.0,0.0,0.0,0.0,0,1,0,1,1,0.00,0.00,0.00,0.05,1,False,"[{'fixture': 47, 'stats': [{'identifier': 'minutes', 'points': 1, 'value': 6, 'points_modification': 0}]}]",False
237,5,2025-26,90,0,0,0,2,0,0,0,1,0,0,0,8,10.2,10.6,4.0,2.5,1,2,1,4,1,0.00,0.04,0.04,1.84,1,False,"[{'fixture': 47, 'stats': [{'identifier': 'minutes', 'points': 2, 'value': 90, 'points_modification': 0}, {'identifier': 'yellow_cards', 'points': -1, 'value': 1, 'points_modification': 0}]}]",False
238,5,2025-26,5,0,0,0,0,0,0,0,0,0,0,0,1,0.0,0.0,0.0,0.0,0,2,0,2,1,0.00,0.00,0.00,0.05,1,False,"[{'fixture': 47, 'stats': [{'identifier': 'minutes', 'points': 1, 'value': 5, 'points_modification': 0}]}]",False
239,5,2025-26,0,0,0,0,0,0,0,0,0,0,0,0,0,0.0,0.0,0.0,0.0,0,0,0,0,0,0.00,0.00,0.00,0.00,0,False,"[{'fixture': 47, 'stats': [{'identifier': 'minutes', 'points': 0, 'value': 0, 'points_modification': 0}]}]",False
240,5,2025-26,0,0,0,0,0,0,0,0,0,0,0,0,0,0.0,0.0,0.0,0.0,0,0,0,0,0,0.00,0.00,0.00,0.00,0,False,"[{'fixture': 47, 'stats': [{'identifier': 'minutes', 'points': 0, 'value': 0, 'points_modification': 0}]}]",False
241,5,2025-26,90,0,0,0,2,0,0,0,0,0,0,0,24,19.2,20.2,2.0,4.1,3,7,5,15,1,0.03,0.04,0.07,1.84,4,False,"[{'fixture': 47, 'stats': [{'identifier': 'minutes', 'points': 2, 'value': 90, 'points_modification': 0}, {'identifier': 'defensive_contribution', 'points': 2, 'value': 15, 'points_modification': 0}]}]",False
242,5,2025-26,90,0,0,0,2,0,0,0,1,0,0,0,5,8.4,29.5,13.0,5.1,1,2,2,5,1,0.19,0.07,0.26,0.90,1,False,"[{'fixture': 46, 'stats': [{'identifier': 'minutes', 'points': 2, 'value': 90, 'points_modification': 0}, {'identifier': 'yellow_cards', 'points': -1, 'value': 1, 'points_modification': 0}]}]",False
243,5,2025-26,26,0,0,0,0,0,0,0,1,0,0,0,-7,0.0,0.8,0.0,0.0,0,0,0,0,0,0.00,0.01,0.01,0.39,0,False,"[{'fixture': 47, 'stats': [{'identifier': 'minutes', 'points': 1, 'value': 26, 'points_modification': 0}, {'identifier': 'yellow_cards', 'points': -1, 'value': 1, 'points_modification': 0}]}]",False
244,5,2025-26,0,0,0,0,0,0,0,0,0,0,0,0,0,0.0,0.0,0.0,0.0,0,0,0,0,0,0.00,0.00,0.00,0.00,0,False,"[{'fixture': 47, 'stats': [{'identifier': 'minutes', 'points': 0, 'value': 0, 'points_modification': 0}]}]",False
245,5,2025-26,0,0,0,0,0,0,0,0,0,0,0,0,0,0.0,0.0,0.0,0.0,0,0,0,0,0,0.00,0.00,0.00,0.00,0,False,"[{'fixture': 47, 'stats': [{'identifier': 'minutes', 'points': 0, 'value': 0, 'points_modification': 0}]}]",False
246,5,2025-26,69,0,0,0,1,0,0,0,0,0,0,0,17,8.4,9.6,7.0,2.5,1,7,1,9,0,0.10,0.02,0.12,0.82,2,False,"[{'fixture': 47, 'stats': [{'identifier': 'minutes', 'points': 2, 'value': 69, 'points_modification': 0}]}]",False
247,5,2025-26,0,0,0,0,0,0,0,0,0,0,0,0,0,0.0,0.0,0.0,0.0,0,0,0,0,0,0.00,0.00,0.00,0.00,0,False,"[{'fixture': 47, 'stats': [{'identifier': 'minutes', 'points': 0, 'value': 0, 'points_modification': 0}]}]",False
248,5,2025-26,0,0,0,0,0,0,0,0,0,0,0,0,0,0.0,0.0,0.0,0.0,0,0,0,0,0,0.00,0.00,0.00,0.00,0,False,"[{'fixture': 47, 'stats': [{'identifier': 'minutes', 'points': 0, 'value': 0, 'points_modification': 0}]}]",False
249,5,2025-26,90,0,0,0,2,0,0,0,0,0,0,0,7,8.0,15.0,8.0,3.1,1,1,1,3,1,0.00,0.03,0.03,1.84,2,False,"[{'fixture': 47, 'stats': [{'identifier': 'minutes', 'points': 2, 'value': 90, 'points_modification': 0}]}]",False
250,5,2025-26,0,0,0,0,0,0,0,0,0,0,0,0,0,0.0,0.0,0.0,0.0,0,0,0,0,0,0.00,0.00,0.00,0.00,0,False,"[{'fixture': 47, 'stats': [{'identifier': 'minutes', 'points': 0, 'value': 0, 'points_modification': 0}]}]",False
251,5,2025-26,0,0,0,0,0,0,0,0,0,0,0,0,0,0.0,0.0,0.0,0.0,0,0,0,0,0,0.00,0.00,0.00,0.00,0,False,"[{'fixture': 47, 'stats': [{'identifier': 'minutes', 'points': 0, 'value': 0, 'points_modification': 0}]}]",False
252,5,2025-26,0,0,0,0,0,0,0,0,0,0,0,0,0,0.0,0.0,0.0,0.0,0,0,0,0,0,0.00,0.00,0.00,0.00,0,False,"[{'fixture': 47, 'stats': [{'identifier': 'minutes', 'points': 0, 'value': 0, 'points_modification': 0}]}]",False
253,5,2025-26,90,0,0,0,1,0,0,0,1,0,2,0,11,20.0,0.0,0.0,2.0,3,7,0,0,1,0.00,0.03,0.03,0.66,1,False,"[{'fixture': 49, 'stats': [{'identifier': 'minutes', 'points': 2, 'value': 90, 'points_modification': 0}, {'identifier': 'yellow_cards', 'points': -1, 'value': 1, 'points_modification': 0}]}]",False
254,5,2025-26,0,0,0,0,0,0,0,0,0,0,0,0,0,0.0,0.0,0.0,0.0,0,0,0,0,0,0.00,0.00,0.00,0.00,0,False,"[{'fixture': 49, 'stats': [{'identifier': 'minutes', 'points': 0, 'value': 0, 'points_modification': 0}]}]",False
255,5,2025-26,0,0,0,0,0,0,0,0,0,0,0,0,0,0.0,0.0,0.0,0.0,0,0,0,0,0,0.00,0.00,0.00,0.00,0,False,"[{'fixture': 49, 'stats': [{'identifier': 'minutes', 'points': 0, 'value': 0, 'points_modification': 0}]}]",False
256,5,2025-26,90,0,0,0,1,0,0,0,0,0,0,0,7,7.2,17.0,19.0,4.3,2,4,1,3,1,0.19,0.12,0.31,0.66,2,False,"[{'fixture': 49, 'stats': [{'identifier': 'minutes', 'points': 2, 'value': 90, 'points_modification': 0}]}]",False
257,5,2025-26,90,0,0,0,1,0,0,0,0,0,0,0,7,11.2,0.2,7.0,1.8,4,3,2,6,1,0.20,0.00,0.20,0.66,2,False,"[{'fixture': 49, 'stats': [{'identifier': 'minutes', 'points': 2, 'value': 90, 'points_modification': 0}]}]",False
258,5,2025-26,90,1,0,0,1,0,0,0,1,0,0,1,29,50.2,40.5,25.0,11.6,2,6,3,5,1,0.28,0.10,0.38,0.66,8,False,"[{'fixture': 49, 'stats': [{'identifier': 'minutes', 'points': 2, 'value': 90, 'points_modification': 0}, {'identifier': 'goals_scored', 'points': 6, 'value': 1, 'points_modification': 0}, {'identifier': 'yellow_cards', 'points': -1, 'value': 1, 'points_modification': 0}, {'identifier': 'bonus', 'points': 1, 'value': 1, 'points_modification': 0}]}]",False
259,5,2025-26,0,0,0,0,0,0,0,0,0,0,0,0,0,0.0,0.0,0.0,0.0,0,0,0,0,0,0.00,0.00,0.00,0.00,0,False,"[{'fixture': 49, 'stats': [{'identifier': 'minutes', 'points': 0, 'value': 0, 'points_modification': 0}]}]",False
260,5,2025-26,90,0,1,0,1,0,0,0,0,0,0,0,25,22.0,1.4,8.0,3.1,5,2,5,10,1,0.20,0.01,0.21,0.66,7,False,"[{'fixture': 49, 'stats': [{'identifier': 'minutes', 'points': 2, 'value': 90, 'points_modification': 0}, {'identifier': 'assists', 'points': 3, 'value': 1, 'points_modification': 0}, {'identifier': 'defensive_contribution', 'points': 2, 'value': 10, 'points_modification': 0}]}]",False
261,5,2025-26,90,0,0,0,1,0,0,0,0,0,0,0,20,32.6,4.0,0.0,3.7,13,1,4,17,1,0.00,0.00,0.00,0.66,4,False,"[{'fixture': 49, 'stats': [{'identifier': 'minutes', 'points': 2, 'value': 90, 'points_modification': 0}, {'identifier': 'defensive_contribution', 'points': 2, 'value': 17, 'points_modification': 0}]}]",False
262,5,2025-26,0,0,0,0,0,0,0,0,0,0,0,0,0,0.0,0.0,0.0,0.0,0,0,0,0,0,0.00,0.00,0.00,0.00,0,False,"[{'fixture': 49, 'stats': [{'identifier': 'minutes', 'points': 0, 'value': 0, 'points_modification': 0}]}]",False
263,5,2025-26,0,0,0,0,0,0,0,0,0,0,0,0,0,0.0,0.0,0.0,0.0,0,0,0,0,0,0.00,0.00,0.00,0.00,0,False,"[{'fixture': 49, 'stats': [{'identifier': 'minutes', 'points': 0, 'value': 0, 'points_modification': 0}]}]",False
264,5,2025-26,0,0,0,0,0,0,0,0,0,0,0,0,0,0.0,0.0,0.0,0.0,0,0,0,0,0,0.00,0.00,0.00,0.00,0,False,"[{'fixture': 49, 'stats': [{'identifier': 'minutes', 'points': 0, 'value': 0, 'points_modification': 0}]}]",False
265,5,2025-26,0,0,0,0,0,0,0,0,0,0,0,0,0,0.0,0.0,0.0,0.0,0,0,0,0,0,0.00,0.00,0.00,0.00,0,False,"[{'fixture': 49, 'stats': [{'identifier': 'minutes', 'points': 0, 'value': 0, 'points_modification': 0}]}]",False
266,5,2025-26,45,0,1,0,0,0,0,0,0,0,0,0,16,24.6,16.6,21.0,6.2,1,2,1,4,0,0.14,0.23,0.37,0.34,4,False,"[{'fixture': 41, 'stats': [{'identifier': 'minutes', 'points': 1, 'value': 45, 'points_modification': 0}, {'identifier': 'assists', 'points': 3, 'value': 1, 'points_modification': 0}]}]",False
267,5,2025-26,0,0,0,0,0,0,0,0,0,0,0,0,0,0.0,0.0,0.0,0.0,0,0,0,0,0,0.00,0.00,0.00,0.00,0,False,"[{'fixture': 49, 'stats': [{'identifier': 'minutes', 'points': 0, 'value': 0, 'points_modification': 0}]}]",False
268,5,2025-26,0,0,0,0,0,0,0,0,0,0,0,0,0,0.0,0.0,0.0,0.0,0,0,0,0,0,0.00,0.00,0.00,0.00,0,False,"[{'fixture': 49, 'stats': [{'identifier': 'minutes', 'points': 0, 'value': 0, 'points_modification': 0}]}]",False
269,5,2025-26,0,0,0,0,0,0,0,0,0,0,0,0,0,0.0,0.0,0.0,0.0,0,0,0,0,0,0.00,0.00,0.00,0.00,0,False,"[{'fixture': 49, 'stats': [{'identifier': 'minutes', 'points': 0, 'value': 0, 'points_modification': 0}]}]",False
270,5,2025-26,64,0,0,0,1,0,0,0,0,0,0,0,8,10.0,2.8,2.0,1.5,4,2,0,6,1,0.00,0.01,0.01,0.45,2,False,"[{'fixture': 49, 'stats': [{'identifier': 'minutes', 'points': 2, 'value': 64, 'points_modification': 0}]}]",False
271,5,2025-26,90,0,0,0,1,0,0,0,0,0,0,0,19,24.4,41.3,13.0,7.9,3,0,4,7,1,0.25,0.22,0.47,0.66,2,False,"[{'fixture': 49, 'stats': [{'identifier': 'minutes', 'points': 2, 'value': 90, 'points_modification': 0}]}]",False
272,5,2025-26,25,0,0,0,0,0,0,0,1,0,0,0,5,7.0,10.3,20.0,3.7,3,3,0,6,0,0.08,0.00,0.08,0.22,0,False,"[{'fixture': 49, 'stats': [{'identifier': 'minutes', 'points': 1, 'value': 25, 'points_modification': 0}, {'identifier': 'yellow_cards', 'points': -1, 'value': 1, 'points_modification': 0}]}]",False
273,5,2025-26,74,0,1,0,1,0,0,0,0,0,0,2,30,11.2,43.0,2.0,5.6,2,2,1,5,1,0.04,0.51,0.55,0.52,7,False,"[{'fixture': 49, 'stats': [{'identifier': 'minutes', 'points': 2, 'value': 74, 'points_modification': 0}, {'identifier': 'assists', 'points': 3, 'value': 1, 'points_modification': 0}, {'identifier': 'bonus', 'points': 2, 'value': 2, 'points_modification': 0}]}]",False
274,5,2025-26,0,0,0,0,0,0,0,0,0,0,0,0,0,0.0,0.0,0.0,0.0,0,0,0,0,0,0.00,0.00,0.00,0.00,0,False,"[{'fixture': 49, 'stats': [{'identifier': 'minutes', 'points': 0, 'value': 0, 'points_modification': 0}]}]",False
275,5,2025-26,0,0,0,0,0,0,0,0,0,0,0,0,0,0.0,0.0,0.0,0.0,0,0,0,0,0,0.00,0.00,0.00,0.00,0,False,"[{'fixture': 49, 'stats': [{'identifier': 'minutes', 'points': 0, 'value': 0, 'points_modification': 0}]}]",False
276,5,2025-26,45,0,0,0,1,0,0,0,0,0,0,0,5,0.0,5.2,5.0,1.0,0,4,1,5,0,0.08,0.04,0.12,0.45,1,False,"[{'fixture': 49, 'stats': [{'identifier': 'minutes', 'points': 1, 'value': 45, 'points_modification': 0}]}]",False
277,5,2025-26,0,0,0,0,0,0,0,0,0,0,0,0,0,0.0,0.0,0.0,0.0,0,0,0,0,0,0.00,0.00,0.00,0.00,0,False,"[{'fixture': 49, 'stats': [{'identifier': 'minutes', 'points': 0, 'value': 0, 'points_modification': 0}]}]",False
278,5,2025-26,0,0,0,0,0,0,0,0,0,0,0,0,0,0.0,0.0,0.0,0.0,0,0,0,0,0,0.00,0.00,0.00,0.00,0,False,"[{'fixture': 49, 'stats': [{'identifier': 'minutes', 'points': 0, 'value': 0, 'points_modification': 0}]}]",False
279,5,2025-26,0,0,0,0,0,0,0,0,0,0,0,0,0,0.0,0.0,0.0,0.0,0,0,0,0,0,0.00,0.00,0.00,0.00,0,False,"[{'fixture': 49, 'stats': [{'identifier': 'minutes', 'points': 0, 'value': 0, 'points_modification': 0}]}]",False
280,5,2025-26,0,0,0,0,0,0,0,0,0,0,0,0,0,0.0,0.0,0.0,0.0,0,0,0,0,0,0.00,0.00,0.00,0.00,0,False,"[{'fixture': 49, 'stats': [{'identifier': 'minutes', 'points': 0, 'value': 0, 'points_modification': 0}]}]",False
281,5,2025-26,0,0,0,0,0,0,0,0,0,0,0,0,0,0.0,0.0,0.0,0.0,0,0,0,0,0,0.00,0.00,0.00,0.00,0,False,"[{'fixture': 49, 'stats': [{'identifier': 'minutes', 'points': 0, 'value': 0, 'points_modification': 0}]}]",False
282,5,2025-26,0,0,0,0,0,0,0,0,0,0,0,0,0,0.0,0.0,0.0,0.0,0,0,0,0,0,0.00,0.00,0.00,0.00,0,False,"[{'fixture': 49, 'stats': [{'identifier': 'minutes', 'points': 0, 'value': 0, 'points_modification': 0}]}]",False
283,5,2025-26,90,1,0,0,1,0,0,0,0,0,0,0,28,37.2,3.3,40.0,8.1,3,4,0,7,1,0.84,0.00,0.84,0.66,6,False,"[{'fixture': 49, 'stats': [{'identifier': 'minutes', 'points': 2, 'value': 90, 'points_modification': 0}, {'identifier': 'goals_scored', 'points': 4, 'value': 1, 'points_modification': 0}]}]",False
284,5,2025-26,15,0,0,0,0,0,0,0,0,0,0,0,3,3.4,10.4,7.0,2.1,1,1,0,2,0,0.04,0.00,0.04,0.15,1,False,"[{'fixture': 49, 'stats': [{'identifier': 'minutes', 'points': 1, 'value': 15, 'points_modification': 0}]}]",False
285,5,2025-26,0,0,0,0,0,0,0,0,0,0,0,0,0,0.0,0.0,0.0,0.0,0,0,0,0,0,0.00,0.00,0.00,0.00,0,False,"[{'fixture': 49, 'stats': [{'identifier': 'minutes', 'points': 0, 'value': 0, 'points_modification': 0}]}]",False
286,5,2025-26,0,0,0,0,0,0,0,0,0,0,0,0,0,0.0,0.0,0.0,0.0,0,0,0,0,0,0.00,0.00,0.00,0.00,0,False,"[{'fixture': 49, 'stats': [{'identifier': 'minutes', 'points': 0, 'value': 0, 'points_modification': 0}]}]",False
287,5,2025-26,90,0,0,0,2,0,0,0,0,0,1,0,3,13.0,0.0,0.0,1.3,1,6,0,0,1,0.00,0.03,0.03,0.90,1,False,"[{'fixture': 46, 'stats': [{'identifier': 'minutes', 'points': 2, 'value': 90, 'points_modification': 0}, {'identifier': 'goals_conceded', 'points': -1, 'value': 2, 'points_modification': 0}]}]",False
288,5,2025-26,0,0,0,0,0,0,0,0,0,0,0,0,0,0.0,0.0,0.0,0.0,0,0,0,0,0,0.00,0.00,0.00,0.00,0,False,"[{'fixture': 46, 'stats': [{'identifier': 'minutes', 'points': 0, 'value': 0, 'points_modification': 0}]}]",False
289,5,2025-26,0,0,0,0,0,0,0,0,0,0,0,0,0,0.0,0.0,0.0,0.0,0,0,0,0,0,0.00,0.00,0.00,0.00,0,False,"[{'fixture': 46, 'stats': [{'identifier': 'minutes', 'points': 0, 'value': 0, 'points_modification': 0}]}]",False
290,5,2025-26,0,0,0,0,0,0,0,0,0,0,0,0,0,0.0,0.0,0.0,0.0,0,0,0,0,0,0.00,0.00,0.00,0.00,0,False,"[{'fixture': 46, 'stats': [{'identifier': 'minutes', 'points': 0, 'value': 0, 'points_modification': 0}]}]",False
291,5,2025-26,90,0,0,0,2,0,0,0,0,0,0,0,12,34.6,7.8,0.0,4.2,11,2,3,14,1,0.00,0.02,0.02,0.90,3,False,"[{'fixture': 46, 'stats': [{'identifier': 'minutes', 'points': 2, 'value': 90, 'points_modification': 0}, {'identifier': 'goals_conceded', 'points': -1, 'value': 2, 'points_modification': 0}, {'identifier': 'defensive_contribution', 'points': 2, 'value': 14, 'points_modification': 0}]}]",False
292,5,2025-26,85,0,0,0,2,0,0,0,0,0,0,0,0,11.8,11.4,4.0,2.7,5,3,1,6,1,0.00,0.17,0.17,0.90,1,False,"[{'fixture': 46, 'stats': [{'identifier': 'minutes', 'points': 2, 'value': 85, 'points_modification': 0}, {'identifier': 'goals_conceded', 'points': -1, 'value': 2, 'points_modification': 0}]}]",False
293,5,2025-26,90,0,0,0,2,0,0,0,0,0,0,0,0,5.2,5.5,0.0,1.1,1,1,0,1,1,0.00,0.02,0.02,0.90,1,False,"[{'fixture': 46, 'stats': [{'identifier': 'minutes', 'points': 2, 'value': 90, 'points_modification': 0}, {'identifier': 'goals_conceded', 'points': -1, 'value': 2, 'points_modification': 0}]}]",False
294,5,2025-26,0,0,0,0,0,0,0,0,0,0,0,0,0,0.0,0.0,0.0,0.0,0,0,0,0,0,0.00,0.00,0.00,0.00,0,False,"[{'fixture': 46, 'stats': [{'identifier': 'minutes', 'points': 0, 'value': 0, 'points_modification': 0}]}]",False
295,5,2025-26,90,0,0,0,2,0,0,0,0,0,0,0,9,15.4,0.7,2.0,1.8,6,7,1,7,1,0.00,0.01,0.01,0.90,1,False,"[{'fixture': 46, 'stats': [{'identifier': 'minutes', 'points': 2, 'value': 90, 'points_modification': 0}, {'identifier': 'goals_conceded', 'points': -1, 'value': 2, 'points_modification': 0}]}]",False
296,5,2025-26,0,0,0,0,0,0,0,0,0,0,0,0,0,0.0,0.0,0.0,0.0,0,0,0,0,0,0.00,0.00,0.00,0.00,0,False,"[{'fixture': 46, 'stats': [{'identifier': 'minutes', 'points': 0, 'value': 0, 'points_modification': 0}]}]",False
297,5,2025-26,0,0,0,0,0,0,0,0,0,0,0,0,0,0.0,0.0,0.0,0.0,0,0,0,0,0,0.00,0.00,0.00,0.00,0,False,"[{'fixture': 46, 'stats': [{'identifier': 'minutes', 'points': 0, 'value': 0, 'points_modification': 0}]}]",False
298,5,2025-26,0,0,0,0,0,0,0,0,0,0,0,0,0,0.0,0.0,0.0,0.0,0,0,0,0,0,0.00,0.00,0.00,0.00,0,False,"[{'fixture': 46, 'stats': [{'identifier': 'minutes', 'points': 0, 'value': 0, 'points_modification': 0}]}]",False
299,5,2025-26,85,0,1,0,2,0,0,0,1,0,0,0,25,31.4,26.1,2.0,6.0,1,9,2,12,1,0.00,0.16,0.16,0.90,6,False,"[{'fixture': 46, 'stats': [{'identifier': 'minutes', 'points': 2, 'value': 85, 'points_modification': 0}, {'identifier': 'assists', 'points': 3, 'value': 1, 'points_modification': 0}, {'identifier': 'yellow_cards', 'points': -1, 'value': 1, 'points_modification': 0}, {'identifier': 'defensive_contribution', 'points': 2, 'value': 12, 'points_modification': 0}]}]",False
300,5,2025-26,0,0,0,0,0,0,0,0,0,0,0,0,0,0.0,0.0,0.0,0.0,0,0,0,0,0,0.00,0.00,0.00,0.00,0,False,"[{'fixture': 46, 'stats': [{'identifier': 'minutes', 'points': 0, 'value': 0, 'points_modification': 0}]}]",False
301,5,2025-26,4,0,0,0,0,0,0,0,0,0,0,0,3,0.0,0.3,0.0,0.0,0,0,0,0,0,0.00,0.00,0.00,0.00,1,False,"[{'fixture': 46, 'stats': [{'identifier': 'minutes', 'points': 1, 'value': 4, 'points_modification': 0}]}]",False
302,5,2025-26,90,1,0,0,2,0,0,0,0,0,0,1,35,50.4,6.4,40.0,9.7,3,7,2,12,1,0.26,0.02,0.28,0.90,10,False,"[{'fixture': 46, 'stats': [{'identifier': 'minutes', 'points': 2, 'value': 90, 'points_modification': 0}, {'identifier': 'goals_scored', 'points': 5, 'value': 1, 'points_modification': 0}, {'identifier': 'bonus', 'points': 1, 'value': 1, 'points_modification': 0}, {'identifier': 'defensive_contribution', 'points': 2, 'value': 12, 'points_modification': 0}]}]",False
303,5,2025-26,90,0,0,0,2,0,0,0,0,0,0,0,17,16.2,3.2,3.0,2.2,6,7,5,18,1,0.04,0.02,0.06,0.90,4,False,"[{'fixture': 46, 'stats': [{'identifier': 'minutes', 'points': 2, 'value': 90, 'points_modification': 0}, {'identifier': 'defensive_contribution', 'points': 2, 'value': 18, 'points_modification': 0}]}]",False
304,5,2025-26,0,0,0,0,0,0,0,0,0,0,0,0,0,0.0,0.0,0.0,0.0,0,0,0,0,0,0.00,0.00,0.00,0.00,0,False,"[{'fixture': 46, 'stats': [{'identifier': 'minutes', 'points': 0, 'value': 0, 'points_modification': 0}]}]",False
305,5,2025-26,0,0,0,0,0,0,0,0,0,0,0,0,0,0.0,0.0,0.0,0.0,0,0,0,0,0,0.00,0.00,0.00,0.00,0,False,"[{'fixture': 46, 'stats': [{'identifier': 'minutes', 'points': 0, 'value': 0, 'points_modification': 0}]}]",False
306,5,2025-26,0,0,0,0,0,0,0,0,0,0,0,0,0,0.0,0.0,0.0,0.0,0,0,0,0,0,0.00,0.00,0.00,0.00,0,False,"[{'fixture': 46, 'stats': [{'identifier': 'minutes', 'points': 0, 'value': 0, 'points_modification': 0}]}]",False
307,5,2025-26,0,0,0,0,0,0,0,0,0,0,0,0,0,0.0,0.0,0.0,0.0,0,0,0,0,0,0.00,0.00,0.00,0.00,0,False,"[{'fixture': 46, 'stats': [{'identifier': 'minutes', 'points': 0, 'value': 0, 'points_modification': 0}]}]",False
308,5,2025-26,0,0,0,0,0,0,0,0,0,0,0,0,0,0.0,0.0,0.0,0.0,0,0,0,0,0,0.00,0.00,0.00,0.00,0,False,"[{'fixture': 46, 'stats': [{'identifier': 'minutes', 'points': 0, 'value': 0, 'points_modification': 0}]}]",False
309,5,2025-26,0,0,0,0,0,0,0,0,0,0,0,0,0,0.0,0.0,0.0,0.0,0,0,0,0,0,0.00,0.00,0.00,0.00,0,False,"[{'fixture': 46, 'stats': [{'identifier': 'minutes', 'points': 0, 'value': 0, 'points_modification': 0}]}]",False
310,5,2025-26,45,0,0,0,0,0,0,0,0,0,0,0,1,0.4,1.0,0.0,0.1,0,1,0,1,0,0.00,0.00,0.00,0.21,1,False,"[{'fixture': 46, 'stats': [{'identifier': 'minutes', 'points': 1, 'value': 45, 'points_modification': 0}]}]",False
311,5,2025-26,45,0,0,0,2,0,0,0,0,0,0,0,1,0.0,0.3,8.0,0.6,0,1,0,1,1,0.20,0.00,0.20,0.69,1,False,"[{'fixture': 46, 'stats': [{'identifier': 'minutes', 'points': 1, 'value': 45, 'points_modification': 0}]}]",False
312,5,2025-26,0,0,0,0,0,0,0,0,0,0,0,0,0,0.0,0.0,0.0,0.0,0,0,0,0,0,0.00,0.00,0.00,0.00,0,False,"[{'fixture': 46, 'stats': [{'identifier': 'minutes', 'points': 0, 'value': 0, 'points_modification': 0}]}]",False
313,5,2025-26,0,0,0,0,0,0,0,0,0,0,0,0,0,0.0,0.0,0.0,0.0,0,0,0,0,0,0.00,0.00,0.00,0.00,0,False,"[{'fixture': 46, 'stats': [{'identifier': 'minutes', 'points': 0, 'value': 0, 'points_modification': 0}]}]",False
314,5,2025-26,90,0,0,0,1,0,0,0,1,0,2,0,9,19.2,0.0,0.0,1.9,1,6,0,0,1,0.00,0.00,0.00,0.60,1,False,"[{'fixture': 45, 'stats': [{'identifier': 'minutes', 'points': 2, 'value': 90, 'points_modification': 0}, {'identifier': 'yellow_cards', 'points': -1, 'value': 1, 'points_modification': 0}]}]",False
315,5,2025-26,0,0,0,0,0,0,0,0,0,0,0,0,0,0.0,0.0,0.0,0.0,0,0,0,0,0,0.00,0.00,0.00,0.00,0,False,"[{'fixture': 45, 'stats': [{'identifier': 'minutes', 'points': 0, 'value': 0, 'points_modification': 0}]}]",False
316,5,2025-26,0,0,0,0,0,0,0,0,0,0,0,0,0,0.0,0.0,0.0,0.0,0,0,0,0,0,0.00,0.00,0.00,0.00,0,False,"[{'fixture': 45, 'stats': [{'identifier': 'minutes', 'points': 0, 'value': 0, 'points_modification': 0}]}]",False
317,5,2025-26,90,0,0,0,1,0,0,0,0,0,0,0,15,32.4,0.8,11.0,4.4,13,3,2,15,1,0.22,0.01,0.23,0.60,4,False,"[{'fixture': 45, 'stats': [{'identifier': 'minutes', 'points': 2, 'value': 90, 'points_modification': 0}, {'identifier': 'defensive_contribution', 'points': 2, 'value': 15, 'points_modification': 0}]}]",False
318,5,2025-26,90,0,0,0,1,0,0,0,0,0,0,0,15,29.0,0.8,2.0,3.2,9,4,1,10,1,0.01,0.00,0.01,0.60,4,False,"[{'fixture': 45, 'stats': [{'identifier': 'minutes', 'points': 2, 'value': 90, 'points_modification': 0}, {'identifier': 'defensive_contribution', 'points': 2, 'value': 10, 'points_modification': 0}]}]",False
319,5,2025-26,0,0,0,0,0,0,0,0,0,0,0,0,0,0.0,0.0,0.0,0.0,0,0,0,0,0,0.00,0.00,0.00,0.00,0,False,"[{'fixture': 45, 'stats': [{'identifier': 'minutes', 'points': 0, 'value': 0, 'points_modification': 0}]}]",False
320,5,2025-26,0,0,0,0,0,0,0,0,0,0,0,0,0,0.0,0.0,0.0,0.0,0,0,0,0,0,0.00,0.00,0.00,0.00,0,False,"[{'fixture': 45, 'stats': [{'identifier': 'minutes', 'points': 0, 'value': 0, 'points_modification': 0}]}]",False
321,5,2025-26,4,0,0,0,0,0,0,0,0,0,0,0,6,5.0,0.0,0.0,0.5,3,0,1,4,0,0.00,0.00,0.00,0.05,1,False,"[{'fixture': 45, 'stats': [{'identifier': 'minutes', 'points': 1, 'value': 4, 'points_modification': 0}]}]",False
322,5,2025-26,90,0,0,0,1,0,0,0,0,0,0,0,11,22.8,13.7,0.0,3.7,5,4,3,8,1,0.00,0.02,0.02,0.60,2,False,"[{'fixture': 45, 'stats': [{'identifier': 'minutes', 'points': 2, 'value': 90, 'points_modification': 0}]}]",False
323,5,2025-26,0,0,0,0,0,0,0,0,0,0,0,0,0,0.0,0.0,0.0,0.0,0,0,0,0,0,0.00,0.00,0.00,0.00,0,False,"[{'fixture': 45, 'stats': [{'identifier': 'minutes', 'points': 0, 'value': 0, 'points_modification': 0}]}]",False
324,5,2025-26,79,1,1,0,1,0,0,0,0,0,0,3,47,59.8,38.3,19.0,11.7,0,5,0,5,1,0.18,0.20,0.38,0.52,13,True,"[{'fixture': 45, 'stats': [{'identifier': 'minutes', 'points': 2, 'value': 79, 'points_modification': 0}, {'identifier': 'goals_scored', 'points': 5, 'value': 1, 'points_modification': 0}, {'identifier': 'assists', 'points': 3, 'value': 1, 'points_modification': 0}, {'identifier': 'bonus', 'points': 3, 'value': 3, 'points_modification': 0}]}]",False
325,5,2025-26,10,0,0,0,0,0,0,0,0,0,0,0,4,2.2,0.3,0.0,0.3,0,1,1,2,0,0.00,0.00,0.00,0.08,1,False,"[{'fixture': 45, 'stats': [{'identifier': 'minutes', 'points': 1, 'value': 10, 'points_modification': 0}]}]",False
326,5,2025-26,0,0,0,0,0,0,0,0,0,0,0,0,0,0.0,0.0,0.0,0.0,0,0,0,0,0,0.00,0.00,0.00,0.00,0,False,"[{'fixture': 45, 'stats': [{'identifier': 'minutes', 'points': 0, 'value': 0, 'points_modification': 0}]}]",False
327,5,2025-26,0,0,0,0,0,0,0,0,0,0,0,0,0,0.0,0.0,0.0,0.0,0,0,0,0,0,0.00,0.00,0.00,0.00,0,False,"[{'fixture': 45, 'stats': [{'identifier': 'minutes', 'points': 0, 'value': 0, 'points_modification': 0}]}]",False
328,5,2025-26,90,0,1,0,1,0,0,0,0,0,0,0,25,22.6,5.8,27.0,5.5,4,1,4,9,1,0.05,0.01,0.06,0.60,5,False,"[{'fixture': 45, 'stats': [{'identifier': 'minutes', 'points': 2, 'value': 90, 'points_modification': 0}, {'identifier': 'assists', 'points': 3, 'value': 1, 'points_modification': 0}]}]",False
329,5,2025-26,85,1,0,0,1,0,0,0,0,0,0,2,35,47.6,40.5,28.0,11.6,1,3,3,7,1,0.26,0.09,0.35,0.55,9,False,"[{'fixture': 45, 'stats': [{'identifier': 'minutes', 'points': 2, 'value': 85, 'points_modification': 0}, {'identifier': 'goals_scored', 'points': 5, 'value': 1, 'points_modification': 0}, {'identifier': 'bonus', 'points': 2, 'value': 2, 'points_modification': 0}]}]",False
330,5,2025-26,90,0,0,0,1,0,0,0,0,0,0,0,15,12.6,12.5,2.0,2.7,4,5,1,10,1,0.00,0.01,0.01,0.60,2,False,"[{'fixture': 45, 'stats': [{'identifier': 'minutes', 'points': 2, 'value': 90, 'points_modification': 0}]}]",False
331,5,2025-26,4,0,0,0,0,0,0,0,0,0,0,0,4,0.4,0.3,0.0,0.1,0,1,0,1,0,0.00,0.00,0.00,0.05,1,False,"[{'fixture': 45, 'stats': [{'identifier': 'minutes', 'points': 1, 'value': 4, 'points_modification': 0}]}]",False
332,5,2025-26,85,0,0,0,1,0,0,0,1,0,0,0,6,1.4,29.3,9.0,4.0,2,2,1,5,1,0.09,0.25,0.34,0.55,1,False,"[{'fixture': 45, 'stats': [{'identifier': 'minutes', 'points': 2, 'value': 85, 'points_modification': 0}, {'identifier': 'yellow_cards', 'points': -1, 'value': 1, 'points_modification': 0}]}]",False
333,5,2025-26,0,0,0,0,0,0,0,0,0,0,0,0,0,0.0,0.0,0.0,0.0,0,0,0,0,0,0.00,0.00,0.00,0.00,0,False,"[{'fixture': 45, 'stats': [{'identifier': 'minutes', 'points': 0, 'value': 0, 'points_modification': 0}]}]",False
334,5,2025-26,0,0,0,0,0,0,0,0,0,0,0,0,0,0.0,0.0,0.0,0.0,0,0,0,0,0,0.00,0.00,0.00,0.00,0,False,"[{'fixture': 45, 'stats': [{'identifier': 'minutes', 'points': 0, 'value': 0, 'points_modification': 0}]}]",False
335,5,2025-26,66,0,0,0,1,0,0,0,1,0,0,0,3,0.0,3.3,8.0,0.6,0,5,1,6,1,0.09,0.02,0.11,0.43,1,False,"[{'fixture': 45, 'stats': [{'identifier': 'minutes', 'points': 2, 'value': 66, 'points_modification': 0}, {'identifier': 'yellow_cards', 'points': -1, 'value': 1, 'points_modification': 0}]}]",False
336,5,2025-26,0,0,0,0,0,0,0,0,0,0,0,0,0,0.0,0.0,0.0,0.0,0,0,0,0,0,0.00,0.00,0.00,0.00,0,False,"[{'fixture': 45, 'stats': [{'identifier': 'minutes', 'points': 0, 'value': 0, 'points_modification': 0}]}]",False
337,5,2025-26,10,0,0,0,0,0,0,0,0,0,0,0,2,1.2,1.3,0.0,0.3,1,0,0,1,0,0.00,0.00,0.00,0.08,1,False,"[{'fixture': 45, 'stats': [{'identifier': 'minutes', 'points': 1, 'value': 10, 'points_modification': 0}]}]",False
338,5,2025-26,79,0,1,0,1,0,0,0,0,0,0,0,13,23.4,20.8,21.0,6.5,4,1,1,6,1,0.12,0.00,0.12,0.52,5,False,"[{'fixture': 45, 'stats': [{'identifier': 'minutes', 'points': 2, 'value': 79, 'points_modification': 0}, {'identifier': 'assists', 'points': 3, 'value': 1, 'points_modification': 0}]}]",False
339,5,2025-26,0,0,0,0,0,0,0,0,0,0,0,0,0,0.0,0.0,0.0,0.0,0,0,0,0,0,0.00,0.00,0.00,0.00,0,False,"[{'fixture': 50, 'stats': [{'identifier': 'minutes', 'points': 0, 'value': 0, 'points_modification': 0}]}]",False
340,5,2025-26,0,0,0,0,0,0,0,0,0,0,0,0,0,0.0,0.0,0.0,0.0,0,0,0,0,0,0.00,0.00,0.00,0.00,0,False,"[{'fixture': 50, 'stats': [{'identifier': 'minutes', 'points': 0, 'value': 0, 'points_modification': 0}]}]",False
341,5,2025-26,90,0,0,0,1,0,0,0,0,0,5,0,23,39.0,0.0,0.0,3.9,2,15,0,0,1,0.00,0.00,0.00,1.78,3,False,"[{'fixture': 50, 'stats': [{'identifier': 'minutes', 'points': 2, 'value': 90, 'points_modification': 0}, {'identifier': 'saves', 'points': 1, 'value': 5, 'points_modification': 0}]}]",False
342,5,2025-26,82,0,1,0,1,0,0,0,1,0,0,0,6,10.0,1.3,0.0,1.1,5,5,3,8,1,0.00,0.00,0.00,1.51,4,False,"[{'fixture': 50, 'stats': [{'identifier': 'minutes', 'points': 2, 'value': 82, 'points_modification': 0}, {'identifier': 'assists', 'points': 3, 'value': 1, 'points_modification': 0}, {'identifier': 'yellow_cards', 'points': -1, 'value': 1, 'points_modification': 0}]}]",False
343,5,2025-26,90,0,0,0,1,0,0,0,0,0,0,0,14,32.8,0.8,0.0,3.4,13,2,1,14,1,0.00,0.00,0.00,1.78,4,False,"[{'fixture': 50, 'stats': [{'identifier': 'minutes', 'points': 2, 'value': 90, 'points_modification': 0}, {'identifier': 'defensive_contribution', 'points': 2, 'value': 14, 'points_modification': 0}]}]",False
344,5,2025-26,0,0,0,0,0,0,0,0,0,0,0,0,0,0.0,0.0,0.0,0.0,0,0,0,0,0,0.00,0.00,0.00,0.00,0,False,"[{'fixture': 50, 'stats': [{'identifier': 'minutes', 'points': 0, 'value': 0, 'points_modification': 0}]}]",False
345,5,2025-26,0,0,0,0,0,0,0,0,0,0,0,0,0,0.0,0.0,0.0,0.0,0,0,0,0,0,0.00,0.00,0.00,0.00,0,False,"[{'fixture': 50, 'stats': [{'identifier': 'minutes', 'points': 0, 'value': 0, 'points_modification': 0}]}]",False
346,5,2025-26,0,0,0,0,0,0,0,0,0,0,0,0,0,0.0,0.0,0.0,0.0,0,0,0,0,0,0.00,0.00,0.00,0.00,0,False,"[{'fixture': 50, 'stats': [{'identifier': 'minutes', 'points': 0, 'value': 0, 'points_modification': 0}]}]",False
347,5,2025-26,90,0,0,0,1,0,0,0,0,0,0,0,11,20.0,6.3,6.0,3.2,10,5,0,10,1,0.00,0.12,0.12,1.78,4,False,"[{'fixture': 50, 'stats': [{'identifier': 'minutes', 'points': 2, 'value': 90, 'points_modification': 0}, {'identifier': 'defensive_contribution', 'points': 2, 'value': 10, 'points_modification': 0}]}]",False
348,5,2025-26,90,0,0,0,1,0,0,0,0,0,0,0,12,20.0,0.6,0.0,2.1,8,2,1,9,1,0.00,0.01,0.01,1.78,2,False,"[{'fixture': 50, 'stats': [{'identifier': 'minutes', 'points': 2, 'value': 90, 'points_modification': 0}]}]",False
349,5,2025-26,0,0,0,0,0,0,0,0,0,0,0,0,0,0.0,0.0,0.0,0.0,0,0,0,0,0,0.00,0.00,0.00,0.00,0,False,"[{'fixture': 50, 'stats': [{'identifier': 'minutes', 'points': 0, 'value': 0, 'points_modification': 0}]}]",False
350,5,2025-26,90,0,0,0,1,0,0,0,0,0,0,0,9,3.4,5.7,1.0,1.0,2,7,1,10,1,0.05,0.19,0.24,1.77,2,False,"[{'fixture': 50, 'stats': [{'identifier': 'minutes', 'points': 2, 'value': 90, 'points_modification': 0}]}]",False
351,5,2025-26,0,0,0,0,0,0,0,0,0,0,0,0,0,0.0,0.0,0.0,0.0,0,0,0,0,0,0.00,0.00,0.00,0.00,0,False,"[{'fixture': 50, 'stats': [{'identifier': 'minutes', 'points': 0, 'value': 0, 'points_modification': 0}]}]",False
352,5,2025-26,20,0,0,0,0,0,0,0,0,0,0,0,4,0.6,1.5,0.0,0.2,0,3,0,3,0,0.00,0.00,0.00,0.50,1,False,"[{'fixture': 50, 'stats': [{'identifier': 'minutes', 'points': 1, 'value': 20, 'points_modification': 0}]}]",False
353,5,2025-26,0,0,0,0,0,0,0,0,0,0,0,0,0,0.0,0.0,0.0,0.0,0,0,0,0,0,0.00,0.00,0.00,0.00,0,False,"[{'fixture': 50, 'stats': [{'identifier': 'minutes', 'points': 0, 'value': 0, 'points_modification': 0}]}]",False
354,5,2025-26,90,0,0,0,1,0,0,0,0,0,0,0,18,17.2,6.1,1.0,2.4,5,6,4,15,1,0.02,0.01,0.03,1.78,4,False,"[{'fixture': 50, 'stats': [{'identifier': 'minutes', 'points': 2, 'value': 90, 'points_modification': 0}, {'identifier': 'defensive_contribution', 'points': 2, 'value': 15, 'points_modification': 0}]}]",False
355,5,2025-26,0,0,0,0,0,0,0,0,0,0,0,0,0,0.0,0.0,0.0,0.0,0,0,0,0,0,0.00,0.00,0.00,0.00,0,False,"[{'fixture': 50, 'stats': [{'identifier': 'minutes', 'points': 0, 'value': 0, 'points_modification': 0}]}]",False
356,5,2025-26,1,0,0,0,0,0,0,0,0,0,0,0,3,0.2,0.1,0.0,0.0,0,0,0,0,0,0.00,0.00,0.00,0.02,1,False,"[{'fixture': 50, 'stats': [{'identifier': 'minutes', 'points': 1, 'value': 1, 'points_modification': 0}]}]",False
357,5,2025-26,0,0,0,0,0,0,0,0,0,0,0,0,0,0.0,0.0,0.0,0.0,0,0,0,0,0,0.00,0.00,0.00,0.00,0,False,"[{'fixture': 50, 'stats': [{'identifier': 'minutes', 'points': 0, 'value': 0, 'points_modification': 0}]}]",False
358,5,2025-26,7,0,0,0,0,0,0,0,0,0,0,0,4,2.0,0.0,0.0,0.2,2,0,0,2,0,0.00,0.00,0.00,0.28,1,False,"[{'fixture': 50, 'stats': [{'identifier': 'minutes', 'points': 1, 'value': 7, 'points_modification': 0}]}]",False
359,5,2025-26,0,0,0,0,0,0,0,0,0,0,0,0,0,0.0,0.0,0.0,0.0,0,0,0,0,0,0.00,0.00,0.00,0.00,0,False,"[{'fixture': 50, 'stats': [{'identifier': 'minutes', 'points': 0, 'value': 0, 'points_modification': 0}]}]",False
360,5,2025-26,0,0,0,0,0,0,0,0,0,0,0,0,0,0.0,0.0,0.0,0.0,0,0,0,0,0,0.00,0.00,0.00,0.00,0,False,"[{'fixture': 50, 'stats': [{'identifier': 'minutes', 'points': 0, 'value': 0, 'points_modification': 0}]}]",False
361,5,2025-26,0,0,0,0,0,0,0,0,0,0,0,0,0,0.0,0.0,0.0,0.0,0,0,0,0,0,0.00,0.00,0.00,0.00,0,False,"[{'fixture': 50, 'stats': [{'identifier': 'minutes', 'points': 0, 'value': 0, 'points_modification': 0}]}]",False
362,5,2025-26,0,0,0,0,0,0,0,0,0,0,0,0,0,0.0,0.0,0.0,0.0,0,0,0,0,0,0.00,0.00,0.00,0.00,0,False,"[{'fixture': 50, 'stats': [{'identifier': 'minutes', 'points': 0, 'value': 0, 'points_modification': 0}]}]",False
363,5,2025-26,0,0,0,0,0,0,0,0,0,0,0,0,0,0.0,0.0,0.0,0.0,0,0,0,0,0,0.00,0.00,0.00,0.00,0,False,"[{'fixture': 50, 'stats': [{'identifier': 'minutes', 'points': 0, 'value': 0, 'points_modification': 0}]}]",False
364,5,2025-26,0,0,0,0,0,0,0,0,0,0,0,0,0,0.0,0.0,0.0,0.0,0,0,0,0,0,0.00,0.00,0.00,0.00,0,False,"[{'fixture': 50, 'stats': [{'identifier': 'minutes', 'points': 0, 'value': 0, 'points_modification': 0}]}]",False
365,5,2025-26,1,0,0,0,0,0,0,0,0,0,0,0,3,1.0,0.0,0.0,0.1,1,0,0,1,0,0.00,0.00,0.00,0.02,1,False,"[{'fixture': 50, 'stats': [{'identifier': 'minutes', 'points': 1, 'value': 1, 'points_modification': 0}]}]",False
366,5,2025-26,90,0,0,0,1,0,0,0,0,0,1,0,11,11.8,0.0,0.0,1.2,3,10,0,0,1,0.00,0.00,0.00,0.70,2,False,"[{'fixture': 46, 'stats': [{'identifier': 'minutes', 'points': 2, 'value': 90, 'points_modification': 0}]}]",False
367,5,2025-26,0,0,0,0,0,0,0,0,0,0,0,0,0,0.0,0.0,0.0,0.0,0,0,0,0,0,0.00,0.00,0.00,0.00,0,False,"[{'fixture': 46, 'stats': [{'identifier': 'minutes', 'points': 0, 'value': 0, 'points_modification': 0}]}]",False
368,5,2025-26,0,0,0,0,0,0,0,0,0,0,0,0,0,0.0,0.0,0.0,0.0,0,0,0,0,0,0.00,0.00,0.00,0.00,0,False,"[{'fixture': 46, 'stats': [{'identifier': 'minutes', 'points': 0, 'value': 0, 'points_modification': 0}]}]",False
369,5,2025-26,0,0,0,0,0,0,0,0,0,0,0,0,0,0.0,0.0,0.0,0.0,0,0,0,0,0,0.00,0.00,0.00,0.00,0,False,"[{'fixture': 46, 'stats': [{'identifier': 'minutes', 'points': 0, 'value': 0, 'points_modification': 0}]}]",False
370,5,2025-26,0,0,0,0,0,0,0,0,0,0,0,0,0,0.0,0.0,0.0,0.0,0,0,0,0,0,0.00,0.00,0.00,0.00,0,False,"[{'fixture': 46, 'stats': [{'identifier': 'minutes', 'points': 0, 'value': 0, 'points_modification': 0}]}]",False
371,5,2025-26,90,0,0,0,1,0,0,0,0,0,0,0,15,24.2,17.4,2.0,4.4,8,1,2,10,1,0.00,0.04,0.04,0.70,4,False,"[{'fixture': 46, 'stats': [{'identifier': 'minutes', 'points': 2, 'value': 90, 'points_modification': 0}, {'identifier': 'defensive_contribution', 'points': 2, 'value': 10, 'points_modification': 0}]}]",False
372,5,2025-26,0,0,0,0,0,0,0,0,0,0,0,0,0,0.0,0.0,0.0,0.0,0,0,0,0,0,0.00,0.00,0.00,0.00,0,False,"[{'fixture': 46, 'stats': [{'identifier': 'minutes', 'points': 0, 'value': 0, 'points_modification': 0}]}]",False
373,5,2025-26,90,0,0,0,1,0,0,0,0,0,0,0,14,22.6,1.2,2.0,2.6,10,3,0,10,1,0.00,0.01,0.01,0.70,4,False,"[{'fixture': 46, 'stats': [{'identifier': 'minutes', 'points': 2, 'value': 90, 'points_modification': 0}, {'identifier': 'defensive_contribution', 'points': 2, 'value': 10, 'points_modification': 0}]}]",False
374,5,2025-26,90,0,0,0,1,0,0,0,0,0,0,0,9,27.4,0.7,5.0,3.3,9,2,2,11,1,0.04,0.00,0.04,0.70,4,False,"[{'fixture': 46, 'stats': [{'identifier': 'minutes', 'points': 2, 'value': 90, 'points_modification': 0}, {'identifier': 'defensive_contribution', 'points': 2, 'value': 11, 'points_modification': 0}]}]",False
375,5,2025-26,90,0,0,0,1,0,0,0,0,0,0,0,6,5.4,3.7,5.0,1.4,4,1,1,5,1,0.04,0.04,0.08,0.70,2,False,"[{'fixture': 46, 'stats': [{'identifier': 'minutes', 'points': 2, 'value': 90, 'points_modification': 0}]}]",False
376,5,2025-26,0,0,0,0,0,0,0,0,0,0,0,0,0,0.0,0.0,0.0,0.0,0,0,0,0,0,0.00,0.00,0.00,0.00,0,False,"[{'fixture': 46, 'stats': [{'identifier': 'minutes', 'points': 0, 'value': 0, 'points_modification': 0}]}]",False
377,5,2025-26,0,0,0,0,0,0,0,0,0,0,0,0,0,0.0,0.0,0.0,0.0,0,0,0,0,0,0.00,0.00,0.00,0.00,0,False,"[{'fixture': 46, 'stats': [{'identifier': 'minutes', 'points': 0, 'value': 0, 'points_modification': 0}]}]",False
378,5,2025-26,0,0,0,0,0,0,0,0,0,0,0,0,0,0.0,0.0,0.0,0.0,0,0,0,0,0,0.00,0.00,0.00,0.00,0,False,"[{'fixture': 46, 'stats': [{'identifier': 'minutes', 'points': 0, 'value': 0, 'points_modification': 0}]}]",False
379,5,2025-26,0,0,0,0,0,0,0,0,0,0,0,0,0,0.0,0.0,0.0,0.0,0,0,0,0,0,0.00,0.00,0.00,0.00,0,False,"[{'fixture': 46, 'stats': [{'identifier': 'minutes', 'points': 0, 'value': 0, 'points_modification': 0}]}]",False
380,5,2025-26,0,0,0,0,0,0,0,0,0,0,0,0,0,0.0,0.0,0.0,0.0,0,0,0,0,0,0.00,0.00,0.00,0.00,0,False,"[{'fixture': 46, 'stats': [{'identifier': 'minutes', 'points': 0, 'value': 0, 'points_modification': 0}]}]",False
381,5,2025-26,90,0,1,0,1,0,0,0,0,0,0,0,14,21.6,16.7,27.0,6.5,2,2,0,4,1,0.12,0.19,0.31,0.70,5,False,"[{'fixture': 46, 'stats': [{'identifier': 'minutes', 'points': 2, 'value': 90, 'points_modification': 0}, {'identifier': 'assists', 'points': 3, 'value': 1, 'points_modification': 0}]}]",False
382,5,2025-26,29,0,0,0,0,0,0,0,1,0,0,0,-2,1.4,11.3,4.0,1.7,0,0,0,0,0,0.00,0.03,0.03,0.04,0,False,"[{'fixture': 46, 'stats': [{'identifier': 'minutes', 'points': 1, 'value': 29, 'points_modification': 0}, {'identifier': 'yellow_cards', 'points': -1, 'value': 1, 'points_modification': 0}]}]",False
383,5,2025-26,0,0,0,0,0,0,0,0,0,0,0,0,0,0.0,0.0,0.0,0.0,0,0,0,0,0,0.00,0.00,0.00,0.00,0,False,"[{'fixture': 46, 'stats': [{'identifier': 'minutes', 'points': 0, 'value': 0, 'points_modification': 0}]}]",False
384,5,2025-26,60,0,0,0,1,0,0,0,0,0,0,0,10,9.2,25.8,10.0,4.5,4,2,1,7,1,0.08,0.10,0.18,0.66,2,False,"[{'fixture': 46, 'stats': [{'identifier': 'minutes', 'points': 2, 'value': 60, 'points_modification': 0}]}]",False
385,5,2025-26,0,0,0,0,0,0,0,0,0,0,0,0,0,0.0,0.0,0.0,0.0,0,0,0,0,0,0.00,0.00,0.00,0.00,0,False,"[{'fixture': 46, 'stats': [{'identifier': 'minutes', 'points': 0, 'value': 0, 'points_modification': 0}]}]",False
386,5,2025-26,60,0,0,0,1,0,0,0,0,0,0,0,13,4.6,3.8,5.0,1.3,1,5,1,7,1,0.10,0.05,0.15,0.66,2,False,"[{'fixture': 46, 'stats': [{'identifier': 'minutes', 'points': 2, 'value': 60, 'points_modification': 0}]}]",False
387,5,2025-26,90,0,0,0,1,0,0,0,1,0,0,0,10,11.4,22.4,14.0,4.8,2,7,1,10,1,0.07,0.03,0.10,0.70,1,False,"[{'fixture': 46, 'stats': [{'identifier': 'minutes', 'points': 2, 'value': 90, 'points_modification': 0}, {'identifier': 'yellow_cards', 'points': -1, 'value': 1, 'points_modification': 0}]}]",False
388,5,2025-26,29,0,0,0,0,0,0,0,0,0,0,0,9,9.2,4.7,0.0,1.4,2,3,2,7,0,0.00,0.04,0.04,0.04,1,False,"[{'fixture': 46, 'stats': [{'identifier': 'minutes', 'points': 1, 'value': 29, 'points_modification': 0}]}]",False
389,5,2025-26,32,0,0,0,1,0,0,0,0,0,0,0,3,2.2,8.8,11.0,2.2,0,1,0,1,0,0.17,0.05,0.22,0.68,1,False,"[{'fixture': 48, 'stats': [{'identifier': 'minutes', 'points': 1, 'value': 32, 'points_modification': 0}]}]",False
390,5,2025-26,90,1,1,0,1,0,0,0,0,0,0,3,48,67.4,18.5,17.0,10.3,2,7,5,14,1,0.13,0.19,0.32,0.70,15,True,"[{'fixture': 46, 'stats': [{'identifier': 'minutes', 'points': 2, 'value': 90, 'points_modification': 0}, {'identifier': 'goals_scored', 'points': 5, 'value': 1, 'points_modification': 0}, {'identifier': 'assists', 'points': 3, 'value': 1, 'points_modification': 0}, {'identifier': 'bonus', 'points': 3, 'value': 3, 'points_modification': 0}, {'identifier': 'defensive_contribution', 'points': 2, 'value': 14, 'points_modification': 0}]}]",False
391,5,2025-26,0,0,0,0,0,0,0,0,0,0,0,0,0,0.0,0.0,0.0,0.0,0,0,0,0,0,0.00,0.00,0.00,0.00,0,False,"[{'fixture': 42, 'stats': [{'identifier': 'minutes', 'points': 0, 'value': 0, 'points_modification': 0}]}]",False
392,5,2025-26,0,0,0,0,0,0,0,0,0,0,0,0,0,0.0,0.0,0.0,0.0,0,0,0,0,0,0.00,0.00,0.00,0.00,0,False,"[{'fixture': 46, 'stats': [{'identifier': 'minutes', 'points': 0, 'value': 0, 'points_modification': 0}]}]",False
393,5,2025-26,0,0,0,0,0,0,0,0,0,0,0,0,0,0.0,0.0,0.0,0.0,0,0,0,0,0,0.00,0.00,0.00,0.00,0,False,"[{'fixture': 46, 'stats': [{'identifier': 'minutes', 'points': 0, 'value': 0, 'points_modification': 0}]}]",False
394,5,2025-26,0,0,0,0,0,0,0,0,0,0,0,0,0,0.0,0.0,0.0,0.0,0,0,0,0,0,0.00,0.00,0.00,0.00,0,False,"[{'fixture': 46, 'stats': [{'identifier': 'minutes', 'points': 0, 'value': 0, 'points_modification': 0}]}]",False
395,5,2025-26,0,0,0,0,0,0,0,0,0,0,0,0,0,0.0,0.0,0.0,0.0,0,0,0,0,0,0.00,0.00,0.00,0.00,0,False,"[{'fixture': 46, 'stats': [{'identifier': 'minutes', 'points': 0, 'value': 0, 'points_modification': 0}]}]",False
396,5,2025-26,0,0,0,0,0,0,0,0,0,0,0,0,0,0.0,0.0,0.0,0.0,0,0,0,0,0,0.00,0.00,0.00,0.00,0,False,"[{'fixture': 46, 'stats': [{'identifier': 'minutes', 'points': 0, 'value': 0, 'points_modification': 0}]}]",False
397,5,2025-26,0,0,0,0,0,0,0,0,0,0,0,0,0,0.0,0.0,0.0,0.0,0,0,0,0,0,0.00,0.00,0.00,0.00,0,False,"[{'fixture': 46, 'stats': [{'identifier': 'minutes', 'points': 0, 'value': 0, 'points_modification': 0}]}]",False
398,5,2025-26,0,0,0,0,0,0,0,0,0,0,0,0,0,0.0,0.0,0.0,0.0,0,0,0,0,0,0.00,0.00,0.00,0.00,0,False,"[{'fixture': 46, 'stats': [{'identifier': 'minutes', 'points': 0, 'value': 0, 'points_modification': 0}]}]",False
399,5,2025-26,0,0,0,0,0,0,0,0,0,0,0,0,0,0.0,0.0,0.0,0.0,0,0,0,0,0,0.00,0.00,0.00,0.00,0,False,"[{'fixture': 41, 'stats': [{'identifier': 'minutes', 'points': 0, 'value': 0, 'points_modification': 0}]}]",False
400,5,2025-26,0,0,0,0,0,0,0,0,0,0,0,0,0,0.0,0.0,0.0,0.0,0,0,0,0,0,0.00,0.00,0.00,0.00,0,False,"[{'fixture': 41, 'stats': [{'identifier': 'minutes', 'points': 0, 'value': 0, 'points_modification': 0}]}]",False
401,5,2025-26,0,0,0,0,0,0,0,0,0,0,0,0,0,0.0,0.0,0.0,0.0,0,0,0,0,0,0.00,0.00,0.00,0.00,0,False,"[{'fixture': 41, 'stats': [{'identifier': 'minutes', 'points': 0, 'value': 0, 'points_modification': 0}]}]",False
402,5,2025-26,0,0,0,0,0,0,0,0,0,0,0,0,0,0.0,0.0,0.0,0.0,0,0,0,0,0,0.00,0.00,0.00,0.00,0,False,"[{'fixture': 41, 'stats': [{'identifier': 'minutes', 'points': 0, 'value': 0, 'points_modification': 0}]}]",False
403,5,2025-26,90,0,0,0,1,0,0,0,0,0,0,0,16,30.0,0.3,0.0,3.0,12,6,2,14,1,0.00,0.00,0.00,0.96,4,False,"[{'fixture': 41, 'stats': [{'identifier': 'minutes', 'points': 2, 'value': 90, 'points_modification': 0}, {'identifier': 'defensive_contribution', 'points': 2, 'value': 14, 'points_modification': 0}]}]",False
404,5,2025-26,0,0,0,0,0,0,0,0,0,0,0,0,0,0.0,0.0,0.0,0.0,0,0,0,0,0,0.00,0.00,0.00,0.00,0,False,"[{'fixture': 41, 'stats': [{'identifier': 'minutes', 'points': 0, 'value': 0, 'points_modification': 0}]}]",False
405,5,2025-26,22,0,0,0,1,0,0,0,0,0,0,0,1,3.0,0.5,0.0,0.4,2,0,0,2,0,0.00,0.03,0.03,0.23,1,False,"[{'fixture': 41, 'stats': [{'identifier': 'minutes', 'points': 1, 'value': 22, 'points_modification': 0}]}]",False
406,5,2025-26,45,0,0,0,0,0,0,0,0,0,0,0,4,4.8,0.8,0.0,0.6,3,3,0,3,1,0.00,0.00,0.00,0.35,1,False,"[{'fixture': 41, 'stats': [{'identifier': 'minutes', 'points': 1, 'value': 45, 'points_modification': 0}]}]",False
407,5,2025-26,45,0,0,0,1,0,0,0,0,0,0,0,5,11.6,0.8,0.0,1.2,6,2,1,7,0,0.00,0.00,0.00,0.61,1,False,"[{'fixture': 41, 'stats': [{'identifier': 'minutes', 'points': 1, 'value': 45, 'points_modification': 0}]}]",False
408,5,2025-26,90,0,0,0,1,0,0,0,0,0,0,0,5,9.0,0.7,0.0,1.0,6,1,0,6,1,0.00,0.00,0.00,0.96,2,False,"[{'fixture': 41, 'stats': [{'identifier': 'minutes', 'points': 2, 'value': 90, 'points_modification': 0}]}]",False
409,5,2025-26,3,0,0,0,1,0,0,0,0,0,0,0,-1,0.0,0.0,2.0,0.2,0,0,0,0,0,0.00,0.00,0.00,0.16,1,False,"[{'fixture': 41, 'stats': [{'identifier': 'minutes', 'points': 1, 'value': 3, 'points_modification': 0}]}]",False
410,5,2025-26,0,0,0,0,0,0,0,0,0,0,0,0,0,0.0,0.0,0.0,0.0,0,0,0,0,0,0.00,0.00,0.00,0.00,0,False,"[{'fixture': 41, 'stats': [{'identifier': 'minutes', 'points': 0, 'value': 0, 'points_modification': 0}]}]",False
411,5,2025-26,86,0,0,1,0,0,0,0,0,0,0,0,19,15.4,0.7,0.0,1.6,7,2,2,9,1,0.00,0.00,0.00,0.80,6,False,"[{'fixture': 41, 'stats': [{'identifier': 'minutes', 'points': 2, 'value': 86, 'points_modification': 0}, {'identifier': 'clean_sheets', 'points': 4, 'value': 1, 'points_modification': 0}]}]",False
412,5,2025-26,0,0,0,0,0,0,0,0,0,0,0,0,0,0.0,0.0,0.0,0.0,0,0,0,0,0,0.00,0.00,0.00,0.00,0,False,"[{'fixture': 41, 'stats': [{'identifier': 'minutes', 'points': 0, 'value': 0, 'points_modification': 0}]}]",False
413,5,2025-26,0,0,0,0,0,0,0,0,0,0,0,0,0,0.0,0.0,0.0,0.0,0,0,0,0,0,0.00,0.00,0.00,0.00,0,False,"[{'fixture': 41, 'stats': [{'identifier': 'minutes', 'points': 0, 'value': 0, 'points_modification': 0}]}]",False
414,5,2025-26,67,0,0,1,0,0,0,0,0,0,0,0,10,6.0,1.8,0.0,0.8,4,2,2,8,1,0.00,0.01,0.01,0.72,3,False,"[{'fixture': 41, 'stats': [{'identifier': 'minutes', 'points': 2, 'value': 67, 'points_modification': 0}, {'identifier': 'clean_sheets', 'points': 1, 'value': 1, 'points_modification': 0}]}]",False
415,5,2025-26,3,0,0,0,1,0,0,0,0,0,0,0,1,0.0,0.8,0.0,0.0,0,1,0,1,0,0.00,0.00,0.00,0.16,1,False,"[{'fixture': 41, 'stats': [{'identifier': 'minutes', 'points': 1, 'value': 3, 'points_modification': 0}]}]",False
416,5,2025-26,90,0,0,0,1,0,0,0,1,0,0,0,10,13.8,12.3,2.0,2.8,4,6,1,11,1,0.00,0.02,0.02,0.96,1,False,"[{'fixture': 41, 'stats': [{'identifier': 'minutes', 'points': 2, 'value': 90, 'points_modification': 0}, {'identifier': 'yellow_cards', 'points': -1, 'value': 1, 'points_modification': 0}]}]",False
417,5,2025-26,0,0,0,0,0,0,0,0,0,0,0,0,0,0.0,0.0,0.0,0.0,0,0,0,0,0,0.00,0.00,0.00,0.00,0,False,"[{'fixture': 41, 'stats': [{'identifier': 'minutes', 'points': 0, 'value': 0, 'points_modification': 0}]}]",False
418,5,2025-26,86,0,0,1,0,0,0,0,0,0,0,0,12,14.6,21.9,11.0,4.8,0,5,4,9,1,0.25,0.02,0.27,0.80,3,False,"[{'fixture': 41, 'stats': [{'identifier': 'minutes', 'points': 2, 'value': 86, 'points_modification': 0}, {'identifier': 'clean_sheets', 'points': 1, 'value': 1, 'points_modification': 0}]}]",False
419,5,2025-26,90,0,0,0,2,0,0,0,1,0,0,0,16,19.4,41.6,14.0,7.5,3,3,2,8,1,0.01,0.10,0.11,0.90,1,False,"[{'fixture': 46, 'stats': [{'identifier': 'minutes', 'points': 2, 'value': 90, 'points_modification': 0}, {'identifier': 'yellow_cards', 'points': -1, 'value': 1, 'points_modification': 0}]}]",False
420,5,2025-26,0,0,0,0,0,0,0,0,0,0,0,0,0,0.0,0.0,0.0,0.0,0,0,0,0,0,0.00,0.00,0.00,0.00,0,False,"[{'fixture': 41, 'stats': [{'identifier': 'minutes', 'points': 0, 'value': 0, 'points_modification': 0}]}]",False
421,5,2025-26,90,0,0,0,1,0,0,0,0,0,0,0,19,22.6,5.2,1.0,2.9,11,3,2,16,1,0.06,0.01,0.07,0.96,4,False,"[{'fixture': 41, 'stats': [{'identifier': 'minutes', 'points': 2, 'value': 90, 'points_modification': 0}, {'identifier': 'defensive_contribution', 'points': 2, 'value': 16, 'points_modification': 0}]}]",False
422,5,2025-26,0,0,0,0,0,0,0,0,0,0,0,0,0,0.0,0.0,0.0,0.0,0,0,0,0,0,0.00,0.00,0.00,0.00,0,False,"[{'fixture': 41, 'stats': [{'identifier': 'minutes', 'points': 0, 'value': 0, 'points_modification': 0}]}]",False
423,5,2025-26,14,0,0,0,1,0,0,0,0,0,0,0,2,1.8,0.5,0.0,0.2,1,1,0,2,0,0.00,0.00,0.00,0.18,1,False,"[{'fixture': 41, 'stats': [{'identifier': 'minutes', 'points': 1, 'value': 14, 'points_modification': 0}]}]",False
424,5,2025-26,0,0,0,0,0,0,0,0,0,0,0,0,0,0.0,0.0,0.0,0.0,0,0,0,0,0,0.00,0.00,0.00,0.00,0,False,"[{'fixture': 41, 'stats': [{'identifier': 'minutes', 'points': 0, 'value': 0, 'points_modification': 0}]}]",False
425,5,2025-26,0,0,0,0,0,0,0,0,0,0,0,0,0,0.0,0.0,0.0,0.0,0,0,0,0,0,0.00,0.00,0.00,0.00,0,False,"[{'fixture': 41, 'stats': [{'identifier': 'minutes', 'points': 0, 'value': 0, 'points_modification': 0}]}]",False
426,5,2025-26,0,0,0,0,0,0,0,0,0,0,0,0,0,0.0,0.0,0.0,0.0,0,0,0,0,0,0.00,0.00,0.00,0.00,0,False,"[{'fixture': 44, 'stats': [{'identifier': 'minutes', 'points': 0, 'value': 0, 'points_modification': 0}]}]",False
427,5,2025-26,90,0,1,0,1,0,0,0,0,0,0,2,26,31.2,21.8,17.0,7.0,5,7,0,12,1,0.06,0.04,0.10,0.96,9,False,"[{'fixture': 41, 'stats': [{'identifier': 'minutes', 'points': 2, 'value': 90, 'points_modification': 0}, {'identifier': 'assists', 'points': 3, 'value': 1, 'points_modification': 0}, {'identifier': 'bonus', 'points': 2, 'value': 2, 'points_modification': 0}, {'identifier': 'defensive_contribution', 'points': 2, 'value': 12, 'points_modification': 0}]}]",False
428,5,2025-26,0,0,0,0,0,0,0,0,0,0,0,0,0,0.0,0.0,0.0,0.0,0,0,0,0,0,0.00,0.00,0.00,0.00,0,False,"[{'fixture': 41, 'stats': [{'identifier': 'minutes', 'points': 0, 'value': 0, 'points_modification': 0}]}]",False
429,5,2025-26,0,0,0,0,0,0,0,0,0,0,0,0,0,0.0,0.0,0.0,0.0,0,0,0,0,0,0.00,0.00,0.00,0.00,0,False,"[{'fixture': 41, 'stats': [{'identifier': 'minutes', 'points': 0, 'value': 0, 'points_modification': 0}]}]",False
430,5,2025-26,75,1,0,1,0,0,0,0,0,0,0,3,32,35.4,2.1,34.0,7.2,2,3,0,5,1,0.52,0.01,0.53,0.77,9,False,"[{'fixture': 41, 'stats': [{'identifier': 'minutes', 'points': 2, 'value': 75, 'points_modification': 0}, {'identifier': 'goals_scored', 'points': 4, 'value': 1, 'points_modification': 0}, {'identifier': 'bonus', 'points': 3, 'value': 3, 'points_modification': 0}]}]",False
431,5,2025-26,90,0,0,0,1,0,0,0,0,0,0,0,4,3.8,0.0,0.0,0.4,3,2,0,0,1,0.00,0.00,0.00,0.43,2,False,"[{'fixture': 47, 'stats': [{'identifier': 'minutes', 'points': 2, 'value': 90, 'points_modification': 0}]}]",False
432,5,2025-26,0,0,0,0,0,0,0,0,0,0,0,0,0,0.0,0.0,0.0,0.0,0,0,0,0,0,0.00,0.00,0.00,0.00,0,False,"[{'fixture': 47, 'stats': [{'identifier': 'minutes', 'points': 0, 'value': 0, 'points_modification': 0}]}]",False
433,5,2025-26,0,0,0,0,0,0,0,0,0,0,0,0,0,0.0,0.0,0.0,0.0,0,0,0,0,0,0.00,0.00,0.00,0.00,0,False,"[{'fixture': 47, 'stats': [{'identifier': 'minutes', 'points': 0, 'value': 0, 'points_modification': 0}]}]",False
434,5,2025-26,0,0,0,0,0,0,0,0,0,0,0,0,0,0.0,0.0,0.0,0.0,0,0,0,0,0,0.00,0.00,0.00,0.00,0,False,"[{'fixture': 47, 'stats': [{'identifier': 'minutes', 'points': 0, 'value': 0, 'points_modification': 0}]}]",False
435,5,2025-26,0,0,0,0,0,0,0,0,0,0,0,0,0,0.0,0.0,0.0,0.0,0,0,0,0,0,0.00,0.00,0.00,0.00,0,False,"[{'fixture': 47, 'stats': [{'identifier': 'minutes', 'points': 0, 'value': 0, 'points_modification': 0}]}]",False
436,5,2025-26,90,0,0,0,1,0,0,0,0,0,0,0,20,27.0,23.3,0.0,5.0,7,4,2,9,1,0.00,0.38,0.38,0.43,2,False,"[{'fixture': 47, 'stats': [{'identifier': 'minutes', 'points': 2, 'value': 90, 'points_modification': 0}]}]",False
437,5,2025-26,0,0,0,0,0,0,0,0,0,0,0,0,0,0.0,0.0,0.0,0.0,0,0,0,0,0,0.00,0.00,0.00,0.00,0,False,"[{'fixture': 47, 'stats': [{'identifier': 'minutes', 'points': 0, 'value': 0, 'points_modification': 0}]}]",False
438,5,2025-26,64,0,0,1,0,0,0,0,0,0,0,1,28,18.0,11.2,0.0,2.9,1,6,4,5,1,0.00,0.10,0.10,0.13,7,False,"[{'fixture': 47, 'stats': [{'identifier': 'minutes', 'points': 2, 'value': 64, 'points_modification': 0}, {'identifier': 'clean_sheets', 'points': 4, 'value': 1, 'points_modification': 0}, {'identifier': 'bonus', 'points': 1, 'value': 1, 'points_modification': 0}]}]",False
439,5,2025-26,0,0,0,0,0,0,0,0,0,0,0,0,0,0.0,0.0,0.0,0.0,0,0,0,0,0,0.00,0.00,0.00,0.00,0,False,"[{'fixture': 47, 'stats': [{'identifier': 'minutes', 'points': 0, 'value': 0, 'points_modification': 0}]}]",False
440,5,2025-26,0,0,0,0,0,0,0,0,0,0,0,0,0,0.0,0.0,0.0,0.0,0,0,0,0,0,0.00,0.00,0.00,0.00,0,False,"[{'fixture': 47, 'stats': [{'identifier': 'minutes', 'points': 0, 'value': 0, 'points_modification': 0}]}]",False
441,5,2025-26,90,0,1,0,1,0,0,0,0,0,0,0,22,36.0,26.8,10.0,7.3,3,4,4,7,1,0.00,0.39,0.39,0.43,5,False,"[{'fixture': 47, 'stats': [{'identifier': 'minutes', 'points': 2, 'value': 90, 'points_modification': 0}, {'identifier': 'assists', 'points': 3, 'value': 1, 'points_modification': 0}]}]",False
442,5,2025-26,69,0,1,1,0,0,0,0,0,0,0,2,34,19.2,10.8,6.0,3.6,2,2,1,3,1,0.11,0.01,0.12,0.13,11,True,"[{'fixture': 47, 'stats': [{'identifier': 'minutes', 'points': 2, 'value': 69, 'points_modification': 0}, {'identifier': 'assists', 'points': 3, 'value': 1, 'points_modification': 0}, {'identifier': 'clean_sheets', 'points': 4, 'value': 1, 'points_modification': 0}, {'identifier': 'bonus', 'points': 2, 'value': 2, 'points_modification': 0}]}]",False
443,5,2025-26,90,0,0,0,1,0,0,0,0,0,0,0,12,14.2,2.2,5.0,2.1,5,6,3,8,1,0.08,0.01,0.09,0.43,2,False,"[{'fixture': 47, 'stats': [{'identifier': 'minutes', 'points': 2, 'value': 90, 'points_modification': 0}]}]",False
444,5,2025-26,20,0,0,0,1,0,0,0,0,0,0,0,-2,0.0,0.0,0.0,0.0,0,2,0,0,0,0.00,0.00,0.00,0.30,1,False,"[{'fixture': 47, 'stats': [{'identifier': 'minutes', 'points': 1, 'value': 20, 'points_modification': 0}]}]",False
445,5,2025-26,0,0,0,0,0,0,0,0,0,0,0,0,0,0.0,0.0,0.0,0.0,0,0,0,0,0,0.00,0.00,0.00,0.00,0,False,"[{'fixture': 47, 'stats': [{'identifier': 'minutes', 'points': 0, 'value': 0, 'points_modification': 0}]}]",False
446,5,2025-26,0,0,0,0,0,0,0,0,0,0,0,0,0,0.0,0.0,0.0,0.0,0,0,0,0,0,0.00,0.00,0.00,0.00,0,False,"[{'fixture': 47, 'stats': [{'identifier': 'minutes', 'points': 0, 'value': 0, 'points_modification': 0}]}]",False
447,5,2025-26,0,0,0,0,0,0,0,0,0,0,0,0,0,0.0,0.0,0.0,0.0,0,0,0,0,0,0.00,0.00,0.00,0.00,0,False,"[{'fixture': 47, 'stats': [{'identifier': 'minutes', 'points': 0, 'value': 0, 'points_modification': 0}]}]",False
448,5,2025-26,0,0,0,0,0,0,0,0,0,0,0,0,0,0.0,0.0,0.0,0.0,0,0,0,0,0,0.00,0.00,0.00,0.00,0,False,"[{'fixture': 47, 'stats': [{'identifier': 'minutes', 'points': 0, 'value': 0, 'points_modification': 0}]}]",False
449,5,2025-26,86,1,0,0,1,0,0,0,0,0,0,3,36,42.8,17.8,46.0,10.7,0,6,2,8,1,0.82,0.08,0.90,0.32,10,True,"[{'fixture': 47, 'stats': [{'identifier': 'minutes', 'points': 2, 'value': 86, 'points_modification': 0}, {'identifier': 'goals_scored', 'points': 5, 'value': 1, 'points_modification': 0}, {'identifier': 'bonus', 'points': 3, 'value': 3, 'points_modification': 0}]}]",False
450,5,2025-26,26,0,0,0,1,0,0,0,0,0,0,0,7,4.2,4.3,2.0,1.1,1,3,0,4,0,0.00,0.03,0.03,0.30,1,False,"[{'fixture': 47, 'stats': [{'identifier': 'minutes', 'points': 1, 'value': 26, 'points_modification': 0}]}]",False
451,5,2025-26,0,0,0,0,0,0,0,0,0,0,0,0,0,0.0,0.0,0.0,0.0,0,0,0,0,0,0.00,0.00,0.00,0.00,0,False,"[{'fixture': 47, 'stats': [{'identifier': 'minutes', 'points': 0, 'value': 0, 'points_modification': 0}]}]",False
452,5,2025-26,90,0,0,0,1,0,0,0,0,0,0,0,8,9.2,7.9,12.0,2.9,3,6,2,11,1,0.38,0.05,0.43,0.43,2,False,"[{'fixture': 47, 'stats': [{'identifier': 'minutes', 'points': 2, 'value': 90, 'points_modification': 0}]}]",False
453,5,2025-26,0,0,0,0,0,0,0,0,0,0,0,0,0,0.0,0.0,0.0,0.0,0,0,0,0,0,0.00,0.00,0.00,0.00,0,False,"[{'fixture': 47, 'stats': [{'identifier': 'minutes', 'points': 0, 'value': 0, 'points_modification': 0}]}]",False
454,5,2025-26,0,0,0,0,0,0,0,0,0,0,0,0,0,0.0,0.0,0.0,0.0,0,0,0,0,0,0.00,0.00,0.00,0.00,0,False,"[{'fixture': 47, 'stats': [{'identifier': 'minutes', 'points': 0, 'value': 0, 'points_modification': 0}]}]",False
455,5,2025-26,21,0,0,0,1,0,0,0,0,0,0,0,3,0.6,0.1,0.0,0.1,0,1,0,1,0,0.00,0.00,0.00,0.30,1,False,"[{'fixture': 47, 'stats': [{'identifier': 'minutes', 'points': 1, 'value': 21, 'points_modification': 0}]}]",False
456,5,2025-26,8,0,0,0,0,0,0,0,0,0,0,0,2,0.8,2.8,7.0,1.1,0,0,0,0,0,0.02,0.04,0.06,0.00,1,False,"[{'fixture': 48, 'stats': [{'identifier': 'minutes', 'points': 1, 'value': 8, 'points_modification': 0}]}]",False
457,5,2025-26,49,1,0,0,1,0,0,0,0,1,0,0,16,29.8,12.3,35.0,7.7,0,3,0,3,1,0.35,0.01,0.36,0.03,3,False,"[{'fixture': 47, 'stats': [{'identifier': 'minutes', 'points': 1, 'value': 49, 'points_modification': 0}, {'identifier': 'goals_scored', 'points': 5, 'value': 1, 'points_modification': 0}, {'identifier': 'red_cards', 'points': -3, 'value': 1, 'points_modification': 0}]}]",False
458,5,2025-26,3,0,0,0,0,0,0,0,0,0,0,0,3,1.0,0.3,0.0,0.1,1,0,0,1,0,0.00,0.00,0.00,0.10,1,False,"[{'fixture': 47, 'stats': [{'identifier': 'minutes', 'points': 1, 'value': 3, 'points_modification': 0}]}]",False
459,5,2025-26,45,0,0,0,1,0,0,0,0,0,0,0,8,12.0,0.5,0.0,1.3,3,1,3,7,0,0.00,0.00,0.00,0.34,1,False,"[{'fixture': 47, 'stats': [{'identifier': 'minutes', 'points': 1, 'value': 45, 'points_modification': 0}]}]",False
460,5,2025-26,0,0,0,0,0,0,0,0,0,0,0,0,0,0.0,0.0,0.0,0.0,0,0,0,0,0,0.00,0.00,0.00,0.00,0,False,"[{'fixture': 47, 'stats': [{'identifier': 'minutes', 'points': 0, 'value': 0, 'points_modification': 0}]}]",False
461,5,2025-26,0,0,0,0,0,0,0,0,0,0,0,0,0,0.0,0.0,0.0,0.0,0,0,0,0,0,0.00,0.00,0.00,0.00,0,False,"[{'fixture': 47, 'stats': [{'identifier': 'minutes', 'points': 0, 'value': 0, 'points_modification': 0}]}]",False
462,5,2025-26,0,0,0,0,0,0,0,0,0,0,0,0,0,0.0,0.0,0.0,0.0,0,0,0,0,0,0.00,0.00,0.00,0.00,0,False,"[{'fixture': 47, 'stats': [{'identifier': 'minutes', 'points': 0, 'value': 0, 'points_modification': 0}]}]",False
463,5,2025-26,0,0,0,0,0,0,0,0,0,0,0,0,0,0.0,0.0,0.0,0.0,0,0,0,0,0,0.00,0.00,0.00,0.00,0,False,"[{'fixture': 47, 'stats': [{'identifier': 'minutes', 'points': 0, 'value': 0, 'points_modification': 0}]}]",False
464,5,2025-26,0,0,0,0,0,0,0,0,0,0,0,0,0,0.0,0.0,0.0,0.0,0,0,0,0,0,0.00,0.00,0.00,0.00,0,False,"[{'fixture': 47, 'stats': [{'identifier': 'minutes', 'points': 0, 'value': 0, 'points_modification': 0}]}]",False
465,5,2025-26,0,0,0,0,0,0,0,0,0,0,0,0,0,0.0,0.0,0.0,0.0,0,0,0,0,0,0.00,0.00,0.00,0.00,0,False,"[{'fixture': 47, 'stats': [{'identifier': 'minutes', 'points': 0, 'value': 0, 'points_modification': 0}]}]",False
466,5,2025-26,0,0,0,0,0,0,0,0,0,0,0,0,0,0.0,0.0,0.0,0.0,0,0,0,0,0,0.00,0.00,0.00,0.00,0,False,"[{'fixture': 47, 'stats': [{'identifier': 'minutes', 'points': 0, 'value': 0, 'points_modification': 0}]}]",False
467,5,2025-26,0,0,0,0,0,0,0,0,0,0,0,0,0,0.0,0.0,0.0,0.0,0,0,0,0,0,0.00,0.00,0.00,0.00,0,False,"[{'fixture': 47, 'stats': [{'identifier': 'minutes', 'points': 0, 'value': 0, 'points_modification': 0}]}]",False
468,5,2025-26,0,0,0,0,0,0,0,0,0,0,0,0,0,0.0,0.0,0.0,0.0,0,0,0,0,0,0.00,0.00,0.00,0.00,0,False,"[{'fixture': 47, 'stats': [{'identifier': 'minutes', 'points': 0, 'value': 0, 'points_modification': 0}]}]",False
469,5,2025-26,90,0,0,1,0,0,0,0,0,0,2,0,26,14.8,0.0,0.0,1.5,1,11,0,0,1,0.00,0.00,0.00,0.56,6,True,"[{'fixture': 42, 'stats': [{'identifier': 'minutes', 'points': 2, 'value': 90, 'points_modification': 0}, {'identifier': 'clean_sheets', 'points': 4, 'value': 1, 'points_modification': 0}]}]",False
470,5,2025-26,90,0,0,0,1,0,0,0,0,0,7,0,24,49.6,0.0,0.0,5.0,1,11,0,0,1,0.00,0.00,0.00,1.10,4,False,"[{'fixture': 44, 'stats': [{'identifier': 'minutes', 'points': 2, 'value': 90, 'points_modification': 0}, {'identifier': 'saves', 'points': 2, 'value': 7, 'points_modification': 0}]}]",False
471,5,2025-26,0,0,0,0,0,0,0,0,0,0,0,0,0,0.0,0.0,0.0,0.0,0,0,0,0,0,0.00,0.00,0.00,0.00,0,False,"[{'fixture': 42, 'stats': [{'identifier': 'minutes', 'points': 0, 'value': 0, 'points_modification': 0}]}]",False
472,5,2025-26,0,0,0,0,0,0,0,0,0,0,0,0,0,0.0,0.0,0.0,0.0,0,0,0,0,0,0.00,0.00,0.00,0.00,0,False,"[{'fixture': 42, 'stats': [{'identifier': 'minutes', 'points': 0, 'value': 0, 'points_modification': 0}]}]",False
473,5,2025-26,90,0,0,1,0,0,0,0,0,0,0,1,27,18.4,2.6,4.0,2.5,1,7,4,5,1,0.00,0.05,0.05,0.56,7,False,"[{'fixture': 42, 'stats': [{'identifier': 'minutes', 'points': 2, 'value': 90, 'points_modification': 0}, {'identifier': 'clean_sheets', 'points': 4, 'value': 1, 'points_modification': 0}, {'identifier': 'bonus', 'points': 1, 'value': 1, 'points_modification': 0}]}]",False
474,5,2025-26,0,0,0,0,0,0,0,0,0,0,0,0,0,0.0,0.0,0.0,0.0,0,0,0,0,0,0.00,0.00,0.00,0.00,0,False,"[{'fixture': 42, 'stats': [{'identifier': 'minutes', 'points': 0, 'value': 0, 'points_modification': 0}]}]",False
475,5,2025-26,90,0,0,1,0,0,0,0,0,0,0,2,28,24.8,0.3,0.0,2.5,9,7,0,9,1,0.00,0.00,0.00,0.56,8,False,"[{'fixture': 42, 'stats': [{'identifier': 'minutes', 'points': 2, 'value': 90, 'points_modification': 0}, {'identifier': 'clean_sheets', 'points': 4, 'value': 1, 'points_modification': 0}, {'identifier': 'bonus', 'points': 2, 'value': 2, 'points_modification': 0}]}]",False
476,5,2025-26,90,0,0,1,0,0,0,0,0,0,0,1,27,33.0,1.2,2.0,3.6,13,5,2,15,1,0.00,0.03,0.03,0.56,9,False,"[{'fixture': 42, 'stats': [{'identifier': 'minutes', 'points': 2, 'value': 90, 'points_modification': 0}, {'identifier': 'clean_sheets', 'points': 4, 'value': 1, 'points_modification': 0}, {'identifier': 'bonus', 'points': 1, 'value': 1, 'points_modification': 0}, {'identifier': 'defensive_contribution', 'points': 2, 'value': 15, 'points_modification': 0}]}]",False
477,5,2025-26,90,0,0,1,0,0,0,0,0,0,0,0,26,12.6,4.8,2.0,1.9,3,3,2,5,1,0.00,0.02,0.02,0.56,6,False,"[{'fixture': 42, 'stats': [{'identifier': 'minutes', 'points': 2, 'value': 90, 'points_modification': 0}, {'identifier': 'clean_sheets', 'points': 4, 'value': 1, 'points_modification': 0}]}]",False
478,5,2025-26,0,0,0,0,0,0,0,0,0,0,0,0,0,0.0,0.0,0.0,0.0,0,0,0,0,0,0.00,0.00,0.00,0.00,0,False,"[{'fixture': 42, 'stats': [{'identifier': 'minutes', 'points': 0, 'value': 0, 'points_modification': 0}]}]",False
479,5,2025-26,0,0,0,0,0,0,0,0,0,0,0,0,0,0.0,0.0,0.0,0.0,0,0,0,0,0,0.00,0.00,0.00,0.00,0,False,"[{'fixture': 42, 'stats': [{'identifier': 'minutes', 'points': 0, 'value': 0, 'points_modification': 0}]}]",False
480,5,2025-26,6,0,0,0,0,0,0,0,0,0,0,0,4,3.0,0.0,0.0,0.3,2,0,0,2,0,0.00,0.00,0.00,0.13,1,False,"[{'fixture': 42, 'stats': [{'identifier': 'minutes', 'points': 1, 'value': 6, 'points_modification': 0}]}]",False
481,5,2025-26,0,0,0,0,0,0,0,0,0,0,0,0,0,0.0,0.0,0.0,0.0,0,0,0,0,0,0.00,0.00,0.00,0.00,0,False,"[{'fixture': 42, 'stats': [{'identifier': 'minutes', 'points': 0, 'value': 0, 'points_modification': 0}]}]",False
482,5,2025-26,0,0,0,0,0,0,0,0,0,0,0,0,0,0.0,0.0,0.0,0.0,0,0,0,0,0,0.00,0.00,0.00,0.00,0,False,"[{'fixture': 42, 'stats': [{'identifier': 'minutes', 'points': 0, 'value': 0, 'points_modification': 0}]}]",False
483,5,2025-26,0,0,0,0,0,0,0,0,0,0,0,0,0,0.0,0.0,0.0,0.0,0,0,0,0,0,0.00,0.00,0.00,0.00,0,False,"[{'fixture': 42, 'stats': [{'identifier': 'minutes', 'points': 0, 'value': 0, 'points_modification': 0}]}]",False
484,5,2025-26,0,0,0,0,0,0,0,0,0,0,0,0,0,0.0,0.0,0.0,0.0,0,0,0,0,0,0.00,0.00,0.00,0.00,0,False,"[{'fixture': 42, 'stats': [{'identifier': 'minutes', 'points': 0, 'value': 0, 'points_modification': 0}]}]",False
485,5,2025-26,0,0,0,0,0,0,0,0,0,0,0,0,0,0.0,0.0,0.0,0.0,0,0,0,0,0,0.00,0.00,0.00,0.00,0,False,"[{'fixture': 42, 'stats': [{'identifier': 'minutes', 'points': 0, 'value': 0, 'points_modification': 0}]}]",False
486,5,2025-26,28,0,0,0,0,0,0,0,0,0,0,0,5,3.4,0.7,2.0,0.6,2,1,0,3,0,0.00,0.00,0.00,0.13,1,False,"[{'fixture': 42, 'stats': [{'identifier': 'minutes', 'points': 1, 'value': 28, 'points_modification': 0}]}]",False
487,5,2025-26,28,0,0,0,0,0,0,0,0,0,0,0,1,0.0,0.8,4.0,0.3,0,2,0,2,0,0.00,0.00,0.00,0.13,1,False,"[{'fixture': 42, 'stats': [{'identifier': 'minutes', 'points': 1, 'value': 28, 'points_modification': 0}]}]",False
488,5,2025-26,0,0,0,0,0,0,0,0,0,0,0,0,0,0.0,0.0,0.0,0.0,0,0,0,0,0,0.00,0.00,0.00,0.00,0,False,"[{'fixture': 42, 'stats': [{'identifier': 'minutes', 'points': 0, 'value': 0, 'points_modification': 0}]}]",False
489,5,2025-26,61,0,0,1,0,0,0,0,0,0,0,0,8,6.4,6.8,24.0,3.7,1,1,0,2,1,0.08,0.05,0.13,0.43,3,False,"[{'fixture': 42, 'stats': [{'identifier': 'minutes', 'points': 2, 'value': 61, 'points_modification': 0}, {'identifier': 'clean_sheets', 'points': 1, 'value': 1, 'points_modification': 0}]}]",False
490,5,2025-26,0,0,0,0,0,0,0,0,0,0,0,0,0,0.0,0.0,0.0,0.0,0,0,0,0,0,0.00,0.00,0.00,0.00,0,False,"[{'fixture': 42, 'stats': [{'identifier': 'minutes', 'points': 0, 'value': 0, 'points_modification': 0}]}]",False
491,5,2025-26,90,0,0,1,0,0,0,0,0,0,0,0,19,17.2,32.6,5.0,5.5,0,5,3,8,1,0.06,0.17,0.23,0.56,3,False,"[{'fixture': 42, 'stats': [{'identifier': 'minutes', 'points': 2, 'value': 90, 'points_modification': 0}, {'identifier': 'clean_sheets', 'points': 1, 'value': 1, 'points_modification': 0}]}]",False
492,5,2025-26,0,0,0,0,0,0,0,0,0,0,0,0,0,0.0,0.0,0.0,0.0,0,0,0,0,0,0.00,0.00,0.00,0.00,0,False,"[{'fixture': 42, 'stats': [{'identifier': 'minutes', 'points': 0, 'value': 0, 'points_modification': 0}]}]",False
493,5,2025-26,82,0,0,0,1,0,0,0,0,0,0,0,16,21.2,3.8,7.0,3.2,2,3,6,11,1,0.07,0.00,0.07,1.51,2,False,"[{'fixture': 50, 'stats': [{'identifier': 'minutes', 'points': 2, 'value': 82, 'points_modification': 0}]}]",False
494,5,2025-26,61,0,0,1,0,0,0,0,0,0,0,0,15,10.6,1.9,2.0,1.5,1,4,4,9,1,0.00,0.01,0.01,0.43,3,False,"[{'fixture': 42, 'stats': [{'identifier': 'minutes', 'points': 2, 'value': 61, 'points_modification': 0}, {'identifier': 'clean_sheets', 'points': 1, 'value': 1, 'points_modification': 0}]}]",False
495,5,2025-26,0,0,0,0,0,0,0,0,0,0,0,0,0,0.0,0.0,0.0,0.0,0,0,0,0,0,0.00,0.00,0.00,0.00,0,False,"[{'fixture': 42, 'stats': [{'identifier': 'minutes', 'points': 0, 'value': 0, 'points_modification': 0}]}]",False
496,5,2025-26,0,0,0,0,0,0,0,0,0,0,0,0,0,0.0,0.0,0.0,0.0,0,0,0,0,0,0.00,0.00,0.00,0.00,0,False,"[{'fixture': 42, 'stats': [{'identifier': 'minutes', 'points': 0, 'value': 0, 'points_modification': 0}]}]",False
497,5,2025-26,90,0,0,1,0,0,0,0,0,0,0,0,14,12.2,13.4,2.0,2.8,2,5,2,9,1,0.00,0.02,0.02,0.56,3,False,"[{'fixture': 42, 'stats': [{'identifier': 'minutes', 'points': 2, 'value': 90, 'points_modification': 0}, {'identifier': 'clean_sheets', 'points': 1, 'value': 1, 'points_modification': 0}]}]",False
498,5,2025-26,0,0,0,0,0,0,0,0,0,0,0,0,0,0.0,0.0,0.0,0.0,0,0,0,0,0,0.00,0.00,0.00,0.00,0,False,"[{'fixture': 42, 'stats': [{'identifier': 'minutes', 'points': 0, 'value': 0, 'points_modification': 0}]}]",False
499,5,2025-26,23,0,0,0,0,0,0,0,0,0,0,0,5,2.4,0.3,4.0,0.7,0,2,1,3,0,0.00,0.01,0.01,0.04,1,False,"[{'fixture': 46, 'stats': [{'identifier': 'minutes', 'points': 1, 'value': 23, 'points_modification': 0}]}]",False
500,5,2025-26,6,0,0,0,0,0,0,0,0,0,0,0,3,0.0,0.0,0.0,0.0,0,0,0,0,0,0.00,0.00,0.00,0.13,1,False,"[{'fixture': 42, 'stats': [{'identifier': 'minutes', 'points': 1, 'value': 6, 'points_modification': 0}]}]",False
501,5,2025-26,0,0,0,0,0,0,0,0,0,0,0,0,0,0.0,0.0,0.0,0.0,0,0,0,0,0,0.00,0.00,0.00,0.00,0,False,"[{'fixture': 42, 'stats': [{'identifier': 'minutes', 'points': 0, 'value': 0, 'points_modification': 0}]}]",False
502,5,2025-26,90,0,0,0,1,0,0,0,0,0,4,0,14,29.4,0.0,0.0,2.9,2,3,0,0,1,0.00,0.00,0.00,0.85,3,False,"[{'fixture': 44, 'stats': [{'identifier': 'minutes', 'points': 2, 'value': 90, 'points_modification': 0}, {'identifier': 'saves', 'points': 1, 'value': 4, 'points_modification': 0}]}]",False
503,5,2025-26,0,0,0,0,0,0,0,0,0,0,0,0,0,0.0,0.0,0.0,0.0,0,0,0,0,0,0.00,0.00,0.00,0.00,0,False,"[{'fixture': 44, 'stats': [{'identifier': 'minutes', 'points': 0, 'value': 0, 'points_modification': 0}]}]",False
504,5,2025-26,0,0,0,0,0,0,0,0,0,0,0,0,0,0.0,0.0,0.0,0.0,0,0,0,0,0,0.00,0.00,0.00,0.00,0,False,"[{'fixture': 44, 'stats': [{'identifier': 'minutes', 'points': 0, 'value': 0, 'points_modification': 0}]}]",False
505,5,2025-26,90,0,0,0,1,0,0,0,0,0,0,0,16,18.4,13.3,0.0,3.2,8,2,0,8,1,0.00,0.11,0.11,0.85,2,False,"[{'fixture': 44, 'stats': [{'identifier': 'minutes', 'points': 2, 'value': 90, 'points_modification': 0}]}]",False
506,5,2025-26,0,0,0,0,0,0,0,0,0,0,0,0,0,0.0,0.0,0.0,0.0,0,0,0,0,0,0.00,0.00,0.00,0.00,0,False,"[{'fixture': 44, 'stats': [{'identifier': 'minutes', 'points': 0, 'value': 0, 'points_modification': 0}]}]",False
507,5,2025-26,0,0,0,0,0,0,0,0,0,0,0,0,0,0.0,0.0,0.0,0.0,0,0,0,0,0,0.00,0.00,0.00,0.00,0,False,"[{'fixture': 44, 'stats': [{'identifier': 'minutes', 'points': 0, 'value': 0, 'points_modification': 0}]}]",False
508,5,2025-26,90,1,0,0,1,0,0,0,0,0,0,2,28,49.4,8.3,37.0,9.5,5,4,2,7,1,0.15,0.01,0.16,0.85,10,True,"[{'fixture': 44, 'stats': [{'identifier': 'minutes', 'points': 2, 'value': 90, 'points_modification': 0}, {'identifier': 'goals_scored', 'points': 6, 'value': 1, 'points_modification': 0}, {'identifier': 'bonus', 'points': 2, 'value': 2, 'points_modification': 0}]}]",False
509,5,2025-26,0,0,0,0,0,0,0,0,0,0,0,0,0,0.0,0.0,0.0,0.0,0,0,0,0,0,0.00,0.00,0.00,0.00,0,False,"[{'fixture': 44, 'stats': [{'identifier': 'minutes', 'points': 0, 'value': 0, 'points_modification': 0}]}]",False
510,5,2025-26,0,0,0,0,0,0,0,0,0,0,0,0,0,0.0,0.0,0.0,0.0,0,0,0,0,0,0.00,0.00,0.00,0.00,0,False,"[{'fixture': 44, 'stats': [{'identifier': 'minutes', 'points': 0, 'value': 0, 'points_modification': 0}]}]",False
511,5,2025-26,90,0,0,0,1,0,0,0,1,0,0,0,6,16.0,1.9,0.0,1.8,4,5,3,7,1,0.00,0.01,0.01,0.85,1,False,"[{'fixture': 44, 'stats': [{'identifier': 'minutes', 'points': 2, 'value': 90, 'points_modification': 0}, {'identifier': 'yellow_cards', 'points': -1, 'value': 1, 'points_modification': 0}]}]",False
512,5,2025-26,0,0,0,0,0,0,0,0,0,0,0,0,0,0.0,0.0,0.0,0.0,0,0,0,0,0,0.00,0.00,0.00,0.00,0,False,"[{'fixture': 44, 'stats': [{'identifier': 'minutes', 'points': 0, 'value': 0, 'points_modification': 0}]}]",False
513,5,2025-26,0,0,0,0,0,0,0,0,0,0,0,0,0,0.0,0.0,0.0,0.0,0,0,0,0,0,0.00,0.00,0.00,0.00,0,False,"[{'fixture': 44, 'stats': [{'identifier': 'minutes', 'points': 0, 'value': 0, 'points_modification': 0}]}]",False
514,5,2025-26,0,0,0,0,0,0,0,0,0,0,0,0,0,0.0,0.0,0.0,0.0,0,0,0,0,0,0.00,0.00,0.00,0.00,0,False,"[{'fixture': 44, 'stats': [{'identifier': 'minutes', 'points': 0, 'value': 0, 'points_modification': 0}]}]",False
515,5,2025-26,90,0,0,0,1,0,0,0,0,0,0,0,16,15.0,28.7,25.0,6.9,3,3,0,6,1,0.08,0.05,0.13,0.85,2,False,"[{'fixture': 44, 'stats': [{'identifier': 'minutes', 'points': 2, 'value': 90, 'points_modification': 0}]}]",False
516,5,2025-26,31,0,0,0,0,0,0,0,0,0,0,0,2,3.8,23.5,2.0,2.9,0,0,0,0,0,0.01,0.03,0.04,0.34,1,False,"[{'fixture': 44, 'stats': [{'identifier': 'minutes', 'points': 1, 'value': 31, 'points_modification': 0}]}]",False
517,5,2025-26,90,0,0,0,1,0,0,0,0,0,0,0,24,28.0,36.5,9.0,7.4,5,9,1,15,1,0.04,0.25,0.29,0.85,4,False,"[{'fixture': 44, 'stats': [{'identifier': 'minutes', 'points': 2, 'value': 90, 'points_modification': 0}, {'identifier': 'defensive_contribution', 'points': 2, 'value': 15, 'points_modification': 0}]}]",False
518,5,2025-26,0,0,0,0,0,0,0,0,0,0,0,0,0,0.0,0.0,0.0,0.0,0,0,0,0,0,0.00,0.00,0.00,0.00,0,False,"[{'fixture': 44, 'stats': [{'identifier': 'minutes', 'points': 0, 'value': 0, 'points_modification': 0}]}]",False
519,5,2025-26,0,0,0,0,0,0,0,0,0,0,0,0,0,0.0,0.0,0.0,0.0,0,0,0,0,0,0.00,0.00,0.00,0.00,0,False,"[{'fixture': 44, 'stats': [{'identifier': 'minutes', 'points': 0, 'value': 0, 'points_modification': 0}]}]",False
520,5,2025-26,0,0,0,0,0,0,0,0,0,0,0,0,0,0.0,0.0,0.0,0.0,0,0,0,0,0,0.00,0.00,0.00,0.00,0,False,"[{'fixture': 44, 'stats': [{'identifier': 'minutes', 'points': 0, 'value': 0, 'points_modification': 0}]}]",False
521,5,2025-26,14,0,0,0,0,0,0,0,0,0,0,0,2,7.0,1.7,0.0,0.9,1,1,0,2,0,0.00,0.01,0.01,0.17,1,False,"[{'fixture': 44, 'stats': [{'identifier': 'minutes', 'points': 1, 'value': 14, 'points_modification': 0}]}]",False
522,5,2025-26,0,0,0,0,0,0,0,0,0,0,0,0,0,0.0,0.0,0.0,0.0,0,0,0,0,0,0.00,0.00,0.00,0.00,0,False,"[{'fixture': 44, 'stats': [{'identifier': 'minutes', 'points': 0, 'value': 0, 'points_modification': 0}]}]",False
523,5,2025-26,0,0,0,0,0,0,0,0,0,0,0,0,0,0.0,0.0,0.0,0.0,0,0,0,0,0,0.00,0.00,0.00,0.00,0,False,"[{'fixture': 44, 'stats': [{'identifier': 'minutes', 'points': 0, 'value': 0, 'points_modification': 0}]}]",False
524,5,2025-26,0,0,0,0,0,0,0,0,0,0,0,0,0,0.0,0.0,0.0,0.0,0,0,0,0,0,0.00,0.00,0.00,0.00,0,False,"[{'fixture': 44, 'stats': [{'identifier': 'minutes', 'points': 0, 'value': 0, 'points_modification': 0}]}]",False
525,5,2025-26,74,0,0,0,1,0,0,0,0,0,0,0,7,5.0,17.5,24.0,4.7,2,2,0,4,1,0.41,0.00,0.41,0.68,2,False,"[{'fixture': 44, 'stats': [{'identifier': 'minutes', 'points': 2, 'value': 74, 'points_modification': 0}]}]",False
526,5,2025-26,15,0,0,0,0,0,0,0,0,0,0,0,6,5.2,10.6,17.0,3.3,0,0,0,0,0,0.04,0.03,0.07,0.17,1,False,"[{'fixture': 44, 'stats': [{'identifier': 'minutes', 'points': 1, 'value': 15, 'points_modification': 0}]}]",False
527,5,2025-26,0,0,0,0,0,0,0,0,0,0,0,0,0,0.0,0.0,0.0,0.0,0,0,0,0,0,0.00,0.00,0.00,0.00,0,False,"[{'fixture': 44, 'stats': [{'identifier': 'minutes', 'points': 0, 'value': 0, 'points_modification': 0}]}]",False
528,5,2025-26,0,0,0,0,0,0,0,0,0,0,0,0,0,0.0,0.0,0.0,0.0,0,0,0,0,0,0.00,0.00,0.00,0.00,0,False,"[{'fixture': 48, 'stats': [{'identifier': 'minutes', 'points': 0, 'value': 0, 'points_modification': 0}]}]",False
529,5,2025-26,0,0,0,0,0,0,0,0,0,0,0,0,0,0.0,0.0,0.0,0.0,0,0,0,0,0,0.00,0.00,0.00,0.00,0,False,"[{'fixture': 48, 'stats': [{'identifier': 'minutes', 'points': 0, 'value': 0, 'points_modification': 0}]}]",False
530,5,2025-26,0,0,0,0,0,0,0,0,0,0,0,0,0,0.0,0.0,0.0,0.0,0,0,0,0,0,0.00,0.00,0.00,0.00,0,False,"[{'fixture': 48, 'stats': [{'identifier': 'minutes', 'points': 0, 'value': 0, 'points_modification': 0}]}]",False
531,5,2025-26,53,0,0,0,1,0,0,0,0,0,0,0,2,12.6,10.1,1.0,2.4,5,0,1,6,0,0.01,0.00,0.01,0.46,1,False,"[{'fixture': 48, 'stats': [{'identifier': 'minutes', 'points': 1, 'value': 53, 'points_modification': 0}]}]",False
532,5,2025-26,90,0,0,0,1,0,0,0,0,0,0,0,13,19.4,14.3,2.0,3.6,7,2,3,10,1,0.00,0.04,0.04,0.71,4,False,"[{'fixture': 48, 'stats': [{'identifier': 'minutes', 'points': 2, 'value': 90, 'points_modification': 0}, {'identifier': 'defensive_contribution', 'points': 2, 'value': 10, 'points_modification': 0}]}]",False
533,5,2025-26,0,0,0,0,0,0,0,0,0,0,0,0,0,0.0,0.0,0.0,0.0,0,0,0,0,0,0.00,0.00,0.00,0.00,0,False,"[{'fixture': 48, 'stats': [{'identifier': 'minutes', 'points': 0, 'value': 0, 'points_modification': 0}]}]",False
534,5,2025-26,0,0,0,0,0,0,0,0,0,0,0,0,0,0.0,0.0,0.0,0.0,0,0,0,0,0,0.00,0.00,0.00,0.00,0,False,"[{'fixture': 48, 'stats': [{'identifier': 'minutes', 'points': 0, 'value': 0, 'points_modification': 0}]}]",False
535,5,2025-26,0,0,0,0,0,0,0,0,0,0,0,0,0,0.0,0.0,0.0,0.0,0,0,0,0,0,0.00,0.00,0.00,0.00,0,False,"[{'fixture': 48, 'stats': [{'identifier': 'minutes', 'points': 0, 'value': 0, 'points_modification': 0}]}]",False
536,5,2025-26,0,0,0,0,0,0,0,0,0,0,0,0,0,0.0,0.0,0.0,0.0,0,0,0,0,0,0.00,0.00,0.00,0.00,0,False,"[{'fixture': 48, 'stats': [{'identifier': 'minutes', 'points': 0, 'value': 0, 'points_modification': 0}]}]",False
537,5,2025-26,0,0,0,0,0,0,0,0,0,0,0,0,0,0.0,0.0,0.0,0.0,0,0,0,0,0,0.00,0.00,0.00,0.00,0,False,"[{'fixture': 48, 'stats': [{'identifier': 'minutes', 'points': 0, 'value': 0, 'points_modification': 0}]}]",False
538,5,2025-26,0,0,0,0,0,0,0,0,0,0,0,0,0,0.0,0.0,0.0,0.0,0,0,0,0,0,0.00,0.00,0.00,0.00,0,False,"[{'fixture': 48, 'stats': [{'identifier': 'minutes', 'points': 0, 'value': 0, 'points_modification': 0}]}]",False
539,5,2025-26,0,0,0,0,0,0,0,0,0,0,0,0,0,0.0,0.0,0.0,0.0,0,0,0,0,0,0.00,0.00,0.00,0.00,0,False,"[{'fixture': 48, 'stats': [{'identifier': 'minutes', 'points': 0, 'value': 0, 'points_modification': 0}]}]",False
540,5,2025-26,0,0,0,0,0,0,0,0,0,0,0,0,0,0.0,0.0,0.0,0.0,0,0,0,0,0,0.00,0.00,0.00,0.00,0,False,"[{'fixture': 48, 'stats': [{'identifier': 'minutes', 'points': 0, 'value': 0, 'points_modification': 0}]}]",False
541,5,2025-26,32,0,0,0,1,0,0,0,0,1,0,0,-12,0.0,0.4,0.0,0.0,1,0,0,1,1,0.00,0.00,0.00,0.25,-2,False,"[{'fixture': 48, 'stats': [{'identifier': 'minutes', 'points': 1, 'value': 32, 'points_modification': 0}, {'identifier': 'red_cards', 'points': -3, 'value': 1, 'points_modification': 0}]}]",False
542,5,2025-26,0,0,0,0,0,0,0,0,0,0,0,0,0,0.0,0.0,0.0,0.0,0,0,0,0,0,0.00,0.00,0.00,0.00,0,False,"[{'fixture': 48, 'stats': [{'identifier': 'minutes', 'points': 0, 'value': 0, 'points_modification': 0}]}]",False
543,5,2025-26,0,0,0,0,0,0,0,0,0,0,0,0,0,0.0,0.0,0.0,0.0,0,0,0,0,0,0.00,0.00,0.00,0.00,0,False,"[{'fixture': 48, 'stats': [{'identifier': 'minutes', 'points': 0, 'value': 0, 'points_modification': 0}]}]",False
544,5,2025-26,0,0,0,0,0,0,0,0,0,0,0,0,0,0.0,0.0,0.0,0.0,0,0,0,0,0,0.00,0.00,0.00,0.00,0,False,"[{'fixture': 48, 'stats': [{'identifier': 'minutes', 'points': 0, 'value': 0, 'points_modification': 0}]}]",False
545,5,2025-26,0,0,0,0,0,0,0,0,0,0,0,0,0,0.0,0.0,0.0,0.0,0,0,0,0,0,0.00,0.00,0.00,0.00,0,False,"[{'fixture': 48, 'stats': [{'identifier': 'minutes', 'points': 0, 'value': 0, 'points_modification': 0}]}]",False
546,5,2025-26,0,0,0,0,0,0,0,0,0,0,0,0,0,0.0,0.0,0.0,0.0,0,0,0,0,0,0.00,0.00,0.00,0.00,0,False,"[{'fixture': 48, 'stats': [{'identifier': 'minutes', 'points': 0, 'value': 0, 'points_modification': 0}]}]",False
547,5,2025-26,80,0,0,0,1,0,0,0,0,0,0,0,6,9.8,0.4,0.0,1.0,1,1,3,5,1,0.00,0.00,0.00,0.46,2,False,"[{'fixture': 48, 'stats': [{'identifier': 'minutes', 'points': 2, 'value': 80, 'points_modification': 0}]}]",False
548,5,2025-26,0,0,0,0,0,0,0,0,0,0,0,0,0,0.0,0.0,0.0,0.0,0,0,0,0,0,0.00,0.00,0.00,0.00,0,False,"[{'fixture': 48, 'stats': [{'identifier': 'minutes', 'points': 0, 'value': 0, 'points_modification': 0}]}]",False
549,5,2025-26,1,0,0,0,0,0,0,0,0,0,0,0,4,1.0,0.0,0.0,0.1,1,0,0,1,0,0.00,0.00,0.00,0.10,1,False,"[{'fixture': 48, 'stats': [{'identifier': 'minutes', 'points': 1, 'value': 1, 'points_modification': 0}]}]",False
550,5,2025-26,0,0,0,0,0,0,0,0,0,0,0,0,0,0.0,0.0,0.0,0.0,0,0,0,0,0,0.00,0.00,0.00,0.00,0,False,"[{'fixture': 48, 'stats': [{'identifier': 'minutes', 'points': 0, 'value': 0, 'points_modification': 0}]}]",False
551,5,2025-26,36,0,0,0,0,0,0,0,0,0,0,0,5,1.4,12.1,4.0,1.8,0,0,1,1,1,0.06,0.03,0.09,0.25,1,False,"[{'fixture': 48, 'stats': [{'identifier': 'minutes', 'points': 1, 'value': 36, 'points_modification': 0}]}]",False
552,5,2025-26,90,0,0,0,1,0,0,0,1,0,0,0,7,9.2,12.3,2.0,2.4,2,2,1,5,1,0.00,0.00,0.00,0.61,1,False,"[{'fixture': 48, 'stats': [{'identifier': 'minutes', 'points': 2, 'value': 90, 'points_modification': 0}, {'identifier': 'yellow_cards', 'points': -1, 'value': 1, 'points_modification': 0}]}]",False
553,5,2025-26,79,0,0,0,1,0,0,0,0,0,0,0,8,2.2,14.8,6.0,2.3,2,6,0,8,1,0.07,0.05,0.12,0.46,2,False,"[{'fixture': 48, 'stats': [{'identifier': 'minutes', 'points': 2, 'value': 79, 'points_modification': 0}]}]",False
554,5,2025-26,0,0,0,0,0,0,0,0,0,0,0,0,0,0.0,0.0,0.0,0.0,0,0,0,0,0,0.00,0.00,0.00,0.00,0,False,"[{'fixture': 48, 'stats': [{'identifier': 'minutes', 'points': 0, 'value': 0, 'points_modification': 0}]}]",False
555,5,2025-26,0,0,0,0,0,0,0,0,0,0,0,0,0,0.0,0.0,0.0,0.0,0,0,0,0,0,0.00,0.00,0.00,0.00,0,False,"[{'fixture': 48, 'stats': [{'identifier': 'minutes', 'points': 0, 'value': 0, 'points_modification': 0}]}]",False
556,5,2025-26,0,0,0,0,0,0,0,0,0,0,0,0,0,0.0,0.0,0.0,0.0,0,0,0,0,0,0.00,0.00,0.00,0.00,0,False,"[{'fixture': 48, 'stats': [{'identifier': 'minutes', 'points': 0, 'value': 0, 'points_modification': 0}]}]",False
557,5,2025-26,0,0,0,0,0,0,0,0,0,0,0,0,0,0.0,0.0,0.0,0.0,0,0,0,0,0,0.00,0.00,0.00,0.00,0,False,"[{'fixture': 48, 'stats': [{'identifier': 'minutes', 'points': 0, 'value': 0, 'points_modification': 0}]}]",False
558,5,2025-26,0,0,0,0,0,0,0,0,0,0,0,0,0,0.0,0.0,0.0,0.0,0,0,0,0,0,0.00,0.00,0.00,0.00,0,False,"[{'fixture': 48, 'stats': [{'identifier': 'minutes', 'points': 0, 'value': 0, 'points_modification': 0}]}]",False
559,5,2025-26,0,0,0,0,0,0,0,0,0,0,0,0,0,0.0,0.0,0.0,0.0,0,0,0,0,0,0.00,0.00,0.00,0.00,0,False,"[{'fixture': 48, 'stats': [{'identifier': 'minutes', 'points': 0, 'value': 0, 'points_modification': 0}]}]",False
560,5,2025-26,79,1,0,0,1,0,0,0,0,0,0,3,35,34.0,1.0,45.0,8.0,0,2,1,3,1,0.62,0.00,0.62,0.46,9,True,"[{'fixture': 48, 'stats': [{'identifier': 'minutes', 'points': 2, 'value': 79, 'points_modification': 0}, {'identifier': 'goals_scored', 'points': 4, 'value': 1, 'points_modification': 0}, {'identifier': 'bonus', 'points': 3, 'value': 3, 'points_modification': 0}]}]",False
561,5,2025-26,10,0,0,0,0,0,0,0,0,0,0,0,3,1.2,0.0,0.0,0.1,0,1,0,1,0,0.00,0.00,0.00,0.25,1,False,"[{'fixture': 48, 'stats': [{'identifier': 'minutes', 'points': 1, 'value': 10, 'points_modification': 0}]}]",False
562,5,2025-26,0,0,0,0,0,0,0,0,0,0,0,0,0,0.0,0.0,0.0,0.0,0,0,0,0,0,0.00,0.00,0.00,0.00,0,False,"[{'fixture': 48, 'stats': [{'identifier': 'minutes', 'points': 0, 'value': 0, 'points_modification': 0}]}]",False
563,5,2025-26,0,0,0,0,0,0,0,0,0,0,0,0,0,0.0,0.0,0.0,0.0,0,0,0,0,0,0.00,0.00,0.00,0.00,0,False,"[{'fixture': 48, 'stats': [{'identifier': 'minutes', 'points': 0, 'value': 0, 'points_modification': 0}]}]",False
564,5,2025-26,0,0,0,0,0,0,0,0,0,0,0,0,0,0.0,0.0,0.0,0.0,0,0,0,0,0,0.00,0.00,0.00,0.00,0,False,"[{'fixture': 48, 'stats': [{'identifier': 'minutes', 'points': 0, 'value': 0, 'points_modification': 0}]}]",False
565,5,2025-26,90,0,0,0,2,0,0,0,0,0,2,0,9,13.0,0.0,0.0,1.3,1,15,0,0,1,0.00,0.00,0.00,1.32,1,False,"[{'fixture': 43, 'stats': [{'identifier': 'minutes', 'points': 2, 'value': 90, 'points_modification': 0}, {'identifier': 'goals_conceded', 'points': -1, 'value': 2, 'points_modification': 0}]}]",False
566,5,2025-26,0,0,0,0,0,0,0,0,0,0,0,0,0,0.0,0.0,0.0,0.0,0,0,0,0,0,0.00,0.00,0.00,0.00,0,False,"[{'fixture': 43, 'stats': [{'identifier': 'minutes', 'points': 0, 'value': 0, 'points_modification': 0}]}]",False
567,5,2025-26,0,0,0,0,0,0,0,0,0,0,0,0,0,0.0,0.0,0.0,0.0,0,0,0,0,0,0.00,0.00,0.00,0.00,0,False,"[{'fixture': 43, 'stats': [{'identifier': 'minutes', 'points': 0, 'value': 0, 'points_modification': 0}]}]",False
568,5,2025-26,88,0,0,0,2,0,0,0,0,0,0,0,9,21.8,27.2,2.0,5.1,5,3,2,7,1,0.00,0.06,0.06,1.32,1,False,"[{'fixture': 43, 'stats': [{'identifier': 'minutes', 'points': 2, 'value': 88, 'points_modification': 0}, {'identifier': 'goals_conceded', 'points': -1, 'value': 2, 'points_modification': 0}]}]",False
569,5,2025-26,90,0,0,0,2,0,0,0,1,0,0,0,11,31.8,2.2,0.0,3.4,12,4,6,18,1,0.00,0.02,0.02,1.32,2,False,"[{'fixture': 43, 'stats': [{'identifier': 'minutes', 'points': 2, 'value': 90, 'points_modification': 0}, {'identifier': 'goals_conceded', 'points': -1, 'value': 2, 'points_modification': 0}, {'identifier': 'yellow_cards', 'points': -1, 'value': 1, 'points_modification': 0}, {'identifier': 'defensive_contribution', 'points': 2, 'value': 18, 'points_modification': 0}]}]",False
570,5,2025-26,0,0,0,0,0,0,0,0,0,0,0,0,0,0.0,0.0,0.0,0.0,0,0,0,0,0,0.00,0.00,0.00,0.00,0,False,"[{'fixture': 43, 'stats': [{'identifier': 'minutes', 'points': 0, 'value': 0, 'points_modification': 0}]}]",False
571,5,2025-26,0,0,0,0,0,0,0,0,0,0,0,0,0,0.0,0.0,0.0,0.0,0,0,0,0,0,0.00,0.00,0.00,0.00,0,False,"[{'fixture': 43, 'stats': [{'identifier': 'minutes', 'points': 0, 'value': 0, 'points_modification': 0}]}]",False
572,5,2025-26,0,0,0,0,0,0,0,0,0,0,0,0,0,0.0,0.0,0.0,0.0,0,0,0,0,0,0.00,0.00,0.00,0.00,0,False,"[{'fixture': 43, 'stats': [{'identifier': 'minutes', 'points': 0, 'value': 0, 'points_modification': 0}]}]",False
573,5,2025-26,1,0,0,0,0,0,0,0,0,0,0,0,5,2.4,0.0,0.0,0.2,0,0,1,1,0,0.00,0.00,0.00,0.00,1,False,"[{'fixture': 43, 'stats': [{'identifier': 'minutes', 'points': 1, 'value': 1, 'points_modification': 0}]}]",False
574,5,2025-26,90,0,0,0,2,0,0,0,0,0,0,0,5,14.0,15.7,16.0,4.6,2,10,1,3,1,0.00,0.08,0.08,1.32,1,False,"[{'fixture': 43, 'stats': [{'identifier': 'minutes', 'points': 2, 'value': 90, 'points_modification': 0}, {'identifier': 'goals_conceded', 'points': -1, 'value': 2, 'points_modification': 0}]}]",False
575,5,2025-26,90,0,0,0,2,0,0,0,0,0,0,0,4,12.6,2.3,2.0,1.7,1,3,2,3,1,0.00,0.01,0.01,1.32,1,False,"[{'fixture': 43, 'stats': [{'identifier': 'minutes', 'points': 2, 'value': 90, 'points_modification': 0}, {'identifier': 'goals_conceded', 'points': -1, 'value': 2, 'points_modification': 0}]}]",False
576,5,2025-26,0,0,0,0,0,0,0,0,0,0,0,0,0,0.0,0.0,0.0,0.0,0,0,0,0,0,0.00,0.00,0.00,0.00,0,False,"[{'fixture': 43, 'stats': [{'identifier': 'minutes', 'points': 0, 'value': 0, 'points_modification': 0}]}]",False
577,5,2025-26,0,0,0,0,0,0,0,0,0,0,0,0,0,0.0,0.0,0.0,0.0,0,0,0,0,0,0.00,0.00,0.00,0.00,0,False,"[{'fixture': 43, 'stats': [{'identifier': 'minutes', 'points': 0, 'value': 0, 'points_modification': 0}]}]",False
578,5,2025-26,0,0,0,0,0,0,0,0,0,0,0,0,0,0.0,0.0,0.0,0.0,0,0,0,0,0,0.00,0.00,0.00,0.00,0,False,"[{'fixture': 43, 'stats': [{'identifier': 'minutes', 'points': 0, 'value': 0, 'points_modification': 0}]}]",False
579,5,2025-26,0,0,0,0,0,0,0,0,0,0,0,0,0,0.0,0.0,0.0,0.0,0,0,0,0,0,0.00,0.00,0.00,0.00,0,False,"[{'fixture': 43, 'stats': [{'identifier': 'minutes', 'points': 0, 'value': 0, 'points_modification': 0}]}]",False
580,5,2025-26,18,0,0,0,0,0,0,0,0,0,0,0,2,0.2,0.5,2.0,0.3,0,0,0,0,0,0.00,0.00,0.00,0.34,1,False,"[{'fixture': 43, 'stats': [{'identifier': 'minutes', 'points': 1, 'value': 18, 'points_modification': 0}]}]",False
581,5,2025-26,0,0,0,0,0,0,0,0,0,0,0,0,0,0.0,0.0,0.0,0.0,0,0,0,0,0,0.00,0.00,0.00,0.00,0,False,"[{'fixture': 43, 'stats': [{'identifier': 'minutes', 'points': 0, 'value': 0, 'points_modification': 0}]}]",False
582,5,2025-26,90,0,2,0,2,0,0,0,1,0,0,0,21,25.0,33.8,20.0,7.9,0,5,2,7,1,0.11,0.16,0.27,1.32,7,False,"[{'fixture': 43, 'stats': [{'identifier': 'minutes', 'points': 2, 'value': 90, 'points_modification': 0}, {'identifier': 'assists', 'points': 6, 'value': 2, 'points_modification': 0}, {'identifier': 'yellow_cards', 'points': -1, 'value': 1, 'points_modification': 0}]}]",False
583,5,2025-26,0,0,0,0,0,0,0,0,0,0,0,0,0,0.0,0.0,0.0,0.0,0,0,0,0,0,0.00,0.00,0.00,0.00,0,False,"[{'fixture': 43, 'stats': [{'identifier': 'minutes', 'points': 0, 'value': 0, 'points_modification': 0}]}]",False
584,5,2025-26,0,0,0,0,0,0,0,0,0,0,0,0,0,0.0,0.0,0.0,0.0,0,0,0,0,0,0.00,0.00,0.00,0.00,0,False,"[{'fixture': 43, 'stats': [{'identifier': 'minutes', 'points': 0, 'value': 0, 'points_modification': 0}]}]",False
585,5,2025-26,60,0,0,0,2,0,0,0,0,0,0,0,15,10.0,27.3,8.0,4.5,1,5,1,7,1,0.00,0.31,0.31,0.90,2,False,"[{'fixture': 43, 'stats': [{'identifier': 'minutes', 'points': 2, 'value': 60, 'points_modification': 0}]}]",False
586,5,2025-26,88,0,0,0,2,0,0,0,0,0,0,0,9,7.6,4.8,4.0,1.6,2,8,3,13,1,0.00,0.01,0.01,1.32,4,False,"[{'fixture': 43, 'stats': [{'identifier': 'minutes', 'points': 2, 'value': 88, 'points_modification': 0}, {'identifier': 'defensive_contribution', 'points': 2, 'value': 13, 'points_modification': 0}]}]",False
587,5,2025-26,0,0,0,0,0,0,0,0,0,0,0,0,0,0.0,0.0,0.0,0.0,0,0,0,0,0,0.00,0.00,0.00,0.00,0,False,"[{'fixture': 43, 'stats': [{'identifier': 'minutes', 'points': 0, 'value': 0, 'points_modification': 0}]}]",False
588,5,2025-26,71,0,0,0,2,0,0,0,0,0,0,0,5,0.0,7.8,12.0,1.8,0,4,0,4,1,0.11,0.10,0.21,0.98,2,False,"[{'fixture': 43, 'stats': [{'identifier': 'minutes', 'points': 2, 'value': 71, 'points_modification': 0}]}]",False
589,5,2025-26,0,0,0,0,0,0,0,0,0,0,0,0,0,0.0,0.0,0.0,0.0,0,0,0,0,0,0.00,0.00,0.00,0.00,0,False,"[{'fixture': 43, 'stats': [{'identifier': 'minutes', 'points': 0, 'value': 0, 'points_modification': 0}]}]",False
590,5,2025-26,0,0,0,0,0,0,0,0,0,0,0,0,0,0.0,0.0,0.0,0.0,0,0,0,0,0,0.00,0.00,0.00,0.00,0,False,"[{'fixture': 43, 'stats': [{'identifier': 'minutes', 'points': 0, 'value': 0, 'points_modification': 0}]}]",False
591,5,2025-26,1,0,0,0,0,0,0,0,0,0,0,0,4,2.4,10.2,0.0,1.3,0,0,0,0,0,0.00,0.00,0.00,0.00,1,False,"[{'fixture': 43, 'stats': [{'identifier': 'minutes', 'points': 1, 'value': 1, 'points_modification': 0}]}]",False
592,5,2025-26,0,0,0,0,0,0,0,0,0,0,0,0,0,0.0,0.0,0.0,0.0,0,0,0,0,0,0.00,0.00,0.00,0.00,0,False,"[{'fixture': 43, 'stats': [{'identifier': 'minutes', 'points': 0, 'value': 0, 'points_modification': 0}]}]",False
593,5,2025-26,0,0,0,0,0,0,0,0,0,0,0,0,0,0.0,0.0,0.0,0.0,0,0,0,0,0,0.00,0.00,0.00,0.00,0,False,"[{'fixture': 43, 'stats': [{'identifier': 'minutes', 'points': 0, 'value': 0, 'points_modification': 0}]}]",False
594,5,2025-26,0,0,0,0,0,0,0,0,0,0,0,0,0,0.0,0.0,0.0,0.0,0,0,0,0,0,0.00,0.00,0.00,0.00,0,False,"[{'fixture': 43, 'stats': [{'identifier': 'minutes', 'points': 0, 'value': 0, 'points_modification': 0}]}]",False
595,5,2025-26,0,0,0,0,0,0,0,0,0,0,0,0,0,0.0,0.0,0.0,0.0,0,0,0,0,0,0.00,0.00,0.00,0.00,0,False,"[{'fixture': 43, 'stats': [{'identifier': 'minutes', 'points': 0, 'value': 0, 'points_modification': 0}]}]",False
596,5,2025-26,0,0,0,0,0,0,0,0,0,0,0,0,0,0.0,0.0,0.0,0.0,0,0,0,0,0,0.00,0.00,0.00,0.00,0,False,"[{'fixture': 43, 'stats': [{'identifier': 'minutes', 'points': 0, 'value': 0, 'points_modification': 0}]}]",False
597,5,2025-26,90,1,0,0,2,0,0,0,0,0,0,3,35,36.6,14.9,75.0,12.7,0,2,1,3,1,0.76,0.05,0.81,1.32,9,False,"[{'fixture': 43, 'stats': [{'identifier': 'minutes', 'points': 2, 'value': 90, 'points_modification': 0}, {'identifier': 'goals_scored', 'points': 4, 'value': 1, 'points_modification': 0}, {'identifier': 'bonus', 'points': 3, 'value': 3, 'points_modification': 0}]}]",False
598,5,2025-26,0,0,0,0,0,0,0,0,0,0,0,0,0,0.0,0.0,0.0,0.0,0,0,0,0,0,0.00,0.00,0.00,0.00,0,False,"[{'fixture': 43, 'stats': [{'identifier': 'minutes', 'points': 0, 'value': 0, 'points_modification': 0}]}]",False
599,5,2025-26,0,0,0,0,0,0,0,0,0,0,0,0,0,0.0,0.0,0.0,0.0,0,0,0,0,0,0.00,0.00,0.00,0.00,0,False,"[{'fixture': 43, 'stats': [{'identifier': 'minutes', 'points': 0, 'value': 0, 'points_modification': 0}]}]",False
600,5,2025-26,90,0,0,0,2,0,0,0,0,0,1,0,4,13.2,0.0,0.0,1.3,2,7,0,0,1,0.00,0.00,0.00,2.31,1,False,"[{'fixture': 49, 'stats': [{'identifier': 'minutes', 'points': 2, 'value': 90, 'points_modification': 0}, {'identifier': 'goals_conceded', 'points': -1, 'value': 2, 'points_modification': 0}]}]",False
601,5,2025-26,0,0,0,0,0,0,0,0,0,0,0,0,0,0.0,0.0,0.0,0.0,0,0,0,0,0,0.00,0.00,0.00,0.00,0,False,"[{'fixture': 49, 'stats': [{'identifier': 'minutes', 'points': 0, 'value': 0, 'points_modification': 0}]}]",False
602,5,2025-26,0,0,0,0,0,0,0,0,0,0,0,0,0,0.0,0.0,0.0,0.0,0,0,0,0,0,0.00,0.00,0.00,0.00,0,False,"[{'fixture': 49, 'stats': [{'identifier': 'minutes', 'points': 0, 'value': 0, 'points_modification': 0}]}]",False
603,5,2025-26,90,0,1,0,2,0,0,0,1,0,0,0,14,32.2,38.6,6.0,7.7,5,7,1,6,1,0.00,0.41,0.41,2.31,3,False,"[{'fixture': 49, 'stats': [{'identifier': 'minutes', 'points': 2, 'value': 90, 'points_modification': 0}, {'identifier': 'assists', 'points': 3, 'value': 1, 'points_modification': 0}, {'identifier': 'goals_conceded', 'points': -1, 'value': 2, 'points_modification': 0}, {'identifier': 'yellow_cards', 'points': -1, 'value': 1, 'points_modification': 0}]}]",False
604,5,2025-26,0,0,0,0,0,0,0,0,0,0,0,0,0,0.0,0.0,0.0,0.0,0,0,0,0,0,0.00,0.00,0.00,0.00,0,False,"[{'fixture': 49, 'stats': [{'identifier': 'minutes', 'points': 0, 'value': 0, 'points_modification': 0}]}]",False
605,5,2025-26,90,0,0,0,2,0,0,0,1,0,0,0,8,30.2,1.1,0.0,3.1,9,6,2,11,1,0.00,0.00,0.00,2.31,2,False,"[{'fixture': 49, 'stats': [{'identifier': 'minutes', 'points': 2, 'value': 90, 'points_modification': 0}, {'identifier': 'goals_conceded', 'points': -1, 'value': 2, 'points_modification': 0}, {'identifier': 'yellow_cards', 'points': -1, 'value': 1, 'points_modification': 0}, {'identifier': 'defensive_contribution', 'points': 2, 'value': 11, 'points_modification': 0}]}]",False
606,5,2025-26,90,0,0,0,2,0,0,0,0,0,0,0,11,31.6,0.6,35.0,6.7,10,5,1,11,1,0.22,0.01,0.23,2.31,3,False,"[{'fixture': 49, 'stats': [{'identifier': 'minutes', 'points': 2, 'value': 90, 'points_modification': 0}, {'identifier': 'goals_conceded', 'points': -1, 'value': 2, 'points_modification': 0}, {'identifier': 'defensive_contribution', 'points': 2, 'value': 11, 'points_modification': 0}]}]",False
607,5,2025-26,0,0,0,0,0,0,0,0,0,0,0,0,0,0.0,0.0,0.0,0.0,0,0,0,0,0,0.00,0.00,0.00,0.00,0,False,"[{'fixture': 49, 'stats': [{'identifier': 'minutes', 'points': 0, 'value': 0, 'points_modification': 0}]}]",False
608,5,2025-26,0,0,0,0,0,0,0,0,0,0,0,0,0,0.0,0.0,0.0,0.0,0,0,0,0,0,0.00,0.00,0.00,0.00,0,False,"[{'fixture': 49, 'stats': [{'identifier': 'minutes', 'points': 0, 'value': 0, 'points_modification': 0}]}]",False
609,5,2025-26,0,0,0,0,0,0,0,0,0,0,0,0,0,0.0,0.0,0.0,0.0,0,0,0,0,0,0.00,0.00,0.00,0.00,0,False,"[{'fixture': 49, 'stats': [{'identifier': 'minutes', 'points': 0, 'value': 0, 'points_modification': 0}]}]",False
610,5,2025-26,0,0,0,0,0,0,0,0,0,0,0,0,0,0.0,0.0,0.0,0.0,0,0,0,0,0,0.00,0.00,0.00,0.00,0,False,"[{'fixture': 49, 'stats': [{'identifier': 'minutes', 'points': 0, 'value': 0, 'points_modification': 0}]}]",False
611,5,2025-26,0,0,0,0,0,0,0,0,0,0,0,0,0,0.0,0.0,0.0,0.0,0,0,0,0,0,0.00,0.00,0.00,0.00,0,False,"[{'fixture': 49, 'stats': [{'identifier': 'minutes', 'points': 0, 'value': 0, 'points_modification': 0}]}]",False
612,5,2025-26,90,0,0,0,2,0,0,0,1,0,0,0,6,11.2,34.4,13.0,5.9,0,5,2,7,1,0.03,0.08,0.11,2.31,1,False,"[{'fixture': 49, 'stats': [{'identifier': 'minutes', 'points': 2, 'value': 90, 'points_modification': 0}, {'identifier': 'yellow_cards', 'points': -1, 'value': 1, 'points_modification': 0}]}]",False
613,5,2025-26,0,0,0,0,0,0,0,0,0,0,0,0,0,0.0,0.0,0.0,0.0,0,0,0,0,0,0.00,0.00,0.00,0.00,0,False,"[{'fixture': 49, 'stats': [{'identifier': 'minutes', 'points': 0, 'value': 0, 'points_modification': 0}]}]",False
614,5,2025-26,90,0,0,0,2,0,0,0,0,0,0,0,15,10.2,26.6,2.0,3.9,2,1,1,4,1,0.02,0.23,0.25,2.31,2,False,"[{'fixture': 49, 'stats': [{'identifier': 'minutes', 'points': 2, 'value': 90, 'points_modification': 0}]}]",False
615,5,2025-26,77,0,0,0,2,0,0,0,0,0,0,0,3,1.0,12.2,6.0,1.9,0,3,0,3,1,0.00,0.20,0.20,2.18,2,False,"[{'fixture': 49, 'stats': [{'identifier': 'minutes', 'points': 2, 'value': 77, 'points_modification': 0}]}]",False
616,5,2025-26,0,0,0,0,0,0,0,0,0,0,0,0,0,0.0,0.0,0.0,0.0,0,0,0,0,0,0.00,0.00,0.00,0.00,0,False,"[{'fixture': 49, 'stats': [{'identifier': 'minutes', 'points': 0, 'value': 0, 'points_modification': 0}]}]",False
617,5,2025-26,0,0,0,0,0,0,0,0,0,0,0,0,0,0.0,0.0,0.0,0.0,0,0,0,0,0,0.00,0.00,0.00,0.00,0,False,"[{'fixture': 49, 'stats': [{'identifier': 'minutes', 'points': 0, 'value': 0, 'points_modification': 0}]}]",False
618,5,2025-26,0,0,0,0,0,0,0,0,0,0,0,0,0,0.0,0.0,0.0,0.0,0,0,0,0,0,0.00,0.00,0.00,0.00,0,False,"[{'fixture': 49, 'stats': [{'identifier': 'minutes', 'points': 0, 'value': 0, 'points_modification': 0}]}]",False
619,5,2025-26,12,0,0,0,0,0,0,0,0,0,0,0,1,0.0,0.0,4.0,0.2,0,0,0,0,0,0.07,0.00,0.07,0.14,1,False,"[{'fixture': 49, 'stats': [{'identifier': 'minutes', 'points': 1, 'value': 12, 'points_modification': 0}]}]",False
620,5,2025-26,0,0,0,0,0,0,0,0,0,0,0,0,0,0.0,0.0,0.0,0.0,0,0,0,0,0,0.00,0.00,0.00,0.00,0,False,"[{'fixture': 49, 'stats': [{'identifier': 'minutes', 'points': 0, 'value': 0, 'points_modification': 0}]}]",False
621,5,2025-26,0,0,0,0,0,0,0,0,0,0,0,0,0,0.0,0.0,0.0,0.0,0,0,0,0,0,0.00,0.00,0.00,0.00,0,False,"[{'fixture': 49, 'stats': [{'identifier': 'minutes', 'points': 0, 'value': 0, 'points_modification': 0}]}]",False
622,5,2025-26,0,0,0,0,0,0,0,0,0,0,0,0,0,0.0,0.0,0.0,0.0,0,0,0,0,0,0.00,0.00,0.00,0.00,0,False,"[{'fixture': 49, 'stats': [{'identifier': 'minutes', 'points': 0, 'value': 0, 'points_modification': 0}]}]",False
623,5,2025-26,0,0,0,0,0,0,0,0,0,0,0,0,0,0.0,0.0,0.0,0.0,0,0,0,0,0,0.00,0.00,0.00,0.00,0,False,"[{'fixture': 49, 'stats': [{'identifier': 'minutes', 'points': 0, 'value': 0, 'points_modification': 0}]}]",False
624,5,2025-26,90,1,0,0,2,0,0,0,0,0,0,3,31,40.8,20.4,23.0,8.4,1,1,1,3,1,0.24,0.23,0.47,2.31,9,False,"[{'fixture': 49, 'stats': [{'identifier': 'minutes', 'points': 2, 'value': 90, 'points_modification': 0}, {'identifier': 'goals_scored', 'points': 4, 'value': 1, 'points_modification': 0}, {'identifier': 'bonus', 'points': 3, 'value': 3, 'points_modification': 0}]}]",False
625,5,2025-26,31,0,0,0,1,0,0,0,0,0,0,0,1,0.0,10.6,2.0,1.2,0,0,0,0,0,0.00,0.03,0.03,0.55,1,False,"[{'fixture': 49, 'stats': [{'identifier': 'minutes', 'points': 1, 'value': 31, 'points_modification': 0}]}]",False
626,5,2025-26,0,0,0,0,0,0,0,0,0,0,0,0,0,0.0,0.0,0.0,0.0,0,0,0,0,0,0.00,0.00,0.00,0.00,0,False,"[{'fixture': 49, 'stats': [{'identifier': 'minutes', 'points': 0, 'value': 0, 'points_modification': 0}]}]",False
627,5,2025-26,0,0,0,0,0,0,0,0,0,0,0,0,0,0.0,0.0,0.0,0.0,0,0,0,0,0,0.00,0.00,0.00,0.00,0,False,"[{'fixture': 50, 'stats': [{'identifier': 'minutes', 'points': 0, 'value': 0, 'points_modification': 0}]}]",False
628,5,2025-26,90,0,0,0,3,0,0,0,0,0,1,0,0,7.8,0.0,0.0,0.8,0,7,0,0,1,0.00,0.00,0.00,0.48,1,False,"[{'fixture': 50, 'stats': [{'identifier': 'minutes', 'points': 2, 'value': 90, 'points_modification': 0}, {'identifier': 'goals_conceded', 'points': -1, 'value': 3, 'points_modification': 0}]}]",False
629,5,2025-26,0,0,0,0,0,0,0,0,0,0,0,0,0,0.0,0.0,0.0,0.0,0,0,0,0,0,0.00,0.00,0.00,0.00,0,False,"[{'fixture': 50, 'stats': [{'identifier': 'minutes', 'points': 0, 'value': 0, 'points_modification': 0}]}]",False
630,5,2025-26,0,0,0,0,0,0,0,0,0,0,0,0,0,0.0,0.0,0.0,0.0,0,0,0,0,0,0.00,0.00,0.00,0.00,0,False,"[{'fixture': 46, 'stats': [{'identifier': 'minutes', 'points': 0, 'value': 0, 'points_modification': 0}]}]",False
631,5,2025-26,90,0,0,0,3,0,0,0,0,0,0,0,16,35.0,21.9,30.0,8.7,4,9,7,11,1,0.13,0.11,0.24,0.48,3,False,"[{'fixture': 50, 'stats': [{'identifier': 'minutes', 'points': 2, 'value': 90, 'points_modification': 0}, {'identifier': 'goals_conceded', 'points': -1, 'value': 3, 'points_modification': 0}, {'identifier': 'defensive_contribution', 'points': 2, 'value': 11, 'points_modification': 0}]}]",False
632,5,2025-26,0,0,0,0,0,0,0,0,0,0,0,0,0,0.0,0.0,0.0,0.0,0,0,0,0,0,0.00,0.00,0.00,0.00,0,False,"[{'fixture': 50, 'stats': [{'identifier': 'minutes', 'points': 0, 'value': 0, 'points_modification': 0}]}]",False
633,5,2025-26,45,0,0,0,0,0,0,0,0,0,0,0,12,20.0,52.5,0.0,7.3,0,3,1,1,0,0.00,0.27,0.27,0.07,1,False,"[{'fixture': 50, 'stats': [{'identifier': 'minutes', 'points': 1, 'value': 45, 'points_modification': 0}]}]",False
634,5,2025-26,71,0,0,0,3,0,0,0,0,0,0,0,5,7.4,0.3,21.0,2.9,1,7,2,3,1,0.05,0.00,0.05,0.48,1,False,"[{'fixture': 50, 'stats': [{'identifier': 'minutes', 'points': 2, 'value': 71, 'points_modification': 0}, {'identifier': 'goals_conceded', 'points': -1, 'value': 3, 'points_modification': 0}]}]",False
635,5,2025-26,45,0,0,0,3,0,0,0,0,0,0,0,-4,7.2,16.3,6.0,3.0,1,0,2,3,1,0.03,0.13,0.16,0.42,0,False,"[{'fixture': 50, 'stats': [{'identifier': 'minutes', 'points': 1, 'value': 45, 'points_modification': 0}, {'identifier': 'goals_conceded', 'points': -1, 'value': 3, 'points_modification': 0}]}]",False
636,5,2025-26,0,0,0,0,0,0,0,0,0,0,0,0,0,0.0,0.0,0.0,0.0,0,0,0,0,0,0.00,0.00,0.00,0.00,0,False,"[{'fixture': 50, 'stats': [{'identifier': 'minutes', 'points': 0, 'value': 0, 'points_modification': 0}]}]",False
637,5,2025-26,71,0,0,0,3,0,0,0,0,0,0,0,5,9.2,1.3,0.0,1.1,2,2,0,2,1,0.00,0.01,0.01,0.48,1,False,"[{'fixture': 50, 'stats': [{'identifier': 'minutes', 'points': 2, 'value': 71, 'points_modification': 0}, {'identifier': 'goals_conceded', 'points': -1, 'value': 3, 'points_modification': 0}]}]",False
638,5,2025-26,0,0,0,0,0,0,0,0,0,0,0,0,0,0.0,0.0,0.0,0.0,0,0,0,0,0,0.00,0.00,0.00,0.00,0,False,"[{'fixture': 50, 'stats': [{'identifier': 'minutes', 'points': 0, 'value': 0, 'points_modification': 0}]}]",False
639,5,2025-26,0,0,0,0,0,0,0,0,0,0,0,0,0,0.0,0.0,0.0,0.0,0,0,0,0,0,0.00,0.00,0.00,0.00,0,False,"[{'fixture': 50, 'stats': [{'identifier': 'minutes', 'points': 0, 'value': 0, 'points_modification': 0}]}]",False
640,5,2025-26,0,0,0,0,0,0,0,0,0,0,0,0,0,0.0,0.0,0.0,0.0,0,0,0,0,0,0.00,0.00,0.00,0.00,0,False,"[{'fixture': 50, 'stats': [{'identifier': 'minutes', 'points': 0, 'value': 0, 'points_modification': 0}]}]",False
641,5,2025-26,0,0,0,0,0,0,0,0,0,0,0,0,0,0.0,0.0,0.0,0.0,0,0,0,0,0,0.00,0.00,0.00,0.00,0,False,"[{'fixture': 50, 'stats': [{'identifier': 'minutes', 'points': 0, 'value': 0, 'points_modification': 0}]}]",False
642,5,2025-26,0,0,0,0,0,0,0,0,0,0,0,0,0,0.0,0.0,0.0,0.0,0,0,0,0,0,0.00,0.00,0.00,0.00,0,False,"[{'fixture': 50, 'stats': [{'identifier': 'minutes', 'points': 0, 'value': 0, 'points_modification': 0}]}]",False
643,5,2025-26,18,0,0,0,0,0,0,0,0,0,0,0,9,4.6,4.9,2.0,1.2,1,2,0,3,0,0.02,0.02,0.04,0.00,1,False,"[{'fixture': 50, 'stats': [{'identifier': 'minutes', 'points': 1, 'value': 18, 'points_modification': 0}]}]",False
644,5,2025-26,45,0,0,0,3,0,0,0,0,0,0,0,3,3.8,11.3,2.0,1.7,0,2,0,2,1,0.00,0.04,0.04,0.42,1,False,"[{'fixture': 50, 'stats': [{'identifier': 'minutes', 'points': 1, 'value': 45, 'points_modification': 0}]}]",False
645,5,2025-26,45,0,1,0,3,0,0,0,1,0,0,0,13,20.0,28.8,2.0,5.1,0,2,1,3,1,0.00,0.40,0.40,0.42,3,False,"[{'fixture': 50, 'stats': [{'identifier': 'minutes', 'points': 1, 'value': 45, 'points_modification': 0}, {'identifier': 'assists', 'points': 3, 'value': 1, 'points_modification': 0}, {'identifier': 'yellow_cards', 'points': -1, 'value': 1, 'points_modification': 0}]}]",False
646,5,2025-26,90,0,0,0,3,0,0,0,0,0,0,0,18,19.6,12.9,12.0,4.5,4,6,4,14,1,0.23,0.11,0.34,0.48,4,False,"[{'fixture': 50, 'stats': [{'identifier': 'minutes', 'points': 2, 'value': 90, 'points_modification': 0}, {'identifier': 'defensive_contribution', 'points': 2, 'value': 14, 'points_modification': 0}]}]",False
647,5,2025-26,0,0,0,0,0,0,0,0,0,0,0,0,0,0.0,0.0,0.0,0.0,0,0,0,0,0,0.00,0.00,0.00,0.00,0,False,"[{'fixture': 50, 'stats': [{'identifier': 'minutes', 'points': 0, 'value': 0, 'points_modification': 0}]}]",False
648,5,2025-26,45,0,0,0,0,0,0,0,0,0,0,0,4,4.0,1.9,33.0,3.9,0,1,1,2,0,0.38,0.00,0.38,0.07,1,False,"[{'fixture': 50, 'stats': [{'identifier': 'minutes', 'points': 1, 'value': 45, 'points_modification': 0}]}]",False
649,5,2025-26,0,0,0,0,0,0,0,0,0,0,0,0,0,0.0,0.0,0.0,0.0,0,0,0,0,0,0.00,0.00,0.00,0.00,0,False,"[{'fixture': 50, 'stats': [{'identifier': 'minutes', 'points': 0, 'value': 0, 'points_modification': 0}]}]",False
650,5,2025-26,0,0,0,0,0,0,0,0,0,0,0,0,0,0.0,0.0,0.0,0.0,0,0,0,0,0,0.00,0.00,0.00,0.00,0,False,"[{'fixture': 50, 'stats': [{'identifier': 'minutes', 'points': 0, 'value': 0, 'points_modification': 0}]}]",False
651,5,2025-26,0,0,0,0,0,0,0,0,0,0,0,0,0,0.0,0.0,0.0,0.0,0,0,0,0,0,0.00,0.00,0.00,0.00,0,False,"[{'fixture': 50, 'stats': [{'identifier': 'minutes', 'points': 0, 'value': 0, 'points_modification': 0}]}]",False
652,5,2025-26,0,0,0,0,0,0,0,0,0,0,0,0,0,0.0,0.0,0.0,0.0,0,0,0,0,0,0.00,0.00,0.00,0.00,0,False,"[{'fixture': 50, 'stats': [{'identifier': 'minutes', 'points': 0, 'value': 0, 'points_modification': 0}]}]",False
653,5,2025-26,0,0,0,0,0,0,0,0,0,0,0,0,0,0.0,0.0,0.0,0.0,0,0,0,0,0,0.00,0.00,0.00,0.00,0,False,"[{'fixture': 50, 'stats': [{'identifier': 'minutes', 'points': 0, 'value': 0, 'points_modification': 0}]}]",False
654,5,2025-26,45,0,0,0,0,0,0,0,0,0,0,0,2,0.0,1.6,10.0,0.9,0,1,0,1,0,0.04,0.12,0.16,0.07,1,False,"[{'fixture': 50, 'stats': [{'identifier': 'minutes', 'points': 1, 'value': 45, 'points_modification': 0}]}]",False
655,5,2025-26,0,0,0,0,0,0,0,0,0,0,0,0,0,0.0,0.0,0.0,0.0,0,0,0,0,0,0.00,0.00,0.00,0.00,0,False,"[{'fixture': 50, 'stats': [{'identifier': 'minutes', 'points': 0, 'value': 0, 'points_modification': 0}]}]",False
656,5,2025-26,0,0,0,0,0,0,0,0,0,0,0,0,0,0.0,0.0,0.0,0.0,0,0,0,0,0,0.00,0.00,0.00,0.00,0,False,"[{'fixture': 50, 'stats': [{'identifier': 'minutes', 'points': 0, 'value': 0, 'points_modification': 0}]}]",False
657,5,2025-26,0,0,0,0,0,0,0,0,0,0,0,0,0,0.0,0.0,0.0,0.0,0,0,0,0,0,0.00,0.00,0.00,0.00,0,False,"[{'fixture': 50, 'stats': [{'identifier': 'minutes', 'points': 0, 'value': 0, 'points_modification': 0}]}]",False
658,5,2025-26,0,0,0,0,0,0,0,0,0,0,0,0,0,0.0,0.0,0.0,0.0,0,0,0,0,0,0.00,0.00,0.00,0.00,0,False,"[{'fixture': 50, 'stats': [{'identifier': 'minutes', 'points': 0, 'value': 0, 'points_modification': 0}]}]",False
659,5,2025-26,90,0,0,0,2,0,0,0,0,0,0,0,13,17.4,6.4,26.0,5.0,2,4,1,3,1,0.10,0.02,0.12,2.31,1,False,"[{'fixture': 49, 'stats': [{'identifier': 'minutes', 'points': 2, 'value': 90, 'points_modification': 0}, {'identifier': 'goals_conceded', 'points': -1, 'value': 2, 'points_modification': 0}]}]",False
660,5,2025-26,90,1,1,0,1,0,0,0,0,0,0,3,55,66.4,14.1,13.0,9.4,5,7,3,15,1,0.08,0.06,0.14,1.78,15,True,"[{'fixture': 50, 'stats': [{'identifier': 'minutes', 'points': 2, 'value': 90, 'points_modification': 0}, {'identifier': 'goals_scored', 'points': 5, 'value': 1, 'points_modification': 0}, {'identifier': 'assists', 'points': 3, 'value': 1, 'points_modification': 0}, {'identifier': 'bonus', 'points': 3, 'value': 3, 'points_modification': 0}, {'identifier': 'defensive_contribution', 'points': 2, 'value': 15, 'points_modification': 0}]}]",False
661,5,2025-26,66,1,0,0,1,0,0,0,0,0,0,2,39,52.4,2.0,23.0,7.7,5,4,2,11,1,0.32,0.06,0.38,0.66,8,False,"[{'fixture': 46, 'stats': [{'identifier': 'minutes', 'points': 2, 'value': 66, 'points_modification': 0}, {'identifier': 'goals_scored', 'points': 4, 'value': 1, 'points_modification': 0}, {'identifier': 'bonus', 'points': 2, 'value': 2, 'points_modification': 0}]}]",False
662,5,2025-26,1,0,0,0,0,0,0,0,0,0,0,0,3,0.0,0.0,0.0,0.0,0,1,0,0,0,0.00,0.00,0.00,0.00,1,False,"[{'fixture': 41, 'stats': [{'identifier': 'minutes', 'points': 1, 'value': 1, 'points_modification': 0}]}]",False
663,5,2025-26,18,0,0,0,0,0,0,0,0,0,0,0,5,6.8,29.1,10.0,4.6,0,0,0,0,0,0.00,0.06,0.06,0.00,1,False,"[{'fixture': 50, 'stats': [{'identifier': 'minutes', 'points': 1, 'value': 18, 'points_modification': 0}]}]",False
664,5,2025-26,0,0,0,0,0,0,0,0,0,0,0,0,0,0.0,0.0,0.0,0.0,0,0,0,0,0,0.00,0.00,0.00,0.00,0,False,"[{'fixture': 45, 'stats': [{'identifier': 'minutes', 'points': 0, 'value': 0, 'points_modification': 0}]}]",False
665,5,2025-26,0,0,0,0,0,0,0,0,0,0,0,0,0,0.0,0.0,0.0,0.0,0,0,0,0,0,0.00,0.00,0.00,0.00,0,False,"[{'fixture': 50, 'stats': [{'identifier': 'minutes', 'points': 0, 'value': 0, 'points_modification': 0}]}]",False
666,5,2025-26,90,0,0,0,1,0,0,0,0,0,0,0,3,0.2,1.8,12.0,1.4,0,3,0,3,1,0.00,0.01,0.01,0.89,2,False,"[{'fixture': 41, 'stats': [{'identifier': 'minutes', 'points': 2, 'value': 90, 'points_modification': 0}]}]",False
667,5,2025-26,0,0,0,0,0,0,0,0,0,0,0,0,0,0.0,0.0,0.0,0.0,0,0,0,0,0,0.00,0.00,0.00,0.00,0,False,"[{'fixture': 46, 'stats': [{'identifier': 'minutes', 'points': 0, 'value': 0, 'points_modification': 0}]}]",False
668,5,2025-26,90,0,1,0,1,0,0,0,1,0,0,0,20,24.8,21.6,9.0,5.5,1,3,4,8,1,0.07,0.09,0.16,0.71,4,False,"[{'fixture': 48, 'stats': [{'identifier': 'minutes', 'points': 2, 'value': 90, 'points_modification': 0}, {'identifier': 'assists', 'points': 3, 'value': 1, 'points_modification': 0}, {'identifier': 'yellow_cards', 'points': -1, 'value': 1, 'points_modification': 0}]}]",False
669,5,2025-26,75,0,0,0,1,0,0,0,0,0,0,0,10,9.4,21.6,12.0,4.3,2,3,1,6,1,0.00,0.18,0.18,0.68,2,False,"[{'fixture': 44, 'stats': [{'identifier': 'minutes', 'points': 2, 'value': 75, 'points_modification': 0}]}]",False
670,5,2025-26,90,0,0,0,1,0,0,0,0,0,1,0,3,6.2,0.0,0.0,0.6,1,5,0,0,1,0.00,0.00,0.00,0.71,2,False,"[{'fixture': 48, 'stats': [{'identifier': 'minutes', 'points': 2, 'value': 90, 'points_modification': 0}]}]",False
671,5,2025-26,58,0,0,0,1,0,0,0,0,0,0,0,1,4.2,1.5,4.0,1.0,1,1,0,2,1,0.00,0.00,0.00,1.76,1,False,"[{'fixture': 49, 'stats': [{'identifier': 'minutes', 'points': 1, 'value': 58, 'points_modification': 0}]}]",False
672,5,2025-26,0,0,0,0,0,0,0,0,0,0,0,0,0,0.0,0.0,0.0,0.0,0,0,0,0,0,0.00,0.00,0.00,0.00,0,False,"[{'fixture': 47, 'stats': [{'identifier': 'minutes', 'points': 0, 'value': 0, 'points_modification': 0}]}]",False
673,5,2025-26,90,0,0,0,2,0,0,0,0,0,0,0,19,21.8,5.1,0.0,2.7,3,4,7,14,1,0.00,0.02,0.02,1.32,4,False,"[{'fixture': 43, 'stats': [{'identifier': 'minutes', 'points': 2, 'value': 90, 'points_modification': 0}, {'identifier': 'defensive_contribution', 'points': 2, 'value': 14, 'points_modification': 0}]}]",False
674,5,2025-26,0,0,0,0,0,0,0,0,0,0,0,0,0,0.0,0.0,0.0,0.0,0,0,0,0,0,0.00,0.00,0.00,0.00,0,False,"[{'fixture': 42, 'stats': [{'identifier': 'minutes', 'points': 0, 'value': 0, 'points_modification': 0}]}]",False
675,5,2025-26,0,0,0,0,0,0,0,0,0,0,0,0,0,0.0,0.0,0.0,0.0,0,0,0,0,0,0.00,0.00,0.00,0.00,0,False,"[{'fixture': 44, 'stats': [{'identifier': 'minutes', 'points': 0, 'value': 0, 'points_modification': 0}]}]",False
676,5,2025-26,0,0,0,0,0,0,0,0,0,0,0,0,0,0.0,0.0,0.0,0.0,0,0,0,0,0,0.00,0.00,0.00,0.00,0,False,"[{'fixture': 44, 'stats': [{'identifier': 'minutes', 'points': 0, 'value': 0, 'points_modification': 0}]}]",False
677,5,2025-26,72,0,0,1,0,0,0,0,0,0,0,0,4,13.2,3.3,21.0,3.8,3,4,1,8,1,0.25,0.11,0.36,0.78,3,False,"[{'fixture': 48, 'stats': [{'identifier': 'minutes', 'points': 2, 'value': 72, 'points_modification': 0}, {'identifier': 'clean_sheets', 'points': 1, 'value': 1, 'points_modification': 0}]}]",False
678,5,2025-26,10,0,0,0,0,0,0,0,0,0,0,0,3,2.0,0.1,0.0,0.2,2,0,0,2,0,0.00,0.00,0.00,0.25,1,False,"[{'fixture': 48, 'stats': [{'identifier': 'minutes', 'points': 1, 'value': 10, 'points_modification': 0}]}]",False
679,5,2025-26,0,0,0,0,0,0,0,0,0,0,0,0,0,0.0,0.0,0.0,0.0,0,0,0,0,0,0.00,0.00,0.00,0.00,0,False,"[{'fixture': 49, 'stats': [{'identifier': 'minutes', 'points': 0, 'value': 0, 'points_modification': 0}]}]",False
680,5,2025-26,0,0,0,0,0,0,0,0,0,0,0,0,0,0.0,0.0,0.0,0.0,0,0,0,0,0,0.00,0.00,0.00,0.00,0,False,"[{'fixture': 44, 'stats': [{'identifier': 'minutes', 'points': 0, 'value': 0, 'points_modification': 0}]}]",False
681,5,2025-26,45,0,0,0,0,0,0,0,0,0,0,0,2,0.2,1.3,2.0,0.4,1,0,0,1,1,0.00,0.01,0.01,0.08,1,False,"[{'fixture': 47, 'stats': [{'identifier': 'minutes', 'points': 1, 'value': 45, 'points_modification': 0}]}]",False
682,5,2025-26,0,0,0,0,0,0,0,0,0,0,0,0,0,0.0,0.0,0.0,0.0,0,0,0,0,0,0.00,0.00,0.00,0.00,0,False,"[{'fixture': 50, 'stats': [{'identifier': 'minutes', 'points': 0, 'value': 0, 'points_modification': 0}]}]",False
683,5,2025-26,90,0,0,0,1,0,0,0,0,0,0,0,9,28.6,0.2,23.0,5.2,10,5,3,13,1,0.16,0.00,0.16,0.71,4,False,"[{'fixture': 48, 'stats': [{'identifier': 'minutes', 'points': 2, 'value': 90, 'points_modification': 0}, {'identifier': 'defensive_contribution', 'points': 2, 'value': 13, 'points_modification': 0}]}]",False
684,5,2025-26,83,0,0,1,0,0,0,0,1,0,0,0,22,24.4,1.3,0.0,2.6,12,2,2,14,1,0.00,0.02,0.02,0.43,7,False,"[{'fixture': 42, 'stats': [{'identifier': 'minutes', 'points': 2, 'value': 83, 'points_modification': 0}, {'identifier': 'clean_sheets', 'points': 4, 'value': 1, 'points_modification': 0}, {'identifier': 'yellow_cards', 'points': -1, 'value': 1, 'points_modification': 0}, {'identifier': 'defensive_contribution', 'points': 2, 'value': 14, 'points_modification': 0}]}]",False
685,5,2025-26,90,0,0,1,0,0,0,0,1,0,0,0,25,20.0,11.8,4.0,3.6,5,3,2,7,1,0.00,0.03,0.03,0.14,5,False,"[{'fixture': 42, 'stats': [{'identifier': 'minutes', 'points': 2, 'value': 90, 'points_modification': 0}, {'identifier': 'clean_sheets', 'points': 4, 'value': 1, 'points_modification': 0}, {'identifier': 'yellow_cards', 'points': -1, 'value': 1, 'points_modification': 0}]}]",False
686,5,2025-26,0,0,0,0,0,0,0,0,0,0,0,0,0,0.0,0.0,0.0,0.0,0,0,0,0,0,0.00,0.00,0.00,0.00,0,False,"[{'fixture': 46, 'stats': [{'identifier': 'minutes', 'points': 0, 'value': 0, 'points_modification': 0}]}]",False
687,5,2025-26,0,0,0,0,0,0,0,0,0,0,0,0,0,0.0,0.0,0.0,0.0,0,0,0,0,0,0.00,0.00,0.00,0.00,0,False,"[{'fixture': 42, 'stats': [{'identifier': 'minutes', 'points': 0, 'value': 0, 'points_modification': 0}]}]",False
688,5,2025-26,0,0,0,0,0,0,0,0,0,0,0,0,0,0.0,0.0,0.0,0.0,0,0,0,0,0,0.00,0.00,0.00,0.00,0,False,"[{'fixture': 48, 'stats': [{'identifier': 'minutes', 'points': 0, 'value': 0, 'points_modification': 0}]}]",False
689,5,2025-26,0,0,0,0,0,0,0,0,0,0,0,0,0,0.0,0.0,0.0,0.0,0,0,0,0,0,0.00,0.00,0.00,0.00,0,False,"[{'fixture': 42, 'stats': [{'identifier': 'minutes', 'points': 0, 'value': 0, 'points_modification': 0}]}]",False
690,5,2025-26,0,0,0,0,0,0,0,0,0,0,0,0,0,0.0,0.0,0.0,0.0,0,0,0,0,0,0.00,0.00,0.00,0.00,0,False,"[{'fixture': 49, 'stats': [{'identifier': 'minutes', 'points': 0, 'value': 0, 'points_modification': 0}]}]",False
691,5,2025-26,90,1,1,0,1,0,0,0,0,0,0,2,38,35.4,19.4,21.0,7.6,1,2,1,4,1,0.12,0.02,0.14,1.77,11,True,"[{'fixture': 50, 'stats': [{'identifier': 'minutes', 'points': 2, 'value': 90, 'points_modification': 0}, {'identifier': 'goals_scored', 'points': 4, 'value': 1, 'points_modification': 0}, {'identifier': 'assists', 'points': 3, 'value': 1, 'points_modification': 0}, {'identifier': 'bonus', 'points': 2, 'value': 2, 'points_modification': 0}]}]",False
692,5,2025-26,0,0,0,0,0,0,0,0,0,0,0,0,0,0.0,0.0,0.0,0.0,0,0,0,0,0,0.00,0.00,0.00,0.00,0,False,"[{'fixture': 46, 'stats': [{'identifier': 'minutes', 'points': 0, 'value': 0, 'points_modification': 0}]}]",False
693,5,2025-26,0,0,0,0,0,0,0,0,0,0,0,0,0,0.0,0.0,0.0,0.0,0,0,0,0,0,0.00,0.00,0.00,0.00,0,False,"[{'fixture': 44, 'stats': [{'identifier': 'minutes', 'points': 0, 'value': 0, 'points_modification': 0}]}]",False
694,5,2025-26,90,0,0,0,1,0,0,0,0,0,0,0,15,36.0,30.6,12.0,7.9,13,3,3,16,1,0.07,0.18,0.25,0.71,4,False,"[{'fixture': 48, 'stats': [{'identifier': 'minutes', 'points': 2, 'value': 90, 'points_modification': 0}, {'identifier': 'defensive_contribution', 'points': 2, 'value': 16, 'points_modification': 0}]}]",False
695,5,2025-26,90,0,0,0,3,0,0,0,0,0,0,0,8,22.0,30.8,6.0,5.9,2,5,4,6,1,0.00,0.01,0.01,0.48,1,False,"[{'fixture': 50, 'stats': [{'identifier': 'minutes', 'points': 2, 'value': 90, 'points_modification': 0}, {'identifier': 'goals_conceded', 'points': -1, 'value': 3, 'points_modification': 0}]}]",False
696,5,2025-26,14,0,0,0,0,0,0,0,0,0,0,0,0,0.2,1.8,9.0,1.1,0,0,0,0,0,0.24,0.01,0.25,0.17,1,False,"[{'fixture': 44, 'stats': [{'identifier': 'minutes', 'points': 1, 'value': 14, 'points_modification': 0}]}]",False
697,5,2025-26,15,0,0,0,0,0,0,0,0,0,0,0,4,2.2,0.3,0.0,0.3,0,3,1,4,0,0.00,0.00,0.00,0.00,1,False,"[{'fixture': 42, 'stats': [{'identifier': 'minutes', 'points': 1, 'value': 15, 'points_modification': 0}]}]",False
698,5,2025-26,69,1,0,0,1,0,0,0,0,0,0,1,25,38.6,7.8,23.0,6.9,1,4,0,5,1,0.15,0.02,0.17,1.28,8,False,"[{'fixture': 50, 'stats': [{'identifier': 'minutes', 'points': 2, 'value': 69, 'points_modification': 0}, {'identifier': 'goals_scored', 'points': 5, 'value': 1, 'points_modification': 0}, {'identifier': 'bonus', 'points': 1, 'value': 1, 'points_modification': 0}]}]",False
699,5,2025-26,75,0,1,0,1,0,0,0,0,0,0,0,23,4.4,18.1,8.0,3.1,0,2,1,3,1,0.02,0.02,0.04,0.68,5,False,"[{'fixture': 44, 'stats': [{'identifier': 'minutes', 'points': 2, 'value': 75, 'points_modification': 0}, {'identifier': 'assists', 'points': 3, 'value': 1, 'points_modification': 0}]}]",False
700,5,2025-26,0,0,0,0,0,0,0,0,0,0,0,0,0,0.0,0.0,0.0,0.0,0,0,0,0,0,0.00,0.00,0.00,0.00,0,False,"[{'fixture': 41, 'stats': [{'identifier': 'minutes', 'points': 0, 'value': 0, 'points_modification': 0}]}]",False
701,5,2025-26,0,0,0,0,0,0,0,0,0,0,0,0,0,0.0,0.0,0.0,0.0,0,0,0,0,0,0.00,0.00,0.00,0.00,0,False,"[{'fixture': 48, 'stats': [{'identifier': 'minutes', 'points': 0, 'value': 0, 'points_modification': 0}]}]",False
702,5,2025-26,0,0,0,0,0,0,0,0,0,0,0,0,0,0.0,0.0,0.0,0.0,0,0,0,0,0,0.00,0.00,0.00,0.00,0,False,"[{'fixture': 48, 'stats': [{'identifier': 'minutes', 'points': 0, 'value': 0, 'points_modification': 0}]}]",False
703,5,2025-26,0,0,0,0,0,0,0,0,0,0,0,0,0,0.0,0.0,0.0,0.0,0,0,0,0,0,0.00,0.00,0.00,0.00,0,False,"[{'fixture': 48, 'stats': [{'identifier': 'minutes', 'points': 0, 'value': 0, 'points_modification': 0}]}]",False
704,5,2025-26,0,0,0,0,0,0,0,0,0,0,0,0,0,0.0,0.0,0.0,0.0,0,0,0,0,0,0.00,0.00,0.00,0.00,0,False,"[{'fixture': 46, 'stats': [{'identifier': 'minutes', 'points': 0, 'value': 0, 'points_modification': 0}]}]",False
705,5,2025-26,0,0,0,0,0,0,0,0,0,0,0,0,0,0.0,0.0,0.0,0.0,0,0,0,0,0,0.00,0.00,0.00,0.00,0,False,"[{'fixture': 46, 'stats': [{'identifier': 'minutes', 'points': 0, 'value': 0, 'points_modification': 0}]}]",False
706,5,2025-26,7,0,0,0,0,0,0,0,0,0,0,0,4,4.0,0.0,0.0,0.4,2,0,0,2,0,0.00,0.00,0.00,0.28,1,False,"[{'fixture': 50, 'stats': [{'identifier': 'minutes', 'points': 1, 'value': 7, 'points_modification': 0}]}]",False
707,5,2025-26,4,0,0,0,0,0,0,0,0,0,0,0,2,0.0,0.5,0.0,0.0,0,0,0,0,0,0.00,0.00,0.00,0.00,1,False,"[{'fixture': 46, 'stats': [{'identifier': 'minutes', 'points': 1, 'value': 4, 'points_modification': 0}]}]",False
708,5,2025-26,77,0,0,0,2,0,0,0,0,0,0,0,11,8.6,4.8,0.0,1.3,3,2,0,5,1,0.00,0.01,0.01,2.18,2,False,"[{'fixture': 49, 'stats': [{'identifier': 'minutes', 'points': 2, 'value': 77, 'points_modification': 0}]}]",False
709,5,2025-26,90,1,0,0,3,0,0,0,0,0,0,0,8,49.4,13.6,17.0,8.0,3,4,5,8,1,0.68,0.04,0.72,0.48,7,False,"[{'fixture': 50, 'stats': [{'identifier': 'minutes', 'points': 2, 'value': 90, 'points_modification': 0}, {'identifier': 'goals_scored', 'points': 6, 'value': 1, 'points_modification': 0}, {'identifier': 'goals_conceded', 'points': -1, 'value': 3, 'points_modification': 0}]}]",False
710,5,2025-26,0,0,0,0,0,0,0,0,0,0,0,0,0,0.0,0.0,0.0,0.0,0,0,0,0,0,0.00,0.00,0.00,0.00,0,False,"[{'fixture': 48, 'stats': [{'identifier': 'minutes', 'points': 0, 'value': 0, 'points_modification': 0}]}]",False
711,5,2025-26,0,0,0,0,0,0,0,0,0,0,0,0,0,0.0,0.0,0.0,0.0,0,0,0,0,0,0.00,0.00,0.00,0.00,0,False,"[{'fixture': 41, 'stats': [{'identifier': 'minutes', 'points': 0, 'value': 0, 'points_modification': 0}]}]",False
712,5,2025-26,45,0,0,0,0,0,0,0,0,0,0,0,6,5.2,14.2,11.0,3.0,1,0,1,2,1,0.10,0.27,0.37,0.22,1,False,"[{'fixture': 49, 'stats': [{'identifier': 'minutes', 'points': 1, 'value': 45, 'points_modification': 0}]}]",False
713,5,2025-26,45,0,0,0,0,0,0,0,1,0,0,0,2,2.2,1.8,9.0,1.3,1,2,2,3,1,0.05,0.01,0.06,0.14,0,False,"[{'fixture': 42, 'stats': [{'identifier': 'minutes', 'points': 1, 'value': 45, 'points_modification': 0}, {'identifier': 'yellow_cards', 'points': -1, 'value': 1, 'points_modification': 0}]}]",False
714,5,2025-26,83,0,0,1,0,0,0,0,0,0,0,0,1,0.8,4.9,8.0,1.4,1,1,0,2,1,0.00,0.02,0.02,0.43,2,False,"[{'fixture': 42, 'stats': [{'identifier': 'minutes', 'points': 2, 'value': 83, 'points_modification': 0}]}]",False
715,5,2025-26,0,0,0,0,0,0,0,0,0,0,0,0,0,0.0,0.0,0.0,0.0,0,0,0,0,0,0.00,0.00,0.00,0.00,0,False,"[{'fixture': 44, 'stats': [{'identifier': 'minutes', 'points': 0, 'value': 0, 'points_modification': 0}]}]",False
716,5,2025-26,0,0,0,0,0,0,0,0,0,0,0,0,0,0.0,0.0,0.0,0.0,0,0,0,0,0,0.00,0.00,0.00,0.00,0,False,"[{'fixture': 44, 'stats': [{'identifier': 'minutes', 'points': 0, 'value': 0, 'points_modification': 0}]}]",False
717,5,2025-26,29,0,0,0,0,0,0,0,0,0,0,0,4,3.2,12.3,24.0,4.0,0,1,0,1,0,0.25,0.06,0.31,0.42,1,False,"[{'fixture': 43, 'stats': [{'identifier': 'minutes', 'points': 1, 'value': 29, 'points_modification': 0}]}]",False
718,5,2025-26,12,0,0,0,0,0,0,0,0,0,0,0,2,0.0,0.4,0.0,0.0,0,1,0,1,0,0.00,0.00,0.00,0.14,1,False,"[{'fixture': 49, 'stats': [{'identifier': 'minutes', 'points': 1, 'value': 12, 'points_modification': 0}]}]",False
719,5,2025-26,0,0,0,0,0,0,0,0,0,0,0,0,0,0.0,0.0,0.0,0.0,0,0,0,0,0,0.00,0.00,0.00,0.00,0,False,"[{'fixture': 48, 'stats': [{'identifier': 'minutes', 'points': 0, 'value': 0, 'points_modification': 0}]}]",False
720,5,2025-26,90,0,0,0,3,0,0,0,0,0,0,0,8,5.0,13.0,47.0,6.5,1,2,1,4,1,0.22,0.03,0.25,0.48,2,False,"[{'fixture': 50, 'stats': [{'identifier': 'minutes', 'points': 2, 'value': 90, 'points_modification': 0}]}]",False
721,5,2025-26,0,0,0,0,0,0,0,0,0,0,0,0,0,0.0,0.0,0.0,0.0,0,0,0,0,0,0.00,0.00,0.00,0.00,0,False,"[{'fixture': 42, 'stats': [{'identifier': 'minutes', 'points': 0, 'value': 0, 'points_modification': 0}]}]",False
722,5,2025-26,90,0,0,0,1,0,0,0,1,0,0,0,19,25.6,23.5,0.0,4.9,7,7,4,18,1,0.00,0.01,0.01,1.10,3,False,"[{'fixture': 44, 'stats': [{'identifier': 'minutes', 'points': 2, 'value': 90, 'points_modification': 0}, {'identifier': 'yellow_cards', 'points': -1, 'value': 1, 'points_modification': 0}, {'identifier': 'defensive_contribution', 'points': 2, 'value': 18, 'points_modification': 0}]}]",False
723,5,2025-26,0,0,0,0,0,0,0,0,0,0,0,0,0,0.0,0.0,0.0,0.0,0,0,0,0,0,0.00,0.00,0.00,0.00,0,False,"[{'fixture': 49, 'stats': [{'identifier': 'minutes', 'points': 0, 'value': 0, 'points_modification': 0}]}]",False
724,5,2025-26,9,0,0,0,0,0,0,0,0,0,0,0,4,6.0,0.0,0.0,0.6,2,0,0,2,0,0.00,0.00,0.00,0.25,1,False,"[{'fixture': 48, 'stats': [{'identifier': 'minutes', 'points': 1, 'value': 9, 'points_modification': 0}]}]",False
725,5,2025-26,0,0,0,0,0,0,0,0,0,0,0,0,0,0.0,0.0,0.0,0.0,0,0,0,0,0,0.00,0.00,0.00,0.00,0,False,"[{'fixture': 41, 'stats': [{'identifier': 'minutes', 'points': 0, 'value': 0, 'points_modification': 0}]}]",False
726,5,2025-26,0,0,0,0,0,0,0,0,0,0,0,0,0,0.0,0.0,0.0,0.0,0,0,0,0,0,0.00,0.00,0.00,0.00,0,False,"[{'fixture': 43, 'stats': [{'identifier': 'minutes', 'points': 0, 'value': 0, 'points_modification': 0}]}]",False
727,5,2025-26,0,0,0,0,0,0,0,0,0,0,0,0,0,0.0,0.0,0.0,0.0,0,0,0,0,0,0.00,0.00,0.00,0.00,0,False,"[{'fixture': 45, 'stats': [{'identifier': 'minutes', 'points': 0, 'value': 0, 'points_modification': 0}]}]",False
728,5,2025-26,0,0,0,0,0,0,0,0,0,0,0,0,0,0.0,0.0,0.0,0.0,0,0,0,0,0,0.00,0.00,0.00,0.00,0,False,"[{'fixture': 46, 'stats': [{'identifier': 'minutes', 'points': 0, 'value': 0, 'points_modification': 0}]}]",False
729,5,2025-26,0,0,0,0,0,0,0,0,0,0,0,0,0,0.0,0.0,0.0,0.0,0,0,0,0,0,0.00,0.00,0.00,0.00,0,False,"[{'fixture': 44, 'stats': [{'identifier': 'minutes', 'points': 0, 'value': 0, 'points_modification': 0}]}]",False
730,5,2025-26,0,0,0,0,0,0,0,0,0,0,0,0,0,0.0,0.0,0.0,0.0,0,0,0,0,0,0.00,0.00,0.00,0.00,0,False,"[{'fixture': 48, 'stats': [{'identifier': 'minutes', 'points': 0, 'value': 0, 'points_modification': 0}]}]",False
731,5,2025-26,23,0,0,0,0,0,0,0,1,0,0,0,2,2.2,1.2,0.0,0.3,1,2,0,3,0,0.00,0.00,0.00,0.17,0,False,"[{'fixture': 45, 'stats': [{'identifier': 'minutes', 'points': 1, 'value': 23, 'points_modification': 0}, {'identifier': 'yellow_cards', 'points': -1, 'value': 1, 'points_modification': 0}]}]",False
732,5,2025-26,0,0,0,0,0,0,0,0,0,0,0,0,0,0.0,0.0,0.0,0.0,0,0,0,0,0,0.00,0.00,0.00,0.00,0,False,"[{'fixture': 49, 'stats': [{'identifier': 'minutes', 'points': 0, 'value': 0, 'points_modification': 0}]}]",False
733,5,2025-26,0,0,0,0,0,0,0,0,0,0,0,0,0,0.0,0.0,0.0,0.0,0,0,0,0,0,0.00,0.00,0.00,0.00,0,False,"[{'fixture': 47, 'stats': [{'identifier': 'minutes', 'points': 0, 'value': 0, 'points_modification': 0}]}]",False
734,5,2025-26,58,0,0,0,1,0,0,0,0,0,0,0,7,13.0,14.3,26.0,5.3,1,5,0,6,1,0.06,0.01,0.07,0.51,1,False,"[{'fixture': 44, 'stats': [{'identifier': 'minutes', 'points': 1, 'value': 58, 'points_modification': 0}]}]",False
735,5,2025-26,0,0,0,0,0,0,0,0,0,0,0,0,0,0.0,0.0,0.0,0.0,0,0,0,0,0,0.00,0.00,0.00,0.00,0,False,"[{'fixture': 48, 'stats': [{'identifier': 'minutes', 'points': 0, 'value': 0, 'points_modification': 0}]}]",False
736,5,2025-26,90,0,0,0,1,0,0,0,1,0,2,0,7,15.6,0.0,0.0,1.6,4,4,0,0,1,0.00,0.00,0.00,0.96,1,False,"[{'fixture': 41, 'stats': [{'identifier': 'minutes', 'points': 2, 'value': 90, 'points_modification': 0}, {'identifier': 'yellow_cards', 'points': -1, 'value': 1, 'points_modification': 0}]}]",False
737,5,2025-26,0,0,0,0,0,0,0,0,0,0,0,0,0,0.0,0.0,0.0,0.0,0,0,0,0,0,0.00,0.00,0.00,0.00,0,False,"[{'fixture': 45, 'stats': [{'identifier': 'minutes', 'points': 0, 'value': 0, 'points_modification': 0}]}]",False
738,5,2025-26,0,0,0,0,0,0,0,0,0,0,0,0,0,0.0,0.0,0.0,0.0,0,0,0,0,0,0.00,0.00,0.00,0.00,0,False,"[{'fixture': 49, 'stats': [{'identifier': 'minutes', 'points': 0, 'value': 0, 'points_modification': 0}]}]",False
739,5,2025-26,0,0,0,0,0,0,0,0,0,0,0,0,0,0.0,0.0,0.0,0.0,0,0,0,0,0,0.00,0.00,0.00,0.00,0,False,"[{'fixture': 41, 'stats': [{'identifier': 'minutes', 'points': 0, 'value': 0, 'points_modification': 0}]}]",False
740,5,2025-26,0,0,0,0,0,0,0,0,0,0,0,0,0,0.0,0.0,0.0,0.0,0,0,0,0,0,0.00,0.00,0.00,0.00,0,False,"[{'fixture': 41, 'stats': [{'identifier': 'minutes', 'points': 0, 'value': 0, 'points_modification': 0}]}]",False
741,5,2025-26,0,0,0,0,0,0,0,0,0,0,0,0,0,0.0,0.0,0.0,0.0,0,0,0,0,0,0.00,0.00,0.00,0.00,0,False,"[{'fixture': 50, 'stats': [{'identifier': 'minutes', 'points': 0, 'value': 0, 'points_modification': 0}]}]",False
