element,gameweek,season,minutes,goals_scored,assists,clean_sheets,goals_conceded,own_goals,penalties_saved,penalties_missed,yellow_cards,red_cards,saves,bonus,bps,influence,creativity,threat,ict_index,clearances_blocks_interceptions,recoveries,tackles,defensive_contribution,starts,expected_goals,expected_assists,expected_goal_involvements,expected_goals_conceded,total_points,in_dreamteam,explain,modified,web_name,element_type,team,now_cost,name,position,xP
1,5,2025-26,90,0,0,0,1,0,0,0,0,0,2,0,13,21.4,0.0,0.0,2.1,1,6,0,0,1,0.0,0.01,0.01,0.89,2,False,"[{'fixture': 41, 'stats': [{'identifier': 'minutes', 'points': 2, 'value': 90, 'points_modification': 0}]}]",False,Raya,1,1,56,Raya,GK,2
2,5,2025-26,0,0,0,0,0,0,0,0,0,0,0,0,0,0.0,0.0,0.0,0.0,0,0,0,0,0,0.0,0.0,0.0,0.0,0,False,"[{'fixture': 41, 'stats': [{'identifier': 'minutes', 'points': 0, 'value': 0, 'points_modification': 0}]}]",False,Arrizabalaga,1,1,43,Arrizabalaga,GK,0
3,5,2025-26,0,0,0,0,0,0,0,0,0,0,0,0,0,0.0,0.0,0.0,0.0,0,0,0,0,0,0.0,0.0,0.0,0.0,0,False,"[{'fixture': 41, 'stats': [{'identifier': 'minutes', 'points': 0, 'value': 0, 'points_modification': 0}]}]",False,Hein,1,1,40,Hein,GK,0
4,5,2025-26,0,0,0,0,0,0,0,0,0,0,0,0,0,0.0,0.0,0.0,0.0,0,0,0,0,0,0.0,0.0,0.0,0.0,0,False,"[{'fixture': 41, 'stats': [{'identifier': 'minutes', 'points': 0, 'value': 0, 'points_modification': 0}]}]",False,Setford,1,1,40,Setford,GK,0
5,5,2025-26,90,0,0,0,1,0,0,0,0,0,0,0,13,19.6,2.3,0.0,2.2,7,1,1,8,1,0.0,0.01,0.01,0.89,2,False,"[{'fixture': 41, 'stats': [{'identifier': 'minutes', 'points': 2, 'value': 90, 'points_modification': 0}]}]",False,Gabriel,2,1,61,Gabriel,DEF,2
6,5,2025-26,90,0,0,0,1,0,0,0,0,0,0,0,15,22.0,3.0,4.0,2.9,5,8,4,9,1,0.13,0.02,0.15,0.89,2,False,"[{'fixture': 41, 'stats': [{'identifier': 'minutes', 'points': 2, 'value': 90, 'points_modification': 0}]}]",False,Saliba,2,1,60,Saliba,DEF,2
7,5,2025-26,90,0,0,0,1,0,0,0,0,0,0,0,7,3.6,6.2,19.0,2.9,2,6,3,5,1,0.14,0.05,0.19,0.89,2,False,"[{'fixture': 41, 'stats': [{'identifier': 'minutes', 'points': 2, 'value': 90, 'points_modification': 0}]}]",False,Calafiori,2,1,57,Calafiori,DEF,2
8,5,2025-26,79,0,0,0,1,0,0,0,1,0,0,0,16,17.0,13.9,8.0,3.9,1,3,7,8,1,0.0,0.05,0.05,0.65,1,False,"[{'fixture': 41, 'stats': [{'identifier': 'minutes', 'points': 2, 'value': 79, 'points_modification': 0}, {'identifier': 'yellow_cards', 'points': -1, 'value': 1, 'points_modification': 0}]}]",False,J.Timber,2,1,58,J.Timber,DEF,1
9,5,2025-26,0,0,0,0,0,0,0,0,0,0,0,0,0,0.0,0.0,0.0,0.0,0,0,0,0,0,0.0,0.0,0.0,0.0,0,False,"[{'fixture': 41, 'stats': [{'identifier': 'minutes', 'points': 0, 'value': 0, 'points_modification': 0}]}]",False,Kiwior,2,1,54,Kiwior,DEF,0
10,5,2025-26,0,0,0,0,0,0,0,0,0,0,0,0,0,0.0,0.0,0.0,0.0,0,0,0,0,0,0.0,0.0,0.0,0.0,0,False,"[{'fixture': 41, 'stats': [{'identifier': 'minutes', 'points': 0, 'value': 0, 'points_modification': 0}]}]",False,Lewis-Skelly,2,1,53,Lewis-Skelly,DEF,0
11,5,2025-26,0,0,0,0,0,0,0,0,0,0,0,0,0,0.0,0.0,0.0,0.0,0,0,0,0,0,0.0,0.0,0.0,0.0,0,False,"[{'fixture': 41, 'stats': [{'identifier': 'minutes', 'points': 0, 'value': 0, 'points_modification': 0}]}]",False,White,2,1,54,White,DEF,0
12,5,2025-26,90,0,0,0,1,0,0,0,0,0,0,0,19,29.6,18.0,15.0,6.3,6,6,3,9,1,0.04,0.07,0.11,0.85,2,False,"[{'fixture': 44, 'stats': [{'identifier': 'minutes', 'points': 2, 'value': 90, 'points_modification': 0}]}]",False,Zinchenko,2,16,49,Zinchenko,DEF,2
13,5,2025-26,0,0,0,0,0,0,0,0,0,0,0,0,0,0.0,0.0,0.0,0.0,0,0,0,0,0,0.0,0.0,0.0,0.0,0,False,"[{'fixture': 41, 'stats': [{'identifier': 'minutes', 'points': 0, 'value': 0, 'points_modification': 0}]}]",False,Clarke,2,1,40,Clarke,DEF,0
14,5,2025-26,0,0,0,0,0,0,0,0,0,0,0,0,0,0.0,0.0,0.0,0.0,0,0,0,0,0,0.0,0.0,0.0,0.0,0,False,"[{'fixture': 41, 'stats': [{'identifier': 'minutes', 'points': 0, 'value': 0, 'points_modification': 0}]}]",False,Kacurri,2,1,39,Kacurri,DEF,0
15,5,2025-26,0,0,0,0,0,0,0,0,0,0,0,0,0,0.0,0.0,0.0,0.0,0,0,0,0,0,0.0,0.0,0.0,0.0,0,False,"[{'fixture': 41, 'stats': [{'identifier': 'minutes', 'points': 0, 'value': 0, 'points_modification': 0}]}]",False,Nichols,2,1,39,Nichols,DEF,0
16,5,2025-26,45,0,0,0,0,0,0,0,0,0,0,0,7,5.6,32.3,7.0,4.5,0,3,0,3,0,0.04,0.21,0.25,0.34,1,False,"[{'fixture': 41, 'stats': [{'identifier': 'minutes', 'points': 1, 'value': 45, 'points_modification': 0}]}]",False,Saka,3,1,98,Saka,MID,1
17,5,2025-26,0,0,0,0,0,0,0,0,0,0,0,0,0,0.0,0.0,0.0,0.0,0,0,0,0,0,0.0,0.0,0.0,0.0,0,False,"[{'fixture': 41, 'stats': [{'identifier': 'minutes', 'points': 0, 'value': 0, 'points_modification': 0}]}]",False,Ødegaard,3,1,79,Ødegaard,MID,0
18,5,2025-26,45,0,0,0,1,0,0,0,0,0,0,0,-2,0.4,1.7,29.0,3.1,0,2,0,2,1,0.15,0.01,0.16,0.55,1,False,"[{'fixture': 41, 'stats': [{'identifier': 'minutes', 'points': 1, 'value': 45, 'points_modification': 0}]}]",False,Madueke,3,1,70,Madueke,MID,1
19,5,2025-26,10,1,0,0,0,0,0,0,0,0,0,1,22,33.0,0.3,17.0,5.0,0,0,0,0,0,0.16,0.0,0.16,0.25,7,False,"[{'fixture': 41, 'stats': [{'identifier': 'minutes', 'points': 1, 'value': 10, 'points_modification': 0}, {'identifier': 'goals_scored', 'points': 5, 'value': 1, 'points_modification': 0}, {'identifier': 'bonus', 'points': 1, 'value': 1, 'points_modification': 0}]}]",False,Martinelli,3,1,69,Martinelli,MID,7
20,5,2025-26,83,0,0,0,1,0,0,0,0,0,0,0,13,7.6,4.3,17.0,2.9,2,1,1,4,1,0.14,0.07,0.21,0.89,2,False,"[{'fixture': 41, 'stats': [{'identifier': 'minutes', 'points': 2, 'value': 83, 'points_modification': 0}]}]",False,Trossard,3,1,69,Trossard,MID,2
21,5,2025-26,90,0,0,0,1,0,0,0,0,0,0,1,22,18.8,37.0,0.0,5.6,1,6,2,9,1,0.0,0.16,0.16,0.89,3,False,"[{'fixture': 41, 'stats': [{'identifier': 'minutes', 'points': 2, 'value': 90, 'points_modification': 0}, {'identifier': 'bonus', 'points': 1, 'value': 1, 'points_modification': 0}]}]",False,Rice,3,1,65,Rice,MID,3
22,5,2025-26,45,0,0,0,1,0,0,0,0,0,0,0,6,8.8,17.3,0.0,2.6,2,4,1,7,1,0.0,0.03,0.03,0.55,1,False,"[{'fixture': 41, 'stats': [{'identifier': 'minutes', 'points': 1, 'value': 45, 'points_modification': 0}]}]",False,Merino,3,1,59,Merino,MID,1
23,5,2025-26,0,0,0,0,0,0,0,0,0,0,0,0,0,0.0,0.0,0.0,0.0,0,0,0,0,0,0.0,0.0,0.0,0.0,0,False,"[{'fixture': 41, 'stats': [{'identifier': 'minutes', 'points': 0, 'value': 0, 'points_modification': 0}]}]",False,Fábio Vieira,3,1,54,Fábio Vieira,MID,0
24,5,2025-26,0,0,0,0,0,0,0,0,0,0,0,0,0,0.0,0.0,0.0,0.0,0,0,0,0,0,0.0,0.0,0.0,0.0,0,False,"[{'fixture': 41, 'stats': [{'identifier': 'minutes', 'points': 0, 'value': 0, 'points_modification': 0}]}]",False,Nørgaard,3,1,53,Nørgaard,MID,0
25,5,2025-26,6,0,0,0,0,0,0,0,0,0,0,0,3,0.2,0.4,0.0,0.1,0,1,0,1,0,0.0,0.0,0.0,0.0,1,False,"[{'fixture': 41, 'stats': [{'identifier': 'minutes', 'points': 1, 'value': 6, 'points_modification': 0}]}]",False,Nwaneri,3,1,53,Nwaneri,MID,1
26,5,2025-26,90,0,0,0,1,0,0,0,0,0,0,0,13,8.6,19.0,12.0,4.0,2,3,0,5,1,0.05,0.04,0.09,0.89,2,False,"[{'fixture': 41, 'stats': [{'identifier': 'minutes', 'points': 2, 'value': 90, 'points_modification': 0}]}]",False,Zubimendi,3,1,55,Zubimendi,MID,2
27,5,2025-26,0,0,0,0,0,0,0,0,0,0,0,0,0,0.0,0.0,0.0,0.0,0,0,0,0,0,0.0,0.0,0.0,0.0,0,False,"[{'fixture': 45, 'stats': [{'identifier': 'minutes', 'points': 0, 'value': 0, 'points_modification': 0}]}]",False,Nelson,3,5,49,Nelson,MID,0
28,5,2025-26,0,0,0,0,0,0,0,0,0,0,0,0,0,0.0,0.0,0.0,0.0,0,0,0,0,0,0.0,0.0,0.0,0.0,0,False,"[{'fixture': 41, 'stats': [{'identifier': 'minutes', 'points': 0, 'value': 0, 'points_modification': 0}]}]",False,Kabia,3,1,45,Kabia,MID,0
29,5,2025-26,0,0,0,0,0,0,0,0,0,0,0,0,0,0.0,0.0,0.0,0.0,0,0,0,0,0,0.0,0.0,0.0,0.0,0,False,"[{'fixture': 41, 'stats': [{'identifier': 'minutes', 'points': 0, 'value': 0, 'points_modification': 0}]}]",False,Sambi,3,1,45,Sambi,MID,0
30,5,2025-26,0,0,0,0,0,0,0,0,0,0,0,0,0,0.0,0.0,0.0,0.0,0,0,0,0,0,0.0,0.0,0.0,0.0,0,False,"[{'fixture': 41, 'stats': [{'identifier': 'minutes', 'points': 0, 'value': 0, 'points_modification': 0}]}]",False,Havertz,4,1,73,Havertz,FWD,0
31,5,2025-26,0,0,0,0,0,0,0,0,0,0,0,0,0,0.0,0.0,0.0,0.0,0,0,0,0,0,0.0,0.0,0.0,0.0,0,False,"[{'fixture': 41, 'stats': [{'identifier': 'minutes', 'points': 0, 'value': 0, 'points_modification': 0}]}]",False,G.Jesus,4,1,64,G.Jesus,FWD,0
32,5,2025-26,90,0,0,0,1,0,0,0,0,0,3,0,12,18.8,0.0,0.0,1.9,1,7,0,0,1,0.0,0.0,0.0,1.05,3,False,"[{'fixture': 48, 'stats': [{'identifier': 'minutes', 'points': 2, 'value': 90, 'points_modification': 0}, {'identifier': 'saves', 'points': 1, 'value': 3, 'points_modification': 0}]}]",False,Martinez,1,2,50,Martinez,GK,3
33,5,2025-26,0,0,0,0,0,0,0,0,0,0,0,0,0,0.0,0.0,0.0,0.0,0,0,0,0,0,0.0,0.0,0.0,0.0,0,False,"[{'fixture': 48, 'stats': [{'identifier': 'minutes', 'points': 0, 'value': 0, 'points_modification': 0}]}]",False,M.Bizot,1,2,45,M.Bizot,GK,0
34,5,2025-26,0,0,0,0,0,0,0,0,0,0,0,0,0,0.0,0.0,0.0,0.0,0,0,0,0,0,0.0,0.0,0.0,0.0,0,False,"[{'fixture': 48, 'stats': [{'identifier': 'minutes', 'points': 0, 'value': 0, 'points_modification': 0}]}]",False,Gauci,1,2,40,Gauci,GK,0
35,5,2025-26,0,0,0,0,0,0,0,0,0,0,0,0,0,0.0,0.0,0.0,0.0,0,0,0,0,0,0.0,0.0,0.0,0.0,0,False,"[{'fixture': 48, 'stats': [{'identifier': 'minutes', 'points': 0, 'value': 0, 'points_modification': 0}]}]",False,Marschall,1,2,40,Marschall,GK,0
36,5,2025-26,90,1,0,0,1,0,0,0,0,0,0,2,29,44.4,7.2,11.0,6.3,3,3,2,5,1,0.05,0.05,0.1,1.05,10,True,"[{'fixture': 48, 'stats': [{'identifier': 'minutes', 'points': 2, 'value': 90, 'points_modification': 0}, {'identifier': 'goals_scored', 'points': 6, 'value': 1, 'points_modification': 0}, {'identifier': 'bonus', 'points': 2, 'value': 2, 'points_modification': 0}]}]",False,Cash,2,2,46,Cash,DEF,10
37,5,2025-26,57,0,0,0,0,0,0,0,0,0,0,0,6,1.2,3.8,2.0,0.7,0,2,0,0,1,0.0,0.04,0.04,0.37,1,False,"[{'fixture': 48, 'stats': [{'identifier': 'minutes', 'points': 1, 'value': 57, 'points_modification': 0}]}]",False,Digne,2,2,45,Digne,DEF,1
38,5,2025-26,90,0,0,0,1,0,0,0,0,0,0,0,10,26.2,3.0,0.0,2.9,5,4,1,6,1,0.0,0.02,0.02,1.05,2,False,"[{'fixture': 48, 'stats': [{'identifier': 'minutes', 'points': 2, 'value': 90, 'points_modification': 0}]}]",False,Konsa,2,2,45,Konsa,DEF,2
39,5,2025-26,32,0,0,0,1,0,0,0,1,0,0,0,-2,5.0,3.5,6.0,1.5,2,3,0,2,0,0.0,0.02,0.02,0.68,0,False,"[{'fixture': 48, 'stats': [{'identifier': 'minutes', 'points': 1, 'value': 32, 'points_modification': 0}, {'identifier': 'yellow_cards', 'points': -1, 'value': 1, 'points_modification': 0}]}]",False,Maatsen,2,2,44,Maatsen,DEF,0
40,5,2025-26,90,0,0,0,1,0,0,0,0,0,0,0,16,34.4,24.4,2.0,6.1,12,2,0,12,1,0.0,0.03,0.03,1.05,4,False,"[{'fixture': 48, 'stats': [{'identifier': 'minutes', 'points': 2, 'value': 90, 'points_modification': 0}, {'identifier': 'defensive_contribution', 'points': 2, 'value': 12, 'points_modification': 0}]}]",False,Mings,2,2,45,Mings,DEF,4
41,5,2025-26,0,0,0,0,0,0,0,0,0,0,0,0,0,0.0,0.0,0.0,0.0,0,0,0,0,0,0.0,0.0,0.0,0.0,0,False,"[{'fixture': 48, 'stats': [{'identifier': 'minutes', 'points': 0, 'value': 0, 'points_modification': 0}]}]",False,Pau,2,2,44,Pau,DEF,0
42,5,2025-26,0,0,0,0,0,0,0,0,0,0,0,0,0,0.0,0.0,0.0,0.0,0,0,0,0,0,0.0,0.0,0.0,0.0,0,False,"[{'fixture': 48, 'stats': [{'identifier': 'minutes', 'points': 0, 'value': 0, 'points_modification': 0}]}]",False,A.García,2,2,39,A.García,DEF,0
43,5,2025-26,0,0,0,0,0,0,0,0,0,0,0,0,0,0.0,0.0,0.0,0.0,0,0,0,0,0,0.0,0.0,0.0,0.0,0,False,"[{'fixture': 48, 'stats': [{'identifier': 'minutes', 'points': 0, 'value': 0, 'points_modification': 0}]}]",False,Alex Moreno,2,2,40,Alex Moreno,DEF,0
44,5,2025-26,8,0,0,0,0,0,0,0,0,0,0,0,2,0.0,1.3,4.0,0.5,0,2,0,0,0,0.0,0.0,0.0,0.0,1,False,"[{'fixture': 48, 'stats': [{'identifier': 'minutes', 'points': 1, 'value': 8, 'points_modification': 0}]}]",False,Bogarde,2,2,40,Bogarde,DEF,1
45,5,2025-26,0,0,0,0,0,0,0,0,0,0,0,0,0,0.0,0.0,0.0,0.0,0,0,0,0,0,0.0,0.0,0.0,0.0,0,False,"[{'fixture': 48, 'stats': [{'identifier': 'minutes', 'points': 0, 'value': 0, 'points_modification': 0}]}]",False,Sousa,2,2,40,Sousa,DEF,0
46,5,2025-26,0,0,0,0,0,0,0,0,0,0,0,0,0,0.0,0.0,0.0,0.0,0,0,0,0,0,0.0,0.0,0.0,0.0,0,False,"[{'fixture': 48, 'stats': [{'identifier': 'minutes', 'points': 0, 'value': 0, 'points_modification': 0}]}]",False,Yasin,2,2,40,Yasin,DEF,0
47,5,2025-26,81,0,0,0,1,0,0,0,0,0,0,0,5,5.2,23.8,10.0,3.9,1,1,0,2,1,0.0,0.27,0.27,1.05,2,False,"[{'fixture': 48, 'stats': [{'identifier': 'minutes', 'points': 2, 'value': 81, 'points_modification': 0}]}]",False,Rogers,3,2,69,Rogers,MID,2
48,5,2025-26,0,0,0,0,0,0,0,0,0,0,0,0,0,0.0,0.0,0.0,0.0,0,0,0,0,0,0.0,0.0,0.0,0.0,0,False,"[{'fixture': 48, 'stats': [{'identifier': 'minutes', 'points': 0, 'value': 0, 'points_modification': 0}]}]",False,Tielemans,3,2,59,Tielemans,MID,0
49,5,2025-26,0,0,0,0,0,0,0,0,0,0,0,0,0,0.0,0.0,0.0,0.0,0,0,0,0,0,0.0,0.0,0.0,0.0,0,False,"[{'fixture': 48, 'stats': [{'identifier': 'minutes', 'points': 0, 'value': 0, 'points_modification': 0}]}]",False,Bailey,3,2,55,Bailey,MID,0
50,5,2025-26,57,0,0,0,0,0,0,0,0,0,0,0,0,2.6,3.5,12.0,1.8,2,3,2,7,1,0.06,0.06,0.12,0.37,1,False,"[{'fixture': 48, 'stats': [{'identifier': 'minutes', 'points': 1, 'value': 57, 'points_modification': 0}]}]",False,Buendía,3,2,53,Buendía,MID,1
51,5,2025-26,0,0,0,0,0,0,0,0,0,0,0,0,0,0.0,0.0,0.0,0.0,0,0,0,0,0,0.0,0.0,0.0,0.0,0,False,"[{'fixture': 48, 'stats': [{'identifier': 'minutes', 'points': 0, 'value': 0, 'points_modification': 0}]}]",False,Iling Jr,3,2,55,Iling Jr,MID,0
52,5,2025-26,0,0,0,0,0,0,0,0,0,0,0,0,0,0.0,0.0,0.0,0.0,0,0,0,0,0,0.0,0.0,0.0,0.0,0,False,"[{'fixture': 42, 'stats': [{'identifier': 'minutes', 'points': 0, 'value': 0, 'points_modification': 0}]}]",False,J.Ramsey,3,15,53,J.Ramsey,MID,0
53,5,2025-26,17,0,0,0,1,0,0,0,0,0,0,0,4,2.2,12.8,14.0,2.9,0,0,1,1,0,0.1,0.05,0.15,0.27,1,False,"[{'fixture': 48, 'stats': [{'identifier': 'minutes', 'points': 1, 'value': 17, 'points_modification': 0}]}]",False,Malen,3,2,52,Malen,MID,1
54,5,2025-26,90,0,0,0,1,0,0,0,0,0,0,0,15,11.8,19.4,3.0,3.4,1,3,1,5,1,0.06,0.08,0.14,1.05,2,False,"[{'fixture': 48, 'stats': [{'identifier': 'minutes', 'points': 2, 'value': 90, 'points_modification': 0}]}]",False,McGinn,3,2,54,McGinn,MID,2
55,5,2025-26,0,0,0,0,0,0,0,0,0,0,0,0,0,0.0,0.0,0.0,0.0,0,0,0,0,0,0.0,0.0,0.0,0.0,0,False,"[{'fixture': 48, 'stats': [{'identifier': 'minutes', 'points': 0, 'value': 0, 'points_modification': 0}]}]",False,Barkley,3,2,48,Barkley,MID,0
56,5,2025-26,0,0,0,0,0,0,0,0,0,0,0,0,0,0.0,0.0,0.0,0.0,0,0,0,0,0,0.0,0.0,0.0,0.0,0,False,"[{'fixture': 48, 'stats': [{'identifier': 'minutes', 'points': 0, 'value': 0, 'points_modification': 0}]}]",False,Barrenechea,3,2,50,Barrenechea,MID,0
57,5,2025-26,0,0,0,0,0,0,0,0,0,0,0,0,0,0.0,0.0,0.0,0.0,0,0,0,0,0,0.0,0.0,0.0,0.0,0,False,"[{'fixture': 48, 'stats': [{'identifier': 'minutes', 'points': 0, 'value': 0, 'points_modification': 0}]}]",False,Dobbin,3,2,50,Dobbin,MID,0
58,5,2025-26,81,0,1,0,1,0,0,0,0,0,0,1,28,38.2,29.0,0.0,6.7,4,2,2,8,1,0.0,0.08,0.08,1.05,6,False,"[{'fixture': 48, 'stats': [{'identifier': 'minutes', 'points': 2, 'value': 81, 'points_modification': 0}, {'identifier': 'assists', 'points': 3, 'value': 1, 'points_modification': 0}, {'identifier': 'bonus', 'points': 1, 'value': 1, 'points_modification': 0}]}]",False,Kamara,3,2,49,Kamara,MID,6
59,5,2025-26,0,0,0,0,0,0,0,0,0,0,0,0,0,0.0,0.0,0.0,0.0,0,0,0,0,0,0.0,0.0,0.0,0.0,0,False,"[{'fixture': 48, 'stats': [{'identifier': 'minutes', 'points': 0, 'value': 0, 'points_modification': 0}]}]",False,Onana,3,2,49,Onana,MID,0
60,5,2025-26,0,0,0,0,0,0,0,0,0,0,0,0,0,0.0,0.0,0.0,0.0,0,0,0,0,0,0.0,0.0,0.0,0.0,0,False,"[{'fixture': 48, 'stats': [{'identifier': 'minutes', 'points': 0, 'value': 0, 'points_modification': 0}]}]",False,Broggio,3,2,45,Broggio,MID,0
61,5,2025-26,0,0,0,0,0,0,0,0,0,0,0,0,0,0.0,0.0,0.0,0.0,0,0,0,0,0,0.0,0.0,0.0,0.0,0,False,"[{'fixture': 48, 'stats': [{'identifier': 'minutes', 'points': 0, 'value': 0, 'points_modification': 0}]}]",False,Dendoncker,3,2,45,Dendoncker,MID,0
62,5,2025-26,0,0,0,0,0,0,0,0,0,0,0,0,0,0.0,0.0,0.0,0.0,0,0,0,0,0,0.0,0.0,0.0,0.0,0,False,"[{'fixture': 48, 'stats': [{'identifier': 'minutes', 'points': 0, 'value': 0, 'points_modification': 0}]}]",False,Jimoh-Aloba,3,2,45,Jimoh-Aloba,MID,0
63,5,2025-26,0,0,0,0,0,0,0,0,0,0,0,0,0,0.0,0.0,0.0,0.0,0,0,0,0,0,0.0,0.0,0.0,0.0,0,False,"[{'fixture': 48, 'stats': [{'identifier': 'minutes', 'points': 0, 'value': 0, 'points_modification': 0}]}]",False,Young,3,2,44,Young,MID,0
64,5,2025-26,90,0,0,0,1,0,0,0,0,0,0,0,4,1.2,0.8,6.0,0.8,0,1,1,2,1,0.0,0.0,0.0,1.05,2,False,"[{'fixture': 48, 'stats': [{'identifier': 'minutes', 'points': 2, 'value': 90, 'points_modification': 0}]}]",False,Watkins,4,2,87,Watkins,FWD,2
65,5,2025-26,0,0,0,0,0,0,0,0,0,0,0,0,0,0.0,0.0,0.0,0.0,0,0,0,0,0,0.0,0.0,0.0,0.0,0,False,"[{'fixture': 48, 'stats': [{'identifier': 'minutes', 'points': 0, 'value': 0, 'points_modification': 0}]}]",False,Redmond,4,2,45,Redmond,FWD,0
66,5,2025-26,0,0,0,0,0,0,0,0,0,0,0,0,0,0.0,0.0,0.0,0.0,0,0,0,0,0,0.0,0.0,0.0,0.0,0,False,"[{'fixture': 42, 'stats': [{'identifier': 'minutes', 'points': 0, 'value': 0, 'points_modification': 0}]}]",False,Neto,1,4,45,Neto,GK,0
67,5,2025-26,90,0,0,1,0,0,0,0,0,0,1,0,22,9.8,0.0,0.0,1.0,1,5,0,0,1,0.0,0.0,0.0,0.14,6,False,"[{'fixture': 42, 'stats': [{'identifier': 'minutes', 'points': 2, 'value': 90, 'points_modification': 0}, {'identifier': 'clean_sheets', 'points': 4, 'value': 1, 'points_modification': 0}]}]",False,Petrović,1,4,45,Petrović,GK,6
68,5,2025-26,0,0,0,0,0,0,0,0,0,0,0,0,0,0.0,0.0,0.0,0.0,0,0,0,0,0,0.0,0.0,0.0,0.0,0,False,"[{'fixture': 42, 'stats': [{'identifier': 'minutes', 'points': 0, 'value': 0, 'points_modification': 0}]}]",False,Dennis,1,4,40,Dennis,GK,0
69,5,2025-26,0,0,0,0,0,0,0,0,0,0,0,0,0,0.0,0.0,0.0,0.0,0,0,0,0,0,0.0,0.0,0.0,0.0,0,False,"[{'fixture': 42, 'stats': [{'identifier': 'minutes', 'points': 0, 'value': 0, 'points_modification': 0}]}]",False,McKenna,1,4,40,McKenna,GK,0
70,5,2025-26,0,0,0,0,0,0,0,0,0,0,0,0,0,0.0,0.0,0.0,0.0,0,0,0,0,0,0.0,0.0,0.0,0.0,0,False,"[{'fixture': 42, 'stats': [{'identifier': 'minutes', 'points': 0, 'value': 0, 'points_modification': 0}]}]",False,Paulsen,1,4,40,Paulsen,GK,0
71,5,2025-26,0,0,0,0,0,0,0,0,0,0,0,0,0,0.0,0.0,0.0,0.0,0,0,0,0,0,0.0,0.0,0.0,0.0,0,False,"[{'fixture': 42, 'stats': [{'identifier': 'minutes', 'points': 0, 'value': 0, 'points_modification': 0}]}]",False,Zabarnyi,2,4,50,Zabarnyi,DEF,0
72,5,2025-26,90,0,0,1,0,0,0,0,0,0,0,1,27,25.8,11.9,2.0,4.0,11,3,0,11,1,0.0,0.03,0.03,0.14,9,False,"[{'fixture': 42, 'stats': [{'identifier': 'minutes', 'points': 2, 'value': 90, 'points_modification': 0}, {'identifier': 'clean_sheets', 'points': 4, 'value': 1, 'points_modification': 0}, {'identifier': 'bonus', 'points': 1, 'value': 1, 'points_modification': 0}, {'identifier': 'defensive_contribution', 'points': 2, 'value': 11, 'points_modification': 0}]}]",False,Senesi,2,4,48,Senesi,DEF,9
73,5,2025-26,0,0,0,0,0,0,0,0,0,0,0,0,0,0.0,0.0,0.0,0.0,0,0,0,0,0,0.0,0.0,0.0,0.0,0,False,"[{'fixture': 42, 'stats': [{'identifier': 'minutes', 'points': 0, 'value': 0, 'points_modification': 0}]}]",False,Smith,2,4,44,Smith,DEF,0
74,5,2025-26,90,0,0,1,0,0,0,0,0,0,0,3,29,11.4,4.9,2.0,1.8,5,10,0,5,1,0.0,0.01,0.01,0.14,9,False,"[{'fixture': 42, 'stats': [{'identifier': 'minutes', 'points': 2, 'value': 90, 'points_modification': 0}, {'identifier': 'clean_sheets', 'points': 4, 'value': 1, 'points_modification': 0}, {'identifier': 'bonus', 'points': 3, 'value': 3, 'points_modification': 0}]}]",False,Truffert,2,4,45,Truffert,DEF,9
75,5,2025-26,0,0,0,0,0,0,0,0,0,0,0,0,0,0.0,0.0,0.0,0.0,0,0,0,0,0,0.0,0.0,0.0,0.0,0,False,"[{'fixture': 42, 'stats': [{'identifier': 'minutes', 'points': 0, 'value': 0, 'points_modification': 0}]}]",False,Akinmboni,2,4,40,Akinmboni,DEF,0
76,5,2025-26,0,0,0,0,0,0,0,0,0,0,0,0,0,0.0,0.0,0.0,0.0,0,0,0,0,0,0.0,0.0,0.0,0.0,0,False,"[{'fixture': 42, 'stats': [{'identifier': 'minutes', 'points': 0, 'value': 0, 'points_modification': 0}]}]",False,Bevan,2,4,40,Bevan,DEF,0
77,5,2025-26,45,0,0,0,0,0,0,0,0,0,0,0,4,5.0,0.7,4.0,1.0,4,0,0,4,0,0.0,0.0,0.0,0.0,1,False,"[{'fixture': 42, 'stats': [{'identifier': 'minutes', 'points': 1, 'value': 45, 'points_modification': 0}]}]",False,Hill,2,4,40,Hill,DEF,1
78,5,2025-26,0,0,0,0,0,0,0,0,0,0,0,0,0,0.0,0.0,0.0,0.0,0,0,0,0,0,0.0,0.0,0.0,0.0,0,False,"[{'fixture': 42, 'stats': [{'identifier': 'minutes', 'points': 0, 'value': 0, 'points_modification': 0}]}]",False,J.Araujo,2,4,40,J.Araujo,DEF,0
79,5,2025-26,0,0,0,0,0,0,0,0,0,0,0,0,0,0.0,0.0,0.0,0.0,0,0,0,0,0,0.0,0.0,0.0,0.0,0,False,"[{'fixture': 42, 'stats': [{'identifier': 'minutes', 'points': 0, 'value': 0, 'points_modification': 0}]}]",False,Mepham,2,4,40,Mepham,DEF,0
80,5,2025-26,0,0,0,0,0,0,0,0,0,0,0,0,0,0.0,0.0,0.0,0.0,0,0,0,0,0,0.0,0.0,0.0,0.0,0,False,"[{'fixture': 42, 'stats': [{'identifier': 'minutes', 'points': 0, 'value': 0, 'points_modification': 0}]}]",False,Soler,2,4,40,Soler,DEF,0
81,5,2025-26,27,0,0,0,0,0,0,0,0,0,0,0,4,5.4,3.8,7.0,1.6,1,1,0,2,0,0.11,0.0,0.11,0.0,1,False,"[{'fixture': 42, 'stats': [{'identifier': 'minutes', 'points': 1, 'value': 27, 'points_modification': 0}]}]",False,Kluivert,3,4,70,Kluivert,MID,1
82,5,2025-26,90,0,0,1,0,0,0,0,0,0,0,0,9,8.8,13.9,4.0,2.7,1,10,3,14,1,0.11,0.05,0.16,0.14,5,False,"[{'fixture': 42, 'stats': [{'identifier': 'minutes', 'points': 2, 'value': 90, 'points_modification': 0}, {'identifier': 'clean_sheets', 'points': 1, 'value': 1, 'points_modification': 0}, {'identifier': 'defensive_contribution', 'points': 2, 'value': 14, 'points_modification': 0}]}]",False,Semenyo,3,4,77,Semenyo,MID,5
83,5,2025-26,25,0,0,0,0,0,0,0,0,0,0,0,-2,0.0,0.3,11.0,0.9,0,0,0,0,0,0.12,0.0,0.12,0.0,1,False,"[{'fixture': 45, 'stats': [{'identifier': 'minutes', 'points': 1, 'value': 25, 'points_modification': 0}]}]",False,O.Dango,3,5,60,O.Dango,MID,1
84,5,2025-26,74,0,0,1,0,0,0,0,0,0,0,0,4,11.4,13.1,6.0,3.1,3,3,1,7,1,0.06,0.03,0.09,0.14,3,False,"[{'fixture': 42, 'stats': [{'identifier': 'minutes', 'points': 2, 'value': 74, 'points_modification': 0}, {'identifier': 'clean_sheets', 'points': 1, 'value': 1, 'points_modification': 0}]}]",False,Tavernier,3,4,55,Tavernier,MID,3
85,5,2025-26,90,0,0,1,0,0,0,0,0,0,0,0,19,16.2,4.0,17.0,3.7,4,4,3,11,1,0.04,0.01,0.05,0.14,3,False,"[{'fixture': 42, 'stats': [{'identifier': 'minutes', 'points': 2, 'value': 90, 'points_modification': 0}, {'identifier': 'clean_sheets', 'points': 1, 'value': 1, 'points_modification': 0}]}]",False,Adams,3,4,50,Adams,MID,3
86,5,2025-26,62,0,0,1,0,0,0,0,0,0,0,0,8,3.8,14.8,4.0,2.3,2,4,0,6,1,0.0,0.04,0.04,0.14,3,False,"[{'fixture': 42, 'stats': [{'identifier': 'minutes', 'points': 2, 'value': 62, 'points_modification': 0}, {'identifier': 'clean_sheets', 'points': 1, 'value': 1, 'points_modification': 0}]}]",False,Brooks,3,4,50,Brooks,MID,3
87,5,2025-26,27,0,0,0,0,0,0,0,0,0,0,0,4,3.2,5.5,4.0,1.3,2,3,0,5,0,0.01,0.02,0.03,0.0,1,False,"[{'fixture': 42, 'stats': [{'identifier': 'minutes', 'points': 1, 'value': 27, 'points_modification': 0}]}]",False,Christie,3,4,50,Christie,MID,1
88,5,2025-26,0,0,0,0,0,0,0,0,0,0,0,0,0,0.0,0.0,0.0,0.0,0,0,0,0,0,0.0,0.0,0.0,0.0,0,False,"[{'fixture': 42, 'stats': [{'identifier': 'minutes', 'points': 0, 'value': 0, 'points_modification': 0}]}]",False,Cook,3,4,49,Cook,MID,0
89,5,2025-26,0,0,0,0,0,0,0,0,0,0,0,0,0,0.0,0.0,0.0,0.0,0,0,0,0,0,0.0,0.0,0.0,0.0,0,False,"[{'fixture': 42, 'stats': [{'identifier': 'minutes', 'points': 0, 'value': 0, 'points_modification': 0}]}]",False,Philip,3,4,49,Philip,MID,0
90,5,2025-26,62,0,0,1,0,0,0,0,0,0,0,0,12,7.6,8.5,1.0,1.7,3,5,2,10,1,0.06,0.02,0.08,0.14,3,False,"[{'fixture': 42, 'stats': [{'identifier': 'minutes', 'points': 2, 'value': 62, 'points_modification': 0}, {'identifier': 'clean_sheets', 'points': 1, 'value': 1, 'points_modification': 0}]}]",False,Scott,3,4,50,Scott,MID,3
91,5,2025-26,0,0,0,0,0,0,0,0,0,0,0,0,0,0.0,0.0,0.0,0.0,0,0,0,0,0,0.0,0.0,0.0,0.0,0,False,"[{'fixture': 42, 'stats': [{'identifier': 'minutes', 'points': 0, 'value': 0, 'points_modification': 0}]}]",False,Sinisterra,3,4,50,Sinisterra,MID,0
92,5,2025-26,0,0,0,0,0,0,0,0,0,0,0,0,0,0.0,0.0,0.0,0.0,0,0,0,0,0,0.0,0.0,0.0,0.0,0,False,"[{'fixture': 42, 'stats': [{'identifier': 'minutes', 'points': 0, 'value': 0, 'points_modification': 0}]}]",False,Faivre,3,4,45,Faivre,MID,0
93,5,2025-26,0,0,0,0,0,0,0,0,0,0,0,0,0,0.0,0.0,0.0,0.0,0,0,0,0,0,0.0,0.0,0.0,0.0,0,False,"[{'fixture': 42, 'stats': [{'identifier': 'minutes', 'points': 0, 'value': 0, 'points_modification': 0}]}]",False,H.Traorè,3,4,45,H.Traorè,MID,0
94,5,2025-26,0,0,0,0,0,0,0,0,0,0,0,0,0,0.0,0.0,0.0,0.0,0,0,0,0,0,0.0,0.0,0.0,0.0,0,False,"[{'fixture': 42, 'stats': [{'identifier': 'minutes', 'points': 0, 'value': 0, 'points_modification': 0}]}]",False,Sadi,3,4,45,Sadi,MID,0
95,5,2025-26,0,0,0,0,0,0,0,0,0,0,0,0,0,0.0,0.0,0.0,0.0,0,0,0,0,0,0.0,0.0,0.0,0.0,0,False,"[{'fixture': 42, 'stats': [{'identifier': 'minutes', 'points': 0, 'value': 0, 'points_modification': 0}]}]",False,Silcott-Duberry,3,4,44,Silcott-Duberry,MID,0
96,5,2025-26,0,0,0,0,0,0,0,0,0,0,0,0,0,0.0,0.0,0.0,0.0,0,0,0,0,0,0.0,0.0,0.0,0.0,0,False,"[{'fixture': 42, 'stats': [{'identifier': 'minutes', 'points': 0, 'value': 0, 'points_modification': 0}]}]",False,Winterburn,3,4,45,Winterburn,MID,0
97,5,2025-26,90,0,0,1,0,0,0,0,0,0,0,0,9,4.6,11.6,9.0,2.5,0,4,1,5,1,0.1,0.02,0.12,0.14,2,False,"[{'fixture': 42, 'stats': [{'identifier': 'minutes', 'points': 2, 'value': 90, 'points_modification': 0}]}]",False,Evanilson,4,4,70,Evanilson,FWD,2
98,5,2025-26,0,0,0,0,0,0,0,0,0,0,0,0,0,0.0,0.0,0.0,0.0,0,0,0,0,0,0.0,0.0,0.0,0.0,0,False,"[{'fixture': 42, 'stats': [{'identifier': 'minutes', 'points': 0, 'value': 0, 'points_modification': 0}]}]",False,Enes Ünal,4,4,55,Enes Ünal,FWD,0
99,5,2025-26,0,0,0,0,0,0,0,0,0,0,0,0,0,0.0,0.0,0.0,0.0,0,0,0,0,0,0.0,0.0,0.0,0.0,0,False,"[{'fixture': 42, 'stats': [{'identifier': 'minutes', 'points': 0, 'value': 0, 'points_modification': 0}]}]",False,Adu-Adjei,4,4,44,Adu-Adjei,FWD,0
100,5,2025-26,0,0,0,0,0,0,0,0,0,0,0,0,0,0.0,0.0,0.0,0.0,0,0,0,0,0,0.0,0.0,0.0,0.0,0,False,"[{'fixture': 42, 'stats': [{'identifier': 'minutes', 'points': 0, 'value': 0, 'points_modification': 0}]}]",False,Kroupi.Jr,4,4,45,Kroupi.Jr,FWD,0
101,5,2025-26,90,0,0,0,3,0,0,0,0,0,2,0,1,17.6,0.0,0.0,1.8,1,7,0,0,1,0.0,0.0,0.0,1.01,1,False,"[{'fixture': 45, 'stats': [{'identifier': 'minutes', 'points': 2, 'value': 90, 'points_modification': 0}, {'identifier': 'goals_conceded', 'points': -1, 'value': 3, 'points_modification': 0}]}]",False,Kelleher,1,5,45,Kelleher,GK,1
102,5,2025-26,0,0,0,0,0,0,0,0,0,0,0,0,0,0.0,0.0,0.0,0.0,0,0,0,0,0,0.0,0.0,0.0,0.0,0,False,"[{'fixture': 45, 'stats': [{'identifier': 'minutes', 'points': 0, 'value': 0, 'points_modification': 0}]}]",False,Balcombe,1,5,40,Balcombe,GK,0
103,5,2025-26,0,0,0,0,0,0,0,0,0,0,0,0,0,0.0,0.0,0.0,0.0,0,0,0,0,0,0.0,0.0,0.0,0.0,0,False,"[{'fixture': 45, 'stats': [{'identifier': 'minutes', 'points': 0, 'value': 0, 'points_modification': 0}]}]",False,Cox,1,5,40,Cox,GK,0
104,5,2025-26,0,0,0,0,0,0,0,0,0,0,0,0,0,0.0,0.0,0.0,0.0,0,0,0,0,0,0.0,0.0,0.0,0.0,0,False,"[{'fixture': 45, 'stats': [{'identifier': 'minutes', 'points': 0, 'value': 0, 'points_modification': 0}]}]",False,Eyestone,1,5,40,Eyestone,GK,0
105,5,2025-26,0,0,0,0,0,0,0,0,0,0,0,0,0,0.0,0.0,0.0,0.0,0,0,0,0,0,0.0,0.0,0.0,0.0,0,False,"[{'fixture': 45, 'stats': [{'identifier': 'minutes', 'points': 0, 'value': 0, 'points_modification': 0}]}]",False,Valdimarsson,1,5,40,Valdimarsson,GK,0
106,5,2025-26,90,0,0,0,3,0,0,0,1,0,0,0,1,22.2,0.3,33.0,5.6,7,1,1,8,1,0.09,0.01,0.1,1.01,0,False,"[{'fixture': 45, 'stats': [{'identifier': 'minutes', 'points': 2, 'value': 90, 'points_modification': 0}, {'identifier': 'goals_conceded', 'points': -1, 'value': 3, 'points_modification': 0}, {'identifier': 'yellow_cards', 'points': -1, 'value': 1, 'points_modification': 0}]}]",False,Collins,2,5,50,Collins,DEF,0
107,5,2025-26,65,0,0,0,3,0,0,0,0,0,0,0,-4,0.8,4.3,2.0,0.7,0,2,0,0,1,0.0,0.01,0.01,1.01,1,False,"[{'fixture': 45, 'stats': [{'identifier': 'minutes', 'points': 2, 'value': 65, 'points_modification': 0}, {'identifier': 'goals_conceded', 'points': -1, 'value': 3, 'points_modification': 0}]}]",False,Lewis-Potter,2,5,50,Lewis-Potter,DEF,1
108,5,2025-26,16,0,0,0,0,0,0,0,0,0,0,0,4,3.2,0.3,4.0,0.8,1,1,1,2,0,0.05,0.0,0.05,0.0,1,False,"[{'fixture': 45, 'stats': [{'identifier': 'minutes', 'points': 1, 'value': 16, 'points_modification': 0}]}]",False,Ajer,2,5,44,Ajer,DEF,1
109,5,2025-26,24,0,0,0,0,0,0,0,0,0,0,0,0,0.4,0.2,0.0,0.1,1,4,0,1,0,0.0,0.0,0.0,0.0,1,False,"[{'fixture': 45, 'stats': [{'identifier': 'minutes', 'points': 1, 'value': 24, 'points_modification': 0}]}]",False,Henry,2,5,44,Henry,DEF,1
110,5,2025-26,90,0,0,0,3,0,0,0,0,0,0,0,5,13.2,22.9,2.0,3.8,2,5,2,4,1,0.0,0.07,0.07,1.01,1,False,"[{'fixture': 45, 'stats': [{'identifier': 'minutes', 'points': 2, 'value': 90, 'points_modification': 0}, {'identifier': 'goals_conceded', 'points': -1, 'value': 3, 'points_modification': 0}]}]",False,Kayode,2,5,45,Kayode,DEF,1
111,5,2025-26,73,0,0,0,3,1,0,0,0,0,0,0,-4,13.8,0.1,2.0,1.6,6,3,1,7,1,0.0,0.0,0.0,1.01,-1,False,"[{'fixture': 45, 'stats': [{'identifier': 'minutes', 'points': 2, 'value': 73, 'points_modification': 0}, {'identifier': 'goals_conceded', 'points': -1, 'value': 3, 'points_modification': 0}, {'identifier': 'own_goals', 'points': -2, 'value': 1, 'points_modification': 0}]}]",False,Pinnock,2,5,44,Pinnock,DEF,-1
112,5,2025-26,0,0,0,0,0,0,0,0,0,0,0,0,0,0.0,0.0,0.0,0.0,0,0,0,0,0,0.0,0.0,0.0,0.0,0,False,"[{'fixture': 45, 'stats': [{'identifier': 'minutes', 'points': 0, 'value': 0, 'points_modification': 0}]}]",False,Roerslev,2,5,45,Roerslev,DEF,0
113,5,2025-26,90,0,0,0,3,0,0,0,0,0,0,0,3,10.6,0.3,0.0,1.1,6,3,0,6,1,0.0,0.0,0.0,1.01,1,False,"[{'fixture': 45, 'stats': [{'identifier': 'minutes', 'points': 2, 'value': 90, 'points_modification': 0}, {'identifier': 'goals_conceded', 'points': -1, 'value': 3, 'points_modification': 0}]}]",False,Van den Berg,2,5,45,Van den Berg,DEF,1
114,5,2025-26,0,0,0,0,0,0,0,0,0,0,0,0,0,0.0,0.0,0.0,0.0,0,0,0,0,0,0.0,0.0,0.0,0.0,0,False,"[{'fixture': 45, 'stats': [{'identifier': 'minutes', 'points': 0, 'value': 0, 'points_modification': 0}]}]",False,Arthur,2,5,40,Arthur,DEF,0
115,5,2025-26,0,0,0,0,0,0,0,0,0,0,0,0,0,0.0,0.0,0.0,0.0,0,0,0,0,0,0.0,0.0,0.0,0.0,0,False,"[{'fixture': 45, 'stats': [{'identifier': 'minutes', 'points': 0, 'value': 0, 'points_modification': 0}]}]",False,Fredrick,2,5,40,Fredrick,DEF,0
116,5,2025-26,0,0,0,0,0,0,0,0,0,0,0,0,0,0.0,0.0,0.0,0.0,0,0,0,0,0,0.0,0.0,0.0,0.0,0,False,"[{'fixture': 45, 'stats': [{'identifier': 'minutes', 'points': 0, 'value': 0, 'points_modification': 0}]}]",False,Hickey,2,5,40,Hickey,DEF,0
117,5,2025-26,0,0,0,0,0,0,0,0,0,0,0,0,0,0.0,0.0,0.0,0.0,0,0,0,0,0,0.0,0.0,0.0,0.0,0,False,"[{'fixture': 45, 'stats': [{'identifier': 'minutes', 'points': 0, 'value': 0, 'points_modification': 0}]}]",False,Ji-soo,2,5,39,Ji-soo,DEF,0
118,5,2025-26,0,0,0,0,0,0,0,0,0,0,0,0,0,0.0,0.0,0.0,0.0,0,0,0,0,0,0.0,0.0,0.0,0.0,0,False,"[{'fixture': 45, 'stats': [{'identifier': 'minutes', 'points': 0, 'value': 0, 'points_modification': 0}]}]",False,Meghoma,2,5,40,Meghoma,DEF,0
119,5,2025-26,69,0,0,1,0,0,0,0,0,0,0,0,7,2.8,11.1,22.0,3.6,1,1,0,2,1,0.09,0.08,0.17,0.13,3,False,"[{'fixture': 47, 'stats': [{'identifier': 'minutes', 'points': 2, 'value': 69, 'points_modification': 0}, {'identifier': 'clean_sheets', 'points': 1, 'value': 1, 'points_modification': 0}]}]",False,Mbeumo,3,14,81,Mbeumo,MID,3
120,5,2025-26,90,0,0,0,3,0,0,0,0,0,0,0,7,6.0,11.3,13.0,3.0,0,3,2,5,1,0.06,0.2,0.26,1.01,2,False,"[{'fixture': 45, 'stats': [{'identifier': 'minutes', 'points': 2, 'value': 90, 'points_modification': 0}]}]",False,Schade,3,5,70,Schade,MID,2
121,5,2025-26,86,1,0,0,3,0,0,0,0,0,0,1,32,42.6,8.0,24.0,7.5,0,1,3,4,1,0.19,0.04,0.23,1.01,8,False,"[{'fixture': 45, 'stats': [{'identifier': 'minutes', 'points': 2, 'value': 86, 'points_modification': 0}, {'identifier': 'goals_scored', 'points': 5, 'value': 1, 'points_modification': 0}, {'identifier': 'bonus', 'points': 1, 'value': 1, 'points_modification': 0}]}]",False,Damsgaard,3,5,59,Damsgaard,MID,8
122,5,2025-26,0,0,0,0,0,0,0,0,0,0,0,0,0,0.0,0.0,0.0,0.0,0,0,0,0,0,0.0,0.0,0.0,0.0,0,False,"[{'fixture': 45, 'stats': [{'identifier': 'minutes', 'points': 0, 'value': 0, 'points_modification': 0}]}]",False,Milambo,3,5,53,Milambo,MID,0
123,5,2025-26,3,0,0,0,0,0,0,0,0,0,0,0,3,0.2,1.0,0.0,0.1,0,1,0,1,0,0.0,0.0,0.0,0.0,1,False,"[{'fixture': 45, 'stats': [{'identifier': 'minutes', 'points': 1, 'value': 3, 'points_modification': 0}]}]",False,Carvalho,3,5,49,Carvalho,MID,1
124,5,2025-26,73,0,0,0,3,0,0,0,0,0,0,0,8,2.8,2.1,0.0,0.5,1,2,0,3,1,0.0,0.01,0.01,1.01,2,False,"[{'fixture': 45, 'stats': [{'identifier': 'minutes', 'points': 2, 'value': 73, 'points_modification': 0}]}]",False,Henderson,3,5,50,Henderson,MID,2
125,5,2025-26,16,0,0,0,0,0,0,0,0,0,0,0,2,0.0,0.1,0.0,0.0,0,0,0,0,0,0.0,0.0,0.0,0.0,1,False,"[{'fixture': 45, 'stats': [{'identifier': 'minutes', 'points': 1, 'value': 16, 'points_modification': 0}]}]",False,Janelt,3,5,49,Janelt,MID,1
126,5,2025-26,0,0,0,0,0,0,0,0,0,0,0,0,0,0.0,0.0,0.0,0.0,0,0,0,0,0,0.0,0.0,0.0,0.0,0,False,"[{'fixture': 45, 'stats': [{'identifier': 'minutes', 'points': 0, 'value': 0, 'points_modification': 0}]}]",False,Jensen,3,5,49,Jensen,MID,0
127,5,2025-26,0,0,0,0,0,0,0,0,0,0,0,0,0,0.0,0.0,0.0,0.0,0,0,0,0,0,0.0,0.0,0.0,0.0,0,False,"[{'fixture': 45, 'stats': [{'identifier': 'minutes', 'points': 0, 'value': 0, 'points_modification': 0}]}]",False,Nunes,3,5,49,Nunes,MID,0
128,5,2025-26,0,0,0,0,0,0,0,0,0,0,0,0,0,0.0,0.0,0.0,0.0,0,0,0,0,0,0.0,0.0,0.0,0.0,0,False,"[{'fixture': 45, 'stats': [{'identifier': 'minutes', 'points': 0, 'value': 0, 'points_modification': 0}]}]",False,Onyeka,3,5,50,Onyeka,MID,0
129,5,2025-26,90,0,0,0,3,0,0,0,0,0,0,0,13,13.6,12.3,0.0,2.6,2,3,2,7,1,0.0,0.01,0.01,1.01,2,False,"[{'fixture': 45, 'stats': [{'identifier': 'minutes', 'points': 2, 'value': 90, 'points_modification': 0}]}]",False,Yarmoliuk,3,5,50,Yarmoliuk,MID,2
130,5,2025-26,0,0,0,0,0,0,0,0,0,0,0,0,0,0.0,0.0,0.0,0.0,0,0,0,0,0,0.0,0.0,0.0,0.0,0,False,"[{'fixture': 45, 'stats': [{'identifier': 'minutes', 'points': 0, 'value': 0, 'points_modification': 0}]}]",False,Donovan,3,5,45,Donovan,MID,0
131,5,2025-26,0,0,0,0,0,0,0,0,0,0,0,0,0,0.0,0.0,0.0,0.0,0,0,0,0,0,0.0,0.0,0.0,0.0,0,False,"[{'fixture': 45, 'stats': [{'identifier': 'minutes', 'points': 0, 'value': 0, 'points_modification': 0}]}]",False,Konak,3,5,44,Konak,MID,0
132,5,2025-26,0,0,0,0,0,0,0,0,0,0,0,0,0,0.0,0.0,0.0,0.0,0,0,0,0,0,0.0,0.0,0.0,0.0,0,False,"[{'fixture': 45, 'stats': [{'identifier': 'minutes', 'points': 0, 'value': 0, 'points_modification': 0}]}]",False,Maghoma,3,5,45,Maghoma,MID,0
133,5,2025-26,0,0,0,0,0,0,0,0,0,0,0,0,0,0.0,0.0,0.0,0.0,0,0,0,0,0,0.0,0.0,0.0,0.0,0,False,"[{'fixture': 45, 'stats': [{'identifier': 'minutes', 'points': 0, 'value': 0, 'points_modification': 0}]}]",False,Peart-Harris,3,5,45,Peart-Harris,MID,0
134,5,2025-26,0,0,0,0,0,0,0,0,0,0,0,0,0,0.0,0.0,0.0,0.0,0,0,0,0,0,0.0,0.0,0.0,0.0,0,False,"[{'fixture': 45, 'stats': [{'identifier': 'minutes', 'points': 0, 'value': 0, 'points_modification': 0}]}]",False,Trevitt,3,5,45,Trevitt,MID,0
135,5,2025-26,0,0,0,0,0,0,0,0,0,0,0,0,0,0.0,0.0,0.0,0.0,0,0,0,0,0,0.0,0.0,0.0,0.0,0,False,"[{'fixture': 42, 'stats': [{'identifier': 'minutes', 'points': 0, 'value': 0, 'points_modification': 0}]}]",False,Wissa,4,15,74,Wissa,FWD,0
136,5,2025-26,64,0,0,0,3,0,0,0,0,0,0,0,5,3.4,1.6,17.0,2.2,1,2,1,4,1,0.1,0.01,0.11,1.01,2,False,"[{'fixture': 45, 'stats': [{'identifier': 'minutes', 'points': 2, 'value': 64, 'points_modification': 0}]}]",False,Thiago,4,5,60,Thiago,FWD,2
137,5,2025-26,0,0,0,0,0,0,0,0,0,0,0,0,0,0.0,0.0,0.0,0.0,0,0,0,0,0,0.0,0.0,0.0,0.0,0,False,"[{'fixture': 45, 'stats': [{'identifier': 'minutes', 'points': 0, 'value': 0, 'points_modification': 0}]}]",False,Morgan,4,5,44,Morgan,FWD,0
138,5,2025-26,0,0,0,0,0,0,0,0,0,0,0,0,0,0.0,0.0,0.0,0.0,0,0,0,0,0,0.0,0.0,0.0,0.0,0,False,"[{'fixture': 43, 'stats': [{'identifier': 'minutes', 'points': 0, 'value': 0, 'points_modification': 0}]}]",False,Steele,1,6,44,Steele,GK,0
139,5,2025-26,90,0,0,0,2,0,0,0,0,0,2,0,6,19.2,0.0,0.0,1.9,1,7,0,0,1,0.0,0.0,0.0,1.22,1,False,"[{'fixture': 43, 'stats': [{'identifier': 'minutes', 'points': 2, 'value': 90, 'points_modification': 0}, {'identifier': 'goals_conceded', 'points': -1, 'value': 2, 'points_modification': 0}]}]",False,Verbruggen,1,6,45,Verbruggen,GK,1
140,5,2025-26,0,0,0,0,0,0,0,0,0,0,0,0,0,0.0,0.0,0.0,0.0,0,0,0,0,0,0.0,0.0,0.0,0.0,0,False,"[{'fixture': 43, 'stats': [{'identifier': 'minutes', 'points': 0, 'value': 0, 'points_modification': 0}]}]",False,McGill,1,6,40,McGill,GK,0
141,5,2025-26,0,0,0,0,0,0,0,0,0,0,0,0,0,0.0,0.0,0.0,0.0,0,0,0,0,0,0.0,0.0,0.0,0.0,0,False,"[{'fixture': 43, 'stats': [{'identifier': 'minutes', 'points': 0, 'value': 0, 'points_modification': 0}]}]",False,Rushworth,1,6,40,Rushworth,GK,0
142,5,2025-26,0,0,0,0,0,0,0,0,0,0,0,0,0,0.0,0.0,0.0,0.0,0,0,0,0,0,0.0,0.0,0.0,0.0,0,False,"[{'fixture': 43, 'stats': [{'identifier': 'minutes', 'points': 0, 'value': 0, 'points_modification': 0}]}]",False,Scherpen,1,6,40,Scherpen,GK,0
143,5,2025-26,0,0,0,0,0,0,0,0,0,0,0,0,0,0.0,0.0,0.0,0.0,0,0,0,0,0,0.0,0.0,0.0,0.0,0,False,"[{'fixture': 43, 'stats': [{'identifier': 'minutes', 'points': 0, 'value': 0, 'points_modification': 0}]}]",False,Boscagli,2,6,44,Boscagli,DEF,0
144,5,2025-26,15,0,0,0,1,0,0,0,0,0,0,0,0,5.4,0.1,0.0,0.6,3,1,0,3,0,0.0,0.0,0.0,0.07,1,False,"[{'fixture': 43, 'stats': [{'identifier': 'minutes', 'points': 1, 'value': 15, 'points_modification': 0}]}]",False,Coppola,2,6,44,Coppola,DEF,1
145,5,2025-26,0,0,0,0,0,0,0,0,0,0,0,0,0,0.0,0.0,0.0,0.0,0,0,0,0,0,0.0,0.0,0.0,0.0,0,False,"[{'fixture': 43, 'stats': [{'identifier': 'minutes', 'points': 0, 'value': 0, 'points_modification': 0}]}]",False,De Cuyper,2,6,44,De Cuyper,DEF,0
146,5,2025-26,90,0,0,0,2,0,0,0,0,0,0,0,10,26.4,0.4,2.0,2.9,10,4,2,12,1,0.03,0.0,0.03,1.22,3,False,"[{'fixture': 43, 'stats': [{'identifier': 'minutes', 'points': 2, 'value': 90, 'points_modification': 0}, {'identifier': 'goals_conceded', 'points': -1, 'value': 2, 'points_modification': 0}, {'identifier': 'defensive_contribution', 'points': 2, 'value': 12, 'points_modification': 0}]}]",False,Dunk,2,6,45,Dunk,DEF,3
147,5,2025-26,0,0,0,0,0,0,0,0,0,0,0,0,0,0.0,0.0,0.0,0.0,0,0,0,0,0,0.0,0.0,0.0,0.0,0,False,"[{'fixture': 43, 'stats': [{'identifier': 'minutes', 'points': 0, 'value': 0, 'points_modification': 0}]}]",False,Estupiñan,2,6,45,Estupiñan,DEF,0
148,5,2025-26,84,0,0,0,2,0,0,0,0,0,0,0,9,10.6,11.3,4.0,2.6,1,5,4,5,1,0.07,0.01,0.08,1.21,1,False,"[{'fixture': 43, 'stats': [{'identifier': 'minutes', 'points': 2, 'value': 84, 'points_modification': 0}, {'identifier': 'goals_conceded', 'points': -1, 'value': 2, 'points_modification': 0}]}]",False,F.Kadıoğlu,2,6,44,F.Kadıoğlu,DEF,1
149,5,2025-26,0,0,0,0,0,0,0,0,0,0,0,0,0,0.0,0.0,0.0,0.0,0,0,0,0,0,0.0,0.0,0.0,0.0,0,False,"[{'fixture': 49, 'stats': [{'identifier': 'minutes', 'points': 0, 'value': 0, 'points_modification': 0}]}]",False,Igor,2,19,45,Igor,DEF,0
150,5,2025-26,0,0,0,0,0,0,0,0,0,0,0,0,0,0.0,0.0,0.0,0.0,0,0,0,0,0,0.0,0.0,0.0,0.0,0,False,"[{'fixture': 43, 'stats': [{'identifier': 'minutes', 'points': 0, 'value': 0, 'points_modification': 0}]}]",False,Lamptey,2,6,44,Lamptey,DEF,0
151,5,2025-26,90,0,0,0,2,1,0,0,0,0,0,0,5,15.2,0.3,0.0,1.6,11,1,1,12,1,0.0,0.0,0.0,1.22,1,False,"[{'fixture': 43, 'stats': [{'identifier': 'minutes', 'points': 2, 'value': 90, 'points_modification': 0}, {'identifier': 'goals_conceded', 'points': -1, 'value': 2, 'points_modification': 0}, {'identifier': 'own_goals', 'points': -2, 'value': 1, 'points_modification': 0}, {'identifier': 'defensive_contribution', 'points': 2, 'value': 12, 'points_modification': 0}]}]",False,Van Hecke,2,6,44,Van Hecke,DEF,1
152,5,2025-26,90,0,0,0,2,0,0,0,0,0,0,0,11,27.0,5.2,0.0,3.2,8,4,7,15,1,0.0,0.0,0.0,1.22,3,False,"[{'fixture': 43, 'stats': [{'identifier': 'minutes', 'points': 2, 'value': 90, 'points_modification': 0}, {'identifier': 'goals_conceded', 'points': -1, 'value': 2, 'points_modification': 0}, {'identifier': 'defensive_contribution', 'points': 2, 'value': 15, 'points_modification': 0}]}]",False,Veltman,2,6,44,Veltman,DEF,3
153,5,2025-26,0,0,0,0,0,0,0,0,0,0,0,0,0,0.0,0.0,0.0,0.0,0,0,0,0,0,0.0,0.0,0.0,0.0,0,False,"[{'fixture': 43, 'stats': [{'identifier': 'minutes', 'points': 0, 'value': 0, 'points_modification': 0}]}]",False,Webster,2,6,44,Webster,DEF,0
154,5,2025-26,0,0,0,0,0,0,0,0,0,0,0,0,0,0.0,0.0,0.0,0.0,0,0,0,0,0,0.0,0.0,0.0,0.0,0,False,"[{'fixture': 43, 'stats': [{'identifier': 'minutes', 'points': 0, 'value': 0, 'points_modification': 0}]}]",False,Cashin,2,6,40,Cashin,DEF,0
155,5,2025-26,0,0,0,0,0,0,0,0,0,0,0,0,0,0.0,0.0,0.0,0.0,0,0,0,0,0,0.0,0.0,0.0,0.0,0,False,"[{'fixture': 43, 'stats': [{'identifier': 'minutes', 'points': 0, 'value': 0, 'points_modification': 0}]}]",False,Slater,2,6,40,Slater,DEF,0
156,5,2025-26,0,0,0,0,0,0,0,0,0,0,0,0,0,0.0,0.0,0.0,0.0,0,0,0,0,0,0.0,0.0,0.0,0.0,0,False,"[{'fixture': 43, 'stats': [{'identifier': 'minutes', 'points': 0, 'value': 0, 'points_modification': 0}]}]",False,Tasker,2,6,40,Tasker,DEF,0
157,5,2025-26,90,0,0,0,2,0,0,0,0,0,0,0,9,11.2,12.8,19.0,4.3,2,5,0,7,1,0.09,0.07,0.16,1.22,2,False,"[{'fixture': 43, 'stats': [{'identifier': 'minutes', 'points': 2, 'value': 90, 'points_modification': 0}]}]",False,Mitoma,3,6,64,Mitoma,MID,2
158,5,2025-26,74,0,1,0,1,0,0,0,0,0,0,0,16,31.8,21.8,6.0,6.0,5,1,1,7,1,0.0,0.02,0.02,1.16,5,False,"[{'fixture': 43, 'stats': [{'identifier': 'minutes', 'points': 2, 'value': 74, 'points_modification': 0}, {'identifier': 'assists', 'points': 3, 'value': 1, 'points_modification': 0}]}]",False,Georginio,3,6,58,Georginio,MID,5
159,5,2025-26,0,0,0,0,0,0,0,0,0,0,0,0,0,0.0,0.0,0.0,0.0,0,0,0,0,0,0.0,0.0,0.0,0.0,0,False,"[{'fixture': 43, 'stats': [{'identifier': 'minutes', 'points': 0, 'value': 0, 'points_modification': 0}]}]",False,March,3,6,58,March,MID,0
160,5,2025-26,75,1,0,0,1,0,0,0,0,0,0,2,32,39.0,12.7,39.0,9.1,0,5,2,7,1,0.74,0.0,0.74,1.16,9,False,"[{'fixture': 43, 'stats': [{'identifier': 'minutes', 'points': 2, 'value': 75, 'points_modification': 0}, {'identifier': 'goals_scored', 'points': 5, 'value': 1, 'points_modification': 0}, {'identifier': 'bonus', 'points': 2, 'value': 2, 'points_modification': 0}]}]",False,Minteh,3,6,59,Minteh,MID,9
161,5,2025-26,0,0,0,0,0,0,0,0,0,0,0,0,0,0.0,0.0,0.0,0.0,0,0,0,0,0,0.0,0.0,0.0,0.0,0,False,"[{'fixture': 43, 'stats': [{'identifier': 'minutes', 'points': 0, 'value': 0, 'points_modification': 0}]}]",False,Enciso,3,6,54,Enciso,MID,0
162,5,2025-26,62,0,0,0,1,0,0,0,0,0,0,0,5,2.4,11.8,3.0,1.7,1,3,1,5,1,0.09,0.01,0.1,0.91,2,False,"[{'fixture': 43, 'stats': [{'identifier': 'minutes', 'points': 2, 'value': 62, 'points_modification': 0}]}]",False,Gruda,3,6,54,Gruda,MID,2
163,5,2025-26,0,0,0,0,0,0,0,0,0,0,0,0,0,0.0,0.0,0.0,0.0,0,0,0,0,0,0.0,0.0,0.0,0.0,0,False,"[{'fixture': 43, 'stats': [{'identifier': 'minutes', 'points': 0, 'value': 0, 'points_modification': 0}]}]",False,Hinshelwood,3,6,52,Hinshelwood,MID,0
164,5,2025-26,0,0,0,0,0,0,0,0,0,0,0,0,0,0.0,0.0,0.0,0.0,0,0,0,0,0,0.0,0.0,0.0,0.0,0,False,"[{'fixture': 43, 'stats': [{'identifier': 'minutes', 'points': 0, 'value': 0, 'points_modification': 0}]}]",False,O'Riley,3,6,55,O'Riley,MID,0
165,5,2025-26,0,0,0,0,0,0,0,0,0,0,0,0,0,0.0,0.0,0.0,0.0,0,0,0,0,0,0.0,0.0,0.0,0.0,0,False,"[{'fixture': 43, 'stats': [{'identifier': 'minutes', 'points': 0, 'value': 0, 'points_modification': 0}]}]",False,Sima,3,6,54,Sima,MID,0
166,5,2025-26,90,1,0,0,2,0,0,0,0,0,0,1,28,34.8,11.8,22.0,6.9,2,7,1,10,1,0.24,0.02,0.26,1.22,8,False,"[{'fixture': 43, 'stats': [{'identifier': 'minutes', 'points': 2, 'value': 90, 'points_modification': 0}, {'identifier': 'goals_scored', 'points': 5, 'value': 1, 'points_modification': 0}, {'identifier': 'bonus', 'points': 1, 'value': 1, 'points_modification': 0}]}]",False,Ayari,3,6,49,Ayari,MID,8
167,5,2025-26,45,0,0,0,1,0,0,0,0,0,0,0,6,6.0,0.7,0.0,0.7,2,3,2,7,1,0.0,0.0,0.0,0.91,1,False,"[{'fixture': 43, 'stats': [{'identifier': 'minutes', 'points': 1, 'value': 45, 'points_modification': 0}]}]",False,Baleba,3,6,48,Baleba,MID,1
168,5,2025-26,0,0,0,0,0,0,0,0,0,0,0,0,0,0.0,0.0,0.0,0.0,0,0,0,0,0,0.0,0.0,0.0,0.0,0,False,"[{'fixture': 47, 'stats': [{'identifier': 'minutes', 'points': 0, 'value': 0, 'points_modification': 0}]}]",False,Buonanotte,3,7,48,Buonanotte,MID,0
169,5,2025-26,45,0,0,0,1,0,0,0,1,0,0,0,5,7.0,14.6,4.0,2.6,0,2,3,5,0,0.02,0.06,0.08,0.31,0,False,"[{'fixture': 43, 'stats': [{'identifier': 'minutes', 'points': 1, 'value': 45, 'points_modification': 0}, {'identifier': 'yellow_cards', 'points': -1, 'value': 1, 'points_modification': 0}]}]",False,Gomez,3,6,49,Gomez,MID,0
170,5,2025-26,27,0,0,0,1,0,0,0,0,0,0,0,5,5.2,11.3,0.0,1.7,1,3,0,4,0,0.0,0.03,0.03,0.31,1,False,"[{'fixture': 43, 'stats': [{'identifier': 'minutes', 'points': 1, 'value': 27, 'points_modification': 0}]}]",False,Milner,3,6,50,Milner,MID,1
171,5,2025-26,0,0,0,0,0,0,0,0,0,0,0,0,0,0.0,0.0,0.0,0.0,0,0,0,0,0,0.0,0.0,0.0,0.0,0,False,"[{'fixture': 43, 'stats': [{'identifier': 'minutes', 'points': 0, 'value': 0, 'points_modification': 0}]}]",False,Sarmiento,3,6,49,Sarmiento,MID,0
172,5,2025-26,0,0,0,0,0,0,0,0,0,0,0,0,0,0.0,0.0,0.0,0.0,0,0,0,0,0,0.0,0.0,0.0,0.0,0,False,"[{'fixture': 43, 'stats': [{'identifier': 'minutes', 'points': 0, 'value': 0, 'points_modification': 0}]}]",False,Watson,3,6,49,Watson,MID,0
173,5,2025-26,5,0,0,0,0,0,0,0,0,0,0,0,2,2.2,0.8,0.0,0.3,0,1,1,2,0,0.0,0.01,0.01,0.02,1,False,"[{'fixture': 43, 'stats': [{'identifier': 'minutes', 'points': 1, 'value': 5, 'points_modification': 0}]}]",False,Wieffer,3,6,49,Wieffer,MID,1
174,5,2025-26,0,0,0,0,0,0,0,0,0,0,0,0,0,0.0,0.0,0.0,0.0,0,0,0,0,0,0.0,0.0,0.0,0.0,0,False,"[{'fixture': 43, 'stats': [{'identifier': 'minutes', 'points': 0, 'value': 0, 'points_modification': 0}]}]",False,Yalcouye,3,6,50,Yalcouye,MID,0
175,5,2025-26,0,0,0,0,0,0,0,0,0,0,0,0,0,0.0,0.0,0.0,0.0,0,0,0,0,0,0.0,0.0,0.0,0.0,0,False,"[{'fixture': 43, 'stats': [{'identifier': 'minutes', 'points': 0, 'value': 0, 'points_modification': 0}]}]",False,Knight,3,6,45,Knight,MID,0
176,5,2025-26,0,0,0,0,0,0,0,0,0,0,0,0,0,0.0,0.0,0.0,0.0,0,0,0,0,0,0.0,0.0,0.0,0.0,0,False,"[{'fixture': 43, 'stats': [{'identifier': 'minutes', 'points': 0, 'value': 0, 'points_modification': 0}]}]",False,Mazilu,3,6,45,Mazilu,MID,0
177,5,2025-26,0,0,0,0,0,0,0,0,0,0,0,0,0,0.0,0.0,0.0,0.0,0,0,0,0,0,0.0,0.0,0.0,0.0,0,False,"[{'fixture': 43, 'stats': [{'identifier': 'minutes', 'points': 0, 'value': 0, 'points_modification': 0}]}]",False,Moran,3,6,45,Moran,MID,0
178,5,2025-26,15,0,0,0,1,0,0,0,0,0,0,0,3,1.2,1.0,9.0,1.1,0,0,0,0,0,0.04,0.06,0.1,0.07,1,False,"[{'fixture': 43, 'stats': [{'identifier': 'minutes', 'points': 1, 'value': 15, 'points_modification': 0}]}]",False,Welbeck,4,6,63,Welbeck,FWD,1
179,5,2025-26,0,0,0,0,0,0,0,0,0,0,0,0,0,0.0,0.0,0.0,0.0,0,0,0,0,0,0.0,0.0,0.0,0.0,0,False,"[{'fixture': 43, 'stats': [{'identifier': 'minutes', 'points': 0, 'value': 0, 'points_modification': 0}]}]",False,Ferguson,4,6,55,Ferguson,FWD,0
180,5,2025-26,0,0,0,0,0,0,0,0,0,0,0,0,0,0.0,0.0,0.0,0.0,0,0,0,0,0,0.0,0.0,0.0,0.0,0,False,"[{'fixture': 43, 'stats': [{'identifier': 'minutes', 'points': 0, 'value': 0, 'points_modification': 0}]}]",False,Tzimas,4,6,54,Tzimas,FWD,0
181,5,2025-26,0,0,0,0,0,0,0,0,0,0,0,0,0,0.0,0.0,0.0,0.0,0,0,0,0,0,0.0,0.0,0.0,0.0,0,False,"[{'fixture': 43, 'stats': [{'identifier': 'minutes', 'points': 0, 'value': 0, 'points_modification': 0}]}]",False,Kostoulas,4,6,49,Kostoulas,FWD,0
182,5,2025-26,0,0,0,0,0,0,0,0,0,0,0,0,0,0.0,0.0,0.0,0.0,0,0,0,0,0,0.0,0.0,0.0,0.0,0,False,"[{'fixture': 41, 'stats': [{'identifier': 'minutes', 'points': 0, 'value': 0, 'points_modification': 0}]}]",False,Trafford,1,13,48,Trafford,GK,0
183,5,2025-26,0,0,0,0,0,0,0,0,0,0,0,0,0,0.0,0.0,0.0,0.0,0,0,0,0,0,0.0,0.0,0.0,0.0,0,False,"[{'fixture': 44, 'stats': [{'identifier': 'minutes', 'points': 0, 'value': 0, 'points_modification': 0}]}]",False,Weiss,1,3,44,Weiss,GK,0
184,5,2025-26,0,0,0,0,0,0,0,0,0,0,0,0,0,0.0,0.0,0.0,0.0,0,0,0,0,0,0.0,0.0,0.0,0.0,0,False,"[{'fixture': 44, 'stats': [{'identifier': 'minutes', 'points': 0, 'value': 0, 'points_modification': 0}]}]",False,Green,1,3,40,Green,GK,0
185,5,2025-26,0,0,0,0,0,0,0,0,0,0,0,0,0,0.0,0.0,0.0,0.0,0,0,0,0,0,0.0,0.0,0.0,0.0,0,False,"[{'fixture': 44, 'stats': [{'identifier': 'minutes', 'points': 0, 'value': 0, 'points_modification': 0}]}]",False,Hladký,1,3,40,Hladký,GK,0
186,5,2025-26,0,0,0,0,0,0,0,0,0,0,0,0,0,0.0,0.0,0.0,0.0,0,0,0,0,0,0.0,0.0,0.0,0.0,0,False,"[{'fixture': 44, 'stats': [{'identifier': 'minutes', 'points': 0, 'value': 0, 'points_modification': 0}]}]",False,Roberts,2,3,44,Roberts,DEF,0
187,5,2025-26,90,0,0,0,1,0,0,0,0,0,0,0,10,20.2,3.4,2.0,2.6,7,7,2,9,1,0.0,0.02,0.02,1.1,2,False,"[{'fixture': 44, 'stats': [{'identifier': 'minutes', 'points': 2, 'value': 90, 'points_modification': 0}]}]",False,Walker,2,3,45,Walker,DEF,2
188,5,2025-26,0,0,0,0,0,0,0,0,0,0,0,0,0,0.0,0.0,0.0,0.0,0,0,0,0,0,0.0,0.0,0.0,0.0,0,False,"[{'fixture': 44, 'stats': [{'identifier': 'minutes', 'points': 0, 'value': 0, 'points_modification': 0}]}]",False,Delcroix,2,3,39,Delcroix,DEF,0
189,5,2025-26,0,0,0,0,0,0,0,0,0,0,0,0,0,0.0,0.0,0.0,0.0,0,0,0,0,0,0.0,0.0,0.0,0.0,0,False,"[{'fixture': 44, 'stats': [{'identifier': 'minutes', 'points': 0, 'value': 0, 'points_modification': 0}]}]",False,Dodgson,2,3,40,Dodgson,DEF,0
190,5,2025-26,90,0,0,0,1,0,0,0,0,0,0,0,5,17.8,0.4,39.0,5.7,8,3,0,8,1,0.14,0.0,0.14,1.1,2,False,"[{'fixture': 44, 'stats': [{'identifier': 'minutes', 'points': 2, 'value': 90, 'points_modification': 0}]}]",False,Ekdal,2,3,40,Ekdal,DEF,2
191,5,2025-26,90,0,0,0,1,0,0,0,0,0,0,0,14,19.6,10.4,8.0,3.8,10,5,1,11,1,0.12,0.0,0.12,1.1,4,False,"[{'fixture': 44, 'stats': [{'identifier': 'minutes', 'points': 2, 'value': 90, 'points_modification': 0}, {'identifier': 'defensive_contribution', 'points': 2, 'value': 11, 'points_modification': 0}]}]",False,Estève,2,3,40,Estève,DEF,4
192,5,2025-26,90,0,0,0,1,0,0,0,0,0,0,0,10,26.4,47.3,9.0,8.3,3,0,2,5,1,0.02,0.31,0.33,1.1,2,False,"[{'fixture': 44, 'stats': [{'identifier': 'minutes', 'points': 2, 'value': 90, 'points_modification': 0}]}]",False,Hartman,2,3,40,Hartman,DEF,2
193,5,2025-26,0,0,0,0,0,0,0,0,0,0,0,0,0,0.0,0.0,0.0,0.0,0,0,0,0,0,0.0,0.0,0.0,0.0,0,False,"[{'fixture': 44, 'stats': [{'identifier': 'minutes', 'points': 0, 'value': 0, 'points_modification': 0}]}]",False,Humphreys,2,3,40,Humphreys,DEF,0
194,5,2025-26,0,0,0,0,0,0,0,0,0,0,0,0,0,0.0,0.0,0.0,0.0,0,0,0,0,0,0.0,0.0,0.0,0.0,0,False,"[{'fixture': 44, 'stats': [{'identifier': 'minutes', 'points': 0, 'value': 0, 'points_modification': 0}]}]",False,Jordan,2,3,40,Jordan,DEF,0
195,5,2025-26,0,0,0,0,0,0,0,0,0,0,0,0,0,0.0,0.0,0.0,0.0,0,0,0,0,0,0.0,0.0,0.0,0.0,0,False,"[{'fixture': 44, 'stats': [{'identifier': 'minutes', 'points': 0, 'value': 0, 'points_modification': 0}]}]",False,Lucas Pires,2,3,39,Lucas Pires,DEF,0
196,5,2025-26,0,0,0,0,0,0,0,0,0,0,0,0,0,0.0,0.0,0.0,0.0,0,0,0,0,0,0.0,0.0,0.0,0.0,0,False,"[{'fixture': 44, 'stats': [{'identifier': 'minutes', 'points': 0, 'value': 0, 'points_modification': 0}]}]",False,Sambo,2,3,40,Sambo,DEF,0
197,5,2025-26,0,0,0,0,0,0,0,0,0,0,0,0,0,0.0,0.0,0.0,0.0,0,0,0,0,0,0.0,0.0,0.0,0.0,0,False,"[{'fixture': 44, 'stats': [{'identifier': 'minutes', 'points': 0, 'value': 0, 'points_modification': 0}]}]",False,Sonne,2,3,40,Sonne,DEF,0
198,5,2025-26,0,0,0,0,0,0,0,0,0,0,0,0,0,0.0,0.0,0.0,0.0,0,0,0,0,0,0.0,0.0,0.0,0.0,0,False,"[{'fixture': 44, 'stats': [{'identifier': 'minutes', 'points': 0, 'value': 0, 'points_modification': 0}]}]",False,Tuanzebe,2,3,39,Tuanzebe,DEF,0
199,5,2025-26,0,0,0,0,0,0,0,0,0,0,0,0,0,0.0,0.0,0.0,0.0,0,0,0,0,0,0.0,0.0,0.0,0.0,0,False,"[{'fixture': 44, 'stats': [{'identifier': 'minutes', 'points': 0, 'value': 0, 'points_modification': 0}]}]",False,Worrall,2,3,40,Worrall,DEF,0
200,5,2025-26,90,1,0,0,1,0,0,0,0,0,0,3,37,52.4,19.7,55.0,12.7,2,3,1,6,1,0.36,0.14,0.5,1.1,10,True,"[{'fixture': 44, 'stats': [{'identifier': 'minutes', 'points': 2, 'value': 90, 'points_modification': 0}, {'identifier': 'goals_scored', 'points': 5, 'value': 1, 'points_modification': 0}, {'identifier': 'bonus', 'points': 3, 'value': 3, 'points_modification': 0}]}]",False,Anthony,3,3,56,Anthony,MID,10
201,5,2025-26,0,0,0,0,0,0,0,0,0,0,0,0,0,0.0,0.0,0.0,0.0,0,0,0,0,0,0.0,0.0,0.0,0.0,0,False,"[{'fixture': 44, 'stats': [{'identifier': 'minutes', 'points': 0, 'value': 0, 'points_modification': 0}]}]",False,Benson,3,3,54,Benson,MID,0
202,5,2025-26,0,0,0,0,0,0,0,0,0,0,0,0,0,0.0,0.0,0.0,0.0,0,0,0,0,0,0.0,0.0,0.0,0.0,0,False,"[{'fixture': 44, 'stats': [{'identifier': 'minutes', 'points': 0, 'value': 0, 'points_modification': 0}]}]",False,Bruun Larsen,3,3,54,Bruun Larsen,MID,0
203,5,2025-26,0,0,0,0,0,0,0,0,0,0,0,0,0,0.0,0.0,0.0,0.0,0,0,0,0,0,0.0,0.0,0.0,0.0,0,False,"[{'fixture': 44, 'stats': [{'identifier': 'minutes', 'points': 0, 'value': 0, 'points_modification': 0}]}]",False,Boateng,3,3,49,Boateng,MID,0
204,5,2025-26,0,0,0,0,0,0,0,0,0,0,0,0,0,0.0,0.0,0.0,0.0,0,0,0,0,0,0.0,0.0,0.0,0.0,0,False,"[{'fixture': 44, 'stats': [{'identifier': 'minutes', 'points': 0, 'value': 0, 'points_modification': 0}]}]",False,Churlinov,3,3,49,Churlinov,MID,0
205,5,2025-26,90,0,0,0,1,0,0,0,0,0,0,0,15,19.0,6.0,0.0,2.5,7,7,0,14,1,0.0,0.04,0.04,1.1,4,False,"[{'fixture': 44, 'stats': [{'identifier': 'minutes', 'points': 2, 'value': 90, 'points_modification': 0}, {'identifier': 'defensive_contribution', 'points': 2, 'value': 14, 'points_modification': 0}]}]",False,Cullen,3,3,50,Cullen,MID,4
206,5,2025-26,0,0,0,0,0,0,0,0,0,0,0,0,0,0.0,0.0,0.0,0.0,0,0,0,0,0,0.0,0.0,0.0,0.0,0,False,"[{'fixture': 44, 'stats': [{'identifier': 'minutes', 'points': 0, 'value': 0, 'points_modification': 0}]}]",False,Edwards,3,3,48,Edwards,MID,0
207,5,2025-26,9,0,0,0,0,0,0,0,0,0,0,0,5,2.0,14.1,0.0,1.6,0,1,0,1,0,0.0,0.08,0.08,0.34,1,False,"[{'fixture': 44, 'stats': [{'identifier': 'minutes', 'points': 1, 'value': 9, 'points_modification': 0}]}]",False,Hannibal,3,3,50,Hannibal,MID,1
208,5,2025-26,0,0,0,0,0,0,0,0,0,0,0,0,0,0.0,0.0,0.0,0.0,0,0,0,0,0,0.0,0.0,0.0,0.0,0,False,"[{'fixture': 44, 'stats': [{'identifier': 'minutes', 'points': 0, 'value': 0, 'points_modification': 0}]}]",False,Koleosho,3,3,50,Koleosho,MID,0
209,5,2025-26,90,0,0,0,1,0,0,0,0,0,0,0,11,13.4,5.9,2.0,2.1,3,2,0,5,1,0.0,0.01,0.01,1.1,2,False,"[{'fixture': 44, 'stats': [{'identifier': 'minutes', 'points': 2, 'value': 90, 'points_modification': 0}]}]",False,Laurent,3,3,49,Laurent,MID,2
210,5,2025-26,80,0,0,0,1,0,0,0,0,0,0,0,6,1.6,8.8,8.0,1.8,2,0,1,3,1,0.08,0.1,0.18,0.76,2,False,"[{'fixture': 44, 'stats': [{'identifier': 'minutes', 'points': 2, 'value': 80, 'points_modification': 0}]}]",False,Tchaouna,3,3,49,Tchaouna,MID,2
211,5,2025-26,0,0,0,0,0,0,0,0,0,0,0,0,0,0.0,0.0,0.0,0.0,0,0,0,0,0,0.0,0.0,0.0,0.0,0,False,"[{'fixture': 44, 'stats': [{'identifier': 'minutes', 'points': 0, 'value': 0, 'points_modification': 0}]}]",False,A.Ramsey,3,3,44,A.Ramsey,MID,0
212,5,2025-26,0,0,0,0,0,0,0,0,0,0,0,0,0,0.0,0.0,0.0,0.0,0,0,0,0,0,0.0,0.0,0.0,0.0,0,False,"[{'fixture': 44, 'stats': [{'identifier': 'minutes', 'points': 0, 'value': 0, 'points_modification': 0}]}]",False,Adewumi,3,3,45,Adewumi,MID,0
213,5,2025-26,0,0,0,0,0,0,0,0,0,0,0,0,0,0.0,0.0,0.0,0.0,0,0,0,0,0,0.0,0.0,0.0,0.0,0,False,"[{'fixture': 44, 'stats': [{'identifier': 'minutes', 'points': 0, 'value': 0, 'points_modification': 0}]}]",False,Banel,3,3,45,Banel,MID,0
214,5,2025-26,0,0,0,0,0,0,0,0,0,0,0,0,0,0.0,0.0,0.0,0.0,0,0,0,0,0,0.0,0.0,0.0,0.0,0,False,"[{'fixture': 44, 'stats': [{'identifier': 'minutes', 'points': 0, 'value': 0, 'points_modification': 0}]}]",False,Trésor,3,3,44,Trésor,MID,0
215,5,2025-26,4,0,0,0,0,0,0,0,0,0,0,0,3,0.0,0.1,5.0,0.5,0,1,0,1,0,0.11,0.0,0.11,0.06,1,False,"[{'fixture': 44, 'stats': [{'identifier': 'minutes', 'points': 1, 'value': 4, 'points_modification': 0}]}]",False,Flemming,4,3,54,Flemming,FWD,1
216,5,2025-26,0,0,0,0,0,0,0,0,0,0,0,0,0,0.0,0.0,0.0,0.0,0,0,0,0,0,0.0,0.0,0.0,0.0,0,False,"[{'fixture': 44, 'stats': [{'identifier': 'minutes', 'points': 0, 'value': 0, 'points_modification': 0}]}]",False,Amdouni,4,3,49,Amdouni,FWD,0
217,5,2025-26,85,0,1,0,1,0,0,0,0,0,0,1,27,26.6,22.7,9.0,5.8,2,3,0,5,1,0.02,0.03,0.05,1.04,6,False,"[{'fixture': 44, 'stats': [{'identifier': 'minutes', 'points': 2, 'value': 85, 'points_modification': 0}, {'identifier': 'assists', 'points': 3, 'value': 1, 'points_modification': 0}, {'identifier': 'bonus', 'points': 1, 'value': 1, 'points_modification': 0}]}]",False,Foster,4,3,50,Foster,FWD,6
218,5,2025-26,0,0,0,0,0,0,0,0,0,0,0,0,0,0.0,0.0,0.0,0.0,0,0,0,0,0,0.0,0.0,0.0,0.0,0,False,"[{'fixture': 44, 'stats': [{'identifier': 'minutes', 'points': 0, 'value': 0, 'points_modification': 0}]}]",False,Barnes,4,3,44,Barnes,FWD,0
219,5,2025-26,0,0,0,0,0,0,0,0,0,0,0,0,0,0.0,0.0,0.0,0.0,0,0,0,0,0,0.0,0.0,0.0,0.0,0,False,"[{'fixture': 44, 'stats': [{'identifier': 'minutes', 'points': 0, 'value': 0, 'points_modification': 0}]}]",False,Obafemi,4,3,44,Obafemi,FWD,0
220,5,2025-26,4,0,0,0,2,0,0,0,0,1,1,0,-12,2.0,0.0,0.0,0.2,0,0,0,0,1,0.0,0.0,0.0,0.05,-3,False,"[{'fixture': 47, 'stats': [{'identifier': 'minutes', 'points': 1, 'value': 4, 'points_modification': 0}, {'identifier': 'goals_conceded', 'points': -1, 'value': 2, 'points_modification': 0}, {'identifier': 'red_cards', 'points': -3, 'value': 1, 'points_modification': 0}]}]",False,Sánchez,1,7,49,Sánchez,GK,-3
221,5,2025-26,84,0,0,0,2,0,0,0,0,0,1,0,4,9.4,0.0,0.0,0.9,2,5,0,0,0,0.0,0.0,0.0,1.79,1,False,"[{'fixture': 47, 'stats': [{'identifier': 'minutes', 'points': 2, 'value': 84, 'points_modification': 0}, {'identifier': 'goals_conceded', 'points': -1, 'value': 2, 'points_modification': 0}]}]",False,Jörgensen,1,7,44,Jörgensen,GK,1
222,5,2025-26,0,0,0,0,0,0,0,0,0,0,0,0,0,0.0,0.0,0.0,0.0,0,0,0,0,0,0.0,0.0,0.0,0.0,0,False,"[{'fixture': 47, 'stats': [{'identifier': 'minutes', 'points': 0, 'value': 0, 'points_modification': 0}]}]",False,Penders,1,7,40,Penders,GK,0
223,5,2025-26,0,0,0,0,0,0,0,0,0,0,0,0,0,0.0,0.0,0.0,0.0,0,0,0,0,0,0.0,0.0,0.0,0.0,0,False,"[{'fixture': 47, 'stats': [{'identifier': 'minutes', 'points': 0, 'value': 0, 'points_modification': 0}]}]",False,Slonina,1,7,40,Slonina,GK,0
224,5,2025-26,63,0,0,0,2,0,0,0,1,0,0,0,-6,1.8,1.0,4.0,0.7,3,2,1,4,1,0.05,0.0,0.05,1.45,0,False,"[{'fixture': 47, 'stats': [{'identifier': 'minutes', 'points': 2, 'value': 63, 'points_modification': 0}, {'identifier': 'goals_conceded', 'points': -1, 'value': 2, 'points_modification': 0}, {'identifier': 'yellow_cards', 'points': -1, 'value': 1, 'points_modification': 0}]}]",False,Cucurella,2,7,62,Cucurella,DEF,0
225,5,2025-26,90,0,1,0,2,0,0,0,0,0,0,0,16,27.4,32.8,4.0,6.4,6,5,3,9,1,0.0,0.16,0.16,1.84,4,False,"[{'fixture': 47, 'stats': [{'identifier': 'minutes', 'points': 2, 'value': 90, 'points_modification': 0}, {'identifier': 'assists', 'points': 3, 'value': 1, 'points_modification': 0}, {'identifier': 'goals_conceded', 'points': -1, 'value': 2, 'points_modification': 0}]}]",False,James,2,7,54,James,DEF,4
226,5,2025-26,90,1,0,0,2,0,0,0,1,0,0,0,23,57.4,2.3,17.0,7.7,8,2,2,10,1,0.2,0.01,0.21,1.84,8,False,"[{'fixture': 47, 'stats': [{'identifier': 'minutes', 'points': 2, 'value': 90, 'points_modification': 0}, {'identifier': 'goals_scored', 'points': 6, 'value': 1, 'points_modification': 0}, {'identifier': 'goals_conceded', 'points': -1, 'value': 2, 'points_modification': 0}, {'identifier': 'yellow_cards', 'points': -1, 'value': 1, 'points_modification': 0}, {'identifier': 'defensive_contribution', 'points': 2, 'value': 10, 'points_modification': 0}]}]",False,Chalobah,2,7,52,Chalobah,DEF,8
227,5,2025-26,0,0,0,0,0,0,0,0,0,0,0,0,0,0.0,0.0,0.0,0.0,0,0,0,0,0,0.0,0.0,0.0,0.0,0,False,"[{'fixture': 47, 'stats': [{'identifier': 'minutes', 'points': 0, 'value': 0, 'points_modification': 0}]}]",False,Colwill,2,7,48,Colwill,DEF,0
228,5,2025-26,26,0,0,0,0,0,0,0,0,0,0,0,4,0.6,1.8,4.0,0.6,0,4,0,0,0,0.0,0.01,0.01,0.39,1,False,"[{'fixture': 47, 'stats': [{'identifier': 'minutes', 'points': 1, 'value': 26, 'points_modification': 0}]}]",False,Gusto,2,7,49,Gusto,DEF,1
229,5,2025-26,0,0,0,0,0,0,0,0,0,0,0,0,0,0.0,0.0,0.0,0.0,0,0,0,0,0,0.0,0.0,0.0,0.0,0,False,"[{'fixture': 47, 'stats': [{'identifier': 'minutes', 'points': 0, 'value': 0, 'points_modification': 0}]}]",False,B.Badiashile,2,7,44,B.Badiashile,DEF,0
230,5,2025-26,63,0,0,0,2,0,0,0,0,0,0,0,6,17.6,1.1,0.0,1.9,7,1,2,9,1,0.0,0.0,0.0,1.45,1,False,"[{'fixture': 47, 'stats': [{'identifier': 'minutes', 'points': 2, 'value': 63, 'points_modification': 0}, {'identifier': 'goals_conceded', 'points': -1, 'value': 2, 'points_modification': 0}]}]",False,Fofana,2,7,44,Fofana,DEF,1
231,5,2025-26,0,0,0,0,0,0,0,0,0,0,0,0,0,0.0,0.0,0.0,0.0,0,0,0,0,0,0.0,0.0,0.0,0.0,0,False,"[{'fixture': 47, 'stats': [{'identifier': 'minutes', 'points': 0, 'value': 0, 'points_modification': 0}]}]",False,M.Sarr,2,7,45,M.Sarr,DEF,0
232,5,2025-26,83,0,0,0,2,0,0,0,1,0,0,0,3,19.6,2.1,9.0,3.1,8,6,0,8,0,0.05,0.01,0.05,1.79,0,False,"[{'fixture': 47, 'stats': [{'identifier': 'minutes', 'points': 2, 'value': 83, 'points_modification': 0}, {'identifier': 'goals_conceded', 'points': -1, 'value': 2, 'points_modification': 0}, {'identifier': 'yellow_cards', 'points': -1, 'value': 1, 'points_modification': 0}]}]",False,Tosin,2,7,45,Tosin,DEF,0
233,5,2025-26,0,0,0,0,0,0,0,0,0,0,0,0,0,0.0,0.0,0.0,0.0,0,0,0,0,0,0.0,0.0,0.0,0.0,0,False,"[{'fixture': 47, 'stats': [{'identifier': 'minutes', 'points': 0, 'value': 0, 'points_modification': 0}]}]",False,Acheampong,2,7,40,Acheampong,DEF,0
234,5,2025-26,0,0,0,0,0,0,0,0,0,0,0,0,0,0.0,0.0,0.0,0.0,0,0,0,0,0,0.0,0.0,0.0,0.0,0,False,"[{'fixture': 47, 'stats': [{'identifier': 'minutes', 'points': 0, 'value': 0, 'points_modification': 0}]}]",False,Anselmino,2,7,40,Anselmino,DEF,0
235,5,2025-26,20,0,0,0,1,0,0,0,0,0,0,0,3,0.0,0.0,0.0,0.0,0,0,0,0,1,0.0,0.0,0.0,1.01,1,False,"[{'fixture': 47, 'stats': [{'identifier': 'minutes', 'points': 1, 'value': 20, 'points_modification': 0}]}]",False,Palmer,3,7,104,Palmer,MID,1
236,5,2025-26,6,0,0,0,0,0,0,0,0,0,0,0,3,0.0,0.0,0.0,0.0,0,1,0,1,1,0.0,0.0,0.0,0.05,1,False,"[{'fixture': 47, 'stats': [{'identifier': 'minutes', 'points': 1, 'value': 6, 'points_modification': 0}]}]",False,Neto,3,7,70,Neto,MID,1
237,5,2025-26,90,0,0,0,2,0,0,0,1,0,0,0,8,10.2,10.6,4.0,2.5,1,2,1,4,1,0.0,0.04,0.04,1.84,1,False,"[{'fixture': 47, 'stats': [{'identifier': 'minutes', 'points': 2, 'value': 90, 'points_modification': 0}, {'identifier': 'yellow_cards', 'points': -1, 'value': 1, 'points_modification': 0}]}]",False,Enzo,3,7,67,Enzo,MID,1
238,5,2025-26,5,0,0,0,0,0,0,0,0,0,0,0,1,0.0,0.0,0.0,0.0,0,2,0,2,1,0.0,0.0,0.0,0.05,1,False,"[{'fixture': 47, 'stats': [{'identifier': 'minutes', 'points': 1, 'value': 5, 'points_modification': 0}]}]",False,Estêvão,3,7,65,Estêvão,MID,1
239,5,2025-26,0,0,0,0,0,0,0,0,0,0,0,0,0,0.0,0.0,0.0,0.0,0,0,0,0,0,0.0,0.0,0.0,0.0,0,False,"[{'fixture': 47, 'stats': [{'identifier': 'minutes', 'points': 0, 'value': 0, 'points_modification': 0}]}]",False,Gittens,3,7,62,Gittens,MID,0
240,5,2025-26,0,0,0,0,0,0,0,0,0,0,0,0,0,0.0,0.0,0.0,0.0,0,0,0,0,0,0.0,0.0,0.0,0.0,0,False,"[{'fixture': 47, 'stats': [{'identifier': 'minutes', 'points': 0, 'value': 0, 'points_modification': 0}]}]",False,Nkunku,3,7,59,Nkunku,MID,0
241,5,2025-26,90,0,0,0,2,0,0,0,0,0,0,0,24,19.2,20.2,2.0,4.1,3,7,5,15,1,0.03,0.04,0.07,1.84,4,False,"[{'fixture': 47, 'stats': [{'identifier': 'minutes', 'points': 2, 'value': 90, 'points_modification': 0}, {'identifier': 'defensive_contribution', 'points': 2, 'value': 15, 'points_modification': 0}]}]",False,Caicedo,3,7,56,Caicedo,MID,4
242,5,2025-26,90,0,0,0,2,0,0,0,1,0,0,0,5,8.4,29.5,13.0,5.1,1,2,2,5,1,0.19,0.07,0.26,0.9,1,False,"[{'fixture': 46, 'stats': [{'identifier': 'minutes', 'points': 2, 'value': 90, 'points_modification': 0}, {'identifier': 'yellow_cards', 'points': -1, 'value': 1, 'points_modification': 0}]}]",False,Dewsbury-Hall,3,9,50,Dewsbury-Hall,MID,1
243,5,2025-26,26,0,0,0,0,0,0,0,1,0,0,0,-7,0.0,0.8,0.0,0.0,0,0,0,0,0,0.0,0.01,0.01,0.39,0,False,"[{'fixture': 47, 'stats': [{'identifier': 'minutes', 'points': 1, 'value': 26, 'points_modification': 0}, {'identifier': 'yellow_cards', 'points': -1, 'value': 1, 'points_modification': 0}]}]",False,George,3,7,49,George,MID,0
244,5,2025-26,0,0,0,0,0,0,0,0,0,0,0,0,0,0.0,0.0,0.0,0.0,0,0,0,0,0,0.0,0.0,0.0,0.0,0,False,"[{'fixture': 47, 'stats': [{'identifier': 'minutes', 'points': 0, 'value': 0, 'points_modification': 0}]}]",False,Lavia,3,7,49,Lavia,MID,0
245,5,2025-26,0,0,0,0,0,0,0,0,0,0,0,0,0,0.0,0.0,0.0,0.0,0,0,0,0,0,0.0,0.0,0.0,0.0,0,False,"[{'fixture': 47, 'stats': [{'identifier': 'minutes', 'points': 0, 'value': 0, 'points_modification': 0}]}]",False,Mudryk,3,7,50,Mudryk,MID,0
246,5,2025-26,69,0,0,0,1,0,0,0,0,0,0,0,17,8.4,9.6,7.0,2.5,1,7,1,9,0,0.1,0.02,0.12,0.82,2,False,"[{'fixture': 47, 'stats': [{'identifier': 'minutes', 'points': 2, 'value': 69, 'points_modification': 0}]}]",False,Andrey Santos,3,7,45,Andrey Santos,MID,2
247,5,2025-26,0,0,0,0,0,0,0,0,0,0,0,0,0,0.0,0.0,0.0,0.0,0,0,0,0,0,0.0,0.0,0.0,0.0,0,False,"[{'fixture': 47, 'stats': [{'identifier': 'minutes', 'points': 0, 'value': 0, 'points_modification': 0}]}]",False,D.Essugo,3,7,44,D.Essugo,MID,0
248,5,2025-26,0,0,0,0,0,0,0,0,0,0,0,0,0,0.0,0.0,0.0,0.0,0,0,0,0,0,0.0,0.0,0.0,0.0,0,False,"[{'fixture': 47, 'stats': [{'identifier': 'minutes', 'points': 0, 'value': 0, 'points_modification': 0}]}]",False,Paez,3,7,45,Paez,MID,0
249,5,2025-26,90,0,0,0,2,0,0,0,0,0,0,0,7,8.0,15.0,8.0,3.1,1,1,1,3,1,0.0,0.03,0.03,1.84,2,False,"[{'fixture': 47, 'stats': [{'identifier': 'minutes', 'points': 2, 'value': 90, 'points_modification': 0}]}]",False,João Pedro,4,7,78,João Pedro,FWD,2
250,5,2025-26,0,0,0,0,0,0,0,0,0,0,0,0,0,0.0,0.0,0.0,0.0,0,0,0,0,0,0.0,0.0,0.0,0.0,0,False,"[{'fixture': 47, 'stats': [{'identifier': 'minutes', 'points': 0, 'value': 0, 'points_modification': 0}]}]",False,Delap,4,7,62,Delap,FWD,0
251,5,2025-26,0,0,0,0,0,0,0,0,0,0,0,0,0,0.0,0.0,0.0,0.0,0,0,0,0,0,0.0,0.0,0.0,0.0,0,False,"[{'fixture': 47, 'stats': [{'identifier': 'minutes', 'points': 0, 'value': 0, 'points_modification': 0}]}]",False,N.Jackson,4,7,65,N.Jackson,FWD,0
252,5,2025-26,0,0,0,0,0,0,0,0,0,0,0,0,0,0.0,0.0,0.0,0.0,0,0,0,0,0,0.0,0.0,0.0,0.0,0,False,"[{'fixture': 47, 'stats': [{'identifier': 'minutes', 'points': 0, 'value': 0, 'points_modification': 0}]}]",False,Marc Guiu,4,7,43,Marc Guiu,FWD,0
253,5,2025-26,90,0,0,0,1,0,0,0,1,0,2,0,11,20.0,0.0,0.0,2.0,3,7,0,0,1,0.0,0.03,0.03,0.66,1,False,"[{'fixture': 49, 'stats': [{'identifier': 'minutes', 'points': 2, 'value': 90, 'points_modification': 0}, {'identifier': 'yellow_cards', 'points': -1, 'value': 1, 'points_modification': 0}]}]",False,Henderson,1,8,50,Henderson,GK,1
254,5,2025-26,0,0,0,0,0,0,0,0,0,0,0,0,0,0.0,0.0,0.0,0.0,0,0,0,0,0,0.0,0.0,0.0,0.0,0,False,"[{'fixture': 49, 'stats': [{'identifier': 'minutes', 'points': 0, 'value': 0, 'points_modification': 0}]}]",False,Benitez,1,8,40,Benitez,GK,0
255,5,2025-26,0,0,0,0,0,0,0,0,0,0,0,0,0,0.0,0.0,0.0,0.0,0,0,0,0,0,0.0,0.0,0.0,0.0,0,False,"[{'fixture': 49, 'stats': [{'identifier': 'minutes', 'points': 0, 'value': 0, 'points_modification': 0}]}]",False,Matthews,1,8,40,Matthews,GK,0
256,5,2025-26,90,0,0,0,1,0,0,0,0,0,0,0,7,7.2,17.0,19.0,4.3,2,4,1,3,1,0.19,0.12,0.31,0.66,2,False,"[{'fixture': 49, 'stats': [{'identifier': 'minutes', 'points': 2, 'value': 90, 'points_modification': 0}]}]",False,Muñoz,2,8,56,Muñoz,DEF,2
257,5,2025-26,90,0,0,0,1,0,0,0,0,0,0,0,7,11.2,0.2,7.0,1.8,4,3,2,6,1,0.2,0.0,0.2,0.66,2,False,"[{'fixture': 49, 'stats': [{'identifier': 'minutes', 'points': 2, 'value': 90, 'points_modification': 0}]}]",False,Lacroix,2,8,51,Lacroix,DEF,2
258,5,2025-26,90,1,0,0,1,0,0,0,1,0,0,1,29,50.2,40.5,25.0,11.6,2,6,3,5,1,0.28,0.1,0.38,0.66,8,False,"[{'fixture': 49, 'stats': [{'identifier': 'minutes', 'points': 2, 'value': 90, 'points_modification': 0}, {'identifier': 'goals_scored', 'points': 6, 'value': 1, 'points_modification': 0}, {'identifier': 'yellow_cards', 'points': -1, 'value': 1, 'points_modification': 0}, {'identifier': 'bonus', 'points': 1, 'value': 1, 'points_modification': 0}]}]",False,Mitchell,2,8,50,Mitchell,DEF,8
259,5,2025-26,0,0,0,0,0,0,0,0,0,0,0,0,0,0.0,0.0,0.0,0.0,0,0,0,0,0,0.0,0.0,0.0,0.0,0,False,"[{'fixture': 49, 'stats': [{'identifier': 'minutes', 'points': 0, 'value': 0, 'points_modification': 0}]}]",False,Sosa,2,8,49,Sosa,DEF,0
260,5,2025-26,90,0,1,0,1,0,0,0,0,0,0,0,25,22.0,1.4,8.0,3.1,5,2,5,10,1,0.2,0.01,0.21,0.66,7,False,"[{'fixture': 49, 'stats': [{'identifier': 'minutes', 'points': 2, 'value': 90, 'points_modification': 0}, {'identifier': 'assists', 'points': 3, 'value': 1, 'points_modification': 0}, {'identifier': 'defensive_contribution', 'points': 2, 'value': 10, 'points_modification': 0}]}]",False,Guéhi,2,8,47,Guéhi,DEF,7
261,5,2025-26,90,0,0,0,1,0,0,0,0,0,0,0,20,32.6,4.0,0.0,3.7,13,1,4,17,1,0.0,0.0,0.0,0.66,4,False,"[{'fixture': 49, 'stats': [{'identifier': 'minutes', 'points': 2, 'value': 90, 'points_modification': 0}, {'identifier': 'defensive_contribution', 'points': 2, 'value': 17, 'points_modification': 0}]}]",False,Richards,2,8,45,Richards,DEF,4
262,5,2025-26,0,0,0,0,0,0,0,0,0,0,0,0,0,0.0,0.0,0.0,0.0,0,0,0,0,0,0.0,0.0,0.0,0.0,0,False,"[{'fixture': 49, 'stats': [{'identifier': 'minutes', 'points': 0, 'value': 0, 'points_modification': 0}]}]",False,Chadi Riad,2,8,40,Chadi Riad,DEF,0
263,5,2025-26,0,0,0,0,0,0,0,0,0,0,0,0,0,0.0,0.0,0.0,0.0,0,0,0,0,0,0.0,0.0,0.0,0.0,0,False,"[{'fixture': 49, 'stats': [{'identifier': 'minutes', 'points': 0, 'value': 0, 'points_modification': 0}]}]",False,Clyne,2,8,40,Clyne,DEF,0
264,5,2025-26,0,0,0,0,0,0,0,0,0,0,0,0,0,0.0,0.0,0.0,0.0,0,0,0,0,0,0.0,0.0,0.0,0.0,0,False,"[{'fixture': 49, 'stats': [{'identifier': 'minutes', 'points': 0, 'value': 0, 'points_modification': 0}]}]",False,Holding,2,8,40,Holding,DEF,0
265,5,2025-26,0,0,0,0,0,0,0,0,0,0,0,0,0,0.0,0.0,0.0,0.0,0,0,0,0,0,0.0,0.0,0.0,0.0,0,False,"[{'fixture': 49, 'stats': [{'identifier': 'minutes', 'points': 0, 'value': 0, 'points_modification': 0}]}]",False,Kporha,2,8,40,Kporha,DEF,0
266,5,2025-26,45,0,1,0,0,0,0,0,0,0,0,0,16,24.6,16.6,21.0,6.2,1,2,1,4,0,0.14,0.23,0.37,0.34,4,False,"[{'fixture': 41, 'stats': [{'identifier': 'minutes', 'points': 1, 'value': 45, 'points_modification': 0}, {'identifier': 'assists', 'points': 3, 'value': 1, 'points_modification': 0}]}]",False,Eze,3,1,75,Eze,MID,4
267,5,2025-26,0,0,0,0,0,0,0,0,0,0,0,0,0,0.0,0.0,0.0,0.0,0,0,0,0,0,0.0,0.0,0.0,0.0,0,False,"[{'fixture': 49, 'stats': [{'identifier': 'minutes', 'points': 0, 'value': 0, 'points_modification': 0}]}]",False,Sarr,3,8,64,Sarr,MID,0
268,5,2025-26,0,0,0,0,0,0,0,0,0,0,0,0,0,0.0,0.0,0.0,0.0,0,0,0,0,0,0.0,0.0,0.0,0.0,0,False,"[{'fixture': 49, 'stats': [{'identifier': 'minutes', 'points': 0, 'value': 0, 'points_modification': 0}]}]",False,Doucouré,3,8,49,Doucouré,MID,0
269,5,2025-26,0,0,0,0,0,0,0,0,0,0,0,0,0,0.0,0.0,0.0,0.0,0,0,0,0,0,0.0,0.0,0.0,0.0,0,False,"[{'fixture': 49, 'stats': [{'identifier': 'minutes', 'points': 0, 'value': 0, 'points_modification': 0}]}]",False,Esse,3,8,48,Esse,MID,0
270,5,2025-26,64,0,0,0,1,0,0,0,0,0,0,0,8,10.0,2.8,2.0,1.5,4,2,0,6,1,0.0,0.01,0.01,0.45,2,False,"[{'fixture': 49, 'stats': [{'identifier': 'minutes', 'points': 2, 'value': 64, 'points_modification': 0}]}]",False,Hughes,3,8,49,Hughes,MID,2
271,5,2025-26,90,0,0,0,1,0,0,0,0,0,0,0,19,24.4,41.3,13.0,7.9,3,0,4,7,1,0.25,0.22,0.47,0.66,2,False,"[{'fixture': 49, 'stats': [{'identifier': 'minutes', 'points': 2, 'value': 90, 'points_modification': 0}]}]",False,Kamada,3,8,50,Kamada,MID,2
272,5,2025-26,25,0,0,0,0,0,0,0,1,0,0,0,5,7.0,10.3,20.0,3.7,3,3,0,6,0,0.08,0.0,0.08,0.22,0,False,"[{'fixture': 49, 'stats': [{'identifier': 'minutes', 'points': 1, 'value': 25, 'points_modification': 0}, {'identifier': 'yellow_cards', 'points': -1, 'value': 1, 'points_modification': 0}]}]",False,Lerma,3,8,49,Lerma,MID,0
273,5,2025-26,74,0,1,0,1,0,0,0,0,0,0,2,30,11.2,43.0,2.0,5.6,2,2,1,5,1,0.04,0.51,0.55,0.52,7,False,"[{'fixture': 49, 'stats': [{'identifier': 'minutes', 'points': 2, 'value': 74, 'points_modification': 0}, {'identifier': 'assists', 'points': 3, 'value': 1, 'points_modification': 0}, {'identifier': 'bonus', 'points': 2, 'value': 2, 'points_modification': 0}]}]",False,Wharton,3,8,50,Wharton,MID,7
274,5,2025-26,0,0,0,0,0,0,0,0,0,0,0,0,0,0.0,0.0,0.0,0.0,0,0,0,0,0,0.0,0.0,0.0,0.0,0,False,"[{'fixture': 49, 'stats': [{'identifier': 'minutes', 'points': 0, 'value': 0, 'points_modification': 0}]}]",False,Agbinone,3,8,45,Agbinone,MID,0
275,5,2025-26,0,0,0,0,0,0,0,0,0,0,0,0,0,0.0,0.0,0.0,0.0,0,0,0,0,0,0.0,0.0,0.0,0.0,0,False,"[{'fixture': 49, 'stats': [{'identifier': 'minutes', 'points': 0, 'value': 0, 'points_modification': 0}]}]",False,Ahamada,3,8,44,Ahamada,MID,0
276,5,2025-26,45,0,0,0,1,0,0,0,0,0,0,0,5,0.0,5.2,5.0,1.0,0,4,1,5,0,0.08,0.04,0.12,0.45,1,False,"[{'fixture': 49, 'stats': [{'identifier': 'minutes', 'points': 1, 'value': 45, 'points_modification': 0}]}]",False,Devenny,3,8,45,Devenny,MID,1
277,5,2025-26,0,0,0,0,0,0,0,0,0,0,0,0,0,0.0,0.0,0.0,0.0,0,0,0,0,0,0.0,0.0,0.0,0.0,0,False,"[{'fixture': 49, 'stats': [{'identifier': 'minutes', 'points': 0, 'value': 0, 'points_modification': 0}]}]",False,Ebiowei,3,8,45,Ebiowei,MID,0
278,5,2025-26,0,0,0,0,0,0,0,0,0,0,0,0,0,0.0,0.0,0.0,0.0,0,0,0,0,0,0.0,0.0,0.0,0.0,0,False,"[{'fixture': 49, 'stats': [{'identifier': 'minutes', 'points': 0, 'value': 0, 'points_modification': 0}]}]",False,J.Rak-Sakyi,3,8,44,J.Rak-Sakyi,MID,0
279,5,2025-26,0,0,0,0,0,0,0,0,0,0,0,0,0,0.0,0.0,0.0,0.0,0,0,0,0,0,0.0,0.0,0.0,0.0,0,False,"[{'fixture': 49, 'stats': [{'identifier': 'minutes', 'points': 0, 'value': 0, 'points_modification': 0}]}]",False,M.França,3,8,45,M.França,MID,0
280,5,2025-26,0,0,0,0,0,0,0,0,0,0,0,0,0,0.0,0.0,0.0,0.0,0,0,0,0,0,0.0,0.0,0.0,0.0,0,False,"[{'fixture': 49, 'stats': [{'identifier': 'minutes', 'points': 0, 'value': 0, 'points_modification': 0}]}]",False,Ozoh,3,8,45,Ozoh,MID,0
281,5,2025-26,0,0,0,0,0,0,0,0,0,0,0,0,0,0.0,0.0,0.0,0.0,0,0,0,0,0,0.0,0.0,0.0,0.0,0,False,"[{'fixture': 49, 'stats': [{'identifier': 'minutes', 'points': 0, 'value': 0, 'points_modification': 0}]}]",False,Rodney,3,8,45,Rodney,MID,0
282,5,2025-26,0,0,0,0,0,0,0,0,0,0,0,0,0,0.0,0.0,0.0,0.0,0,0,0,0,0,0.0,0.0,0.0,0.0,0,False,"[{'fixture': 49, 'stats': [{'identifier': 'minutes', 'points': 0, 'value': 0, 'points_modification': 0}]}]",False,Umeh,3,8,45,Umeh,MID,0
283,5,2025-26,90,1,0,0,1,0,0,0,0,0,0,0,28,37.2,3.3,40.0,8.1,3,4,0,7,1,0.84,0.0,0.84,0.66,6,False,"[{'fixture': 49, 'stats': [{'identifier': 'minutes', 'points': 2, 'value': 90, 'points_modification': 0}, {'identifier': 'goals_scored', 'points': 4, 'value': 1, 'points_modification': 0}]}]",False,Mateta,4,8,76,Mateta,FWD,6
284,5,2025-26,15,0,0,0,0,0,0,0,0,0,0,0,3,3.4,10.4,7.0,2.1,1,1,0,2,0,0.04,0.0,0.04,0.15,1,False,"[{'fixture': 49, 'stats': [{'identifier': 'minutes', 'points': 1, 'value': 15, 'points_modification': 0}]}]",False,Nketiah,4,8,54,Nketiah,FWD,1
285,5,2025-26,0,0,0,0,0,0,0,0,0,0,0,0,0,0.0,0.0,0.0,0.0,0,0,0,0,0,0.0,0.0,0.0,0.0,0,False,"[{'fixture': 49, 'stats': [{'identifier': 'minutes', 'points': 0, 'value': 0, 'points_modification': 0}]}]",False,Édouard,4,8,50,Édouard,FWD,0
286,5,2025-26,0,0,0,0,0,0,0,0,0,0,0,0,0,0.0,0.0,0.0,0.0,0,0,0,0,0,0.0,0.0,0.0,0.0,0,False,"[{'fixture': 49, 'stats': [{'identifier': 'minutes', 'points': 0, 'value': 0, 'points_modification': 0}]}]",False,Marsh,4,8,45,Marsh,FWD,0
287,5,2025-26,90,0,0,0,2,0,0,0,0,0,1,0,3,13.0,0.0,0.0,1.3,1,6,0,0,1,0.0,0.03,0.03,0.9,1,False,"[{'fixture': 46, 'stats': [{'identifier': 'minutes', 'points': 2, 'value': 90, 'points_modification': 0}, {'identifier': 'goals_conceded', 'points': -1, 'value': 2, 'points_modification': 0}]}]",False,Pickford,1,9,55,Pickford,GK,1
288,5,2025-26,0,0,0,0,0,0,0,0,0,0,0,0,0,0.0,0.0,0.0,0.0,0,0,0,0,0,0.0,0.0,0.0,0.0,0,False,"[{'fixture': 46, 'stats': [{'identifier': 'minutes', 'points': 0, 'value': 0, 'points_modification': 0}]}]",False,Travers,1,9,44,Travers,GK,0
289,5,2025-26,0,0,0,0,0,0,0,0,0,0,0,0,0,0.0,0.0,0.0,0.0,0,0,0,0,0,0.0,0.0,0.0,0.0,0,False,"[{'fixture': 46, 'stats': [{'identifier': 'minutes', 'points': 0, 'value': 0, 'points_modification': 0}]}]",False,Tyrer,1,9,40,Tyrer,GK,0
290,5,2025-26,0,0,0,0,0,0,0,0,0,0,0,0,0,0.0,0.0,0.0,0.0,0,0,0,0,0,0.0,0.0,0.0,0.0,0,False,"[{'fixture': 46, 'stats': [{'identifier': 'minutes', 'points': 0, 'value': 0, 'points_modification': 0}]}]",False,Branthwaite,2,9,53,Branthwaite,DEF,0
291,5,2025-26,90,0,0,0,2,0,0,0,0,0,0,0,12,34.6,7.8,0.0,4.2,11,2,3,14,1,0.0,0.02,0.02,0.9,3,False,"[{'fixture': 46, 'stats': [{'identifier': 'minutes', 'points': 2, 'value': 90, 'points_modification': 0}, {'identifier': 'goals_conceded', 'points': -1, 'value': 2, 'points_modification': 0}, {'identifier': 'defensive_contribution', 'points': 2, 'value': 14, 'points_modification': 0}]}]",False,Tarkowski,2,9,55,Tarkowski,DEF,3
292,5,2025-26,85,0,0,0,2,0,0,0,0,0,0,0,0,11.8,11.4,4.0,2.7,5,3,1,6,1,0.0,0.17,0.17,0.9,1,False,"[{'fixture': 46, 'stats': [{'identifier': 'minutes', 'points': 2, 'value': 85, 'points_modification': 0}, {'identifier': 'goals_conceded', 'points': -1, 'value': 2, 'points_modification': 0}]}]",False,Mykolenko,2,9,49,Mykolenko,DEF,1
293,5,2025-26,90,0,0,0,2,0,0,0,0,0,0,0,0,5.2,5.5,0.0,1.1,1,1,0,1,1,0.0,0.02,0.02,0.9,1,False,"[{'fixture': 46, 'stats': [{'identifier': 'minutes', 'points': 2, 'value': 90, 'points_modification': 0}, {'identifier': 'goals_conceded', 'points': -1, 'value': 2, 'points_modification': 0}]}]",False,O'Brien,2,9,50,O'Brien,DEF,1
294,5,2025-26,0,0,0,0,0,0,0,0,0,0,0,0,0,0.0,0.0,0.0,0.0,0,0,0,0,0,0.0,0.0,0.0,0.0,0,False,"[{'fixture': 46, 'stats': [{'identifier': 'minutes', 'points': 0, 'value': 0, 'points_modification': 0}]}]",False,Coleman,2,9,44,Coleman,DEF,0
295,5,2025-26,90,0,0,0,2,0,0,0,0,0,0,0,9,15.4,0.7,2.0,1.8,6,7,1,7,1,0.0,0.01,0.01,0.9,1,False,"[{'fixture': 46, 'stats': [{'identifier': 'minutes', 'points': 2, 'value': 90, 'points_modification': 0}, {'identifier': 'goals_conceded', 'points': -1, 'value': 2, 'points_modification': 0}]}]",False,Keane,2,9,45,Keane,DEF,1
296,5,2025-26,0,0,0,0,0,0,0,0,0,0,0,0,0,0.0,0.0,0.0,0.0,0,0,0,0,0,0.0,0.0,0.0,0.0,0,False,"[{'fixture': 46, 'stats': [{'identifier': 'minutes', 'points': 0, 'value': 0, 'points_modification': 0}]}]",False,Patterson,2,9,44,Patterson,DEF,0
297,5,2025-26,0,0,0,0,0,0,0,0,0,0,0,0,0,0.0,0.0,0.0,0.0,0,0,0,0,0,0.0,0.0,0.0,0.0,0,False,"[{'fixture': 46, 'stats': [{'identifier': 'minutes', 'points': 0, 'value': 0, 'points_modification': 0}]}]",False,Dixon,2,9,40,Dixon,DEF,0
298,5,2025-26,0,0,0,0,0,0,0,0,0,0,0,0,0,0.0,0.0,0.0,0.0,0,0,0,0,0,0.0,0.0,0.0,0.0,0,False,"[{'fixture': 46, 'stats': [{'identifier': 'minutes', 'points': 0, 'value': 0, 'points_modification': 0}]}]",False,Welch,2,9,39,Welch,DEF,0
299,5,2025-26,85,0,1,0,2,0,0,0,1,0,0,0,25,31.4,26.1,2.0,6.0,1,9,2,12,1,0.0,0.16,0.16,0.9,6,False,"[{'fixture': 46, 'stats': [{'identifier': 'minutes', 'points': 2, 'value': 85, 'points_modification': 0}, {'identifier': 'assists', 'points': 3, 'value': 1, 'points_modification': 0}, {'identifier': 'yellow_cards', 'points': -1, 'value': 1, 'points_modification': 0}, {'identifier': 'defensive_contribution', 'points': 2, 'value': 12, 'points_modification': 0}]}]",False,Ndiaye,3,9,65,Ndiaye,MID,6
300,5,2025-26,0,0,0,0,0,0,0,0,0,0,0,0,0,0.0,0.0,0.0,0.0,0,0,0,0,0,0.0,0.0,0.0,0.0,0,False,"[{'fixture': 46, 'stats': [{'identifier': 'minutes', 'points': 0, 'value': 0, 'points_modification': 0}]}]",False,McNeil,3,9,57,McNeil,MID,0
301,5,2025-26,4,0,0,0,0,0,0,0,0,0,0,0,3,0.0,0.3,0.0,0.0,0,0,0,0,0,0.0,0.0,0.0,0.0,1,False,"[{'fixture': 46, 'stats': [{'identifier': 'minutes', 'points': 1, 'value': 4, 'points_modification': 0}]}]",False,Alcaraz,3,9,53,Alcaraz,MID,1
302,5,2025-26,90,1,0,0,2,0,0,0,0,0,0,1,35,50.4,6.4,40.0,9.7,3,7,2,12,1,0.26,0.02,0.28,0.9,10,False,"[{'fixture': 46, 'stats': [{'identifier': 'minutes', 'points': 2, 'value': 90, 'points_modification': 0}, {'identifier': 'goals_scored', 'points': 5, 'value': 1, 'points_modification': 0}, {'identifier': 'bonus', 'points': 1, 'value': 1, 'points_modification': 0}, {'identifier': 'defensive_contribution', 'points': 2, 'value': 12, 'points_modification': 0}]}]",False,Gana,3,9,54,Gana,MID,10
303,5,2025-26,90,0,0,0,2,0,0,0,0,0,0,0,17,16.2,3.2,3.0,2.2,6,7,5,18,1,0.04,0.02,0.06,0.9,4,False,"[{'fixture': 46, 'stats': [{'identifier': 'minutes', 'points': 2, 'value': 90, 'points_modification': 0}, {'identifier': 'defensive_contribution', 'points': 2, 'value': 18, 'points_modification': 0}]}]",False,Garner,3,9,50,Garner,MID,4
304,5,2025-26,0,0,0,0,0,0,0,0,0,0,0,0,0,0.0,0.0,0.0,0.0,0,0,0,0,0,0.0,0.0,0.0,0.0,0,False,"[{'fixture': 46, 'stats': [{'identifier': 'minutes', 'points': 0, 'value': 0, 'points_modification': 0}]}]",False,Iroegbunam,3,9,49,Iroegbunam,MID,0
305,5,2025-26,0,0,0,0,0,0,0,0,0,0,0,0,0,0.0,0.0,0.0,0.0,0,0,0,0,0,0.0,0.0,0.0,0.0,0,False,"[{'fixture': 46, 'stats': [{'identifier': 'minutes', 'points': 0, 'value': 0, 'points_modification': 0}]}]",False,Armstrong,3,9,45,Armstrong,MID,0
306,5,2025-26,0,0,0,0,0,0,0,0,0,0,0,0,0,0.0,0.0,0.0,0.0,0,0,0,0,0,0.0,0.0,0.0,0.0,0,False,"[{'fixture': 46, 'stats': [{'identifier': 'minutes', 'points': 0, 'value': 0, 'points_modification': 0}]}]",False,Bates,3,9,45,Bates,MID,0
307,5,2025-26,0,0,0,0,0,0,0,0,0,0,0,0,0,0.0,0.0,0.0,0.0,0,0,0,0,0,0.0,0.0,0.0,0.0,0,False,"[{'fixture': 46, 'stats': [{'identifier': 'minutes', 'points': 0, 'value': 0, 'points_modification': 0}]}]",False,Ebere,3,9,45,Ebere,MID,0
308,5,2025-26,0,0,0,0,0,0,0,0,0,0,0,0,0,0.0,0.0,0.0,0.0,0,0,0,0,0,0.0,0.0,0.0,0.0,0,False,"[{'fixture': 46, 'stats': [{'identifier': 'minutes', 'points': 0, 'value': 0, 'points_modification': 0}]}]",False,Heath,3,9,45,Heath,MID,0
309,5,2025-26,0,0,0,0,0,0,0,0,0,0,0,0,0,0.0,0.0,0.0,0.0,0,0,0,0,0,0.0,0.0,0.0,0.0,0,False,"[{'fixture': 46, 'stats': [{'identifier': 'minutes', 'points': 0, 'value': 0, 'points_modification': 0}]}]",False,Metcalfe,3,9,45,Metcalfe,MID,0
310,5,2025-26,45,0,0,0,0,0,0,0,0,0,0,0,1,0.4,1.0,0.0,0.1,0,1,0,1,0,0.0,0.0,0.0,0.21,1,False,"[{'fixture': 46, 'stats': [{'identifier': 'minutes', 'points': 1, 'value': 45, 'points_modification': 0}]}]",False,Barry,4,9,58,Barry,FWD,1
311,5,2025-26,45,0,0,0,2,0,0,0,0,0,0,0,1,0.0,0.3,8.0,0.6,0,1,0,1,1,0.2,0.0,0.2,0.69,1,False,"[{'fixture': 46, 'stats': [{'identifier': 'minutes', 'points': 1, 'value': 45, 'points_modification': 0}]}]",False,Beto,4,9,54,Beto,FWD,1
312,5,2025-26,0,0,0,0,0,0,0,0,0,0,0,0,0,0.0,0.0,0.0,0.0,0,0,0,0,0,0.0,0.0,0.0,0.0,0,False,"[{'fixture': 46, 'stats': [{'identifier': 'minutes', 'points': 0, 'value': 0, 'points_modification': 0}]}]",False,Y.Chermiti,4,9,49,Y.Chermiti,FWD,0
313,5,2025-26,0,0,0,0,0,0,0,0,0,0,0,0,0,0.0,0.0,0.0,0.0,0,0,0,0,0,0.0,0.0,0.0,0.0,0,False,"[{'fixture': 46, 'stats': [{'identifier': 'minutes', 'points': 0, 'value': 0, 'points_modification': 0}]}]",False,Sherif,4,9,44,Sherif,FWD,0
314,5,2025-26,90,0,0,0,1,0,0,0,1,0,2,0,9,19.2,0.0,0.0,1.9,1,6,0,0,1,0.0,0.0,0.0,0.6,1,False,"[{'fixture': 45, 'stats': [{'identifier': 'minutes', 'points': 2, 'value': 90, 'points_modification': 0}, {'identifier': 'yellow_cards', 'points': -1, 'value': 1, 'points_modification': 0}]}]",False,Leno,1,10,50,Leno,GK,1
315,5,2025-26,0,0,0,0,0,0,0,0,0,0,0,0,0,0.0,0.0,0.0,0.0,0,0,0,0,0,0.0,0.0,0.0,0.0,0,False,"[{'fixture': 45, 'stats': [{'identifier': 'minutes', 'points': 0, 'value': 0, 'points_modification': 0}]}]",False,Benda,1,10,40,Benda,GK,0
316,5,2025-26,0,0,0,0,0,0,0,0,0,0,0,0,0,0.0,0.0,0.0,0.0,0,0,0,0,0,0.0,0.0,0.0,0.0,0,False,"[{'fixture': 45, 'stats': [{'identifier': 'minutes', 'points': 0, 'value': 0, 'points_modification': 0}]}]",False,Robinson,2,10,50,Robinson,DEF,0
317,5,2025-26,90,0,0,0,1,0,0,0,0,0,0,0,15,32.4,0.8,11.0,4.4,13,3,2,15,1,0.22,0.01,0.23,0.6,4,False,"[{'fixture': 45, 'stats': [{'identifier': 'minutes', 'points': 2, 'value': 90, 'points_modification': 0}, {'identifier': 'defensive_contribution', 'points': 2, 'value': 15, 'points_modification': 0}]}]",False,Andersen,2,10,45,Andersen,DEF,4
318,5,2025-26,90,0,0,0,1,0,0,0,0,0,0,0,15,29.0,0.8,2.0,3.2,9,4,1,10,1,0.01,0.0,0.01,0.6,4,False,"[{'fixture': 45, 'stats': [{'identifier': 'minutes', 'points': 2, 'value': 90, 'points_modification': 0}, {'identifier': 'defensive_contribution', 'points': 2, 'value': 10, 'points_modification': 0}]}]",False,Bassey,2,10,45,Bassey,DEF,4
319,5,2025-26,0,0,0,0,0,0,0,0,0,0,0,0,0,0.0,0.0,0.0,0.0,0,0,0,0,0,0.0,0.0,0.0,0.0,0,False,"[{'fixture': 45, 'stats': [{'identifier': 'minutes', 'points': 0, 'value': 0, 'points_modification': 0}]}]",False,Castagne,2,10,44,Castagne,DEF,0
320,5,2025-26,0,0,0,0,0,0,0,0,0,0,0,0,0,0.0,0.0,0.0,0.0,0,0,0,0,0,0.0,0.0,0.0,0.0,0,False,"[{'fixture': 45, 'stats': [{'identifier': 'minutes', 'points': 0, 'value': 0, 'points_modification': 0}]}]",False,Diop,2,10,44,Diop,DEF,0
321,5,2025-26,4,0,0,0,0,0,0,0,0,0,0,0,6,5.0,0.0,0.0,0.5,3,0,1,4,0,0.0,0.0,0.0,0.05,1,False,"[{'fixture': 45, 'stats': [{'identifier': 'minutes', 'points': 1, 'value': 4, 'points_modification': 0}]}]",False,J.Cuenca,2,10,44,J.Cuenca,DEF,1
322,5,2025-26,90,0,0,0,1,0,0,0,0,0,0,0,11,22.8,13.7,0.0,3.7,5,4,3,8,1,0.0,0.02,0.02,0.6,2,False,"[{'fixture': 45, 'stats': [{'identifier': 'minutes', 'points': 2, 'value': 90, 'points_modification': 0}]}]",False,Tete,2,10,45,Tete,DEF,2
323,5,2025-26,0,0,0,0,0,0,0,0,0,0,0,0,0,0.0,0.0,0.0,0.0,0,0,0,0,0,0.0,0.0,0.0,0.0,0,False,"[{'fixture': 45, 'stats': [{'identifier': 'minutes', 'points': 0, 'value': 0, 'points_modification': 0}]}]",False,Amissah,2,10,39,Amissah,DEF,0
324,5,2025-26,79,1,1,0,1,0,0,0,0,0,0,3,47,59.8,38.3,19.0,11.7,0,5,0,5,1,0.18,0.2,0.38,0.52,13,True,"[{'fixture': 45, 'stats': [{'identifier': 'minutes', 'points': 2, 'value': 79, 'points_modification': 0}, {'identifier': 'goals_scored', 'points': 5, 'value': 1, 'points_modification': 0}, {'identifier': 'assists', 'points': 3, 'value': 1, 'points_modification': 0}, {'identifier': 'bonus', 'points': 3, 'value': 3, 'points_modification': 0}]}]",False,Iwobi,3,10,65,Iwobi,MID,13
325,5,2025-26,10,0,0,0,0,0,0,0,0,0,0,0,4,2.2,0.3,0.0,0.3,0,1,1,2,0,0.0,0.0,0.0,0.08,1,False,"[{'fixture': 45, 'stats': [{'identifier': 'minutes', 'points': 1, 'value': 10, 'points_modification': 0}]}]",False,Smith Rowe,3,10,58,Smith Rowe,MID,1
326,5,2025-26,0,0,0,0,0,0,0,0,0,0,0,0,0,0.0,0.0,0.0,0.0,0,0,0,0,0,0.0,0.0,0.0,0.0,0,False,"[{'fixture': 45, 'stats': [{'identifier': 'minutes', 'points': 0, 'value': 0, 'points_modification': 0}]}]",False,Adama,3,10,53,Adama,MID,0
327,5,2025-26,0,0,0,0,0,0,0,0,0,0,0,0,0,0.0,0.0,0.0,0.0,0,0,0,0,0,0.0,0.0,0.0,0.0,0,False,"[{'fixture': 45, 'stats': [{'identifier': 'minutes', 'points': 0, 'value': 0, 'points_modification': 0}]}]",False,Andreas,3,10,53,Andreas,MID,0
328,5,2025-26,90,0,1,0,1,0,0,0,0,0,0,0,25,22.6,5.8,27.0,5.5,4,1,4,9,1,0.05,0.01,0.06,0.6,5,False,"[{'fixture': 45, 'stats': [{'identifier': 'minutes', 'points': 2, 'value': 90, 'points_modification': 0}, {'identifier': 'assists', 'points': 3, 'value': 1, 'points_modification': 0}]}]",False,Sessegnon,3,10,54,Sessegnon,MID,5
329,5,2025-26,85,1,0,0,1,0,0,0,0,0,0,2,35,47.6,40.5,28.0,11.6,1,3,3,7,1,0.26,0.09,0.35,0.55,9,False,"[{'fixture': 45, 'stats': [{'identifier': 'minutes', 'points': 2, 'value': 85, 'points_modification': 0}, {'identifier': 'goals_scored', 'points': 5, 'value': 1, 'points_modification': 0}, {'identifier': 'bonus', 'points': 2, 'value': 2, 'points_modification': 0}]}]",False,Wilson,3,10,54,Wilson,MID,9
330,5,2025-26,90,0,0,0,1,0,0,0,0,0,0,0,15,12.6,12.5,2.0,2.7,4,5,1,10,1,0.0,0.01,0.01,0.6,2,False,"[{'fixture': 45, 'stats': [{'identifier': 'minutes', 'points': 2, 'value': 90, 'points_modification': 0}]}]",False,Berge,3,10,50,Berge,MID,2
331,5,2025-26,4,0,0,0,0,0,0,0,0,0,0,0,4,0.4,0.3,0.0,0.1,0,1,0,1,0,0.0,0.0,0.0,0.05,1,False,"[{'fixture': 45, 'stats': [{'identifier': 'minutes', 'points': 1, 'value': 4, 'points_modification': 0}]}]",False,Cairney,3,10,49,Cairney,MID,1
332,5,2025-26,85,0,0,0,1,0,0,0,1,0,0,0,6,1.4,29.3,9.0,4.0,2,2,1,5,1,0.09,0.25,0.34,0.55,1,False,"[{'fixture': 45, 'stats': [{'identifier': 'minutes', 'points': 2, 'value': 85, 'points_modification': 0}, {'identifier': 'yellow_cards', 'points': -1, 'value': 1, 'points_modification': 0}]}]",False,Lukić,3,10,50,Lukić,MID,1
333,5,2025-26,0,0,0,0,0,0,0,0,0,0,0,0,0,0.0,0.0,0.0,0.0,0,0,0,0,0,0.0,0.0,0.0,0.0,0,False,"[{'fixture': 45, 'stats': [{'identifier': 'minutes', 'points': 0, 'value': 0, 'points_modification': 0}]}]",False,Godo,3,10,45,Godo,MID,0
334,5,2025-26,0,0,0,0,0,0,0,0,0,0,0,0,0,0.0,0.0,0.0,0.0,0,0,0,0,0,0.0,0.0,0.0,0.0,0,False,"[{'fixture': 45, 'stats': [{'identifier': 'minutes', 'points': 0, 'value': 0, 'points_modification': 0}]}]",False,Harris,3,10,45,Harris,MID,0
335,5,2025-26,66,0,0,0,1,0,0,0,1,0,0,0,3,0.0,3.3,8.0,0.6,0,5,1,6,1,0.09,0.02,0.11,0.43,1,False,"[{'fixture': 45, 'stats': [{'identifier': 'minutes', 'points': 2, 'value': 66, 'points_modification': 0}, {'identifier': 'yellow_cards', 'points': -1, 'value': 1, 'points_modification': 0}]}]",False,King,3,10,45,King,MID,1
336,5,2025-26,0,0,0,0,0,0,0,0,0,0,0,0,0,0.0,0.0,0.0,0.0,0,0,0,0,0,0.0,0.0,0.0,0.0,0,False,"[{'fixture': 45, 'stats': [{'identifier': 'minutes', 'points': 0, 'value': 0, 'points_modification': 0}]}]",False,Reed,3,10,44,Reed,MID,0
337,5,2025-26,10,0,0,0,0,0,0,0,0,0,0,0,2,1.2,1.3,0.0,0.3,1,0,0,1,0,0.0,0.0,0.0,0.08,1,False,"[{'fixture': 45, 'stats': [{'identifier': 'minutes', 'points': 1, 'value': 10, 'points_modification': 0}]}]",False,Raúl,4,10,63,Raúl,FWD,1
338,5,2025-26,79,0,1,0,1,0,0,0,0,0,0,0,13,23.4,20.8,21.0,6.5,4,1,1,6,1,0.12,0.0,0.12,0.52,5,False,"[{'fixture': 45, 'stats': [{'identifier': 'minutes', 'points': 2, 'value': 79, 'points_modification': 0}, {'identifier': 'assists', 'points': 3, 'value': 1, 'points_modification': 0}]}]",False,Muniz,4,10,55,Muniz,FWD,5
339,5,2025-26,0,0,0,0,0,0,0,0,0,0,0,0,0,0.0,0.0,0.0,0.0,0,0,0,0,0,0.0,0.0,0.0,0.0,0,False,"[{'fixture': 50, 'stats': [{'identifier': 'minutes', 'points': 0, 'value': 0, 'points_modification': 0}]}]",False,Meslier,1,11,44,Meslier,GK,0
340,5,2025-26,0,0,0,0,0,0,0,0,0,0,0,0,0,0.0,0.0,0.0,0.0,0,0,0,0,0,0.0,0.0,0.0,0.0,0,False,"[{'fixture': 50, 'stats': [{'identifier': 'minutes', 'points': 0, 'value': 0, 'points_modification': 0}]}]",False,Cairns,1,11,40,Cairns,GK,0
341,5,2025-26,90,0,0,0,1,0,0,0,0,0,5,0,23,39.0,0.0,0.0,3.9,2,15,0,0,1,0.0,0.0,0.0,1.78,3,False,"[{'fixture': 50, 'stats': [{'identifier': 'minutes', 'points': 2, 'value': 90, 'points_modification': 0}, {'identifier': 'saves', 'points': 1, 'value': 5, 'points_modification': 0}]}]",False,Darlow,1,11,40,Darlow,GK,3
342,5,2025-26,82,0,1,0,1,0,0,0,1,0,0,0,6,10.0,1.3,0.0,1.1,5,5,3,8,1,0.0,0.0,0.0,1.51,4,False,"[{'fixture': 50, 'stats': [{'identifier': 'minutes', 'points': 2, 'value': 82, 'points_modification': 0}, {'identifier': 'assists', 'points': 3, 'value': 1, 'points_modification': 0}, {'identifier': 'yellow_cards', 'points': -1, 'value': 1, 'points_modification': 0}]}]",False,Bogle,2,11,45,Bogle,DEF,4
343,5,2025-26,90,0,0,0,1,0,0,0,0,0,0,0,14,32.8,0.8,0.0,3.4,13,2,1,14,1,0.0,0.0,0.0,1.78,4,False,"[{'fixture': 50, 'stats': [{'identifier': 'minutes', 'points': 2, 'value': 90, 'points_modification': 0}, {'identifier': 'defensive_contribution', 'points': 2, 'value': 14, 'points_modification': 0}]}]",False,Struijk,2,11,45,Struijk,DEF,4
344,5,2025-26,0,0,0,0,0,0,0,0,0,0,0,0,0,0.0,0.0,0.0,0.0,0,0,0,0,0,0.0,0.0,0.0,0.0,0,False,"[{'fixture': 50, 'stats': [{'identifier': 'minutes', 'points': 0, 'value': 0, 'points_modification': 0}]}]",False,Bijol,2,11,39,Bijol,DEF,0
345,5,2025-26,0,0,0,0,0,0,0,0,0,0,0,0,0,0.0,0.0,0.0,0.0,0,0,0,0,0,0.0,0.0,0.0,0.0,0,False,"[{'fixture': 50, 'stats': [{'identifier': 'minutes', 'points': 0, 'value': 0, 'points_modification': 0}]}]",False,Bornauw,2,11,39,Bornauw,DEF,0
346,5,2025-26,0,0,0,0,0,0,0,0,0,0,0,0,0,0.0,0.0,0.0,0.0,0,0,0,0,0,0.0,0.0,0.0,0.0,0,False,"[{'fixture': 50, 'stats': [{'identifier': 'minutes', 'points': 0, 'value': 0, 'points_modification': 0}]}]",False,Byram,2,11,39,Byram,DEF,0
347,5,2025-26,90,0,0,0,1,0,0,0,0,0,0,0,11,20.0,6.3,6.0,3.2,10,5,0,10,1,0.0,0.12,0.12,1.78,4,False,"[{'fixture': 50, 'stats': [{'identifier': 'minutes', 'points': 2, 'value': 90, 'points_modification': 0}, {'identifier': 'defensive_contribution', 'points': 2, 'value': 10, 'points_modification': 0}]}]",False,Gudmundsson,2,11,40,Gudmundsson,DEF,4
348,5,2025-26,90,0,0,0,1,0,0,0,0,0,0,0,12,20.0,0.6,0.0,2.1,8,2,1,9,1,0.0,0.01,0.01,1.78,2,False,"[{'fixture': 50, 'stats': [{'identifier': 'minutes', 'points': 2, 'value': 90, 'points_modification': 0}]}]",False,Rodon,2,11,40,Rodon,DEF,2
349,5,2025-26,0,0,0,0,0,0,0,0,0,0,0,0,0,0.0,0.0,0.0,0.0,0,0,0,0,0,0.0,0.0,0.0,0.0,0,False,"[{'fixture': 50, 'stats': [{'identifier': 'minutes', 'points': 0, 'value': 0, 'points_modification': 0}]}]",False,Schmidt,2,11,40,Schmidt,DEF,0
350,5,2025-26,90,0,0,0,1,0,0,0,0,0,0,0,9,3.4,5.7,1.0,1.0,2,7,1,10,1,0.05,0.19,0.24,1.77,2,False,"[{'fixture': 50, 'stats': [{'identifier': 'minutes', 'points': 2, 'value': 90, 'points_modification': 0}]}]",False,Aaronson,3,11,54,Aaronson,MID,2
351,5,2025-26,0,0,0,0,0,0,0,0,0,0,0,0,0,0.0,0.0,0.0,0.0,0,0,0,0,0,0.0,0.0,0.0,0.0,0,False,"[{'fixture': 50, 'stats': [{'identifier': 'minutes', 'points': 0, 'value': 0, 'points_modification': 0}]}]",False,Gnonto,3,11,53,Gnonto,MID,0
352,5,2025-26,20,0,0,0,0,0,0,0,0,0,0,0,4,0.6,1.5,0.0,0.2,0,3,0,3,0,0.0,0.0,0.0,0.5,1,False,"[{'fixture': 50, 'stats': [{'identifier': 'minutes', 'points': 1, 'value': 20, 'points_modification': 0}]}]",False,Harrison,3,11,53,Harrison,MID,1
353,5,2025-26,0,0,0,0,0,0,0,0,0,0,0,0,0,0.0,0.0,0.0,0.0,0,0,0,0,0,0.0,0.0,0.0,0.0,0,False,"[{'fixture': 50, 'stats': [{'identifier': 'minutes', 'points': 0, 'value': 0, 'points_modification': 0}]}]",False,James,3,11,53,James,MID,0
354,5,2025-26,90,0,0,0,1,0,0,0,0,0,0,0,18,17.2,6.1,1.0,2.4,5,6,4,15,1,0.02,0.01,0.03,1.78,4,False,"[{'fixture': 50, 'stats': [{'identifier': 'minutes', 'points': 2, 'value': 90, 'points_modification': 0}, {'identifier': 'defensive_contribution', 'points': 2, 'value': 15, 'points_modification': 0}]}]",False,Ampadu,3,11,49,Ampadu,MID,4
355,5,2025-26,0,0,0,0,0,0,0,0,0,0,0,0,0,0.0,0.0,0.0,0.0,0,0,0,0,0,0.0,0.0,0.0,0.0,0,False,"[{'fixture': 50, 'stats': [{'identifier': 'minutes', 'points': 0, 'value': 0, 'points_modification': 0}]}]",False,Greenwood,3,11,49,Greenwood,MID,0
356,5,2025-26,1,0,0,0,0,0,0,0,0,0,0,0,3,0.2,0.1,0.0,0.0,0,0,0,0,0,0.0,0.0,0.0,0.02,1,False,"[{'fixture': 50, 'stats': [{'identifier': 'minutes', 'points': 1, 'value': 1, 'points_modification': 0}]}]",False,Gruev,3,11,49,Gruev,MID,1
357,5,2025-26,0,0,0,0,0,0,0,0,0,0,0,0,0,0.0,0.0,0.0,0.0,0,0,0,0,0,0.0,0.0,0.0,0.0,0,False,"[{'fixture': 50, 'stats': [{'identifier': 'minutes', 'points': 0, 'value': 0, 'points_modification': 0}]}]",False,Ramazani,3,11,49,Ramazani,MID,0
358,5,2025-26,7,0,0,0,0,0,0,0,0,0,0,0,4,2.0,0.0,0.0,0.2,2,0,0,2,0,0.0,0.0,0.0,0.28,1,False,"[{'fixture': 50, 'stats': [{'identifier': 'minutes', 'points': 1, 'value': 7, 'points_modification': 0}]}]",False,Tanaka,3,11,49,Tanaka,MID,1
359,5,2025-26,0,0,0,0,0,0,0,0,0,0,0,0,0,0.0,0.0,0.0,0.0,0,0,0,0,0,0.0,0.0,0.0,0.0,0,False,"[{'fixture': 50, 'stats': [{'identifier': 'minutes', 'points': 0, 'value': 0, 'points_modification': 0}]}]",False,Crew,3,11,45,Crew,MID,0
360,5,2025-26,0,0,0,0,0,0,0,0,0,0,0,0,0,0.0,0.0,0.0,0.0,0,0,0,0,0,0.0,0.0,0.0,0.0,0,False,"[{'fixture': 50, 'stats': [{'identifier': 'minutes', 'points': 0, 'value': 0, 'points_modification': 0}]}]",False,Gelhardt,3,11,45,Gelhardt,MID,0
361,5,2025-26,0,0,0,0,0,0,0,0,0,0,0,0,0,0.0,0.0,0.0,0.0,0,0,0,0,0,0.0,0.0,0.0,0.0,0,False,"[{'fixture': 50, 'stats': [{'identifier': 'minutes', 'points': 0, 'value': 0, 'points_modification': 0}]}]",False,Gyabi,3,11,45,Gyabi,MID,0
362,5,2025-26,0,0,0,0,0,0,0,0,0,0,0,0,0,0.0,0.0,0.0,0.0,0,0,0,0,0,0.0,0.0,0.0,0.0,0,False,"[{'fixture': 50, 'stats': [{'identifier': 'minutes', 'points': 0, 'value': 0, 'points_modification': 0}]}]",False,Piroe,4,11,52,Piroe,FWD,0
363,5,2025-26,0,0,0,0,0,0,0,0,0,0,0,0,0,0.0,0.0,0.0,0.0,0,0,0,0,0,0.0,0.0,0.0,0.0,0,False,"[{'fixture': 50, 'stats': [{'identifier': 'minutes', 'points': 0, 'value': 0, 'points_modification': 0}]}]",False,Bamford,4,11,49,Bamford,FWD,0
364,5,2025-26,0,0,0,0,0,0,0,0,0,0,0,0,0,0.0,0.0,0.0,0.0,0,0,0,0,0,0.0,0.0,0.0,0.0,0,False,"[{'fixture': 50, 'stats': [{'identifier': 'minutes', 'points': 0, 'value': 0, 'points_modification': 0}]}]",False,Mateo Joseph,4,11,50,Mateo Joseph,FWD,0
365,5,2025-26,1,0,0,0,0,0,0,0,0,0,0,0,3,1.0,0.0,0.0,0.1,1,0,0,1,0,0.0,0.0,0.0,0.02,1,False,"[{'fixture': 50, 'stats': [{'identifier': 'minutes', 'points': 1, 'value': 1, 'points_modification': 0}]}]",False,Nmecha,4,11,50,Nmecha,FWD,1
366,5,2025-26,90,0,0,0,1,0,0,0,0,0,1,0,11,11.8,0.0,0.0,1.2,3,10,0,0,1,0.0,0.0,0.0,0.7,2,False,"[{'fixture': 46, 'stats': [{'identifier': 'minutes', 'points': 2, 'value': 90, 'points_modification': 0}]}]",False,A.Becker,1,12,55,A.Becker,GK,2
367,5,2025-26,0,0,0,0,0,0,0,0,0,0,0,0,0,0.0,0.0,0.0,0.0,0,0,0,0,0,0.0,0.0,0.0,0.0,0,False,"[{'fixture': 46, 'stats': [{'identifier': 'minutes', 'points': 0, 'value': 0, 'points_modification': 0}]}]",False,Mamardashvili,1,12,43,Mamardashvili,GK,0
368,5,2025-26,0,0,0,0,0,0,0,0,0,0,0,0,0,0.0,0.0,0.0,0.0,0,0,0,0,0,0.0,0.0,0.0,0.0,0,False,"[{'fixture': 46, 'stats': [{'identifier': 'minutes', 'points': 0, 'value': 0, 'points_modification': 0}]}]",False,Pécsi,1,12,39,Pécsi,GK,0
369,5,2025-26,0,0,0,0,0,0,0,0,0,0,0,0,0,0.0,0.0,0.0,0.0,0,0,0,0,0,0.0,0.0,0.0,0.0,0,False,"[{'fixture': 46, 'stats': [{'identifier': 'minutes', 'points': 0, 'value': 0, 'points_modification': 0}]}]",False,Woodman,1,12,39,Woodman,GK,0
370,5,2025-26,0,0,0,0,0,0,0,0,0,0,0,0,0,0.0,0.0,0.0,0.0,0,0,0,0,0,0.0,0.0,0.0,0.0,0,False,"[{'fixture': 46, 'stats': [{'identifier': 'minutes', 'points': 0, 'value': 0, 'points_modification': 0}]}]",False,Frimpong,2,12,59,Frimpong,DEF,0
371,5,2025-26,90,0,0,0,1,0,0,0,0,0,0,0,15,24.2,17.4,2.0,4.4,8,1,2,10,1,0.0,0.04,0.04,0.7,4,False,"[{'fixture': 46, 'stats': [{'identifier': 'minutes', 'points': 2, 'value': 90, 'points_modification': 0}, {'identifier': 'defensive_contribution', 'points': 2, 'value': 10, 'points_modification': 0}]}]",False,Kerkez,2,12,59,Kerkez,DEF,4
372,5,2025-26,0,0,0,0,0,0,0,0,0,0,0,0,0,0.0,0.0,0.0,0.0,0,0,0,0,0,0.0,0.0,0.0,0.0,0,False,"[{'fixture': 46, 'stats': [{'identifier': 'minutes', 'points': 0, 'value': 0, 'points_modification': 0}]}]",False,Robertson,2,12,58,Robertson,DEF,0
373,5,2025-26,90,0,0,0,1,0,0,0,0,0,0,0,14,22.6,1.2,2.0,2.6,10,3,0,10,1,0.0,0.01,0.01,0.7,4,False,"[{'fixture': 46, 'stats': [{'identifier': 'minutes', 'points': 2, 'value': 90, 'points_modification': 0}, {'identifier': 'defensive_contribution', 'points': 2, 'value': 10, 'points_modification': 0}]}]",False,Virgil,2,12,61,Virgil,DEF,4
374,5,2025-26,90,0,0,0,1,0,0,0,0,0,0,0,9,27.4,0.7,5.0,3.3,9,2,2,11,1,0.04,0.0,0.04,0.7,4,False,"[{'fixture': 46, 'stats': [{'identifier': 'minutes', 'points': 2, 'value': 90, 'points_modification': 0}, {'identifier': 'defensive_contribution', 'points': 2, 'value': 11, 'points_modification': 0}]}]",False,Konaté,2,12,55,Konaté,DEF,4
375,5,2025-26,90,0,0,0,1,0,0,0,0,0,0,0,6,5.4,3.7,5.0,1.4,4,1,1,5,1,0.04,0.04,0.08,0.7,2,False,"[{'fixture': 46, 'stats': [{'identifier': 'minutes', 'points': 2, 'value': 90, 'points_modification': 0}]}]",False,Bradley,2,12,50,Bradley,DEF,2
376,5,2025-26,0,0,0,0,0,0,0,0,0,0,0,0,0,0.0,0.0,0.0,0.0,0,0,0,0,0,0.0,0.0,0.0,0.0,0,False,"[{'fixture': 46, 'stats': [{'identifier': 'minutes', 'points': 0, 'value': 0, 'points_modification': 0}]}]",False,Gomez,2,12,50,Gomez,DEF,0
377,5,2025-26,0,0,0,0,0,0,0,0,0,0,0,0,0,0.0,0.0,0.0,0.0,0,0,0,0,0,0.0,0.0,0.0,0.0,0,False,"[{'fixture': 46, 'stats': [{'identifier': 'minutes', 'points': 0, 'value': 0, 'points_modification': 0}]}]",False,Tsimikas,2,12,48,Tsimikas,DEF,0
378,5,2025-26,0,0,0,0,0,0,0,0,0,0,0,0,0,0.0,0.0,0.0,0.0,0,0,0,0,0,0.0,0.0,0.0,0.0,0,False,"[{'fixture': 46, 'stats': [{'identifier': 'minutes', 'points': 0, 'value': 0, 'points_modification': 0}]}]",False,Nallo,2,12,39,Nallo,DEF,0
379,5,2025-26,0,0,0,0,0,0,0,0,0,0,0,0,0,0.0,0.0,0.0,0.0,0,0,0,0,0,0.0,0.0,0.0,0.0,0,False,"[{'fixture': 46, 'stats': [{'identifier': 'minutes', 'points': 0, 'value': 0, 'points_modification': 0}]}]",False,R.Williams,2,12,39,R.Williams,DEF,0
380,5,2025-26,0,0,0,0,0,0,0,0,0,0,0,0,0,0.0,0.0,0.0,0.0,0,0,0,0,0,0.0,0.0,0.0,0.0,0,False,"[{'fixture': 46, 'stats': [{'identifier': 'minutes', 'points': 0, 'value': 0, 'points_modification': 0}]}]",False,Ramsay,2,12,39,Ramsay,DEF,0
381,5,2025-26,90,0,1,0,1,0,0,0,0,0,0,0,14,21.6,16.7,27.0,6.5,2,2,0,4,1,0.12,0.19,0.31,0.7,5,False,"[{'fixture': 46, 'stats': [{'identifier': 'minutes', 'points': 2, 'value': 90, 'points_modification': 0}, {'identifier': 'assists', 'points': 3, 'value': 1, 'points_modification': 0}]}]",False,M.Salah,3,12,145,M.Salah,MID,5
382,5,2025-26,29,0,0,0,0,0,0,0,1,0,0,0,-2,1.4,11.3,4.0,1.7,0,0,0,0,0,0.0,0.03,0.03,0.04,0,False,"[{'fixture': 46, 'stats': [{'identifier': 'minutes', 'points': 1, 'value': 29, 'points_modification': 0}, {'identifier': 'yellow_cards', 'points': -1, 'value': 1, 'points_modification': 0}]}]",False,Wirtz,3,12,82,Wirtz,MID,0
383,5,2025-26,0,0,0,0,0,0,0,0,0,0,0,0,0,0.0,0.0,0.0,0.0,0,0,0,0,0,0.0,0.0,0.0,0.0,0,False,"[{'fixture': 46, 'stats': [{'identifier': 'minutes', 'points': 0, 'value': 0, 'points_modification': 0}]}]",False,Luis Díaz,3,12,80,Luis Díaz,MID,0
384,5,2025-26,60,0,0,0,1,0,0,0,0,0,0,0,10,9.2,25.8,10.0,4.5,4,2,1,7,1,0.08,0.1,0.18,0.66,2,False,"[{'fixture': 46, 'stats': [{'identifier': 'minutes', 'points': 2, 'value': 60, 'points_modification': 0}]}]",False,Gakpo,3,12,76,Gakpo,MID,2
385,5,2025-26,0,0,0,0,0,0,0,0,0,0,0,0,0,0.0,0.0,0.0,0.0,0,0,0,0,0,0.0,0.0,0.0,0.0,0,False,"[{'fixture': 46, 'stats': [{'identifier': 'minutes', 'points': 0, 'value': 0, 'points_modification': 0}]}]",False,Chiesa,3,12,64,Chiesa,MID,0
386,5,2025-26,60,0,0,0,1,0,0,0,0,0,0,0,13,4.6,3.8,5.0,1.3,1,5,1,7,1,0.1,0.05,0.15,0.66,2,False,"[{'fixture': 46, 'stats': [{'identifier': 'minutes', 'points': 2, 'value': 60, 'points_modification': 0}]}]",False,Mac Allister,3,12,64,Mac Allister,MID,2
387,5,2025-26,90,0,0,0,1,0,0,0,1,0,0,0,10,11.4,22.4,14.0,4.8,2,7,1,10,1,0.07,0.03,0.1,0.7,1,False,"[{'fixture': 46, 'stats': [{'identifier': 'minutes', 'points': 2, 'value': 90, 'points_modification': 0}, {'identifier': 'yellow_cards', 'points': -1, 'value': 1, 'points_modification': 0}]}]",False,Szoboszlai,3,12,65,Szoboszlai,MID,1
388,5,2025-26,29,0,0,0,0,0,0,0,0,0,0,0,9,9.2,4.7,0.0,1.4,2,3,2,7,0,0.0,0.04,0.04,0.04,1,False,"[{'fixture': 46, 'stats': [{'identifier': 'minutes', 'points': 1, 'value': 29, 'points_modification': 0}]}]",False,C.Jones,3,12,54,C.Jones,MID,1
389,5,2025-26,32,0,0,0,1,0,0,0,0,0,0,0,3,2.2,8.8,11.0,2.2,0,1,0,1,0,0.17,0.05,0.22,0.68,1,False,"[{'fixture': 48, 'stats': [{'identifier': 'minutes', 'points': 1, 'value': 32, 'points_modification': 0}]}]",False,Elliott,3,2,54,Elliott,MID,1
390,5,2025-26,90,1,1,0,1,0,0,0,0,0,0,3,48,67.4,18.5,17.0,10.3,2,7,5,14,1,0.13,0.19,0.32,0.7,15,True,"[{'fixture': 46, 'stats': [{'identifier': 'minutes', 'points': 2, 'value': 90, 'points_modification': 0}, {'identifier': 'goals_scored', 'points': 5, 'value': 1, 'points_modification': 0}, {'identifier': 'assists', 'points': 3, 'value': 1, 'points_modification': 0}, {'identifier': 'bonus', 'points': 3, 'value': 3, 'points_modification': 0}, {'identifier': 'defensive_contribution', 'points': 2, 'value': 14, 'points_modification': 0}]}]",False,Gravenberch,3,12,56,Gravenberch,MID,15
391,5,2025-26,0,0,0,0,0,0,0,0,0,0,0,0,0,0.0,0.0,0.0,0.0,0,0,0,0,0,0.0,0.0,0.0,0.0,0,False,"[{'fixture': 42, 'stats': [{'identifier': 'minutes', 'points': 0, 'value': 0, 'points_modification': 0}]}]",False,Gannon-Doak,3,4,50,Gannon-Doak,MID,0
392,5,2025-26,0,0,0,0,0,0,0,0,0,0,0,0,0,0.0,0.0,0.0,0.0,0,0,0,0,0,0.0,0.0,0.0,0.0,0,False,"[{'fixture': 46, 'stats': [{'identifier': 'minutes', 'points': 0, 'value': 0, 'points_modification': 0}]}]",False,Endo,3,12,49,Endo,MID,0
393,5,2025-26,0,0,0,0,0,0,0,0,0,0,0,0,0,0.0,0.0,0.0,0.0,0,0,0,0,0,0.0,0.0,0.0,0.0,0,False,"[{'fixture': 46, 'stats': [{'identifier': 'minutes', 'points': 0, 'value': 0, 'points_modification': 0}]}]",False,Bajcetic,3,12,44,Bajcetic,MID,0
394,5,2025-26,0,0,0,0,0,0,0,0,0,0,0,0,0,0.0,0.0,0.0,0.0,0,0,0,0,0,0.0,0.0,0.0,0.0,0,False,"[{'fixture': 46, 'stats': [{'identifier': 'minutes', 'points': 0, 'value': 0, 'points_modification': 0}]}]",False,McConnell,3,12,44,McConnell,MID,0
395,5,2025-26,0,0,0,0,0,0,0,0,0,0,0,0,0,0.0,0.0,0.0,0.0,0,0,0,0,0,0.0,0.0,0.0,0.0,0,False,"[{'fixture': 46, 'stats': [{'identifier': 'minutes', 'points': 0, 'value': 0, 'points_modification': 0}]}]",False,Morton,3,12,45,Morton,MID,0
396,5,2025-26,0,0,0,0,0,0,0,0,0,0,0,0,0,0.0,0.0,0.0,0.0,0,0,0,0,0,0.0,0.0,0.0,0.0,0,False,"[{'fixture': 46, 'stats': [{'identifier': 'minutes', 'points': 0, 'value': 0, 'points_modification': 0}]}]",False,Nyoni,3,12,44,Nyoni,MID,0
397,5,2025-26,0,0,0,0,0,0,0,0,0,0,0,0,0,0.0,0.0,0.0,0.0,0,0,0,0,0,0.0,0.0,0.0,0.0,0,False,"[{'fixture': 46, 'stats': [{'identifier': 'minutes', 'points': 0, 'value': 0, 'points_modification': 0}]}]",False,Darwin,4,12,65,Darwin,FWD,0
398,5,2025-26,0,0,0,0,0,0,0,0,0,0,0,0,0,0.0,0.0,0.0,0.0,0,0,0,0,0,0.0,0.0,0.0,0.0,0,False,"[{'fixture': 46, 'stats': [{'identifier': 'minutes', 'points': 0, 'value': 0, 'points_modification': 0}]}]",False,Danns,4,12,44,Danns,FWD,0
399,5,2025-26,0,0,0,0,0,0,0,0,0,0,0,0,0,0.0,0.0,0.0,0.0,0,0,0,0,0,0.0,0.0,0.0,0.0,0,False,"[{'fixture': 41, 'stats': [{'identifier': 'minutes', 'points': 0, 'value': 0, 'points_modification': 0}]}]",False,Ederson M.,1,13,53,Ederson M.,GK,0
400,5,2025-26,0,0,0,0,0,0,0,0,0,0,0,0,0,0.0,0.0,0.0,0.0,0,0,0,0,0,0.0,0.0,0.0,0.0,0,False,"[{'fixture': 41, 'stats': [{'identifier': 'minutes', 'points': 0, 'value': 0, 'points_modification': 0}]}]",False,Ortega Moreno,1,13,49,Ortega Moreno,GK,0
401,5,2025-26,0,0,0,0,0,0,0,0,0,0,0,0,0,0.0,0.0,0.0,0.0,0,0,0,0,0,0.0,0.0,0.0,0.0,0,False,"[{'fixture': 41, 'stats': [{'identifier': 'minutes', 'points': 0, 'value': 0, 'points_modification': 0}]}]",False,Bettinelli,1,13,40,Bettinelli,GK,0
402,5,2025-26,0,0,0,0,0,0,0,0,0,0,0,0,0,0.0,0.0,0.0,0.0,0,0,0,0,0,0.0,0.0,0.0,0.0,0,False,"[{'fixture': 41, 'stats': [{'identifier': 'minutes', 'points': 0, 'value': 0, 'points_modification': 0}]}]",False,Aït-Nouri,2,13,59,Aït-Nouri,DEF,0
403,5,2025-26,90,0,0,0,1,0,0,0,0,0,0,0,16,30.0,0.3,0.0,3.0,12,6,2,14,1,0.0,0.0,0.0,0.96,4,False,"[{'fixture': 41, 'stats': [{'identifier': 'minutes', 'points': 2, 'value': 90, 'points_modification': 0}, {'identifier': 'defensive_contribution', 'points': 2, 'value': 14, 'points_modification': 0}]}]",False,Gvardiol,2,13,58,Gvardiol,DEF,4
404,5,2025-26,0,0,0,0,0,0,0,0,0,0,0,0,0,0.0,0.0,0.0,0.0,0,0,0,0,0,0.0,0.0,0.0,0.0,0,False,"[{'fixture': 41, 'stats': [{'identifier': 'minutes', 'points': 0, 'value': 0, 'points_modification': 0}]}]",False,Akanji,2,13,54,Akanji,DEF,0
405,5,2025-26,22,0,0,0,1,0,0,0,0,0,0,0,1,3.0,0.5,0.0,0.4,2,0,0,2,0,0.0,0.03,0.03,0.23,1,False,"[{'fixture': 41, 'stats': [{'identifier': 'minutes', 'points': 1, 'value': 22, 'points_modification': 0}]}]",False,Aké,2,13,54,Aké,DEF,1
406,5,2025-26,45,0,0,0,0,0,0,0,0,0,0,0,4,4.8,0.8,0.0,0.6,3,3,0,3,1,0.0,0.0,0.0,0.35,1,False,"[{'fixture': 41, 'stats': [{'identifier': 'minutes', 'points': 1, 'value': 45, 'points_modification': 0}]}]",False,Khusanov,2,13,54,Khusanov,DEF,1
407,5,2025-26,45,0,0,0,1,0,0,0,0,0,0,0,5,11.6,0.8,0.0,1.2,6,2,1,7,0,0.0,0.0,0.0,0.61,1,False,"[{'fixture': 41, 'stats': [{'identifier': 'minutes', 'points': 1, 'value': 45, 'points_modification': 0}]}]",False,Matheus N.,2,13,53,Matheus N.,DEF,1
408,5,2025-26,90,0,0,0,1,0,0,0,0,0,0,0,5,9.0,0.7,0.0,1.0,6,1,0,6,1,0.0,0.0,0.0,0.96,2,False,"[{'fixture': 41, 'stats': [{'identifier': 'minutes', 'points': 2, 'value': 90, 'points_modification': 0}]}]",False,Rúben,2,13,55,Rúben,DEF,2
409,5,2025-26,3,0,0,0,1,0,0,0,0,0,0,0,-1,0.0,0.0,2.0,0.2,0,0,0,0,0,0.0,0.0,0.0,0.16,1,False,"[{'fixture': 41, 'stats': [{'identifier': 'minutes', 'points': 1, 'value': 3, 'points_modification': 0}]}]",False,Stones,2,13,55,Stones,DEF,1
410,5,2025-26,0,0,0,0,0,0,0,0,0,0,0,0,0,0.0,0.0,0.0,0.0,0,0,0,0,0,0.0,0.0,0.0,0.0,0,False,"[{'fixture': 41, 'stats': [{'identifier': 'minutes', 'points': 0, 'value': 0, 'points_modification': 0}]}]",False,Lewis,2,13,50,Lewis,DEF,0
411,5,2025-26,86,0,0,1,0,0,0,0,0,0,0,0,19,15.4,0.7,0.0,1.6,7,2,2,9,1,0.0,0.0,0.0,0.8,6,False,"[{'fixture': 41, 'stats': [{'identifier': 'minutes', 'points': 2, 'value': 86, 'points_modification': 0}, {'identifier': 'clean_sheets', 'points': 4, 'value': 1, 'points_modification': 0}]}]",False,O’Reilly,2,13,49,O’Reilly,DEF,6
412,5,2025-26,0,0,0,0,0,0,0,0,0,0,0,0,0,0.0,0.0,0.0,0.0,0,0,0,0,0,0.0,0.0,0.0,0.0,0,False,"[{'fixture': 41, 'stats': [{'identifier': 'minutes', 'points': 0, 'value': 0, 'points_modification': 0}]}]",False,Vitor Reis,2,13,50,Vitor Reis,DEF,0
413,5,2025-26,0,0,0,0,0,0,0,0,0,0,0,0,0,0.0,0.0,0.0,0.0,0,0,0,0,0,0.0,0.0,0.0,0.0,0,False,"[{'fixture': 41, 'stats': [{'identifier': 'minutes', 'points': 0, 'value': 0, 'points_modification': 0}]}]",False,Marmoush,3,13,83,Marmoush,MID,0
414,5,2025-26,67,0,0,1,0,0,0,0,0,0,0,0,10,6.0,1.8,0.0,0.8,4,2,2,8,1,0.0,0.01,0.01,0.72,3,False,"[{'fixture': 41, 'stats': [{'identifier': 'minutes', 'points': 2, 'value': 67, 'points_modification': 0}, {'identifier': 'clean_sheets', 'points': 1, 'value': 1, 'points_modification': 0}]}]",False,Foden,3,13,81,Foden,MID,3
415,5,2025-26,3,0,0,0,1,0,0,0,0,0,0,0,1,0.0,0.8,0.0,0.0,0,1,0,1,0,0.0,0.0,0.0,0.16,1,False,"[{'fixture': 41, 'stats': [{'identifier': 'minutes', 'points': 1, 'value': 3, 'points_modification': 0}]}]",False,Savinho,3,13,69,Savinho,MID,1
416,5,2025-26,90,0,0,0,1,0,0,0,1,0,0,0,10,13.8,12.3,2.0,2.8,4,6,1,11,1,0.0,0.02,0.02,0.96,1,False,"[{'fixture': 41, 'stats': [{'identifier': 'minutes', 'points': 2, 'value': 90, 'points_modification': 0}, {'identifier': 'yellow_cards', 'points': -1, 'value': 1, 'points_modification': 0}]}]",False,Bernardo,3,13,64,Bernardo,MID,1
417,5,2025-26,0,0,0,0,0,0,0,0,0,0,0,0,0,0.0,0.0,0.0,0.0,0,0,0,0,0,0.0,0.0,0.0,0.0,0,False,"[{'fixture': 41, 'stats': [{'identifier': 'minutes', 'points': 0, 'value': 0, 'points_modification': 0}]}]",False,Cherki,3,13,63,Cherki,MID,0
418,5,2025-26,86,0,0,1,0,0,0,0,0,0,0,0,12,14.6,21.9,11.0,4.8,0,5,4,9,1,0.25,0.02,0.27,0.8,3,False,"[{'fixture': 41, 'stats': [{'identifier': 'minutes', 'points': 2, 'value': 86, 'points_modification': 0}, {'identifier': 'clean_sheets', 'points': 1, 'value': 1, 'points_modification': 0}]}]",False,Doku,3,13,65,Doku,MID,3
419,5,2025-26,90,0,0,0,2,0,0,0,1,0,0,0,16,19.4,41.6,14.0,7.5,3,3,2,8,1,0.01,0.1,0.11,0.9,1,False,"[{'fixture': 46, 'stats': [{'identifier': 'minutes', 'points': 2, 'value': 90, 'points_modification': 0}, {'identifier': 'yellow_cards', 'points': -1, 'value': 1, 'points_modification': 0}]}]",False,Grealish,3,9,69,Grealish,MID,1
420,5,2025-26,0,0,0,0,0,0,0,0,0,0,0,0,0,0.0,0.0,0.0,0.0,0,0,0,0,0,0.0,0.0,0.0,0.0,0,False,"[{'fixture': 41, 'stats': [{'identifier': 'minutes', 'points': 0, 'value': 0, 'points_modification': 0}]}]",False,Gündoğan,3,13,63,Gündoğan,MID,0
421,5,2025-26,90,0,0,0,1,0,0,0,0,0,0,0,19,22.6,5.2,1.0,2.9,11,3,2,16,1,0.06,0.01,0.07,0.96,4,False,"[{'fixture': 41, 'stats': [{'identifier': 'minutes', 'points': 2, 'value': 90, 'points_modification': 0}, {'identifier': 'defensive_contribution', 'points': 2, 'value': 16, 'points_modification': 0}]}]",False,Rodrigo,3,13,64,Rodrigo,MID,4
422,5,2025-26,0,0,0,0,0,0,0,0,0,0,0,0,0,0.0,0.0,0.0,0.0,0,0,0,0,0,0.0,0.0,0.0,0.0,0,False,"[{'fixture': 41, 'stats': [{'identifier': 'minutes', 'points': 0, 'value': 0, 'points_modification': 0}]}]",False,Kovačić,3,13,59,Kovačić,MID,0
423,5,2025-26,14,0,0,0,1,0,0,0,0,0,0,0,2,1.8,0.5,0.0,0.2,1,1,0,2,0,0.0,0.0,0.0,0.18,1,False,"[{'fixture': 41, 'stats': [{'identifier': 'minutes', 'points': 1, 'value': 14, 'points_modification': 0}]}]",False,N.Gonzalez,3,13,59,N.Gonzalez,MID,1
424,5,2025-26,0,0,0,0,0,0,0,0,0,0,0,0,0,0.0,0.0,0.0,0.0,0,0,0,0,0,0.0,0.0,0.0,0.0,0,False,"[{'fixture': 41, 'stats': [{'identifier': 'minutes', 'points': 0, 'value': 0, 'points_modification': 0}]}]",False,Bobb,3,13,55,Bobb,MID,0
425,5,2025-26,0,0,0,0,0,0,0,0,0,0,0,0,0,0.0,0.0,0.0,0.0,0,0,0,0,0,0.0,0.0,0.0,0.0,0,False,"[{'fixture': 41, 'stats': [{'identifier': 'minutes', 'points': 0, 'value': 0, 'points_modification': 0}]}]",False,Echeverri,3,13,54,Echeverri,MID,0
426,5,2025-26,0,0,0,0,0,0,0,0,0,0,0,0,0,0.0,0.0,0.0,0.0,0,0,0,0,0,0.0,0.0,0.0,0.0,0,False,"[{'fixture': 44, 'stats': [{'identifier': 'minutes', 'points': 0, 'value': 0, 'points_modification': 0}]}]",False,McAtee,3,16,53,McAtee,MID,0
427,5,2025-26,90,0,1,0,1,0,0,0,0,0,0,2,26,31.2,21.8,17.0,7.0,5,7,0,12,1,0.06,0.04,0.1,0.96,9,False,"[{'fixture': 41, 'stats': [{'identifier': 'minutes', 'points': 2, 'value': 90, 'points_modification': 0}, {'identifier': 'assists', 'points': 3, 'value': 1, 'points_modification': 0}, {'identifier': 'bonus', 'points': 2, 'value': 2, 'points_modification': 0}, {'identifier': 'defensive_contribution', 'points': 2, 'value': 12, 'points_modification': 0}]}]",False,Reijnders,3,13,57,Reijnders,MID,9
428,5,2025-26,0,0,0,0,0,0,0,0,0,0,0,0,0,0.0,0.0,0.0,0.0,0,0,0,0,0,0.0,0.0,0.0,0.0,0,False,"[{'fixture': 41, 'stats': [{'identifier': 'minutes', 'points': 0, 'value': 0, 'points_modification': 0}]}]",False,Nypan,3,13,50,Nypan,MID,0
429,5,2025-26,0,0,0,0,0,0,0,0,0,0,0,0,0,0.0,0.0,0.0,0.0,0,0,0,0,0,0.0,0.0,0.0,0.0,0,False,"[{'fixture': 41, 'stats': [{'identifier': 'minutes', 'points': 0, 'value': 0, 'points_modification': 0}]}]",False,Phillips,3,13,49,Phillips,MID,0
430,5,2025-26,75,1,0,1,0,0,0,0,0,0,0,3,32,35.4,2.1,34.0,7.2,2,3,0,5,1,0.52,0.01,0.53,0.77,9,False,"[{'fixture': 41, 'stats': [{'identifier': 'minutes', 'points': 2, 'value': 75, 'points_modification': 0}, {'identifier': 'goals_scored', 'points': 4, 'value': 1, 'points_modification': 0}, {'identifier': 'bonus', 'points': 3, 'value': 3, 'points_modification': 0}]}]",False,Haaland,4,13,143,Haaland,FWD,9
431,5,2025-26,90,0,0,0,1,0,0,0,0,0,0,0,4,3.8,0.0,0.0,0.4,3,2,0,0,1,0.0,0.0,0.0,0.43,2,False,"[{'fixture': 47, 'stats': [{'identifier': 'minutes', 'points': 2, 'value': 90, 'points_modification': 0}]}]",False,Bayindir,1,14,50,Bayindir,GK,2
432,5,2025-26,0,0,0,0,0,0,0,0,0,0,0,0,0,0.0,0.0,0.0,0.0,0,0,0,0,0,0.0,0.0,0.0,0.0,0,False,"[{'fixture': 47, 'stats': [{'identifier': 'minutes', 'points': 0, 'value': 0, 'points_modification': 0}]}]",False,Onana,1,14,49,Onana,GK,0
433,5,2025-26,0,0,0,0,0,0,0,0,0,0,0,0,0,0.0,0.0,0.0,0.0,0,0,0,0,0,0.0,0.0,0.0,0.0,0,False,"[{'fixture': 47, 'stats': [{'identifier': 'minutes', 'points': 0, 'value': 0, 'points_modification': 0}]}]",False,Harrison,1,14,40,Harrison,GK,0
434,5,2025-26,0,0,0,0,0,0,0,0,0,0,0,0,0,0.0,0.0,0.0,0.0,0,0,0,0,0,0.0,0.0,0.0,0.0,0,False,"[{'fixture': 47, 'stats': [{'identifier': 'minutes', 'points': 0, 'value': 0, 'points_modification': 0}]}]",False,Heaton,1,14,40,Heaton,GK,0
435,5,2025-26,0,0,0,0,0,0,0,0,0,0,0,0,0,0.0,0.0,0.0,0.0,0,0,0,0,0,0.0,0.0,0.0,0.0,0,False,"[{'fixture': 47, 'stats': [{'identifier': 'minutes', 'points': 0, 'value': 0, 'points_modification': 0}]}]",False,Mee,1,14,40,Mee,GK,0
436,5,2025-26,90,0,0,0,1,0,0,0,0,0,0,0,20,27.0,23.3,0.0,5.0,7,4,2,9,1,0.0,0.38,0.38,0.43,2,False,"[{'fixture': 47, 'stats': [{'identifier': 'minutes', 'points': 2, 'value': 90, 'points_modification': 0}]}]",False,De Ligt,2,14,50,De Ligt,DEF,2
437,5,2025-26,0,0,0,0,0,0,0,0,0,0,0,0,0,0.0,0.0,0.0,0.0,0,0,0,0,0,0.0,0.0,0.0,0.0,0,False,"[{'fixture': 47, 'stats': [{'identifier': 'minutes', 'points': 0, 'value': 0, 'points_modification': 0}]}]",False,Martinez,2,14,49,Martinez,DEF,0
438,5,2025-26,64,0,0,1,0,0,0,0,0,0,0,1,28,18.0,11.2,0.0,2.9,1,6,4,5,1,0.0,0.1,0.1,0.13,7,False,"[{'fixture': 47, 'stats': [{'identifier': 'minutes', 'points': 2, 'value': 64, 'points_modification': 0}, {'identifier': 'clean_sheets', 'points': 4, 'value': 1, 'points_modification': 0}, {'identifier': 'bonus', 'points': 1, 'value': 1, 'points_modification': 0}]}]",False,Mazraoui,2,14,49,Mazraoui,DEF,7
439,5,2025-26,0,0,0,0,0,0,0,0,0,0,0,0,0,0.0,0.0,0.0,0.0,0,0,0,0,0,0.0,0.0,0.0,0.0,0,False,"[{'fixture': 47, 'stats': [{'identifier': 'minutes', 'points': 0, 'value': 0, 'points_modification': 0}]}]",False,D.Leon,2,14,43,D.Leon,DEF,0
440,5,2025-26,0,0,0,0,0,0,0,0,0,0,0,0,0,0.0,0.0,0.0,0.0,0,0,0,0,0,0.0,0.0,0.0,0.0,0,False,"[{'fixture': 47, 'stats': [{'identifier': 'minutes', 'points': 0, 'value': 0, 'points_modification': 0}]}]",False,Dalot,2,14,44,Dalot,DEF,0
441,5,2025-26,90,0,1,0,1,0,0,0,0,0,0,0,22,36.0,26.8,10.0,7.3,3,4,4,7,1,0.0,0.39,0.39,0.43,5,False,"[{'fixture': 47, 'stats': [{'identifier': 'minutes', 'points': 2, 'value': 90, 'points_modification': 0}, {'identifier': 'assists', 'points': 3, 'value': 1, 'points_modification': 0}]}]",False,Dorgu,2,14,45,Dorgu,DEF,5
442,5,2025-26,69,0,1,1,0,0,0,0,0,0,0,2,34,19.2,10.8,6.0,3.6,2,2,1,3,1,0.11,0.01,0.12,0.13,11,True,"[{'fixture': 47, 'stats': [{'identifier': 'minutes', 'points': 2, 'value': 69, 'points_modification': 0}, {'identifier': 'assists', 'points': 3, 'value': 1, 'points_modification': 0}, {'identifier': 'clean_sheets', 'points': 4, 'value': 1, 'points_modification': 0}, {'identifier': 'bonus', 'points': 2, 'value': 2, 'points_modification': 0}]}]",False,Maguire,2,14,44,Maguire,DEF,11
443,5,2025-26,90,0,0,0,1,0,0,0,0,0,0,0,12,14.2,2.2,5.0,2.1,5,6,3,8,1,0.08,0.01,0.09,0.43,2,False,"[{'fixture': 47, 'stats': [{'identifier': 'minutes', 'points': 2, 'value': 90, 'points_modification': 0}]}]",False,Shaw,2,14,45,Shaw,DEF,2
444,5,2025-26,20,0,0,0,1,0,0,0,0,0,0,0,-2,0.0,0.0,0.0,0.0,0,2,0,0,0,0.0,0.0,0.0,0.3,1,False,"[{'fixture': 47, 'stats': [{'identifier': 'minutes', 'points': 1, 'value': 20, 'points_modification': 0}]}]",False,Yoro,2,14,45,Yoro,DEF,1
445,5,2025-26,0,0,0,0,0,0,0,0,0,0,0,0,0,0.0,0.0,0.0,0.0,0,0,0,0,0,0.0,0.0,0.0,0.0,0,False,"[{'fixture': 47, 'stats': [{'identifier': 'minutes', 'points': 0, 'value': 0, 'points_modification': 0}]}]",False,Amass,2,14,40,Amass,DEF,0
446,5,2025-26,0,0,0,0,0,0,0,0,0,0,0,0,0,0.0,0.0,0.0,0.0,0,0,0,0,0,0.0,0.0,0.0,0.0,0,False,"[{'fixture': 47, 'stats': [{'identifier': 'minutes', 'points': 0, 'value': 0, 'points_modification': 0}]}]",False,Fredricson,2,14,39,Fredricson,DEF,0
447,5,2025-26,0,0,0,0,0,0,0,0,0,0,0,0,0,0.0,0.0,0.0,0.0,0,0,0,0,0,0.0,0.0,0.0,0.0,0,False,"[{'fixture': 47, 'stats': [{'identifier': 'minutes', 'points': 0, 'value': 0, 'points_modification': 0}]}]",False,Heaven,2,14,39,Heaven,DEF,0
448,5,2025-26,0,0,0,0,0,0,0,0,0,0,0,0,0,0.0,0.0,0.0,0.0,0,0,0,0,0,0.0,0.0,0.0,0.0,0,False,"[{'fixture': 47, 'stats': [{'identifier': 'minutes', 'points': 0, 'value': 0, 'points_modification': 0}]}]",False,Malacia,2,14,39,Malacia,DEF,0
449,5,2025-26,86,1,0,0,1,0,0,0,0,0,0,3,36,42.8,17.8,46.0,10.7,0,6,2,8,1,0.82,0.08,0.9,0.32,10,True,"[{'fixture': 47, 'stats': [{'identifier': 'minutes', 'points': 2, 'value': 86, 'points_modification': 0}, {'identifier': 'goals_scored', 'points': 5, 'value': 1, 'points_modification': 0}, {'identifier': 'bonus', 'points': 3, 'value': 3, 'points_modification': 0}]}]",False,B.Fernandes,3,14,90,B.Fernandes,MID,10
450,5,2025-26,26,0,0,0,1,0,0,0,0,0,0,0,7,4.2,4.3,2.0,1.1,1,3,0,4,0,0.0,0.03,0.03,0.3,1,False,"[{'fixture': 47, 'stats': [{'identifier': 'minutes', 'points': 1, 'value': 26, 'points_modification': 0}]}]",False,Cunha,3,14,80,Cunha,MID,1
451,5,2025-26,0,0,0,0,0,0,0,0,0,0,0,0,0,0.0,0.0,0.0,0.0,0,0,0,0,0,0.0,0.0,0.0,0.0,0,False,"[{'fixture': 47, 'stats': [{'identifier': 'minutes', 'points': 0, 'value': 0, 'points_modification': 0}]}]",False,Rashford,3,14,70,Rashford,MID,0
452,5,2025-26,90,0,0,0,1,0,0,0,0,0,0,0,8,9.2,7.9,12.0,2.9,3,6,2,11,1,0.38,0.05,0.43,0.43,2,False,"[{'fixture': 47, 'stats': [{'identifier': 'minutes', 'points': 2, 'value': 90, 'points_modification': 0}]}]",False,Amad,3,14,63,Amad,MID,2
453,5,2025-26,0,0,0,0,0,0,0,0,0,0,0,0,0,0.0,0.0,0.0,0.0,0,0,0,0,0,0.0,0.0,0.0,0.0,0,False,"[{'fixture': 47, 'stats': [{'identifier': 'minutes', 'points': 0, 'value': 0, 'points_modification': 0}]}]",False,Garnacho,3,7,64,Garnacho,MID,0
454,5,2025-26,0,0,0,0,0,0,0,0,0,0,0,0,0,0.0,0.0,0.0,0.0,0,0,0,0,0,0.0,0.0,0.0,0.0,0,False,"[{'fixture': 47, 'stats': [{'identifier': 'minutes', 'points': 0, 'value': 0, 'points_modification': 0}]}]",False,Antony,3,14,59,Antony,MID,0
455,5,2025-26,21,0,0,0,1,0,0,0,0,0,0,0,3,0.6,0.1,0.0,0.1,0,1,0,1,0,0.0,0.0,0.0,0.3,1,False,"[{'fixture': 47, 'stats': [{'identifier': 'minutes', 'points': 1, 'value': 21, 'points_modification': 0}]}]",False,Mount,3,14,59,Mount,MID,1
456,5,2025-26,8,0,0,0,0,0,0,0,0,0,0,0,2,0.8,2.8,7.0,1.1,0,0,0,0,0,0.02,0.04,0.06,0.0,1,False,"[{'fixture': 48, 'stats': [{'identifier': 'minutes', 'points': 1, 'value': 8, 'points_modification': 0}]}]",False,Sancho,3,2,59,Sancho,MID,1
457,5,2025-26,49,1,0,0,1,0,0,0,0,1,0,0,16,29.8,12.3,35.0,7.7,0,3,0,3,1,0.35,0.01,0.36,0.03,3,False,"[{'fixture': 47, 'stats': [{'identifier': 'minutes', 'points': 1, 'value': 49, 'points_modification': 0}, {'identifier': 'goals_scored', 'points': 5, 'value': 1, 'points_modification': 0}, {'identifier': 'red_cards', 'points': -3, 'value': 1, 'points_modification': 0}]}]",False,Casemiro,3,14,55,Casemiro,MID,3
458,5,2025-26,3,0,0,0,0,0,0,0,0,0,0,0,3,1.0,0.3,0.0,0.1,1,0,0,1,0,0.0,0.0,0.0,0.1,1,False,"[{'fixture': 47, 'stats': [{'identifier': 'minutes', 'points': 1, 'value': 3, 'points_modification': 0}]}]",False,Mainoo,3,14,48,Mainoo,MID,1
459,5,2025-26,45,0,0,0,1,0,0,0,0,0,0,0,8,12.0,0.5,0.0,1.3,3,1,3,7,0,0.0,0.0,0.0,0.34,1,False,"[{'fixture': 47, 'stats': [{'identifier': 'minutes', 'points': 1, 'value': 45, 'points_modification': 0}]}]",False,Ugarte,3,14,49,Ugarte,MID,1
460,5,2025-26,0,0,0,0,0,0,0,0,0,0,0,0,0,0.0,0.0,0.0,0.0,0,0,0,0,0,0.0,0.0,0.0,0.0,0,False,"[{'fixture': 47, 'stats': [{'identifier': 'minutes', 'points': 0, 'value': 0, 'points_modification': 0}]}]",False,Collyer,3,14,45,Collyer,MID,0
461,5,2025-26,0,0,0,0,0,0,0,0,0,0,0,0,0,0.0,0.0,0.0,0.0,0,0,0,0,0,0.0,0.0,0.0,0.0,0,False,"[{'fixture': 47, 'stats': [{'identifier': 'minutes', 'points': 0, 'value': 0, 'points_modification': 0}]}]",False,Fitzgerald,3,14,44,Fitzgerald,MID,0
462,5,2025-26,0,0,0,0,0,0,0,0,0,0,0,0,0,0.0,0.0,0.0,0.0,0,0,0,0,0,0.0,0.0,0.0,0.0,0,False,"[{'fixture': 47, 'stats': [{'identifier': 'minutes', 'points': 0, 'value': 0, 'points_modification': 0}]}]",False,J.Fletcher,3,14,44,J.Fletcher,MID,0
463,5,2025-26,0,0,0,0,0,0,0,0,0,0,0,0,0,0.0,0.0,0.0,0.0,0,0,0,0,0,0.0,0.0,0.0,0.0,0,False,"[{'fixture': 47, 'stats': [{'identifier': 'minutes', 'points': 0, 'value': 0, 'points_modification': 0}]}]",False,Kone,3,14,44,Kone,MID,0
464,5,2025-26,0,0,0,0,0,0,0,0,0,0,0,0,0,0.0,0.0,0.0,0.0,0,0,0,0,0,0.0,0.0,0.0,0.0,0,False,"[{'fixture': 47, 'stats': [{'identifier': 'minutes', 'points': 0, 'value': 0, 'points_modification': 0}]}]",False,Moorhouse,3,14,45,Moorhouse,MID,0
465,5,2025-26,0,0,0,0,0,0,0,0,0,0,0,0,0,0.0,0.0,0.0,0.0,0,0,0,0,0,0.0,0.0,0.0,0.0,0,False,"[{'fixture': 47, 'stats': [{'identifier': 'minutes', 'points': 0, 'value': 0, 'points_modification': 0}]}]",False,Højlund,4,14,63,Højlund,FWD,0
466,5,2025-26,0,0,0,0,0,0,0,0,0,0,0,0,0,0.0,0.0,0.0,0.0,0,0,0,0,0,0.0,0.0,0.0,0.0,0,False,"[{'fixture': 47, 'stats': [{'identifier': 'minutes', 'points': 0, 'value': 0, 'points_modification': 0}]}]",False,Zirkzee,4,14,59,Zirkzee,FWD,0
467,5,2025-26,0,0,0,0,0,0,0,0,0,0,0,0,0,0.0,0.0,0.0,0.0,0,0,0,0,0,0.0,0.0,0.0,0.0,0,False,"[{'fixture': 47, 'stats': [{'identifier': 'minutes', 'points': 0, 'value': 0, 'points_modification': 0}]}]",False,Obi,4,14,44,Obi,FWD,0
468,5,2025-26,0,0,0,0,0,0,0,0,0,0,0,0,0,0.0,0.0,0.0,0.0,0,0,0,0,0,0.0,0.0,0.0,0.0,0,False,"[{'fixture': 47, 'stats': [{'identifier': 'minutes', 'points': 0, 'value': 0, 'points_modification': 0}]}]",False,Wheatley,4,14,45,Wheatley,FWD,0
469,5,2025-26,90,0,0,1,0,0,0,0,0,0,2,0,26,14.8,0.0,0.0,1.5,1,11,0,0,1,0.0,0.0,0.0,0.56,6,True,"[{'fixture': 42, 'stats': [{'identifier': 'minutes', 'points': 2, 'value': 90, 'points_modification': 0}, {'identifier': 'clean_sheets', 'points': 4, 'value': 1, 'points_modification': 0}]}]",False,Pope,1,15,50,Pope,GK,6
470,5,2025-26,90,0,0,0,1,0,0,0,0,0,7,0,24,49.6,0.0,0.0,5.0,1,11,0,0,1,0.0,0.0,0.0,1.1,4,False,"[{'fixture': 44, 'stats': [{'identifier': 'minutes', 'points': 2, 'value': 90, 'points_modification': 0}, {'identifier': 'saves', 'points': 2, 'value': 7, 'points_modification': 0}]}]",False,Dúbravka,1,3,40,Dúbravka,GK,4
471,5,2025-26,0,0,0,0,0,0,0,0,0,0,0,0,0,0.0,0.0,0.0,0.0,0,0,0,0,0,0.0,0.0,0.0,0.0,0,False,"[{'fixture': 42, 'stats': [{'identifier': 'minutes', 'points': 0, 'value': 0, 'points_modification': 0}]}]",False,Gillespie,1,15,40,Gillespie,GK,0
472,5,2025-26,0,0,0,0,0,0,0,0,0,0,0,0,0,0.0,0.0,0.0,0.0,0,0,0,0,0,0.0,0.0,0.0,0.0,0,False,"[{'fixture': 42, 'stats': [{'identifier': 'minutes', 'points': 0, 'value': 0, 'points_modification': 0}]}]",False,Odysseas,1,15,40,Odysseas,GK,0
473,5,2025-26,90,0,0,1,0,0,0,0,0,0,0,1,27,18.4,2.6,4.0,2.5,1,7,4,5,1,0.0,0.05,0.05,0.56,7,False,"[{'fixture': 42, 'stats': [{'identifier': 'minutes', 'points': 2, 'value': 90, 'points_modification': 0}, {'identifier': 'clean_sheets', 'points': 4, 'value': 1, 'points_modification': 0}, {'identifier': 'bonus', 'points': 1, 'value': 1, 'points_modification': 0}]}]",False,Hall,2,15,54,Hall,DEF,7
474,5,2025-26,0,0,0,0,0,0,0,0,0,0,0,0,0,0.0,0.0,0.0,0.0,0,0,0,0,0,0.0,0.0,0.0,0.0,0,False,"[{'fixture': 42, 'stats': [{'identifier': 'minutes', 'points': 0, 'value': 0, 'points_modification': 0}]}]",False,Schär,2,15,55,Schär,DEF,0
475,5,2025-26,90,0,0,1,0,0,0,0,0,0,0,2,28,24.8,0.3,0.0,2.5,9,7,0,9,1,0.0,0.0,0.0,0.56,8,False,"[{'fixture': 42, 'stats': [{'identifier': 'minutes', 'points': 2, 'value': 90, 'points_modification': 0}, {'identifier': 'clean_sheets', 'points': 4, 'value': 1, 'points_modification': 0}, {'identifier': 'bonus', 'points': 2, 'value': 2, 'points_modification': 0}]}]",False,Botman,2,15,49,Botman,DEF,8
476,5,2025-26,90,0,0,1,0,0,0,0,0,0,0,1,27,33.0,1.2,2.0,3.6,13,5,2,15,1,0.0,0.03,0.03,0.56,9,False,"[{'fixture': 42, 'stats': [{'identifier': 'minutes', 'points': 2, 'value': 90, 'points_modification': 0}, {'identifier': 'clean_sheets', 'points': 4, 'value': 1, 'points_modification': 0}, {'identifier': 'bonus', 'points': 1, 'value': 1, 'points_modification': 0}, {'identifier': 'defensive_contribution', 'points': 2, 'value': 15, 'points_modification': 0}]}]",False,Burn,2,15,50,Burn,DEF,9
477,5,2025-26,90,0,0,1,0,0,0,0,0,0,0,0,26,12.6,4.8,2.0,1.9,3,3,2,5,1,0.0,0.02,0.02,0.56,6,False,"[{'fixture': 42, 'stats': [{'identifier': 'minutes', 'points': 2, 'value': 90, 'points_modification': 0}, {'identifier': 'clean_sheets', 'points': 4, 'value': 1, 'points_modification': 0}]}]",False,Livramento,2,15,51,Livramento,DEF,6
478,5,2025-26,0,0,0,0,0,0,0,0,0,0,0,0,0,0.0,0.0,0.0,0.0,0,0,0,0,0,0.0,0.0,0.0,0.0,0,False,"[{'fixture': 42, 'stats': [{'identifier': 'minutes', 'points': 0, 'value': 0, 'points_modification': 0}]}]",False,Trippier,2,15,50,Trippier,DEF,0
479,5,2025-26,0,0,0,0,0,0,0,0,0,0,0,0,0,0.0,0.0,0.0,0.0,0,0,0,0,0,0.0,0.0,0.0,0.0,0,False,"[{'fixture': 42, 'stats': [{'identifier': 'minutes', 'points': 0, 'value': 0, 'points_modification': 0}]}]",False,Krafth,2,15,44,Krafth,DEF,0
480,5,2025-26,6,0,0,0,0,0,0,0,0,0,0,0,4,3.0,0.0,0.0,0.3,2,0,0,2,0,0.0,0.0,0.0,0.13,1,False,"[{'fixture': 42, 'stats': [{'identifier': 'minutes', 'points': 1, 'value': 6, 'points_modification': 0}]}]",False,Lascelles,2,15,44,Lascelles,DEF,1
481,5,2025-26,0,0,0,0,0,0,0,0,0,0,0,0,0,0.0,0.0,0.0,0.0,0,0,0,0,0,0.0,0.0,0.0,0.0,0,False,"[{'fixture': 42, 'stats': [{'identifier': 'minutes', 'points': 0, 'value': 0, 'points_modification': 0}]}]",False,A.Murphy,2,15,39,A.Murphy,DEF,0
482,5,2025-26,0,0,0,0,0,0,0,0,0,0,0,0,0,0.0,0.0,0.0,0.0,0,0,0,0,0,0.0,0.0,0.0,0.0,0,False,"[{'fixture': 42, 'stats': [{'identifier': 'minutes', 'points': 0, 'value': 0, 'points_modification': 0}]}]",False,Ashby,2,15,39,Ashby,DEF,0
483,5,2025-26,0,0,0,0,0,0,0,0,0,0,0,0,0,0.0,0.0,0.0,0.0,0,0,0,0,0,0.0,0.0,0.0,0.0,0,False,"[{'fixture': 42, 'stats': [{'identifier': 'minutes', 'points': 0, 'value': 0, 'points_modification': 0}]}]",False,Pivas,2,15,39,Pivas,DEF,0
484,5,2025-26,0,0,0,0,0,0,0,0,0,0,0,0,0,0.0,0.0,0.0,0.0,0,0,0,0,0,0.0,0.0,0.0,0.0,0,False,"[{'fixture': 42, 'stats': [{'identifier': 'minutes', 'points': 0, 'value': 0, 'points_modification': 0}]}]",False,Targett,2,15,40,Targett,DEF,0
485,5,2025-26,0,0,0,0,0,0,0,0,0,0,0,0,0,0.0,0.0,0.0,0.0,0,0,0,0,0,0.0,0.0,0.0,0.0,0,False,"[{'fixture': 42, 'stats': [{'identifier': 'minutes', 'points': 0, 'value': 0, 'points_modification': 0}]}]",False,Gordon,3,15,74,Gordon,MID,0
486,5,2025-26,28,0,0,0,0,0,0,0,0,0,0,0,5,3.4,0.7,2.0,0.6,2,1,0,3,0,0.0,0.0,0.0,0.13,1,False,"[{'fixture': 42, 'stats': [{'identifier': 'minutes', 'points': 1, 'value': 28, 'points_modification': 0}]}]",False,Elanga,3,15,69,Elanga,MID,1
487,5,2025-26,28,0,0,0,0,0,0,0,0,0,0,0,1,0.0,0.8,4.0,0.3,0,2,0,2,0,0.0,0.0,0.0,0.13,1,False,"[{'fixture': 42, 'stats': [{'identifier': 'minutes', 'points': 1, 'value': 28, 'points_modification': 0}]}]",False,Barnes,3,15,65,Barnes,MID,1
488,5,2025-26,0,0,0,0,0,0,0,0,0,0,0,0,0,0.0,0.0,0.0,0.0,0,0,0,0,0,0.0,0.0,0.0,0.0,0,False,"[{'fixture': 42, 'stats': [{'identifier': 'minutes', 'points': 0, 'value': 0, 'points_modification': 0}]}]",False,Bruno G.,3,15,65,Bruno G.,MID,0
489,5,2025-26,61,0,0,1,0,0,0,0,0,0,0,0,8,6.4,6.8,24.0,3.7,1,1,0,2,1,0.08,0.05,0.13,0.43,3,False,"[{'fixture': 42, 'stats': [{'identifier': 'minutes', 'points': 2, 'value': 61, 'points_modification': 0}, {'identifier': 'clean_sheets', 'points': 1, 'value': 1, 'points_modification': 0}]}]",False,J.Murphy,3,15,63,J.Murphy,MID,3
490,5,2025-26,0,0,0,0,0,0,0,0,0,0,0,0,0,0.0,0.0,0.0,0.0,0,0,0,0,0,0.0,0.0,0.0,0.0,0,False,"[{'fixture': 42, 'stats': [{'identifier': 'minutes', 'points': 0, 'value': 0, 'points_modification': 0}]}]",False,Joelinton,3,15,59,Joelinton,MID,0
491,5,2025-26,90,0,0,1,0,0,0,0,0,0,0,0,19,17.2,32.6,5.0,5.5,0,5,3,8,1,0.06,0.17,0.23,0.56,3,False,"[{'fixture': 42, 'stats': [{'identifier': 'minutes', 'points': 2, 'value': 90, 'points_modification': 0}, {'identifier': 'clean_sheets', 'points': 1, 'value': 1, 'points_modification': 0}]}]",False,Tonali,3,15,54,Tonali,MID,3
492,5,2025-26,0,0,0,0,0,0,0,0,0,0,0,0,0,0.0,0.0,0.0,0.0,0,0,0,0,0,0.0,0.0,0.0,0.0,0,False,"[{'fixture': 42, 'stats': [{'identifier': 'minutes', 'points': 0, 'value': 0, 'points_modification': 0}]}]",False,Antoñito C.,3,15,49,Antoñito C.,MID,0
493,5,2025-26,82,0,0,0,1,0,0,0,0,0,0,0,16,21.2,3.8,7.0,3.2,2,3,6,11,1,0.07,0.0,0.07,1.51,2,False,"[{'fixture': 50, 'stats': [{'identifier': 'minutes', 'points': 2, 'value': 82, 'points_modification': 0}]}]",False,Longstaff,3,11,49,Longstaff,MID,2
494,5,2025-26,61,0,0,1,0,0,0,0,0,0,0,0,15,10.6,1.9,2.0,1.5,1,4,4,9,1,0.0,0.01,0.01,0.43,3,False,"[{'fixture': 42, 'stats': [{'identifier': 'minutes', 'points': 2, 'value': 61, 'points_modification': 0}, {'identifier': 'clean_sheets', 'points': 1, 'value': 1, 'points_modification': 0}]}]",False,Willock,3,15,50,Willock,MID,3
495,5,2025-26,0,0,0,0,0,0,0,0,0,0,0,0,0,0.0,0.0,0.0,0.0,0,0,0,0,0,0.0,0.0,0.0,0.0,0,False,"[{'fixture': 42, 'stats': [{'identifier': 'minutes', 'points': 0, 'value': 0, 'points_modification': 0}]}]",False,Hayden,3,15,45,Hayden,MID,0
496,5,2025-26,0,0,0,0,0,0,0,0,0,0,0,0,0,0.0,0.0,0.0,0.0,0,0,0,0,0,0.0,0.0,0.0,0.0,0,False,"[{'fixture': 42, 'stats': [{'identifier': 'minutes', 'points': 0, 'value': 0, 'points_modification': 0}]}]",False,Kuol,3,15,44,Kuol,MID,0
497,5,2025-26,90,0,0,1,0,0,0,0,0,0,0,0,14,12.2,13.4,2.0,2.8,2,5,2,9,1,0.0,0.02,0.02,0.56,3,False,"[{'fixture': 42, 'stats': [{'identifier': 'minutes', 'points': 2, 'value': 90, 'points_modification': 0}, {'identifier': 'clean_sheets', 'points': 1, 'value': 1, 'points_modification': 0}]}]",False,L.Miley,3,15,44,L.Miley,MID,3
498,5,2025-26,0,0,0,0,0,0,0,0,0,0,0,0,0,0.0,0.0,0.0,0.0,0,0,0,0,0,0.0,0.0,0.0,0.0,0,False,"[{'fixture': 42, 'stats': [{'identifier': 'minutes', 'points': 0, 'value': 0, 'points_modification': 0}]}]",False,White,3,15,45,White,MID,0
499,5,2025-26,23,0,0,0,0,0,0,0,0,0,0,0,5,2.4,0.3,4.0,0.7,0,2,1,3,0,0.0,0.01,0.01,0.04,1,False,"[{'fixture': 46, 'stats': [{'identifier': 'minutes', 'points': 1, 'value': 23, 'points_modification': 0}]}]",False,Isak,4,12,105,Isak,FWD,1
500,5,2025-26,6,0,0,0,0,0,0,0,0,0,0,0,3,0.0,0.0,0.0,0.0,0,0,0,0,0,0.0,0.0,0.0,0.13,1,False,"[{'fixture': 42, 'stats': [{'identifier': 'minutes', 'points': 1, 'value': 6, 'points_modification': 0}]}]",False,Osula,4,15,55,Osula,FWD,1
501,5,2025-26,0,0,0,0,0,0,0,0,0,0,0,0,0,0.0,0.0,0.0,0.0,0,0,0,0,0,0.0,0.0,0.0,0.0,0,False,"[{'fixture': 42, 'stats': [{'identifier': 'minutes', 'points': 0, 'value': 0, 'points_modification': 0}]}]",False,Neave,4,15,44,Neave,FWD,0
502,5,2025-26,90,0,0,0,1,0,0,0,0,0,4,0,14,29.4,0.0,0.0,2.9,2,3,0,0,1,0.0,0.0,0.0,0.85,3,False,"[{'fixture': 44, 'stats': [{'identifier': 'minutes', 'points': 2, 'value': 90, 'points_modification': 0}, {'identifier': 'saves', 'points': 1, 'value': 4, 'points_modification': 0}]}]",False,Sels,1,16,50,Sels,GK,3
503,5,2025-26,0,0,0,0,0,0,0,0,0,0,0,0,0,0.0,0.0,0.0,0.0,0,0,0,0,0,0.0,0.0,0.0,0.0,0,False,"[{'fixture': 44, 'stats': [{'identifier': 'minutes', 'points': 0, 'value': 0, 'points_modification': 0}]}]",False,C.Miguel,1,16,40,C.Miguel,GK,0
504,5,2025-26,0,0,0,0,0,0,0,0,0,0,0,0,0,0.0,0.0,0.0,0.0,0,0,0,0,0,0.0,0.0,0.0,0.0,0,False,"[{'fixture': 44, 'stats': [{'identifier': 'minutes', 'points': 0, 'value': 0, 'points_modification': 0}]}]",False,Turner,1,16,40,Turner,GK,0
505,5,2025-26,90,0,0,0,1,0,0,0,0,0,0,0,16,18.4,13.3,0.0,3.2,8,2,0,8,1,0.0,0.11,0.11,0.85,2,False,"[{'fixture': 44, 'stats': [{'identifier': 'minutes', 'points': 2, 'value': 90, 'points_modification': 0}]}]",False,Milenković,2,16,54,Milenković,DEF,2
506,5,2025-26,0,0,0,0,0,0,0,0,0,0,0,0,0,0.0,0.0,0.0,0.0,0,0,0,0,0,0.0,0.0,0.0,0.0,0,False,"[{'fixture': 44, 'stats': [{'identifier': 'minutes', 'points': 0, 'value': 0, 'points_modification': 0}]}]",False,Murillo,2,16,54,Murillo,DEF,0
507,5,2025-26,0,0,0,0,0,0,0,0,0,0,0,0,0,0.0,0.0,0.0,0.0,0,0,0,0,0,0.0,0.0,0.0,0.0,0,False,"[{'fixture': 44, 'stats': [{'identifier': 'minutes', 'points': 0, 'value': 0, 'points_modification': 0}]}]",False,Aina,2,16,49,Aina,DEF,0
508,5,2025-26,90,1,0,0,1,0,0,0,0,0,0,2,28,49.4,8.3,37.0,9.5,5,4,2,7,1,0.15,0.01,0.16,0.85,10,True,"[{'fixture': 44, 'stats': [{'identifier': 'minutes', 'points': 2, 'value': 90, 'points_modification': 0}, {'identifier': 'goals_scored', 'points': 6, 'value': 1, 'points_modification': 0}, {'identifier': 'bonus', 'points': 2, 'value': 2, 'points_modification': 0}]}]",False,N.Williams,2,16,49,N.Williams,DEF,10
509,5,2025-26,0,0,0,0,0,0,0,0,0,0,0,0,0,0.0,0.0,0.0,0.0,0,0,0,0,0,0.0,0.0,0.0,0.0,0,False,"[{'fixture': 44, 'stats': [{'identifier': 'minutes', 'points': 0, 'value': 0, 'points_modification': 0}]}]",False,David Carmo,2,16,45,David Carmo,DEF,0
510,5,2025-26,0,0,0,0,0,0,0,0,0,0,0,0,0,0.0,0.0,0.0,0.0,0,0,0,0,0,0.0,0.0,0.0,0.0,0,False,"[{'fixture': 44, 'stats': [{'identifier': 'minutes', 'points': 0, 'value': 0, 'points_modification': 0}]}]",False,Jair Cunha,2,16,44,Jair Cunha,DEF,0
511,5,2025-26,90,0,0,0,1,0,0,0,1,0,0,0,6,16.0,1.9,0.0,1.8,4,5,3,7,1,0.0,0.01,0.01,0.85,1,False,"[{'fixture': 44, 'stats': [{'identifier': 'minutes', 'points': 2, 'value': 90, 'points_modification': 0}, {'identifier': 'yellow_cards', 'points': -1, 'value': 1, 'points_modification': 0}]}]",False,Morato,2,16,44,Morato,DEF,1
512,5,2025-26,0,0,0,0,0,0,0,0,0,0,0,0,0,0.0,0.0,0.0,0.0,0,0,0,0,0,0.0,0.0,0.0,0.0,0,False,"[{'fixture': 44, 'stats': [{'identifier': 'minutes', 'points': 0, 'value': 0, 'points_modification': 0}]}]",False,O.Richards,2,16,45,O.Richards,DEF,0
513,5,2025-26,0,0,0,0,0,0,0,0,0,0,0,0,0,0.0,0.0,0.0,0.0,0,0,0,0,0,0.0,0.0,0.0,0.0,0,False,"[{'fixture': 44, 'stats': [{'identifier': 'minutes', 'points': 0, 'value': 0, 'points_modification': 0}]}]",False,Abbott,2,16,39,Abbott,DEF,0
514,5,2025-26,0,0,0,0,0,0,0,0,0,0,0,0,0,0.0,0.0,0.0,0.0,0,0,0,0,0,0.0,0.0,0.0,0.0,0,False,"[{'fixture': 44, 'stats': [{'identifier': 'minutes', 'points': 0, 'value': 0, 'points_modification': 0}]}]",False,Boly,2,16,39,Boly,DEF,0
515,5,2025-26,90,0,0,0,1,0,0,0,0,0,0,0,16,15.0,28.7,25.0,6.9,3,3,0,6,1,0.08,0.05,0.13,0.85,2,False,"[{'fixture': 44, 'stats': [{'identifier': 'minutes', 'points': 2, 'value': 90, 'points_modification': 0}]}]",False,Gibbs-White,3,16,75,Gibbs-White,MID,2
516,5,2025-26,31,0,0,0,0,0,0,0,0,0,0,0,2,3.8,23.5,2.0,2.9,0,0,0,0,0,0.01,0.03,0.04,0.34,1,False,"[{'fixture': 44, 'stats': [{'identifier': 'minutes', 'points': 1, 'value': 31, 'points_modification': 0}]}]",False,Hudson-Odoi,3,16,60,Hudson-Odoi,MID,1
517,5,2025-26,90,0,0,0,1,0,0,0,0,0,0,0,24,28.0,36.5,9.0,7.4,5,9,1,15,1,0.04,0.25,0.29,0.85,4,False,"[{'fixture': 44, 'stats': [{'identifier': 'minutes', 'points': 2, 'value': 90, 'points_modification': 0}, {'identifier': 'defensive_contribution', 'points': 2, 'value': 15, 'points_modification': 0}]}]",False,Anderson,3,16,55,Anderson,MID,4
518,5,2025-26,0,0,0,0,0,0,0,0,0,0,0,0,0,0.0,0.0,0.0,0.0,0,0,0,0,0,0.0,0.0,0.0,0.0,0,False,"[{'fixture': 44, 'stats': [{'identifier': 'minutes', 'points': 0, 'value': 0, 'points_modification': 0}]}]",False,Jota,3,16,54,Jota,MID,0
519,5,2025-26,0,0,0,0,0,0,0,0,0,0,0,0,0,0.0,0.0,0.0,0.0,0,0,0,0,0,0.0,0.0,0.0,0.0,0,False,"[{'fixture': 44, 'stats': [{'identifier': 'minutes', 'points': 0, 'value': 0, 'points_modification': 0}]}]",False,Dominguez,3,16,50,Dominguez,MID,0
520,5,2025-26,0,0,0,0,0,0,0,0,0,0,0,0,0,0.0,0.0,0.0,0.0,0,0,0,0,0,0.0,0.0,0.0,0.0,0,False,"[{'fixture': 44, 'stats': [{'identifier': 'minutes', 'points': 0, 'value': 0, 'points_modification': 0}]}]",False,O'Brien,3,16,50,O'Brien,MID,0
521,5,2025-26,14,0,0,0,0,0,0,0,0,0,0,0,2,7.0,1.7,0.0,0.9,1,1,0,2,0,0.0,0.01,0.01,0.17,1,False,"[{'fixture': 44, 'stats': [{'identifier': 'minutes', 'points': 1, 'value': 14, 'points_modification': 0}]}]",False,Sangaré,3,16,50,Sangaré,MID,1
522,5,2025-26,0,0,0,0,0,0,0,0,0,0,0,0,0,0.0,0.0,0.0,0.0,0,0,0,0,0,0.0,0.0,0.0,0.0,0,False,"[{'fixture': 44, 'stats': [{'identifier': 'minutes', 'points': 0, 'value': 0, 'points_modification': 0}]}]",False,Yates,3,16,48,Yates,MID,0
523,5,2025-26,0,0,0,0,0,0,0,0,0,0,0,0,0,0.0,0.0,0.0,0.0,0,0,0,0,0,0.0,0.0,0.0,0.0,0,False,"[{'fixture': 44, 'stats': [{'identifier': 'minutes', 'points': 0, 'value': 0, 'points_modification': 0}]}]",False,Da Silva Moreira,3,16,45,Da Silva Moreira,MID,0
524,5,2025-26,0,0,0,0,0,0,0,0,0,0,0,0,0,0.0,0.0,0.0,0.0,0,0,0,0,0,0.0,0.0,0.0,0.0,0,False,"[{'fixture': 44, 'stats': [{'identifier': 'minutes', 'points': 0, 'value': 0, 'points_modification': 0}]}]",False,Stamenic,3,16,45,Stamenic,MID,0
525,5,2025-26,74,0,0,0,1,0,0,0,0,0,0,0,7,5.0,17.5,24.0,4.7,2,2,0,4,1,0.41,0.0,0.41,0.68,2,False,"[{'fixture': 44, 'stats': [{'identifier': 'minutes', 'points': 2, 'value': 74, 'points_modification': 0}]}]",False,Wood,4,16,75,Wood,FWD,2
526,5,2025-26,15,0,0,0,0,0,0,0,0,0,0,0,6,5.2,10.6,17.0,3.3,0,0,0,0,0,0.04,0.03,0.07,0.17,1,False,"[{'fixture': 44, 'stats': [{'identifier': 'minutes', 'points': 1, 'value': 15, 'points_modification': 0}]}]",False,Igor Jesus,4,16,58,Igor Jesus,FWD,1
527,5,2025-26,0,0,0,0,0,0,0,0,0,0,0,0,0,0.0,0.0,0.0,0.0,0,0,0,0,0,0.0,0.0,0.0,0.0,0,False,"[{'fixture': 44, 'stats': [{'identifier': 'minutes', 'points': 0, 'value': 0, 'points_modification': 0}]}]",False,Awoniyi,4,16,53,Awoniyi,FWD,0
528,5,2025-26,0,0,0,0,0,0,0,0,0,0,0,0,0,0.0,0.0,0.0,0.0,0,0,0,0,0,0.0,0.0,0.0,0.0,0,False,"[{'fixture': 48, 'stats': [{'identifier': 'minutes', 'points': 0, 'value': 0, 'points_modification': 0}]}]",False,Patterson,1,17,44,Patterson,GK,0
529,5,2025-26,0,0,0,0,0,0,0,0,0,0,0,0,0,0.0,0.0,0.0,0.0,0,0,0,0,0,0.0,0.0,0.0,0.0,0,False,"[{'fixture': 48, 'stats': [{'identifier': 'minutes', 'points': 0, 'value': 0, 'points_modification': 0}]}]",False,Moore,1,17,40,Moore,GK,0
530,5,2025-26,0,0,0,0,0,0,0,0,0,0,0,0,0,0.0,0.0,0.0,0.0,0,0,0,0,0,0.0,0.0,0.0,0.0,0,False,"[{'fixture': 48, 'stats': [{'identifier': 'minutes', 'points': 0, 'value': 0, 'points_modification': 0}]}]",False,Nna Noukeu,1,17,40,Nna Noukeu,GK,0
531,5,2025-26,53,0,0,0,1,0,0,0,0,0,0,0,2,12.6,10.1,1.0,2.4,5,0,1,6,0,0.01,0.0,0.01,0.46,1,False,"[{'fixture': 48, 'stats': [{'identifier': 'minutes', 'points': 1, 'value': 53, 'points_modification': 0}]}]",False,Ballard,2,17,46,Ballard,DEF,1
532,5,2025-26,90,0,0,0,1,0,0,0,0,0,0,0,13,19.4,14.3,2.0,3.6,7,2,3,10,1,0.0,0.04,0.04,0.71,4,False,"[{'fixture': 48, 'stats': [{'identifier': 'minutes', 'points': 2, 'value': 90, 'points_modification': 0}, {'identifier': 'defensive_contribution', 'points': 2, 'value': 10, 'points_modification': 0}]}]",False,Hume,2,17,45,Hume,DEF,4
533,5,2025-26,0,0,0,0,0,0,0,0,0,0,0,0,0,0.0,0.0,0.0,0.0,0,0,0,0,0,0.0,0.0,0.0,0.0,0,False,"[{'fixture': 48, 'stats': [{'identifier': 'minutes', 'points': 0, 'value': 0, 'points_modification': 0}]}]",False,Alese,2,17,40,Alese,DEF,0
534,5,2025-26,0,0,0,0,0,0,0,0,0,0,0,0,0,0.0,0.0,0.0,0.0,0,0,0,0,0,0.0,0.0,0.0,0.0,0,False,"[{'fixture': 48, 'stats': [{'identifier': 'minutes', 'points': 0, 'value': 0, 'points_modification': 0}]}]",False,Anderson,2,17,39,Anderson,DEF,0
535,5,2025-26,0,0,0,0,0,0,0,0,0,0,0,0,0,0.0,0.0,0.0,0.0,0,0,0,0,0,0.0,0.0,0.0,0.0,0,False,"[{'fixture': 48, 'stats': [{'identifier': 'minutes', 'points': 0, 'value': 0, 'points_modification': 0}]}]",False,Cirkin,2,17,40,Cirkin,DEF,0
536,5,2025-26,0,0,0,0,0,0,0,0,0,0,0,0,0,0.0,0.0,0.0,0.0,0,0,0,0,0,0.0,0.0,0.0,0.0,0,False,"[{'fixture': 48, 'stats': [{'identifier': 'minutes', 'points': 0, 'value': 0, 'points_modification': 0}]}]",False,Hjelde,2,17,40,Hjelde,DEF,0
537,5,2025-26,0,0,0,0,0,0,0,0,0,0,0,0,0,0.0,0.0,0.0,0.0,0,0,0,0,0,0.0,0.0,0.0,0.0,0,False,"[{'fixture': 48, 'stats': [{'identifier': 'minutes', 'points': 0, 'value': 0, 'points_modification': 0}]}]",False,Huggins,2,17,40,Huggins,DEF,0
538,5,2025-26,0,0,0,0,0,0,0,0,0,0,0,0,0,0.0,0.0,0.0,0.0,0,0,0,0,0,0.0,0.0,0.0,0.0,0,False,"[{'fixture': 48, 'stats': [{'identifier': 'minutes', 'points': 0, 'value': 0, 'points_modification': 0}]}]",False,Johnson,2,17,39,Johnson,DEF,0
539,5,2025-26,0,0,0,0,0,0,0,0,0,0,0,0,0,0.0,0.0,0.0,0.0,0,0,0,0,0,0.0,0.0,0.0,0.0,0,False,"[{'fixture': 48, 'stats': [{'identifier': 'minutes', 'points': 0, 'value': 0, 'points_modification': 0}]}]",False,O'Nien,2,17,40,O'Nien,DEF,0
540,5,2025-26,0,0,0,0,0,0,0,0,0,0,0,0,0,0.0,0.0,0.0,0.0,0,0,0,0,0,0.0,0.0,0.0,0.0,0,False,"[{'fixture': 48, 'stats': [{'identifier': 'minutes', 'points': 0, 'value': 0, 'points_modification': 0}]}]",False,Pembele,2,17,39,Pembele,DEF,0
541,5,2025-26,32,0,0,0,1,0,0,0,0,1,0,0,-12,0.0,0.4,0.0,0.0,1,0,0,1,1,0.0,0.0,0.0,0.25,-2,False,"[{'fixture': 48, 'stats': [{'identifier': 'minutes', 'points': 1, 'value': 32, 'points_modification': 0}, {'identifier': 'red_cards', 'points': -3, 'value': 1, 'points_modification': 0}]}]",False,Reinildo,2,17,40,Reinildo,DEF,-2
542,5,2025-26,0,0,0,0,0,0,0,0,0,0,0,0,0,0.0,0.0,0.0,0.0,0,0,0,0,0,0.0,0.0,0.0,0.0,0,False,"[{'fixture': 48, 'stats': [{'identifier': 'minutes', 'points': 0, 'value': 0, 'points_modification': 0}]}]",False,Seelt,2,17,40,Seelt,DEF,0
543,5,2025-26,0,0,0,0,0,0,0,0,0,0,0,0,0,0.0,0.0,0.0,0.0,0,0,0,0,0,0.0,0.0,0.0,0.0,0,False,"[{'fixture': 48, 'stats': [{'identifier': 'minutes', 'points': 0, 'value': 0, 'points_modification': 0}]}]",False,Adingra,3,17,53,Adingra,MID,0
544,5,2025-26,0,0,0,0,0,0,0,0,0,0,0,0,0,0.0,0.0,0.0,0.0,0,0,0,0,0,0.0,0.0,0.0,0.0,0,False,"[{'fixture': 48, 'stats': [{'identifier': 'minutes', 'points': 0, 'value': 0, 'points_modification': 0}]}]",False,Diarra,3,17,55,Diarra,MID,0
545,5,2025-26,0,0,0,0,0,0,0,0,0,0,0,0,0,0.0,0.0,0.0,0.0,0,0,0,0,0,0.0,0.0,0.0,0.0,0,False,"[{'fixture': 48, 'stats': [{'identifier': 'minutes', 'points': 0, 'value': 0, 'points_modification': 0}]}]",False,Roberts,3,17,54,Roberts,MID,0
546,5,2025-26,0,0,0,0,0,0,0,0,0,0,0,0,0,0.0,0.0,0.0,0.0,0,0,0,0,0,0.0,0.0,0.0,0.0,0,False,"[{'fixture': 48, 'stats': [{'identifier': 'minutes', 'points': 0, 'value': 0, 'points_modification': 0}]}]",False,Aleksić,3,17,49,Aleksić,MID,0
547,5,2025-26,80,0,0,0,1,0,0,0,0,0,0,0,6,9.8,0.4,0.0,1.0,1,1,3,5,1,0.0,0.0,0.0,0.46,2,False,"[{'fixture': 48, 'stats': [{'identifier': 'minutes', 'points': 2, 'value': 80, 'points_modification': 0}]}]",False,E.Le Fée,3,17,49,E.Le Fée,MID,2
548,5,2025-26,0,0,0,0,0,0,0,0,0,0,0,0,0,0.0,0.0,0.0,0.0,0,0,0,0,0,0.0,0.0,0.0,0.0,0,False,"[{'fixture': 48, 'stats': [{'identifier': 'minutes', 'points': 0, 'value': 0, 'points_modification': 0}]}]",False,Mundle,3,17,49,Mundle,MID,0
549,5,2025-26,1,0,0,0,0,0,0,0,0,0,0,0,4,1.0,0.0,0.0,0.1,1,0,0,1,0,0.0,0.0,0.0,0.1,1,False,"[{'fixture': 48, 'stats': [{'identifier': 'minutes', 'points': 1, 'value': 1, 'points_modification': 0}]}]",False,Neil,3,17,49,Neil,MID,1
550,5,2025-26,0,0,0,0,0,0,0,0,0,0,0,0,0,0.0,0.0,0.0,0.0,0,0,0,0,0,0.0,0.0,0.0,0.0,0,False,"[{'fixture': 48, 'stats': [{'identifier': 'minutes', 'points': 0, 'value': 0, 'points_modification': 0}]}]",False,Poveda,3,17,49,Poveda,MID,0
551,5,2025-26,36,0,0,0,0,0,0,0,0,0,0,0,5,1.4,12.1,4.0,1.8,0,0,1,1,1,0.06,0.03,0.09,0.25,1,False,"[{'fixture': 48, 'stats': [{'identifier': 'minutes', 'points': 1, 'value': 36, 'points_modification': 0}]}]",False,Rigg,3,17,48,Rigg,MID,1
552,5,2025-26,90,0,0,0,1,0,0,0,1,0,0,0,7,9.2,12.3,2.0,2.4,2,2,1,5,1,0.0,0.0,0.0,0.61,1,False,"[{'fixture': 48, 'stats': [{'identifier': 'minutes', 'points': 2, 'value': 90, 'points_modification': 0}, {'identifier': 'yellow_cards', 'points': -1, 'value': 1, 'points_modification': 0}]}]",False,Sadiki,3,17,50,Sadiki,MID,1
553,5,2025-26,79,0,0,0,1,0,0,0,0,0,0,0,8,2.2,14.8,6.0,2.3,2,6,0,8,1,0.07,0.05,0.12,0.46,2,False,"[{'fixture': 48, 'stats': [{'identifier': 'minutes', 'points': 2, 'value': 79, 'points_modification': 0}]}]",False,Talbi,3,17,50,Talbi,MID,2
554,5,2025-26,0,0,0,0,0,0,0,0,0,0,0,0,0,0.0,0.0,0.0,0.0,0,0,0,0,0,0.0,0.0,0.0,0.0,0,False,"[{'fixture': 48, 'stats': [{'identifier': 'minutes', 'points': 0, 'value': 0, 'points_modification': 0}]}]",False,Ba,3,17,44,Ba,MID,0
555,5,2025-26,0,0,0,0,0,0,0,0,0,0,0,0,0,0.0,0.0,0.0,0.0,0,0,0,0,0,0.0,0.0,0.0,0.0,0,False,"[{'fixture': 48, 'stats': [{'identifier': 'minutes', 'points': 0, 'value': 0, 'points_modification': 0}]}]",False,Browne,3,17,45,Browne,MID,0
556,5,2025-26,0,0,0,0,0,0,0,0,0,0,0,0,0,0.0,0.0,0.0,0.0,0,0,0,0,0,0.0,0.0,0.0,0.0,0,False,"[{'fixture': 48, 'stats': [{'identifier': 'minutes', 'points': 0, 'value': 0, 'points_modification': 0}]}]",False,Ekwah,3,17,45,Ekwah,MID,0
557,5,2025-26,0,0,0,0,0,0,0,0,0,0,0,0,0,0.0,0.0,0.0,0.0,0,0,0,0,0,0.0,0.0,0.0,0.0,0,False,"[{'fixture': 48, 'stats': [{'identifier': 'minutes', 'points': 0, 'value': 0, 'points_modification': 0}]}]",False,H.Jones,3,17,44,H.Jones,MID,0
558,5,2025-26,0,0,0,0,0,0,0,0,0,0,0,0,0,0.0,0.0,0.0,0.0,0,0,0,0,0,0.0,0.0,0.0,0.0,0,False,"[{'fixture': 48, 'stats': [{'identifier': 'minutes', 'points': 0, 'value': 0, 'points_modification': 0}]}]",False,Matete,3,17,44,Matete,MID,0
559,5,2025-26,0,0,0,0,0,0,0,0,0,0,0,0,0,0.0,0.0,0.0,0.0,0,0,0,0,0,0.0,0.0,0.0,0.0,0,False,"[{'fixture': 48, 'stats': [{'identifier': 'minutes', 'points': 0, 'value': 0, 'points_modification': 0}]}]",False,Triantis,3,17,44,Triantis,MID,0
560,5,2025-26,79,1,0,0,1,0,0,0,0,0,0,3,35,34.0,1.0,45.0,8.0,0,2,1,3,1,0.62,0.0,0.62,0.46,9,True,"[{'fixture': 48, 'stats': [{'identifier': 'minutes', 'points': 2, 'value': 79, 'points_modification': 0}, {'identifier': 'goals_scored', 'points': 4, 'value': 1, 'points_modification': 0}, {'identifier': 'bonus', 'points': 3, 'value': 3, 'points_modification': 0}]}]",False,Isidor,4,17,55,Isidor,FWD,9
561,5,2025-26,10,0,0,0,0,0,0,0,0,0,0,0,3,1.2,0.0,0.0,0.1,0,1,0,1,0,0.0,0.0,0.0,0.25,1,False,"[{'fixture': 48, 'stats': [{'identifier': 'minutes', 'points': 1, 'value': 10, 'points_modification': 0}]}]",False,Mayenda,4,17,55,Mayenda,FWD,1
562,5,2025-26,0,0,0,0,0,0,0,0,0,0,0,0,0,0.0,0.0,0.0,0.0,0,0,0,0,0,0.0,0.0,0.0,0.0,0,False,"[{'fixture': 48, 'stats': [{'identifier': 'minutes', 'points': 0, 'value': 0, 'points_modification': 0}]}]",False,Abdullahi,4,17,44,Abdullahi,FWD,0
563,5,2025-26,0,0,0,0,0,0,0,0,0,0,0,0,0,0.0,0.0,0.0,0.0,0,0,0,0,0,0.0,0.0,0.0,0.0,0,False,"[{'fixture': 48, 'stats': [{'identifier': 'minutes', 'points': 0, 'value': 0, 'points_modification': 0}]}]",False,Luís Hemir,4,17,44,Luís Hemir,FWD,0
564,5,2025-26,0,0,0,0,0,0,0,0,0,0,0,0,0,0.0,0.0,0.0,0.0,0,0,0,0,0,0.0,0.0,0.0,0.0,0,False,"[{'fixture': 48, 'stats': [{'identifier': 'minutes', 'points': 0, 'value': 0, 'points_modification': 0}]}]",False,Rusyn,4,17,44,Rusyn,FWD,0
565,5,2025-26,90,0,0,0,2,0,0,0,0,0,2,0,9,13.0,0.0,0.0,1.3,1,15,0,0,1,0.0,0.0,0.0,1.32,1,False,"[{'fixture': 43, 'stats': [{'identifier': 'minutes', 'points': 2, 'value': 90, 'points_modification': 0}, {'identifier': 'goals_conceded', 'points': -1, 'value': 2, 'points_modification': 0}]}]",False,Vicario,1,18,51,Vicario,GK,1
566,5,2025-26,0,0,0,0,0,0,0,0,0,0,0,0,0,0.0,0.0,0.0,0.0,0,0,0,0,0,0.0,0.0,0.0,0.0,0,False,"[{'fixture': 43, 'stats': [{'identifier': 'minutes', 'points': 0, 'value': 0, 'points_modification': 0}]}]",False,Austin,1,18,40,Austin,GK,0
567,5,2025-26,0,0,0,0,0,0,0,0,0,0,0,0,0,0.0,0.0,0.0,0.0,0,0,0,0,0,0.0,0.0,0.0,0.0,0,False,"[{'fixture': 43, 'stats': [{'identifier': 'minutes', 'points': 0, 'value': 0, 'points_modification': 0}]}]",False,Kinsky,1,18,39,Kinsky,GK,0
568,5,2025-26,88,0,0,0,2,0,0,0,0,0,0,0,9,21.8,27.2,2.0,5.1,5,3,2,7,1,0.0,0.06,0.06,1.32,1,False,"[{'fixture': 43, 'stats': [{'identifier': 'minutes', 'points': 2, 'value': 88, 'points_modification': 0}, {'identifier': 'goals_conceded', 'points': -1, 'value': 2, 'points_modification': 0}]}]",False,Pedro Porro,2,18,56,Pedro Porro,DEF,1
569,5,2025-26,90,0,0,0,2,0,0,0,1,0,0,0,11,31.8,2.2,0.0,3.4,12,4,6,18,1,0.0,0.02,0.02,1.32,2,False,"[{'fixture': 43, 'stats': [{'identifier': 'minutes', 'points': 2, 'value': 90, 'points_modification': 0}, {'identifier': 'goals_conceded', 'points': -1, 'value': 2, 'points_modification': 0}, {'identifier': 'yellow_cards', 'points': -1, 'value': 1, 'points_modification': 0}, {'identifier': 'defensive_contribution', 'points': 2, 'value': 18, 'points_modification': 0}]}]",False,Romero,2,18,51,Romero,DEF,2
570,5,2025-26,0,0,0,0,0,0,0,0,0,0,0,0,0,0.0,0.0,0.0,0.0,0,0,0,0,0,0.0,0.0,0.0,0.0,0,False,"[{'fixture': 43, 'stats': [{'identifier': 'minutes', 'points': 0, 'value': 0, 'points_modification': 0}]}]",False,Danso,2,18,43,Danso,DEF,0
571,5,2025-26,0,0,0,0,0,0,0,0,0,0,0,0,0,0.0,0.0,0.0,0.0,0,0,0,0,0,0.0,0.0,0.0,0.0,0,False,"[{'fixture': 43, 'stats': [{'identifier': 'minutes', 'points': 0, 'value': 0, 'points_modification': 0}]}]",False,Davies,2,18,44,Davies,DEF,0
572,5,2025-26,0,0,0,0,0,0,0,0,0,0,0,0,0,0.0,0.0,0.0,0.0,0,0,0,0,0,0.0,0.0,0.0,0.0,0,False,"[{'fixture': 43, 'stats': [{'identifier': 'minutes', 'points': 0, 'value': 0, 'points_modification': 0}]}]",False,Dragusin,2,18,45,Dragusin,DEF,0
573,5,2025-26,1,0,0,0,0,0,0,0,0,0,0,0,5,2.4,0.0,0.0,0.2,0,0,1,1,0,0.0,0.0,0.0,0.0,1,False,"[{'fixture': 43, 'stats': [{'identifier': 'minutes', 'points': 1, 'value': 1, 'points_modification': 0}]}]",False,Spence,2,18,45,Spence,DEF,1
574,5,2025-26,90,0,0,0,2,0,0,0,0,0,0,0,5,14.0,15.7,16.0,4.6,2,10,1,3,1,0.0,0.08,0.08,1.32,1,False,"[{'fixture': 43, 'stats': [{'identifier': 'minutes', 'points': 2, 'value': 90, 'points_modification': 0}, {'identifier': 'goals_conceded', 'points': -1, 'value': 2, 'points_modification': 0}]}]",False,Udogie,2,18,44,Udogie,DEF,1
575,5,2025-26,90,0,0,0,2,0,0,0,0,0,0,0,4,12.6,2.3,2.0,1.7,1,3,2,3,1,0.0,0.01,0.01,1.32,1,False,"[{'fixture': 43, 'stats': [{'identifier': 'minutes', 'points': 2, 'value': 90, 'points_modification': 0}, {'identifier': 'goals_conceded', 'points': -1, 'value': 2, 'points_modification': 0}]}]",False,Van de Ven,2,18,47,Van de Ven,DEF,1
576,5,2025-26,0,0,0,0,0,0,0,0,0,0,0,0,0,0.0,0.0,0.0,0.0,0,0,0,0,0,0.0,0.0,0.0,0.0,0,False,"[{'fixture': 43, 'stats': [{'identifier': 'minutes', 'points': 0, 'value': 0, 'points_modification': 0}]}]",False,Phillips,2,18,40,Phillips,DEF,0
577,5,2025-26,0,0,0,0,0,0,0,0,0,0,0,0,0,0.0,0.0,0.0,0.0,0,0,0,0,0,0.0,0.0,0.0,0.0,0,False,"[{'fixture': 43, 'stats': [{'identifier': 'minutes', 'points': 0, 'value': 0, 'points_modification': 0}]}]",False,Takai,2,18,40,Takai,DEF,0
578,5,2025-26,0,0,0,0,0,0,0,0,0,0,0,0,0,0.0,0.0,0.0,0.0,0,0,0,0,0,0.0,0.0,0.0,0.0,0,False,"[{'fixture': 43, 'stats': [{'identifier': 'minutes', 'points': 0, 'value': 0, 'points_modification': 0}]}]",False,Vuskovic,2,18,39,Vuskovic,DEF,0
579,5,2025-26,0,0,0,0,0,0,0,0,0,0,0,0,0,0.0,0.0,0.0,0.0,0,0,0,0,0,0.0,0.0,0.0,0.0,0,False,"[{'fixture': 43, 'stats': [{'identifier': 'minutes', 'points': 0, 'value': 0, 'points_modification': 0}]}]",False,Son,3,18,85,Son,MID,0
580,5,2025-26,18,0,0,0,0,0,0,0,0,0,0,0,2,0.2,0.5,2.0,0.3,0,0,0,0,0,0.0,0.0,0.0,0.34,1,False,"[{'fixture': 43, 'stats': [{'identifier': 'minutes', 'points': 1, 'value': 18, 'points_modification': 0}]}]",False,Johnson,3,18,70,Johnson,MID,1
581,5,2025-26,0,0,0,0,0,0,0,0,0,0,0,0,0,0.0,0.0,0.0,0.0,0,0,0,0,0,0.0,0.0,0.0,0.0,0,False,"[{'fixture': 43, 'stats': [{'identifier': 'minutes', 'points': 0, 'value': 0, 'points_modification': 0}]}]",False,Maddison,3,18,69,Maddison,MID,0
582,5,2025-26,90,0,2,0,2,0,0,0,1,0,0,0,21,25.0,33.8,20.0,7.9,0,5,2,7,1,0.11,0.16,0.27,1.32,7,False,"[{'fixture': 43, 'stats': [{'identifier': 'minutes', 'points': 2, 'value': 90, 'points_modification': 0}, {'identifier': 'assists', 'points': 6, 'value': 2, 'points_modification': 0}, {'identifier': 'yellow_cards', 'points': -1, 'value': 1, 'points_modification': 0}]}]",False,Kudus,3,18,67,Kudus,MID,7
583,5,2025-26,0,0,0,0,0,0,0,0,0,0,0,0,0,0.0,0.0,0.0,0.0,0,0,0,0,0,0.0,0.0,0.0,0.0,0,False,"[{'fixture': 43, 'stats': [{'identifier': 'minutes', 'points': 0, 'value': 0, 'points_modification': 0}]}]",False,Kulusevski,3,18,64,Kulusevski,MID,0
584,5,2025-26,0,0,0,0,0,0,0,0,0,0,0,0,0,0.0,0.0,0.0,0.0,0,0,0,0,0,0.0,0.0,0.0,0.0,0,False,"[{'fixture': 43, 'stats': [{'identifier': 'minutes', 'points': 0, 'value': 0, 'points_modification': 0}]}]",False,Tel,3,18,63,Tel,MID,0
585,5,2025-26,60,0,0,0,2,0,0,0,0,0,0,0,15,10.0,27.3,8.0,4.5,1,5,1,7,1,0.0,0.31,0.31,0.9,2,False,"[{'fixture': 43, 'stats': [{'identifier': 'minutes', 'points': 2, 'value': 60, 'points_modification': 0}]}]",False,Bentancur,3,18,54,Bentancur,MID,2
586,5,2025-26,88,0,0,0,2,0,0,0,0,0,0,0,9,7.6,4.8,4.0,1.6,2,8,3,13,1,0.0,0.01,0.01,1.32,4,False,"[{'fixture': 43, 'stats': [{'identifier': 'minutes', 'points': 2, 'value': 88, 'points_modification': 0}, {'identifier': 'defensive_contribution', 'points': 2, 'value': 13, 'points_modification': 0}]}]",False,Bergvall,3,18,54,Bergvall,MID,4
587,5,2025-26,0,0,0,0,0,0,0,0,0,0,0,0,0,0.0,0.0,0.0,0.0,0,0,0,0,0,0.0,0.0,0.0,0.0,0,False,"[{'fixture': 43, 'stats': [{'identifier': 'minutes', 'points': 0, 'value': 0, 'points_modification': 0}]}]",False,Bissouma,3,18,52,Bissouma,MID,0
588,5,2025-26,71,0,0,0,2,0,0,0,0,0,0,0,5,0.0,7.8,12.0,1.8,0,4,0,4,1,0.11,0.1,0.21,0.98,2,False,"[{'fixture': 43, 'stats': [{'identifier': 'minutes', 'points': 2, 'value': 71, 'points_modification': 0}]}]",False,Odobert,3,18,53,Odobert,MID,2
589,5,2025-26,0,0,0,0,0,0,0,0,0,0,0,0,0,0.0,0.0,0.0,0.0,0,0,0,0,0,0.0,0.0,0.0,0.0,0,False,"[{'fixture': 43, 'stats': [{'identifier': 'minutes', 'points': 0, 'value': 0, 'points_modification': 0}]}]",False,Solomon,3,18,54,Solomon,MID,0
590,5,2025-26,0,0,0,0,0,0,0,0,0,0,0,0,0,0.0,0.0,0.0,0.0,0,0,0,0,0,0.0,0.0,0.0,0.0,0,False,"[{'fixture': 43, 'stats': [{'identifier': 'minutes', 'points': 0, 'value': 0, 'points_modification': 0}]}]",False,Bryan,3,18,49,Bryan,MID,0
591,5,2025-26,1,0,0,0,0,0,0,0,0,0,0,0,4,2.4,10.2,0.0,1.3,0,0,0,0,0,0.0,0.0,0.0,0.0,1,False,"[{'fixture': 43, 'stats': [{'identifier': 'minutes', 'points': 1, 'value': 1, 'points_modification': 0}]}]",False,Gray,3,18,49,Gray,MID,1
592,5,2025-26,0,0,0,0,0,0,0,0,0,0,0,0,0,0.0,0.0,0.0,0.0,0,0,0,0,0,0.0,0.0,0.0,0.0,0,False,"[{'fixture': 43, 'stats': [{'identifier': 'minutes', 'points': 0, 'value': 0, 'points_modification': 0}]}]",False,Moore,3,18,50,Moore,MID,0
593,5,2025-26,0,0,0,0,0,0,0,0,0,0,0,0,0,0.0,0.0,0.0,0.0,0,0,0,0,0,0.0,0.0,0.0,0.0,0,False,"[{'fixture': 43, 'stats': [{'identifier': 'minutes', 'points': 0, 'value': 0, 'points_modification': 0}]}]",False,P.M.Sarr,3,18,50,P.M.Sarr,MID,0
594,5,2025-26,0,0,0,0,0,0,0,0,0,0,0,0,0,0.0,0.0,0.0,0.0,0,0,0,0,0,0.0,0.0,0.0,0.0,0,False,"[{'fixture': 43, 'stats': [{'identifier': 'minutes', 'points': 0, 'value': 0, 'points_modification': 0}]}]",False,Min-hyeok,3,18,45,Min-hyeok,MID,0
595,5,2025-26,0,0,0,0,0,0,0,0,0,0,0,0,0,0.0,0.0,0.0,0.0,0,0,0,0,0,0.0,0.0,0.0,0.0,0,False,"[{'fixture': 43, 'stats': [{'identifier': 'minutes', 'points': 0, 'value': 0, 'points_modification': 0}]}]",False,Olusesi,3,18,44,Olusesi,MID,0
596,5,2025-26,0,0,0,0,0,0,0,0,0,0,0,0,0,0.0,0.0,0.0,0.0,0,0,0,0,0,0.0,0.0,0.0,0.0,0,False,"[{'fixture': 43, 'stats': [{'identifier': 'minutes', 'points': 0, 'value': 0, 'points_modification': 0}]}]",False,Solanke,4,18,72,Solanke,FWD,0
597,5,2025-26,90,1,0,0,2,0,0,0,0,0,0,3,35,36.6,14.9,75.0,12.7,0,2,1,3,1,0.76,0.05,0.81,1.32,9,False,"[{'fixture': 43, 'stats': [{'identifier': 'minutes', 'points': 2, 'value': 90, 'points_modification': 0}, {'identifier': 'goals_scored', 'points': 4, 'value': 1, 'points_modification': 0}, {'identifier': 'bonus', 'points': 3, 'value': 3, 'points_modification': 0}]}]",False,Richarlison,4,18,68,Richarlison,FWD,9
598,5,2025-26,0,0,0,0,0,0,0,0,0,0,0,0,0,0.0,0.0,0.0,0.0,0,0,0,0,0,0.0,0.0,0.0,0.0,0,False,"[{'fixture': 43, 'stats': [{'identifier': 'minutes', 'points': 0, 'value': 0, 'points_modification': 0}]}]",False,Lankshear,4,18,45,Lankshear,FWD,0
599,5,2025-26,0,0,0,0,0,0,0,0,0,0,0,0,0,0.0,0.0,0.0,0.0,0,0,0,0,0,0.0,0.0,0.0,0.0,0,False,"[{'fixture': 43, 'stats': [{'identifier': 'minutes', 'points': 0, 'value': 0, 'points_modification': 0}]}]",False,Scarlett,4,18,44,Scarlett,FWD,0
600,5,2025-26,90,0,0,0,2,0,0,0,0,0,1,0,4,13.2,0.0,0.0,1.3,2,7,0,0,1,0.0,0.0,0.0,2.31,1,False,"[{'fixture': 49, 'stats': [{'identifier': 'minutes', 'points': 2, 'value': 90, 'points_modification': 0}, {'identifier': 'goals_conceded', 'points': -1, 'value': 2, 'points_modification': 0}]}]",False,Areola,1,19,43,Areola,GK,1
601,5,2025-26,0,0,0,0,0,0,0,0,0,0,0,0,0,0.0,0.0,0.0,0.0,0,0,0,0,0,0.0,0.0,0.0,0.0,0,False,"[{'fixture': 49, 'stats': [{'identifier': 'minutes', 'points': 0, 'value': 0, 'points_modification': 0}]}]",False,Foderingham,1,19,40,Foderingham,GK,0
602,5,2025-26,0,0,0,0,0,0,0,0,0,0,0,0,0,0.0,0.0,0.0,0.0,0,0,0,0,0,0.0,0.0,0.0,0.0,0,False,"[{'fixture': 49, 'stats': [{'identifier': 'minutes', 'points': 0, 'value': 0, 'points_modification': 0}]}]",False,Hegyi,1,19,40,Hegyi,GK,0
603,5,2025-26,90,0,1,0,2,0,0,0,1,0,0,0,14,32.2,38.6,6.0,7.7,5,7,1,6,1,0.0,0.41,0.41,2.31,3,False,"[{'fixture': 49, 'stats': [{'identifier': 'minutes', 'points': 2, 'value': 90, 'points_modification': 0}, {'identifier': 'assists', 'points': 3, 'value': 1, 'points_modification': 0}, {'identifier': 'goals_conceded', 'points': -1, 'value': 2, 'points_modification': 0}, {'identifier': 'yellow_cards', 'points': -1, 'value': 1, 'points_modification': 0}]}]",False,Diouf,2,19,44,Diouf,DEF,3
604,5,2025-26,0,0,0,0,0,0,0,0,0,0,0,0,0,0.0,0.0,0.0,0.0,0,0,0,0,0,0.0,0.0,0.0,0.0,0,False,"[{'fixture': 49, 'stats': [{'identifier': 'minutes', 'points': 0, 'value': 0, 'points_modification': 0}]}]",False,Emerson,2,19,44,Emerson,DEF,0
605,5,2025-26,90,0,0,0,2,0,0,0,1,0,0,0,8,30.2,1.1,0.0,3.1,9,6,2,11,1,0.0,0.0,0.0,2.31,2,False,"[{'fixture': 49, 'stats': [{'identifier': 'minutes', 'points': 2, 'value': 90, 'points_modification': 0}, {'identifier': 'goals_conceded', 'points': -1, 'value': 2, 'points_modification': 0}, {'identifier': 'yellow_cards', 'points': -1, 'value': 1, 'points_modification': 0}, {'identifier': 'defensive_contribution', 'points': 2, 'value': 11, 'points_modification': 0}]}]",False,Kilman,2,19,44,Kilman,DEF,2
606,5,2025-26,90,0,0,0,2,0,0,0,0,0,0,0,11,31.6,0.6,35.0,6.7,10,5,1,11,1,0.22,0.01,0.23,2.31,3,False,"[{'fixture': 49, 'stats': [{'identifier': 'minutes', 'points': 2, 'value': 90, 'points_modification': 0}, {'identifier': 'goals_conceded', 'points': -1, 'value': 2, 'points_modification': 0}, {'identifier': 'defensive_contribution', 'points': 2, 'value': 11, 'points_modification': 0}]}]",False,Mavropanos,2,19,44,Mavropanos,DEF,3
607,5,2025-26,0,0,0,0,0,0,0,0,0,0,0,0,0,0.0,0.0,0.0,0.0,0,0,0,0,0,0.0,0.0,0.0,0.0,0,False,"[{'fixture': 49, 'stats': [{'identifier': 'minutes', 'points': 0, 'value': 0, 'points_modification': 0}]}]",False,N.Aguerd,2,19,44,N.Aguerd,DEF,0
608,5,2025-26,0,0,0,0,0,0,0,0,0,0,0,0,0,0.0,0.0,0.0,0.0,0,0,0,0,0,0.0,0.0,0.0,0.0,0,False,"[{'fixture': 49, 'stats': [{'identifier': 'minutes', 'points': 0, 'value': 0, 'points_modification': 0}]}]",False,Scarles,2,19,44,Scarles,DEF,0
609,5,2025-26,0,0,0,0,0,0,0,0,0,0,0,0,0,0.0,0.0,0.0,0.0,0,0,0,0,0,0.0,0.0,0.0,0.0,0,False,"[{'fixture': 49, 'stats': [{'identifier': 'minutes', 'points': 0, 'value': 0, 'points_modification': 0}]}]",False,Todibo,2,19,44,Todibo,DEF,0
610,5,2025-26,0,0,0,0,0,0,0,0,0,0,0,0,0,0.0,0.0,0.0,0.0,0,0,0,0,0,0.0,0.0,0.0,0.0,0,False,"[{'fixture': 49, 'stats': [{'identifier': 'minutes', 'points': 0, 'value': 0, 'points_modification': 0}]}]",False,Wan-Bissaka,2,19,43,Wan-Bissaka,DEF,0
611,5,2025-26,0,0,0,0,0,0,0,0,0,0,0,0,0,0.0,0.0,0.0,0.0,0,0,0,0,0,0.0,0.0,0.0,0.0,0,False,"[{'fixture': 49, 'stats': [{'identifier': 'minutes', 'points': 0, 'value': 0, 'points_modification': 0}]}]",False,Casey,2,19,40,Casey,DEF,0
612,5,2025-26,90,0,0,0,2,0,0,0,1,0,0,0,6,11.2,34.4,13.0,5.9,0,5,2,7,1,0.03,0.08,0.11,2.31,1,False,"[{'fixture': 49, 'stats': [{'identifier': 'minutes', 'points': 2, 'value': 90, 'points_modification': 0}, {'identifier': 'yellow_cards', 'points': -1, 'value': 1, 'points_modification': 0}]}]",False,L.Paquetá,3,19,59,L.Paquetá,MID,1
613,5,2025-26,0,0,0,0,0,0,0,0,0,0,0,0,0,0.0,0.0,0.0,0.0,0,0,0,0,0,0.0,0.0,0.0,0.0,0,False,"[{'fixture': 49, 'stats': [{'identifier': 'minutes', 'points': 0, 'value': 0, 'points_modification': 0}]}]",False,Souček,3,19,57,Souček,MID,0
614,5,2025-26,90,0,0,0,2,0,0,0,0,0,0,0,15,10.2,26.6,2.0,3.9,2,1,1,4,1,0.02,0.23,0.25,2.31,2,False,"[{'fixture': 49, 'stats': [{'identifier': 'minutes', 'points': 2, 'value': 90, 'points_modification': 0}]}]",False,Ward-Prowse,3,19,58,Ward-Prowse,MID,2
615,5,2025-26,77,0,0,0,2,0,0,0,0,0,0,0,3,1.0,12.2,6.0,1.9,0,3,0,3,1,0.0,0.2,0.2,2.18,2,False,"[{'fixture': 49, 'stats': [{'identifier': 'minutes', 'points': 2, 'value': 77, 'points_modification': 0}]}]",False,Summerville,3,19,55,Summerville,MID,2
616,5,2025-26,0,0,0,0,0,0,0,0,0,0,0,0,0,0.0,0.0,0.0,0.0,0,0,0,0,0,0.0,0.0,0.0,0.0,0,False,"[{'fixture': 49, 'stats': [{'identifier': 'minutes', 'points': 0, 'value': 0, 'points_modification': 0}]}]",False,Álvarez,3,19,49,Álvarez,MID,0
617,5,2025-26,0,0,0,0,0,0,0,0,0,0,0,0,0,0.0,0.0,0.0,0.0,0,0,0,0,0,0.0,0.0,0.0,0.0,0,False,"[{'fixture': 49, 'stats': [{'identifier': 'minutes', 'points': 0, 'value': 0, 'points_modification': 0}]}]",False,Cornet,3,19,49,Cornet,MID,0
618,5,2025-26,0,0,0,0,0,0,0,0,0,0,0,0,0,0.0,0.0,0.0,0.0,0,0,0,0,0,0.0,0.0,0.0,0.0,0,False,"[{'fixture': 49, 'stats': [{'identifier': 'minutes', 'points': 0, 'value': 0, 'points_modification': 0}]}]",False,G.Rodriguez,3,19,49,G.Rodriguez,MID,0
619,5,2025-26,12,0,0,0,0,0,0,0,0,0,0,0,1,0.0,0.0,4.0,0.2,0,0,0,0,0,0.07,0.0,0.07,0.14,1,False,"[{'fixture': 49, 'stats': [{'identifier': 'minutes', 'points': 1, 'value': 12, 'points_modification': 0}]}]",False,L.Guilherme,3,19,49,L.Guilherme,MID,1
620,5,2025-26,0,0,0,0,0,0,0,0,0,0,0,0,0,0.0,0.0,0.0,0.0,0,0,0,0,0,0.0,0.0,0.0,0.0,0,False,"[{'fixture': 49, 'stats': [{'identifier': 'minutes', 'points': 0, 'value': 0, 'points_modification': 0}]}]",False,Earthy,3,19,45,Earthy,MID,0
621,5,2025-26,0,0,0,0,0,0,0,0,0,0,0,0,0,0.0,0.0,0.0,0.0,0,0,0,0,0,0.0,0.0,0.0,0.0,0,False,"[{'fixture': 49, 'stats': [{'identifier': 'minutes', 'points': 0, 'value': 0, 'points_modification': 0}]}]",False,Irving,3,19,44,Irving,MID,0
622,5,2025-26,0,0,0,0,0,0,0,0,0,0,0,0,0,0.0,0.0,0.0,0.0,0,0,0,0,0,0.0,0.0,0.0,0.0,0,False,"[{'fixture': 49, 'stats': [{'identifier': 'minutes', 'points': 0, 'value': 0, 'points_modification': 0}]}]",False,Orford,3,19,44,Orford,MID,0
623,5,2025-26,0,0,0,0,0,0,0,0,0,0,0,0,0,0.0,0.0,0.0,0.0,0,0,0,0,0,0.0,0.0,0.0,0.0,0,False,"[{'fixture': 49, 'stats': [{'identifier': 'minutes', 'points': 0, 'value': 0, 'points_modification': 0}]}]",False,Potts,3,19,44,Potts,MID,0
624,5,2025-26,90,1,0,0,2,0,0,0,0,0,0,3,31,40.8,20.4,23.0,8.4,1,1,1,3,1,0.24,0.23,0.47,2.31,9,False,"[{'fixture': 49, 'stats': [{'identifier': 'minutes', 'points': 2, 'value': 90, 'points_modification': 0}, {'identifier': 'goals_scored', 'points': 4, 'value': 1, 'points_modification': 0}, {'identifier': 'bonus', 'points': 3, 'value': 3, 'points_modification': 0}]}]",False,Bowen,4,19,77,Bowen,FWD,9
625,5,2025-26,31,0,0,0,1,0,0,0,0,0,0,0,1,0.0,10.6,2.0,1.2,0,0,0,0,0,0.0,0.03,0.03,0.55,1,False,"[{'fixture': 49, 'stats': [{'identifier': 'minutes', 'points': 1, 'value': 31, 'points_modification': 0}]}]",False,Füllkrug,4,19,57,Füllkrug,FWD,1
626,5,2025-26,0,0,0,0,0,0,0,0,0,0,0,0,0,0.0,0.0,0.0,0.0,0,0,0,0,0,0.0,0.0,0.0,0.0,0,False,"[{'fixture': 49, 'stats': [{'identifier': 'minutes', 'points': 0, 'value': 0, 'points_modification': 0}]}]",False,Marshall,4,19,44,Marshall,FWD,0
627,5,2025-26,0,0,0,0,0,0,0,0,0,0,0,0,0,0.0,0.0,0.0,0.0,0,0,0,0,0,0.0,0.0,0.0,0.0,0,False,"[{'fixture': 50, 'stats': [{'identifier': 'minutes', 'points': 0, 'value': 0, 'points_modification': 0}]}]",False,Johnstone,1,20,45,Johnstone,GK,0
628,5,2025-26,90,0,0,0,3,0,0,0,0,0,1,0,0,7.8,0.0,0.0,0.8,0,7,0,0,1,0.0,0.0,0.0,0.48,1,False,"[{'fixture': 50, 'stats': [{'identifier': 'minutes', 'points': 2, 'value': 90, 'points_modification': 0}, {'identifier': 'goals_conceded', 'points': -1, 'value': 3, 'points_modification': 0}]}]",False,José Sá,1,20,45,José Sá,GK,1
629,5,2025-26,0,0,0,0,0,0,0,0,0,0,0,0,0,0.0,0.0,0.0,0.0,0,0,0,0,0,0.0,0.0,0.0,0.0,0,False,"[{'fixture': 50, 'stats': [{'identifier': 'minutes', 'points': 0, 'value': 0, 'points_modification': 0}]}]",False,Bentley,1,20,40,Bentley,GK,0
630,5,2025-26,0,0,0,0,0,0,0,0,0,0,0,0,0,0.0,0.0,0.0,0.0,0,0,0,0,0,0.0,0.0,0.0,0.0,0,False,"[{'fixture': 46, 'stats': [{'identifier': 'minutes', 'points': 0, 'value': 0, 'points_modification': 0}]}]",False,King,1,9,40,King,GK,0
631,5,2025-26,90,0,0,0,3,0,0,0,0,0,0,0,16,35.0,21.9,30.0,8.7,4,9,7,11,1,0.13,0.11,0.24,0.48,3,False,"[{'fixture': 50, 'stats': [{'identifier': 'minutes', 'points': 2, 'value': 90, 'points_modification': 0}, {'identifier': 'goals_conceded', 'points': -1, 'value': 3, 'points_modification': 0}, {'identifier': 'defensive_contribution', 'points': 2, 'value': 11, 'points_modification': 0}]}]",False,Agbadou,2,20,45,Agbadou,DEF,3
632,5,2025-26,0,0,0,0,0,0,0,0,0,0,0,0,0,0.0,0.0,0.0,0.0,0,0,0,0,0,0.0,0.0,0.0,0.0,0,False,"[{'fixture': 50, 'stats': [{'identifier': 'minutes', 'points': 0, 'value': 0, 'points_modification': 0}]}]",False,Doherty,2,20,44,Doherty,DEF,0
633,5,2025-26,45,0,0,0,0,0,0,0,0,0,0,0,12,20.0,52.5,0.0,7.3,0,3,1,1,0,0.0,0.27,0.27,0.07,1,False,"[{'fixture': 50, 'stats': [{'identifier': 'minutes', 'points': 1, 'value': 45, 'points_modification': 0}]}]",False,H.Bueno,2,20,44,H.Bueno,DEF,1
634,5,2025-26,71,0,0,0,3,0,0,0,0,0,0,0,5,7.4,0.3,21.0,2.9,1,7,2,3,1,0.05,0.0,0.05,0.48,1,False,"[{'fixture': 50, 'stats': [{'identifier': 'minutes', 'points': 2, 'value': 71, 'points_modification': 0}, {'identifier': 'goals_conceded', 'points': -1, 'value': 3, 'points_modification': 0}]}]",False,Mosquera,2,20,44,Mosquera,DEF,1
635,5,2025-26,45,0,0,0,3,0,0,0,0,0,0,0,-4,7.2,16.3,6.0,3.0,1,0,2,3,1,0.03,0.13,0.16,0.42,0,False,"[{'fixture': 50, 'stats': [{'identifier': 'minutes', 'points': 1, 'value': 45, 'points_modification': 0}, {'identifier': 'goals_conceded', 'points': -1, 'value': 3, 'points_modification': 0}]}]",False,R.Gomes,2,20,45,R.Gomes,DEF,0
636,5,2025-26,0,0,0,0,0,0,0,0,0,0,0,0,0,0.0,0.0,0.0,0.0,0,0,0,0,0,0.0,0.0,0.0,0.0,0,False,"[{'fixture': 50, 'stats': [{'identifier': 'minutes', 'points': 0, 'value': 0, 'points_modification': 0}]}]",False,S.Bueno,2,20,44,S.Bueno,DEF,0
637,5,2025-26,71,0,0,0,3,0,0,0,0,0,0,0,5,9.2,1.3,0.0,1.1,2,2,0,2,1,0.0,0.01,0.01,0.48,1,False,"[{'fixture': 50, 'stats': [{'identifier': 'minutes', 'points': 2, 'value': 71, 'points_modification': 0}, {'identifier': 'goals_conceded', 'points': -1, 'value': 3, 'points_modification': 0}]}]",False,Toti,2,20,44,Toti,DEF,1
638,5,2025-26,0,0,0,0,0,0,0,0,0,0,0,0,0,0.0,0.0,0.0,0.0,0,0,0,0,0,0.0,0.0,0.0,0.0,0,False,"[{'fixture': 50, 'stats': [{'identifier': 'minutes', 'points': 0, 'value': 0, 'points_modification': 0}]}]",False,Hoever,2,20,40,Hoever,DEF,0
639,5,2025-26,0,0,0,0,0,0,0,0,0,0,0,0,0,0.0,0.0,0.0,0.0,0,0,0,0,0,0.0,0.0,0.0,0.0,0,False,"[{'fixture': 50, 'stats': [{'identifier': 'minutes', 'points': 0, 'value': 0, 'points_modification': 0}]}]",False,Meupiyou,2,20,40,Meupiyou,DEF,0
640,5,2025-26,0,0,0,0,0,0,0,0,0,0,0,0,0,0.0,0.0,0.0,0.0,0,0,0,0,0,0.0,0.0,0.0,0.0,0,False,"[{'fixture': 50, 'stats': [{'identifier': 'minutes', 'points': 0, 'value': 0, 'points_modification': 0}]}]",False,Pedro Lima,2,20,40,Pedro Lima,DEF,0
641,5,2025-26,0,0,0,0,0,0,0,0,0,0,0,0,0,0.0,0.0,0.0,0.0,0,0,0,0,0,0.0,0.0,0.0,0.0,0,False,"[{'fixture': 50, 'stats': [{'identifier': 'minutes', 'points': 0, 'value': 0, 'points_modification': 0}]}]",False,Pond,2,20,39,Pond,DEF,0
642,5,2025-26,0,0,0,0,0,0,0,0,0,0,0,0,0,0.0,0.0,0.0,0.0,0,0,0,0,0,0.0,0.0,0.0,0.0,0,False,"[{'fixture': 50, 'stats': [{'identifier': 'minutes', 'points': 0, 'value': 0, 'points_modification': 0}]}]",False,Hee Chan,3,20,59,Hee Chan,MID,0
643,5,2025-26,18,0,0,0,0,0,0,0,0,0,0,0,9,4.6,4.9,2.0,1.2,1,2,0,3,0,0.02,0.02,0.04,0.0,1,False,"[{'fixture': 50, 'stats': [{'identifier': 'minutes', 'points': 1, 'value': 18, 'points_modification': 0}]}]",False,André,3,20,54,André,MID,1
644,5,2025-26,45,0,0,0,3,0,0,0,0,0,0,0,3,3.8,11.3,2.0,1.7,0,2,0,2,1,0.0,0.04,0.04,0.42,1,False,"[{'fixture': 50, 'stats': [{'identifier': 'minutes', 'points': 1, 'value': 45, 'points_modification': 0}]}]",False,Bellegarde,3,20,53,Bellegarde,MID,1
645,5,2025-26,45,0,1,0,3,0,0,0,1,0,0,0,13,20.0,28.8,2.0,5.1,0,2,1,3,1,0.0,0.4,0.4,0.42,3,False,"[{'fixture': 50, 'stats': [{'identifier': 'minutes', 'points': 1, 'value': 45, 'points_modification': 0}, {'identifier': 'assists', 'points': 3, 'value': 1, 'points_modification': 0}, {'identifier': 'yellow_cards', 'points': -1, 'value': 1, 'points_modification': 0}]}]",False,Fer López,3,20,54,Fer López,MID,3
646,5,2025-26,90,0,0,0,3,0,0,0,0,0,0,0,18,19.6,12.9,12.0,4.5,4,6,4,14,1,0.23,0.11,0.34,0.48,4,False,"[{'fixture': 50, 'stats': [{'identifier': 'minutes', 'points': 2, 'value': 90, 'points_modification': 0}, {'identifier': 'defensive_contribution', 'points': 2, 'value': 14, 'points_modification': 0}]}]",False,Gomes,3,20,54,Gomes,MID,4
647,5,2025-26,0,0,0,0,0,0,0,0,0,0,0,0,0,0.0,0.0,0.0,0.0,0,0,0,0,0,0.0,0.0,0.0,0.0,0,False,"[{'fixture': 50, 'stats': [{'identifier': 'minutes', 'points': 0, 'value': 0, 'points_modification': 0}]}]",False,Guedes,3,20,55,Guedes,MID,0
648,5,2025-26,45,0,0,0,0,0,0,0,0,0,0,0,4,4.0,1.9,33.0,3.9,0,1,1,2,0,0.38,0.0,0.38,0.07,1,False,"[{'fixture': 50, 'stats': [{'identifier': 'minutes', 'points': 1, 'value': 45, 'points_modification': 0}]}]",False,Munetsi,3,20,54,Munetsi,MID,1
649,5,2025-26,0,0,0,0,0,0,0,0,0,0,0,0,0,0.0,0.0,0.0,0.0,0,0,0,0,0,0.0,0.0,0.0,0.0,0,False,"[{'fixture': 50, 'stats': [{'identifier': 'minutes', 'points': 0, 'value': 0, 'points_modification': 0}]}]",False,B.Traore,3,20,50,B.Traore,MID,0
650,5,2025-26,0,0,0,0,0,0,0,0,0,0,0,0,0,0.0,0.0,0.0,0.0,0,0,0,0,0,0.0,0.0,0.0,0.0,0,False,"[{'fixture': 50, 'stats': [{'identifier': 'minutes', 'points': 0, 'value': 0, 'points_modification': 0}]}]",False,Chirewa,3,20,44,Chirewa,MID,0
651,5,2025-26,0,0,0,0,0,0,0,0,0,0,0,0,0,0.0,0.0,0.0,0.0,0,0,0,0,0,0.0,0.0,0.0,0.0,0,False,"[{'fixture': 50, 'stats': [{'identifier': 'minutes', 'points': 0, 'value': 0, 'points_modification': 0}]}]",False,Edozie,3,20,44,Edozie,MID,0
652,5,2025-26,0,0,0,0,0,0,0,0,0,0,0,0,0,0.0,0.0,0.0,0.0,0,0,0,0,0,0.0,0.0,0.0,0.0,0,False,"[{'fixture': 50, 'stats': [{'identifier': 'minutes', 'points': 0, 'value': 0, 'points_modification': 0}]}]",False,Gonzalez,3,20,44,Gonzalez,MID,0
653,5,2025-26,0,0,0,0,0,0,0,0,0,0,0,0,0,0.0,0.0,0.0,0.0,0,0,0,0,0,0.0,0.0,0.0,0.0,0,False,"[{'fixture': 50, 'stats': [{'identifier': 'minutes', 'points': 0, 'value': 0, 'points_modification': 0}]}]",False,Hodge,3,20,45,Hodge,MID,0
654,5,2025-26,45,0,0,0,0,0,0,0,0,0,0,0,2,0.0,1.6,10.0,0.9,0,1,0,1,0,0.04,0.12,0.16,0.07,1,False,"[{'fixture': 50, 'stats': [{'identifier': 'minutes', 'points': 1, 'value': 45, 'points_modification': 0}]}]",False,Strand Larsen,4,20,64,Strand Larsen,FWD,1
655,5,2025-26,0,0,0,0,0,0,0,0,0,0,0,0,0,0.0,0.0,0.0,0.0,0,0,0,0,0,0.0,0.0,0.0,0.0,0,False,"[{'fixture': 50, 'stats': [{'identifier': 'minutes', 'points': 0, 'value': 0, 'points_modification': 0}]}]",False,Fábio Silva,4,20,49,Fábio Silva,FWD,0
656,5,2025-26,0,0,0,0,0,0,0,0,0,0,0,0,0,0.0,0.0,0.0,0.0,0,0,0,0,0,0.0,0.0,0.0,0.0,0,False,"[{'fixture': 50, 'stats': [{'identifier': 'minutes', 'points': 0, 'value': 0, 'points_modification': 0}]}]",False,Kalajdžić,4,20,49,Kalajdžić,FWD,0
657,5,2025-26,0,0,0,0,0,0,0,0,0,0,0,0,0,0.0,0.0,0.0,0.0,0,0,0,0,0,0.0,0.0,0.0,0.0,0,False,"[{'fixture': 50, 'stats': [{'identifier': 'minutes', 'points': 0, 'value': 0, 'points_modification': 0}]}]",False,Chiwome,4,20,45,Chiwome,FWD,0
658,5,2025-26,0,0,0,0,0,0,0,0,0,0,0,0,0,0.0,0.0,0.0,0.0,0,0,0,0,0,0.0,0.0,0.0,0.0,0,False,"[{'fixture': 50, 'stats': [{'identifier': 'minutes', 'points': 0, 'value': 0, 'points_modification': 0}]}]",False,Fraser,4,20,44,Fraser,FWD,0
659,5,2025-26,90,0,0,0,2,0,0,0,0,0,0,0,13,17.4,6.4,26.0,5.0,2,4,1,3,1,0.1,0.02,0.12,2.31,1,False,"[{'fixture': 49, 'stats': [{'identifier': 'minutes', 'points': 2, 'value': 90, 'points_modification': 0}, {'identifier': 'goals_conceded', 'points': -1, 'value': 2, 'points_modification': 0}]}]",False,Walker-Peters,2,19,44,Walker-Peters,DEF,1
660,5,2025-26,90,1,1,0,1,0,0,0,0,0,0,3,55,66.4,14.1,13.0,9.4,5,7,3,15,1,0.08,0.06,0.14,1.78,15,True,"[{'fixture': 50, 'stats': [{'identifier': 'minutes', 'points': 2, 'value': 90, 'points_modification': 0}, {'identifier': 'goals_scored', 'points': 5, 'value': 1, 'points_modification': 0}, {'identifier': 'assists', 'points': 3, 'value': 1, 'points_modification': 0}, {'identifier': 'bonus', 'points': 3, 'value': 3, 'points_modification': 0}, {'identifier': 'defensive_contribution', 'points': 2, 'value': 15, 'points_modification': 0}]}]",False,Stach,3,11,50,Stach,MID,15
661,5,2025-26,66,1,0,0,1,0,0,0,0,0,0,2,39,52.4,2.0,23.0,7.7,5,4,2,11,1,0.32,0.06,0.38,0.66,8,False,"[{'fixture': 46, 'stats': [{'identifier': 'minutes', 'points': 2, 'value': 66, 'points_modification': 0}, {'identifier': 'goals_scored', 'points': 4, 'value': 1, 'points_modification': 0}, {'identifier': 'bonus', 'points': 2, 'value': 2, 'points_modification': 0}]}]",False,Ekitiké,4,12,87,Ekitiké,FWD,8
662,5,2025-26,1,0,0,0,0,0,0,0,0,0,0,0,3,0.0,0.0,0.0,0.0,0,1,0,0,0,0.0,0.0,0.0,0.0,1,False,"[{'fixture': 41, 'stats': [{'identifier': 'minutes', 'points': 1, 'value': 1, 'points_modification': 0}]}]",False,Mosquera,2,1,54,Mosquera,DEF,1
663,5,2025-26,18,0,0,0,0,0,0,0,0,0,0,0,5,6.8,29.1,10.0,4.6,0,0,0,0,0,0.0,0.06,0.06,0.0,1,False,"[{'fixture': 50, 'stats': [{'identifier': 'minutes', 'points': 1, 'value': 18, 'points_modification': 0}]}]",False,J.Arias,3,20,52,J.Arias,MID,1
664,5,2025-26,0,0,0,0,0,0,0,0,0,0,0,0,0,0.0,0.0,0.0,0.0,0,0,0,0,0,0.0,0.0,0.0,0.0,0,False,"[{'fixture': 45, 'stats': [{'identifier': 'minutes', 'points': 0, 'value': 0, 'points_modification': 0}]}]",False,Lecomte,1,10,40,Lecomte,GK,0
665,5,2025-26,0,0,0,0,0,0,0,0,0,0,0,0,0,0.0,0.0,0.0,0.0,0,0,0,0,0,0.0,0.0,0.0,0.0,0,False,"[{'fixture': 50, 'stats': [{'identifier': 'minutes', 'points': 0, 'value': 0, 'points_modification': 0}]}]",False,Perri,1,11,45,Perri,GK,0
666,5,2025-26,90,0,0,0,1,0,0,0,0,0,0,0,3,0.2,1.8,12.0,1.4,0,3,0,3,1,0.0,0.01,0.01,0.89,2,False,"[{'fixture': 41, 'stats': [{'identifier': 'minutes', 'points': 2, 'value': 90, 'points_modification': 0}]}]",False,Gyökeres,4,1,90,Gyökeres,FWD,2
667,5,2025-26,0,0,0,0,0,0,0,0,0,0,0,0,0,0.0,0.0,0.0,0.0,0,0,0,0,0,0.0,0.0,0.0,0.0,0,False,"[{'fixture': 46, 'stats': [{'identifier': 'minutes', 'points': 0, 'value': 0, 'points_modification': 0}]}]",False,Aznou,2,9,44,Aznou,DEF,0
668,5,2025-26,90,0,1,0,1,0,0,0,1,0,0,0,20,24.8,21.6,9.0,5.5,1,3,4,8,1,0.07,0.09,0.16,0.71,4,False,"[{'fixture': 48, 'stats': [{'identifier': 'minutes', 'points': 2, 'value': 90, 'points_modification': 0}, {'identifier': 'assists', 'points': 3, 'value': 1, 'points_modification': 0}, {'identifier': 'yellow_cards', 'points': -1, 'value': 1, 'points_modification': 0}]}]",False,Xhaka,3,17,50,Xhaka,MID,4
669,5,2025-26,75,0,0,0,1,0,0,0,0,0,0,0,10,9.4,21.6,12.0,4.3,2,3,1,6,1,0.0,0.18,0.18,0.68,2,False,"[{'fixture': 44, 'stats': [{'identifier': 'minutes', 'points': 2, 'value': 75, 'points_modification': 0}]}]",False,Ndoye,3,16,61,Ndoye,MID,2
670,5,2025-26,90,0,0,0,1,0,0,0,0,0,1,0,3,6.2,0.0,0.0,0.6,1,5,0,0,1,0.0,0.0,0.0,0.71,2,False,"[{'fixture': 48, 'stats': [{'identifier': 'minutes', 'points': 2, 'value': 90, 'points_modification': 0}]}]",False,Roefs,1,17,45,Roefs,GK,2
671,5,2025-26,58,0,0,0,1,0,0,0,0,0,0,0,1,4.2,1.5,4.0,1.0,1,1,0,2,1,0.0,0.0,0.0,1.76,1,False,"[{'fixture': 49, 'stats': [{'identifier': 'minutes', 'points': 1, 'value': 58, 'points_modification': 0}]}]",False,Wilson,4,19,59,Wilson,FWD,1
672,5,2025-26,0,0,0,0,0,0,0,0,0,0,0,0,0,0.0,0.0,0.0,0.0,0,0,0,0,0,0.0,0.0,0.0,0.0,0,False,"[{'fixture': 47, 'stats': [{'identifier': 'minutes', 'points': 0, 'value': 0, 'points_modification': 0}]}]",False,Hato,2,7,48,Hato,DEF,0
673,5,2025-26,90,0,0,0,2,0,0,0,0,0,0,0,19,21.8,5.1,0.0,2.7,3,4,7,14,1,0.0,0.02,0.02,1.32,4,False,"[{'fixture': 43, 'stats': [{'identifier': 'minutes', 'points': 2, 'value': 90, 'points_modification': 0}, {'identifier': 'defensive_contribution', 'points': 2, 'value': 14, 'points_modification': 0}]}]",False,J.Palhinha,3,18,55,J.Palhinha,MID,4
674,5,2025-26,0,0,0,0,0,0,0,0,0,0,0,0,0,0.0,0.0,0.0,0.0,0,0,0,0,0,0.0,0.0,0.0,0.0,0,False,"[{'fixture': 42, 'stats': [{'identifier': 'minutes', 'points': 0, 'value': 0, 'points_modification': 0}]}]",False,Ramsdale,1,15,49,Ramsdale,GK,0
675,5,2025-26,0,0,0,0,0,0,0,0,0,0,0,0,0,0.0,0.0,0.0,0.0,0,0,0,0,0,0.0,0.0,0.0,0.0,0,False,"[{'fixture': 44, 'stats': [{'identifier': 'minutes', 'points': 0, 'value': 0, 'points_modification': 0}]}]",False,Gunn,1,16,40,Gunn,GK,0
676,5,2025-26,0,0,0,0,0,0,0,0,0,0,0,0,0,0.0,0.0,0.0,0.0,0,0,0,0,0,0.0,0.0,0.0,0.0,0,False,"[{'fixture': 44, 'stats': [{'identifier': 'minutes', 'points': 0, 'value': 0, 'points_modification': 0}]}]",False,Ugochukwu,3,3,50,Ugochukwu,MID,0
677,5,2025-26,72,0,0,1,0,0,0,0,0,0,0,0,4,13.2,3.3,21.0,3.8,3,4,1,8,1,0.25,0.11,0.36,0.78,3,False,"[{'fixture': 48, 'stats': [{'identifier': 'minutes', 'points': 2, 'value': 72, 'points_modification': 0}, {'identifier': 'clean_sheets', 'points': 1, 'value': 1, 'points_modification': 0}]}]",False,Guessand,3,2,63,Guessand,MID,3
678,5,2025-26,10,0,0,0,0,0,0,0,0,0,0,0,3,2.0,0.1,0.0,0.2,2,0,0,2,0,0.0,0.0,0.0,0.25,1,False,"[{'fixture': 48, 'stats': [{'identifier': 'minutes', 'points': 1, 'value': 10, 'points_modification': 0}]}]",False,Masuaku,2,17,40,Masuaku,DEF,1
679,5,2025-26,0,0,0,0,0,0,0,0,0,0,0,0,0,0.0,0.0,0.0,0.0,0,0,0,0,0,0.0,0.0,0.0,0.0,0,False,"[{'fixture': 49, 'stats': [{'identifier': 'minutes', 'points': 0, 'value': 0, 'points_modification': 0}]}]",False,Hermansen,1,19,45,Hermansen,GK,0
680,5,2025-26,0,0,0,0,0,0,0,0,0,0,0,0,0,0.0,0.0,0.0,0.0,0,0,0,0,0,0.0,0.0,0.0,0.0,0,False,"[{'fixture': 44, 'stats': [{'identifier': 'minutes', 'points': 0, 'value': 0, 'points_modification': 0}]}]",False,Broja,4,3,53,Broja,FWD,0
681,5,2025-26,45,0,0,0,0,0,0,0,0,0,0,0,2,0.2,1.3,2.0,0.4,1,0,0,1,1,0.0,0.01,0.01,0.08,1,False,"[{'fixture': 47, 'stats': [{'identifier': 'minutes', 'points': 1, 'value': 45, 'points_modification': 0}]}]",False,Šeško,4,14,73,Šeško,FWD,1
682,5,2025-26,0,0,0,0,0,0,0,0,0,0,0,0,0,0.0,0.0,0.0,0.0,0,0,0,0,0,0.0,0.0,0.0,0.0,0,False,"[{'fixture': 50, 'stats': [{'identifier': 'minutes', 'points': 0, 'value': 0, 'points_modification': 0}]}]",False,Møller Wolfe,2,20,45,Møller Wolfe,DEF,0
683,5,2025-26,90,0,0,0,1,0,0,0,0,0,0,0,9,28.6,0.2,23.0,5.2,10,5,3,13,1,0.16,0.0,0.16,0.71,4,False,"[{'fixture': 48, 'stats': [{'identifier': 'minutes', 'points': 2, 'value': 90, 'points_modification': 0}, {'identifier': 'defensive_contribution', 'points': 2, 'value': 13, 'points_modification': 0}]}]",False,Alderete,2,17,40,Alderete,DEF,4
684,5,2025-26,83,0,0,1,0,0,0,0,1,0,0,0,22,24.4,1.3,0.0,2.6,12,2,2,14,1,0.0,0.02,0.02,0.43,7,False,"[{'fixture': 42, 'stats': [{'identifier': 'minutes', 'points': 2, 'value': 83, 'points_modification': 0}, {'identifier': 'clean_sheets', 'points': 4, 'value': 1, 'points_modification': 0}, {'identifier': 'yellow_cards', 'points': -1, 'value': 1, 'points_modification': 0}, {'identifier': 'defensive_contribution', 'points': 2, 'value': 14, 'points_modification': 0}]}]",False,Thiaw,2,15,49,Thiaw,DEF,7
685,5,2025-26,90,0,0,1,0,0,0,0,1,0,0,0,25,20.0,11.8,4.0,3.6,5,3,2,7,1,0.0,0.03,0.03,0.14,5,False,"[{'fixture': 42, 'stats': [{'identifier': 'minutes', 'points': 2, 'value': 90, 'points_modification': 0}, {'identifier': 'clean_sheets', 'points': 4, 'value': 1, 'points_modification': 0}, {'identifier': 'yellow_cards', 'points': -1, 'value': 1, 'points_modification': 0}]}]",False,Diakité,2,4,45,Diakité,DEF,5
686,5,2025-26,0,0,0,0,0,0,0,0,0,0,0,0,0,0.0,0.0,0.0,0.0,0,0,0,0,0,0.0,0.0,0.0,0.0,0,False,"[{'fixture': 46, 'stats': [{'identifier': 'minutes', 'points': 0, 'value': 0, 'points_modification': 0}]}]",False,Ngumoha,3,12,45,Ngumoha,MID,0
687,5,2025-26,0,0,0,0,0,0,0,0,0,0,0,0,0,0.0,0.0,0.0,0.0,0,0,0,0,0,0.0,0.0,0.0,0.0,0,False,"[{'fixture': 42, 'stats': [{'identifier': 'minutes', 'points': 0, 'value': 0, 'points_modification': 0}]}]",False,Rees-Dottin,3,4,45,Rees-Dottin,MID,0
688,5,2025-26,0,0,0,0,0,0,0,0,0,0,0,0,0,0.0,0.0,0.0,0.0,0,0,0,0,0,0.0,0.0,0.0,0.0,0,False,"[{'fixture': 48, 'stats': [{'identifier': 'minutes', 'points': 0, 'value': 0, 'points_modification': 0}]}]",False,Wright,1,2,40,Wright,GK,0
689,5,2025-26,0,0,0,0,0,0,0,0,0,0,0,0,0,0.0,0.0,0.0,0.0,0,0,0,0,0,0.0,0.0,0.0,0.0,0,False,"[{'fixture': 42, 'stats': [{'identifier': 'minutes', 'points': 0, 'value': 0, 'points_modification': 0}]}]",False,Seung soo,3,15,44,Seung soo,MID,0
690,5,2025-26,0,0,0,0,0,0,0,0,0,0,0,0,0,0.0,0.0,0.0,0.0,0,0,0,0,0,0.0,0.0,0.0,0.0,0,False,"[{'fixture': 49, 'stats': [{'identifier': 'minutes', 'points': 0, 'value': 0, 'points_modification': 0}]}]",False,Cardines,3,8,44,Cardines,MID,0
691,5,2025-26,90,1,1,0,1,0,0,0,0,0,0,2,38,35.4,19.4,21.0,7.6,1,2,1,4,1,0.12,0.02,0.14,1.77,11,True,"[{'fixture': 50, 'stats': [{'identifier': 'minutes', 'points': 2, 'value': 90, 'points_modification': 0}, {'identifier': 'goals_scored', 'points': 4, 'value': 1, 'points_modification': 0}, {'identifier': 'assists', 'points': 3, 'value': 1, 'points_modification': 0}, {'identifier': 'bonus', 'points': 2, 'value': 2, 'points_modification': 0}]}]",False,Calvert-Lewin,4,11,55,Calvert-Lewin,FWD,11
692,5,2025-26,0,0,0,0,0,0,0,0,0,0,0,0,0,0.0,0.0,0.0,0.0,0,0,0,0,0,0.0,0.0,0.0,0.0,0,False,"[{'fixture': 46, 'stats': [{'identifier': 'minutes', 'points': 0, 'value': 0, 'points_modification': 0}]}]",False,Leoni,2,12,50,Leoni,DEF,0
693,5,2025-26,0,0,0,0,0,0,0,0,0,0,0,0,0,0.0,0.0,0.0,0.0,0,0,0,0,0,0.0,0.0,0.0,0.0,0,False,"[{'fixture': 44, 'stats': [{'identifier': 'minutes', 'points': 0, 'value': 0, 'points_modification': 0}]}]",False,Hutchinson,3,16,55,Hutchinson,MID,0
694,5,2025-26,90,0,0,0,1,0,0,0,0,0,0,0,15,36.0,30.6,12.0,7.9,13,3,3,16,1,0.07,0.18,0.25,0.71,4,False,"[{'fixture': 48, 'stats': [{'identifier': 'minutes', 'points': 2, 'value': 90, 'points_modification': 0}, {'identifier': 'defensive_contribution', 'points': 2, 'value': 16, 'points_modification': 0}]}]",False,Mukiele,2,17,40,Mukiele,DEF,4
695,5,2025-26,90,0,0,0,3,0,0,0,0,0,0,0,8,22.0,30.8,6.0,5.9,2,5,4,6,1,0.0,0.01,0.01,0.48,1,False,"[{'fixture': 50, 'stats': [{'identifier': 'minutes', 'points': 2, 'value': 90, 'points_modification': 0}, {'identifier': 'goals_conceded', 'points': -1, 'value': 3, 'points_modification': 0}]}]",False,Tchatchoua,2,20,45,Tchatchoua,DEF,1
696,5,2025-26,14,0,0,0,0,0,0,0,0,0,0,0,0,0.2,1.8,9.0,1.1,0,0,0,0,0,0.24,0.01,0.25,0.17,1,False,"[{'fixture': 44, 'stats': [{'identifier': 'minutes', 'points': 1, 'value': 14, 'points_modification': 0}]}]",False,Kalimuendo,4,16,60,Kalimuendo,FWD,1
697,5,2025-26,15,0,0,0,0,0,0,0,0,0,0,0,4,2.2,0.3,0.0,0.3,0,3,1,4,0,0.0,0.0,0.0,0.0,1,False,"[{'fixture': 42, 'stats': [{'identifier': 'minutes', 'points': 1, 'value': 15, 'points_modification': 0}]}]",False,Adli,3,4,55,Adli,MID,1
698,5,2025-26,69,1,0,0,1,0,0,0,0,0,0,1,25,38.6,7.8,23.0,6.9,1,4,0,5,1,0.15,0.02,0.17,1.28,8,False,"[{'fixture': 50, 'stats': [{'identifier': 'minutes', 'points': 2, 'value': 69, 'points_modification': 0}, {'identifier': 'goals_scored', 'points': 5, 'value': 1, 'points_modification': 0}, {'identifier': 'bonus', 'points': 1, 'value': 1, 'points_modification': 0}]}]",False,Okafor,3,11,55,Okafor,MID,8
699,5,2025-26,75,0,1,0,1,0,0,0,0,0,0,0,23,4.4,18.1,8.0,3.1,0,2,1,3,1,0.02,0.02,0.04,0.68,5,False,"[{'fixture': 44, 'stats': [{'identifier': 'minutes', 'points': 2, 'value': 75, 'points_modification': 0}, {'identifier': 'assists', 'points': 3, 'value': 1, 'points_modification': 0}]}]",False,Douglas Luiz,3,16,50,Douglas Luiz,MID,5
700,5,2025-26,0,0,0,0,0,0,0,0,0,0,0,0,0,0.0,0.0,0.0,0.0,0,0,0,0,0,0.0,0.0,0.0,0.0,0,False,"[{'fixture': 41, 'stats': [{'identifier': 'minutes', 'points': 0, 'value': 0, 'points_modification': 0}]}]",False,Dowman,3,1,45,Dowman,MID,0
701,5,2025-26,0,0,0,0,0,0,0,0,0,0,0,0,0,0.0,0.0,0.0,0.0,0,0,0,0,0,0.0,0.0,0.0,0.0,0,False,"[{'fixture': 48, 'stats': [{'identifier': 'minutes', 'points': 0, 'value': 0, 'points_modification': 0}]}]",False,Rowe,2,2,40,Rowe,DEF,0
702,5,2025-26,0,0,0,0,0,0,0,0,0,0,0,0,0,0.0,0.0,0.0,0.0,0,0,0,0,0,0.0,0.0,0.0,0.0,0,False,"[{'fixture': 48, 'stats': [{'identifier': 'minutes', 'points': 0, 'value': 0, 'points_modification': 0}]}]",False,Burrowes,3,2,45,Burrowes,MID,0
703,5,2025-26,0,0,0,0,0,0,0,0,0,0,0,0,0,0.0,0.0,0.0,0.0,0,0,0,0,0,0.0,0.0,0.0,0.0,0,False,"[{'fixture': 48, 'stats': [{'identifier': 'minutes', 'points': 0, 'value': 0, 'points_modification': 0}]}]",False,Proctor,1,2,40,Proctor,GK,0
704,5,2025-26,0,0,0,0,0,0,0,0,0,0,0,0,0,0.0,0.0,0.0,0.0,0,0,0,0,0,0.0,0.0,0.0,0.0,0,False,"[{'fixture': 46, 'stats': [{'identifier': 'minutes', 'points': 0, 'value': 0, 'points_modification': 0}]}]",False,Onyango,3,9,45,Onyango,MID,0
705,5,2025-26,0,0,0,0,0,0,0,0,0,0,0,0,0,0.0,0.0,0.0,0.0,0,0,0,0,0,0.0,0.0,0.0,0.0,0,False,"[{'fixture': 46, 'stats': [{'identifier': 'minutes', 'points': 0, 'value': 0, 'points_modification': 0}]}]",False,Campbell,2,9,40,Campbell,DEF,0
706,5,2025-26,7,0,0,0,0,0,0,0,0,0,0,0,4,4.0,0.0,0.0,0.4,2,0,0,2,0,0.0,0.0,0.0,0.28,1,False,"[{'fixture': 50, 'stats': [{'identifier': 'minutes', 'points': 1, 'value': 7, 'points_modification': 0}]}]",False,Justin,2,11,40,Justin,DEF,1
707,5,2025-26,4,0,0,0,0,0,0,0,0,0,0,0,2,0.0,0.5,0.0,0.0,0,0,0,0,0,0.0,0.0,0.0,0.0,1,False,"[{'fixture': 46, 'stats': [{'identifier': 'minutes', 'points': 1, 'value': 4, 'points_modification': 0}]}]",False,Dibling,3,9,55,Dibling,MID,1
708,5,2025-26,77,0,0,0,2,0,0,0,0,0,0,0,11,8.6,4.8,0.0,1.3,3,2,0,5,1,0.0,0.01,0.01,2.18,2,False,"[{'fixture': 49, 'stats': [{'identifier': 'minutes', 'points': 2, 'value': 77, 'points_modification': 0}]}]",False,M.Fernandes,3,19,55,M.Fernandes,MID,2
709,5,2025-26,90,1,0,0,3,0,0,0,0,0,0,0,8,49.4,13.6,17.0,8.0,3,4,5,8,1,0.68,0.04,0.72,0.48,7,False,"[{'fixture': 50, 'stats': [{'identifier': 'minutes', 'points': 2, 'value': 90, 'points_modification': 0}, {'identifier': 'goals_scored', 'points': 6, 'value': 1, 'points_modification': 0}, {'identifier': 'goals_conceded', 'points': -1, 'value': 3, 'points_modification': 0}]}]",False,Krejčí,2,20,45,Krejčí,DEF,7
710,5,2025-26,0,0,0,0,0,0,0,0,0,0,0,0,0,0.0,0.0,0.0,0.0,0,0,0,0,0,0.0,0.0,0.0,0.0,0,False,"[{'fixture': 48, 'stats': [{'identifier': 'minutes', 'points': 0, 'value': 0, 'points_modification': 0}]}]",False,Patterson,2,2,40,Patterson,DEF,0
711,5,2025-26,0,0,0,0,0,0,0,0,0,0,0,0,0,0.0,0.0,0.0,0.0,0,0,0,0,0,0.0,0.0,0.0,0.0,0,False,"[{'fixture': 41, 'stats': [{'identifier': 'minutes', 'points': 0, 'value': 0, 'points_modification': 0}]}]",False,Harriman-Annous,3,1,45,Harriman-Annous,MID,0
712,5,2025-26,45,0,0,0,0,0,0,0,0,0,0,0,6,5.2,14.2,11.0,3.0,1,0,1,2,1,0.1,0.27,0.37,0.22,1,False,"[{'fixture': 49, 'stats': [{'identifier': 'minutes', 'points': 1, 'value': 45, 'points_modification': 0}]}]",False,Yeremy,3,8,60,Yeremy,MID,1
713,5,2025-26,45,0,0,0,0,0,0,0,1,0,0,0,2,2.2,1.8,9.0,1.3,1,2,2,3,1,0.05,0.01,0.06,0.14,0,False,"[{'fixture': 42, 'stats': [{'identifier': 'minutes', 'points': 1, 'value': 45, 'points_modification': 0}, {'identifier': 'yellow_cards', 'points': -1, 'value': 1, 'points_modification': 0}]}]",False,A.Jimenez,2,4,45,A.Jimenez,DEF,0
714,5,2025-26,83,0,0,1,0,0,0,0,0,0,0,0,1,0.8,4.9,8.0,1.4,1,1,0,2,1,0.0,0.02,0.02,0.43,2,False,"[{'fixture': 42, 'stats': [{'identifier': 'minutes', 'points': 2, 'value': 83, 'points_modification': 0}]}]",False,Woltemade,4,15,71,Woltemade,FWD,2
715,5,2025-26,0,0,0,0,0,0,0,0,0,0,0,0,0,0.0,0.0,0.0,0.0,0,0,0,0,0,0.0,0.0,0.0,0.0,0,False,"[{'fixture': 44, 'stats': [{'identifier': 'minutes', 'points': 0, 'value': 0, 'points_modification': 0}]}]",False,John,1,16,40,John,GK,0
716,5,2025-26,0,0,0,0,0,0,0,0,0,0,0,0,0,0.0,0.0,0.0,0.0,0,0,0,0,0,0.0,0.0,0.0,0.0,0,False,"[{'fixture': 44, 'stats': [{'identifier': 'minutes', 'points': 0, 'value': 0, 'points_modification': 0}]}]",False,Savona,2,16,45,Savona,DEF,0
717,5,2025-26,29,0,0,0,0,0,0,0,0,0,0,0,4,3.2,12.3,24.0,4.0,0,1,0,1,0,0.25,0.06,0.31,0.42,1,False,"[{'fixture': 43, 'stats': [{'identifier': 'minutes', 'points': 1, 'value': 29, 'points_modification': 0}]}]",False,Xavi,3,18,71,Xavi,MID,1
718,5,2025-26,12,0,0,0,0,0,0,0,0,0,0,0,2,0.0,0.4,0.0,0.0,0,1,0,1,0,0.0,0.0,0.0,0.14,1,False,"[{'fixture': 49, 'stats': [{'identifier': 'minutes', 'points': 1, 'value': 12, 'points_modification': 0}]}]",False,S.Magassa,3,19,50,S.Magassa,MID,1
719,5,2025-26,0,0,0,0,0,0,0,0,0,0,0,0,0,0.0,0.0,0.0,0.0,0,0,0,0,0,0.0,0.0,0.0,0.0,0,False,"[{'fixture': 48, 'stats': [{'identifier': 'minutes', 'points': 0, 'value': 0, 'points_modification': 0}]}]",False,Lindelöf,2,2,45,Lindelöf,DEF,0
720,5,2025-26,90,0,0,0,3,0,0,0,0,0,0,0,8,5.0,13.0,47.0,6.5,1,2,1,4,1,0.22,0.03,0.25,0.48,2,False,"[{'fixture': 50, 'stats': [{'identifier': 'minutes', 'points': 2, 'value': 90, 'points_modification': 0}]}]",False,Tolu,4,20,55,Tolu,FWD,2
721,5,2025-26,0,0,0,0,0,0,0,0,0,0,0,0,0,0.0,0.0,0.0,0.0,0,0,0,0,0,0.0,0.0,0.0,0.0,0,False,"[{'fixture': 42, 'stats': [{'identifier': 'minutes', 'points': 0, 'value': 0, 'points_modification': 0}]}]",False,Milosavljević,2,4,45,Milosavljević,DEF,0
722,5,2025-26,90,0,0,0,1,0,0,0,1,0,0,0,19,25.6,23.5,0.0,4.9,7,7,4,18,1,0.0,0.01,0.01,1.1,3,False,"[{'fixture': 44, 'stats': [{'identifier': 'minutes', 'points': 2, 'value': 90, 'points_modification': 0}, {'identifier': 'yellow_cards', 'points': -1, 'value': 1, 'points_modification': 0}, {'identifier': 'defensive_contribution', 'points': 2, 'value': 18, 'points_modification': 0}]}]",False,Florentino,3,3,50,Florentino,MID,3
723,5,2025-26,0,0,0,0,0,0,0,0,0,0,0,0,0,0.0,0.0,0.0,0.0,0,0,0,0,0,0.0,0.0,0.0,0.0,0,False,"[{'fixture': 49, 'stats': [{'identifier': 'minutes', 'points': 0, 'value': 0, 'points_modification': 0}]}]",False,Canvot,2,8,45,Canvot,DEF,0
724,5,2025-26,9,0,0,0,0,0,0,0,0,0,0,0,4,6.0,0.0,0.0,0.6,2,0,0,2,0,0.0,0.0,0.0,0.25,1,False,"[{'fixture': 48, 'stats': [{'identifier': 'minutes', 'points': 1, 'value': 9, 'points_modification': 0}]}]",False,Geertruida,2,17,45,Geertruida,DEF,1
725,5,2025-26,0,0,0,0,0,0,0,0,0,0,0,0,0,0.0,0.0,0.0,0.0,0,0,0,0,0,0.0,0.0,0.0,0.0,0,False,"[{'fixture': 41, 'stats': [{'identifier': 'minutes', 'points': 0, 'value': 0, 'points_modification': 0}]}]",False,Hincapie,2,1,55,Hincapie,DEF,0
726,5,2025-26,0,0,0,0,0,0,0,0,0,0,0,0,0,0.0,0.0,0.0,0.0,0,0,0,0,0,0.0,0.0,0.0,0.0,0,False,"[{'fixture': 43, 'stats': [{'identifier': 'minutes', 'points': 0, 'value': 0, 'points_modification': 0}]}]",False,Kolo Muani,4,18,70,Kolo Muani,FWD,0
727,5,2025-26,0,0,0,0,0,0,0,0,0,0,0,0,0,0.0,0.0,0.0,0.0,0,0,0,0,0,0.0,0.0,0.0,0.0,0,False,"[{'fixture': 45, 'stats': [{'identifier': 'minutes', 'points': 0, 'value': 0, 'points_modification': 0}]}]",False,Chukwueze,3,10,55,Chukwueze,MID,0
728,5,2025-26,0,0,0,0,0,0,0,0,0,0,0,0,0,0.0,0.0,0.0,0.0,0,0,0,0,0,0.0,0.0,0.0,0.0,0,False,"[{'fixture': 46, 'stats': [{'identifier': 'minutes', 'points': 0, 'value': 0, 'points_modification': 0}]}]",False,Röhl,3,9,50,Röhl,MID,0
729,5,2025-26,0,0,0,0,0,0,0,0,0,0,0,0,0,0.0,0.0,0.0,0.0,0,0,0,0,0,0.0,0.0,0.0,0.0,0,False,"[{'fixture': 44, 'stats': [{'identifier': 'minutes', 'points': 0, 'value': 0, 'points_modification': 0}]}]",False,Cuiabano,2,16,45,Cuiabano,DEF,0
730,5,2025-26,0,0,0,0,0,0,0,0,0,0,0,0,0,0.0,0.0,0.0,0.0,0,0,0,0,0,0.0,0.0,0.0,0.0,0,False,"[{'fixture': 48, 'stats': [{'identifier': 'minutes', 'points': 0, 'value': 0, 'points_modification': 0}]}]",False,Brobbey,4,17,55,Brobbey,FWD,0
731,5,2025-26,23,0,0,0,0,0,0,0,1,0,0,0,2,2.2,1.2,0.0,0.3,1,2,0,3,0,0.0,0.0,0.0,0.17,0,False,"[{'fixture': 45, 'stats': [{'identifier': 'minutes', 'points': 1, 'value': 23, 'points_modification': 0}, {'identifier': 'yellow_cards', 'points': -1, 'value': 1, 'points_modification': 0}]}]",False,Kevin,3,10,60,Kevin,MID,0
732,5,2025-26,0,0,0,0,0,0,0,0,0,0,0,0,0,0.0,0.0,0.0,0.0,0,0,0,0,0,0.0,0.0,0.0,0.0,0,False,"[{'fixture': 49, 'stats': [{'identifier': 'minutes', 'points': 0, 'value': 0, 'points_modification': 0}]}]",False,Uche,4,8,55,Uche,FWD,0
733,5,2025-26,0,0,0,0,0,0,0,0,0,0,0,0,0,0.0,0.0,0.0,0.0,0,0,0,0,0,0.0,0.0,0.0,0.0,0,False,"[{'fixture': 47, 'stats': [{'identifier': 'minutes', 'points': 0, 'value': 0, 'points_modification': 0}]}]",False,Lammens,1,14,50,Lammens,GK,0
734,5,2025-26,58,0,0,0,1,0,0,0,0,0,0,0,7,13.0,14.3,26.0,5.3,1,5,0,6,1,0.06,0.01,0.07,0.51,1,False,"[{'fixture': 44, 'stats': [{'identifier': 'minutes', 'points': 1, 'value': 58, 'points_modification': 0}]}]",False,Bakwa,3,16,60,Bakwa,MID,1
735,5,2025-26,0,0,0,0,0,0,0,0,0,0,0,0,0,0.0,0.0,0.0,0.0,0,0,0,0,0,0.0,0.0,0.0,0.0,0,False,"[{'fixture': 48, 'stats': [{'identifier': 'minutes', 'points': 0, 'value': 0, 'points_modification': 0}]}]",False,Traoré,3,17,55,Traoré,MID,0
736,5,2025-26,90,0,0,0,1,0,0,0,1,0,2,0,7,15.6,0.0,0.0,1.6,4,4,0,0,1,0.0,0.0,0.0,0.96,1,False,"[{'fixture': 41, 'stats': [{'identifier': 'minutes', 'points': 2, 'value': 90, 'points_modification': 0}, {'identifier': 'yellow_cards', 'points': -1, 'value': 1, 'points_modification': 0}]}]",False,Donnarumma,1,13,56,Donnarumma,GK,1
737,5,2025-26,0,0,0,0,0,0,0,0,0,0,0,0,0,0.0,0.0,0.0,0.0,0,0,0,0,0,0.0,0.0,0.0,0.0,0,False,"[{'fixture': 45, 'stats': [{'identifier': 'minutes', 'points': 0, 'value': 0, 'points_modification': 0}]}]",False,Kusi-Asare,4,10,45,Kusi-Asare,FWD,0
738,5,2025-26,0,0,0,0,0,0,0,0,0,0,0,0,0,0.0,0.0,0.0,0.0,0,0,0,0,0,0.0,0.0,0.0,0.0,0,False,"[{'fixture': 49, 'stats': [{'identifier': 'minutes', 'points': 0, 'value': 0, 'points_modification': 0}]}]",False,Fabianski,1,19,45,Fabianski,GK,0
739,5,2025-26,0,0,0,0,0,0,0,0,0,0,0,0,0,0.0,0.0,0.0,0.0,0,0,0,0,0,0.0,0.0,0.0,0.0,0,False,"[{'fixture': 41, 'stats': [{'identifier': 'minutes', 'points': 0, 'value': 0, 'points_modification': 0}]}]",False,Mukasa,3,13,45,Mukasa,MID,0
740,5,2025-26,0,0,0,0,0,0,0,0,0,0,0,0,0,0.0,0.0,0.0,0.0,0,0,0,0,0,0.0,0.0,0.0,0.0,0,False,"[{'fixture': 41, 'stats': [{'identifier': 'minutes', 'points': 0, 'value': 0, 'points_modification': 0}]}]",False,Mfuni,2,13,40,Mfuni,DEF,0
741,5,2025-26,0,0,0,0,0,0,0,0,0,0,0,0,0,0.0,0.0,0.0,0.0,0,0,0,0,0,0.0,0.0,0.0,0.0,0,False,"[{'fixture': 50, 'stats': [{'identifier': 'minutes', 'points': 0, 'value': 0, 'points_modification': 0}]}]",False,Gray,4,11,45,Gray,FWD,0
