element,gameweek,season,minutes,goals_scored,assists,clean_sheets,goals_conceded,own_goals,penalties_saved,penalties_missed,yellow_cards,red_cards,saves,bonus,bps,influence,creativity,threat,ict_index,clearances_blocks_interceptions,recoveries,tackles,defensive_contribution,starts,expected_goals,expected_assists,expected_goal_involvements,expected_goals_conceded,total_points,in_dreamteam,explain,modified
1,7,2025-26,90,0,0,1,0,0,0,0,0,0,0,0,20,3.2,0.0,0.0,0.3,0,8,0,0,1,0.00,0.00,0.00,0.49,6,False,"[{'fixture': 61, 'stats': [{'identifier': 'minutes', 'points': 2, 'value': 90, 'points_modification': 0}, {'identifier': 'clean_sheets', 'points': 4, 'value': 1, 'points_modification': 0}]}]",False
2,7,2025-26,0,0,0,0,0,0,0,0,0,0,0,0,0,0.0,0.0,0.0,0.0,0,0,0,0,0,0.00,0.00,0.00,0.00,0,False,"[{'fixture': 61, 'stats': [{'identifier': 'minutes', 'points': 0, 'value': 0, 'points_modification': 0}]}]",False
3,7,2025-26,0,0,0,0,0,0,0,0,0,0,0,0,0,0.0,0.0,0.0,0.0,0,0,0,0,0,0.00,0.00,0.00,0.00,0,False,"[{'fixture': 61, 'stats': [{'identifier': 'minutes', 'points': 0, 'value': 0, 'points_modification': 0}]}]",False
4,7,2025-26,0,0,0,0,0,0,0,0,0,0,0,0,0,0.0,0.0,0.0,0.0,0,0,0,0,0,0.00,0.00,0.00,0.00,0,False,"[{'fixture': 61, 'stats': [{'identifier': 'minutes', 'points': 0, 'value': 0, 'points_modification': 0}]}]",False
5,7,2025-26,90,0,0,1,0,0,0,0,0,0,0,1,33,24.6,2.0,2.0,2.9,10,0,2,12,1,0.00,0.03,0.03,0.49,9,False,"[{'fixture': 61, 'stats': [{'identifier': 'minutes', 'points': 2, 'value': 90, 'points_modification': 0}, {'identifier': 'clean_sheets', 'points': 4, 'value': 1, 'points_modification': 0}, {'identifier': 'bonus', 'points': 1, 'value': 1, 'points_modification': 0}, {'identifier': 'defensive_contribution', 'points': 2, 'value': 12, 'points_modification': 0}]}]",False
6,7,2025-26,90,0,0,1,0,0,0,0,0,0,0,0,30,28.2,2.2,0.0,3.0,8,4,0,8,1,0.00,0.02,0.02,0.49,6,False,"[{'fixture': 61, 'stats': [{'identifier': 'minutes', 'points': 2, 'value': 90, 'points_modification': 0}, {'identifier': 'clean_sheets', 'points': 4, 'value': 1, 'points_modification': 0}]}]",False
7,7,2025-26,74,0,0,1,0,0,0,0,0,0,0,0,26,8.8,5.4,19.0,3.3,3,5,3,6,1,0.17,0.02,0.19,0.36,6,False,"[{'fixture': 61, 'stats': [{'identifier': 'minutes', 'points': 2, 'value': 74, 'points_modification': 0}, {'identifier': 'clean_sheets', 'points': 4, 'value': 1, 'points_modification': 0}]}]",False
8,7,2025-26,90,0,1,1,0,0,0,0,0,0,0,2,43,20.2,16.8,29.0,6.6,3,3,6,9,1,0.16,0.03,0.19,0.49,11,True,"[{'fixture': 61, 'stats': [{'identifier': 'minutes', 'points': 2, 'value': 90, 'points_modification': 0}, {'identifier': 'assists', 'points': 3, 'value': 1, 'points_modification': 0}, {'identifier': 'clean_sheets', 'points': 4, 'value': 1, 'points_modification': 0}, {'identifier': 'bonus', 'points': 2, 'value': 2, 'points_modification': 0}]}]",False
9,7,2025-26,0,0,0,0,0,0,0,0,0,0,0,0,0,0.0,0.0,0.0,0.0,0,0,0,0,0,0.00,0.00,0.00,0.00,0,False,"[{'fixture': 61, 'stats': [{'identifier': 'minutes', 'points': 0, 'value': 0, 'points_modification': 0}]}]",False
10,7,2025-26,15,0,0,0,0,0,0,0,0,0,0,0,2,3.2,0.3,2.0,0.6,2,1,0,2,0,0.00,0.00,0.00,0.13,1,False,"[{'fixture': 61, 'stats': [{'identifier': 'minutes', 'points': 1, 'value': 15, 'points_modification': 0}]}]",False
11,7,2025-26,0,0,0,0,0,0,0,0,0,0,0,0,0,0.0,0.0,0.0,0.0,0,0,0,0,0,0.00,0.00,0.00,0.00,0,False,"[{'fixture': 61, 'stats': [{'identifier': 'minutes', 'points': 0, 'value': 0, 'points_modification': 0}]}]",False
12,7,2025-26,0,0,0,0,0,0,0,0,0,0,0,0,0,0.0,0.0,0.0,0.0,0,0,0,0,0,0.00,0.00,0.00,0.00,0,False,"[{'fixture': 69, 'stats': [{'identifier': 'minutes', 'points': 0, 'value': 0, 'points_modification': 0}]}]",False
13,7,2025-26,0,0,0,0,0,0,0,0,0,0,0,0,0,0.0,0.0,0.0,0.0,0,0,0,0,0,0.00,0.00,0.00,0.00,0,False,"[{'fixture': 61, 'stats': [{'identifier': 'minutes', 'points': 0, 'value': 0, 'points_modification': 0}]}]",False
14,7,2025-26,0,0,0,0,0,0,0,0,0,0,0,0,0,0.0,0.0,0.0,0.0,0,0,0,0,0,0.00,0.00,0.00,0.00,0,False,"[{'fixture': 61, 'stats': [{'identifier': 'minutes', 'points': 0, 'value': 0, 'points_modification': 0}]}]",False
15,7,2025-26,0,0,0,0,0,0,0,0,0,0,0,0,0,0.0,0.0,0.0,0.0,0,0,0,0,0,0.00,0.00,0.00,0.00,0,False,"[{'fixture': 61, 'stats': [{'identifier': 'minutes', 'points': 0, 'value': 0, 'points_modification': 0}]}]",False
16,7,2025-26,90,1,0,1,0,0,0,0,0,0,0,0,22,38.8,23.6,31.0,9.3,1,4,2,7,1,0.84,1.11,1.95,0.49,8,False,"[{'fixture': 61, 'stats': [{'identifier': 'minutes', 'points': 2, 'value': 90, 'points_modification': 0}, {'identifier': 'goals_scored', 'points': 5, 'value': 1, 'points_modification': 0}, {'identifier': 'clean_sheets', 'points': 1, 'value': 1, 'points_modification': 0}]}]",False
17,7,2025-26,29,0,0,0,0,0,0,0,0,0,0,0,4,3.2,16.5,0.0,2.0,0,0,1,1,1,0.00,0.21,0.21,0.34,1,False,"[{'fixture': 61, 'stats': [{'identifier': 'minutes', 'points': 1, 'value': 29, 'points_modification': 0}]}]",False
18,7,2025-26,0,0,0,0,0,0,0,0,0,0,0,0,0,0.0,0.0,0.0,0.0,0,0,0,0,0,0.00,0.00,0.00,0.00,0,False,"[{'fixture': 61, 'stats': [{'identifier': 'minutes', 'points': 0, 'value': 0, 'points_modification': 0}]}]",False
19,7,2025-26,11,0,0,0,0,0,0,0,0,0,0,0,3,2.0,14.0,2.0,1.8,1,1,0,2,0,0.00,0.06,0.06,0.13,1,False,"[{'fixture': 61, 'stats': [{'identifier': 'minutes', 'points': 1, 'value': 11, 'points_modification': 0}]}]",False
20,7,2025-26,74,0,0,1,0,0,0,0,0,0,0,0,16,10.8,28.5,20.0,5.9,1,1,2,4,1,0.12,0.09,0.21,0.36,3,False,"[{'fixture': 61, 'stats': [{'identifier': 'minutes', 'points': 2, 'value': 74, 'points_modification': 0}, {'identifier': 'clean_sheets', 'points': 1, 'value': 1, 'points_modification': 0}]}]",False
21,7,2025-26,78,1,0,1,0,0,0,0,0,0,0,3,45,45.6,40.4,23.0,10.9,2,3,0,5,1,0.32,0.12,0.44,0.36,11,True,"[{'fixture': 61, 'stats': [{'identifier': 'minutes', 'points': 2, 'value': 78, 'points_modification': 0}, {'identifier': 'goals_scored', 'points': 5, 'value': 1, 'points_modification': 0}, {'identifier': 'clean_sheets', 'points': 1, 'value': 1, 'points_modification': 0}, {'identifier': 'bonus', 'points': 3, 'value': 3, 'points_modification': 0}]}]",False
22,7,2025-26,11,0,0,0,0,0,0,0,0,0,0,0,0,0.0,3.7,12.0,1.2,0,0,0,0,0,0.16,0.00,0.16,0.13,1,False,"[{'fixture': 61, 'stats': [{'identifier': 'minutes', 'points': 1, 'value': 11, 'points_modification': 0}]}]",False
23,7,2025-26,0,0,0,0,0,0,0,0,0,0,0,0,0,0.0,0.0,0.0,0.0,0,0,0,0,0,0.00,0.00,0.00,0.00,0,False,"[{'fixture': 61, 'stats': [{'identifier': 'minutes', 'points': 0, 'value': 0, 'points_modification': 0}]}]",False
24,7,2025-26,0,0,0,0,0,0,0,0,0,0,0,0,0,0.0,0.0,0.0,0.0,0,0,0,0,0,0.00,0.00,0.00,0.00,0,False,"[{'fixture': 61, 'stats': [{'identifier': 'minutes', 'points': 0, 'value': 0, 'points_modification': 0}]}]",False
25,7,2025-26,15,0,0,0,0,0,0,0,0,0,0,0,1,0.0,1.1,1.0,0.1,0,0,0,0,0,0.02,0.04,0.06,0.13,1,False,"[{'fixture': 61, 'stats': [{'identifier': 'minutes', 'points': 1, 'value': 15, 'points_modification': 0}]}]",False
26,7,2025-26,60,0,0,1,0,0,0,0,0,0,0,0,20,22.6,18.4,0.0,4.1,3,3,5,11,0,0.00,0.16,0.16,0.15,3,False,"[{'fixture': 61, 'stats': [{'identifier': 'minutes', 'points': 2, 'value': 60, 'points_modification': 0}, {'identifier': 'clean_sheets', 'points': 1, 'value': 1, 'points_modification': 0}]}]",False
27,7,2025-26,0,0,0,0,0,0,0,0,0,0,0,0,0,0.0,0.0,0.0,0.0,0,0,0,0,0,0.00,0.00,0.00,0.00,0,False,"[{'fixture': 64, 'stats': [{'identifier': 'minutes', 'points': 0, 'value': 0, 'points_modification': 0}]}]",False
28,7,2025-26,0,0,0,0,0,0,0,0,0,0,0,0,0,0.0,0.0,0.0,0.0,0,0,0,0,0,0.00,0.00,0.00,0.00,0,False,"[{'fixture': 61, 'stats': [{'identifier': 'minutes', 'points': 0, 'value': 0, 'points_modification': 0}]}]",False
29,7,2025-26,0,0,0,0,0,0,0,0,0,0,0,0,0,0.0,0.0,0.0,0.0,0,0,0,0,0,0.00,0.00,0.00,0.00,0,False,"[{'fixture': 61, 'stats': [{'identifier': 'minutes', 'points': 0, 'value': 0, 'points_modification': 0}]}]",False
30,7,2025-26,0,0,0,0,0,0,0,0,0,0,0,0,0,0.0,0.0,0.0,0.0,0,0,0,0,0,0.00,0.00,0.00,0.00,0,False,"[{'fixture': 61, 'stats': [{'identifier': 'minutes', 'points': 0, 'value': 0, 'points_modification': 0}]}]",False
31,7,2025-26,0,0,0,0,0,0,0,0,0,0,0,0,0,0.0,0.0,0.0,0.0,0,0,0,0,0,0.00,0.00,0.00,0.00,0,False,"[{'fixture': 61, 'stats': [{'identifier': 'minutes', 'points': 0, 'value': 0, 'points_modification': 0}]}]",False
32,7,2025-26,90,0,0,0,1,0,0,0,1,0,1,0,9,11.4,0.0,0.0,1.1,1,8,0,0,1,0.00,0.00,0.00,0.42,1,False,"[{'fixture': 62, 'stats': [{'identifier': 'minutes', 'points': 2, 'value': 90, 'points_modification': 0}, {'identifier': 'yellow_cards', 'points': -1, 'value': 1, 'points_modification': 0}]}]",False
33,7,2025-26,0,0,0,0,0,0,0,0,0,0,0,0,0,0.0,0.0,0.0,0.0,0,0,0,0,0,0.00,0.00,0.00,0.00,0,False,"[{'fixture': 62, 'stats': [{'identifier': 'minutes', 'points': 0, 'value': 0, 'points_modification': 0}]}]",False
34,7,2025-26,0,0,0,0,0,0,0,0,0,0,0,0,0,0.0,0.0,0.0,0.0,0,0,0,0,0,0.00,0.00,0.00,0.00,0,False,"[{'fixture': 62, 'stats': [{'identifier': 'minutes', 'points': 0, 'value': 0, 'points_modification': 0}]}]",False
35,7,2025-26,0,0,0,0,0,0,0,0,0,0,0,0,0,0.0,0.0,0.0,0.0,0,0,0,0,0,0.00,0.00,0.00,0.00,0,False,"[{'fixture': 62, 'stats': [{'identifier': 'minutes', 'points': 0, 'value': 0, 'points_modification': 0}]}]",False
36,7,2025-26,83,0,0,0,1,0,0,0,0,0,0,0,9,10.6,16.4,9.0,3.6,2,2,1,3,1,0.01,0.03,0.04,0.39,2,False,"[{'fixture': 62, 'stats': [{'identifier': 'minutes', 'points': 2, 'value': 83, 'points_modification': 0}]}]",False
37,7,2025-26,90,0,0,0,1,0,0,0,1,0,0,0,20,27.6,81.8,17.0,12.6,4,4,2,6,1,0.08,0.58,0.66,0.42,1,False,"[{'fixture': 62, 'stats': [{'identifier': 'minutes', 'points': 2, 'value': 90, 'points_modification': 0}, {'identifier': 'yellow_cards', 'points': -1, 'value': 1, 'points_modification': 0}]}]",False
38,7,2025-26,90,0,0,0,1,0,0,0,0,0,0,0,15,15.8,1.1,19.0,3.6,3,4,0,3,1,0.04,0.01,0.05,0.42,2,False,"[{'fixture': 62, 'stats': [{'identifier': 'minutes', 'points': 2, 'value': 90, 'points_modification': 0}]}]",False
39,7,2025-26,1,0,0,0,0,0,0,0,0,0,0,0,6,2.0,0.0,0.0,0.2,0,0,1,1,0,0.00,0.00,0.00,0.00,1,False,"[{'fixture': 62, 'stats': [{'identifier': 'minutes', 'points': 1, 'value': 1, 'points_modification': 0}]}]",False
40,7,2025-26,0,0,0,0,0,0,0,0,0,0,0,0,0,0.0,0.0,0.0,0.0,0,0,0,0,0,0.00,0.00,0.00,0.00,0,False,"[{'fixture': 62, 'stats': [{'identifier': 'minutes', 'points': 0, 'value': 0, 'points_modification': 0}]}]",False
41,7,2025-26,90,0,0,0,1,0,0,0,0,0,0,0,20,29.4,1.6,4.0,3.5,10,7,3,13,1,0.03,0.01,0.04,0.42,4,False,"[{'fixture': 62, 'stats': [{'identifier': 'minutes', 'points': 2, 'value': 90, 'points_modification': 0}, {'identifier': 'defensive_contribution', 'points': 2, 'value': 13, 'points_modification': 0}]}]",False
42,7,2025-26,0,0,0,0,0,0,0,0,0,0,0,0,0,0.0,0.0,0.0,0.0,0,0,0,0,0,0.00,0.00,0.00,0.00,0,False,"[{'fixture': 62, 'stats': [{'identifier': 'minutes', 'points': 0, 'value': 0, 'points_modification': 0}]}]",False
43,7,2025-26,0,0,0,0,0,0,0,0,0,0,0,0,0,0.0,0.0,0.0,0.0,0,0,0,0,0,0.00,0.00,0.00,0.00,0,False,"[{'fixture': 62, 'stats': [{'identifier': 'minutes', 'points': 0, 'value': 0, 'points_modification': 0}]}]",False
44,7,2025-26,89,0,0,0,1,0,0,0,0,0,0,0,8,3.8,12.0,0.0,1.6,0,2,0,0,1,0.00,0.01,0.01,0.39,2,False,"[{'fixture': 62, 'stats': [{'identifier': 'minutes', 'points': 2, 'value': 89, 'points_modification': 0}]}]",False
45,7,2025-26,0,0,0,0,0,0,0,0,0,0,0,0,0,0.0,0.0,0.0,0.0,0,0,0,0,0,0.00,0.00,0.00,0.00,0,False,"[{'fixture': 62, 'stats': [{'identifier': 'minutes', 'points': 0, 'value': 0, 'points_modification': 0}]}]",False
46,7,2025-26,0,0,0,0,0,0,0,0,0,0,0,0,0,0.0,0.0,0.0,0.0,0,0,0,0,0,0.00,0.00,0.00,0.00,0,False,"[{'fixture': 62, 'stats': [{'identifier': 'minutes', 'points': 0, 'value': 0, 'points_modification': 0}]}]",False
47,7,2025-26,90,0,1,0,1,0,0,0,0,0,0,0,21,30.6,13.3,33.0,7.7,2,5,2,9,1,0.24,0.08,0.32,0.42,5,False,"[{'fixture': 62, 'stats': [{'identifier': 'minutes', 'points': 2, 'value': 90, 'points_modification': 0}, {'identifier': 'assists', 'points': 3, 'value': 1, 'points_modification': 0}]}]",False
48,7,2025-26,0,0,0,0,0,0,0,0,0,0,0,0,0,0.0,0.0,0.0,0.0,0,0,0,0,0,0.00,0.00,0.00,0.00,0,False,"[{'fixture': 62, 'stats': [{'identifier': 'minutes', 'points': 0, 'value': 0, 'points_modification': 0}]}]",False
49,7,2025-26,0,0,0,0,0,0,0,0,0,0,0,0,0,0.0,0.0,0.0,0.0,0,0,0,0,0,0.00,0.00,0.00,0.00,0,False,"[{'fixture': 62, 'stats': [{'identifier': 'minutes', 'points': 0, 'value': 0, 'points_modification': 0}]}]",False
50,7,2025-26,33,0,0,0,1,0,0,0,1,0,0,0,-1,1.4,0.3,2.0,0.4,2,1,1,4,0,0.00,0.07,0.07,0.33,0,False,"[{'fixture': 62, 'stats': [{'identifier': 'minutes', 'points': 1, 'value': 33, 'points_modification': 0}, {'identifier': 'yellow_cards', 'points': -1, 'value': 1, 'points_modification': 0}]}]",False
51,7,2025-26,0,0,0,0,0,0,0,0,0,0,0,0,0,0.0,0.0,0.0,0.0,0,0,0,0,0,0.00,0.00,0.00,0.00,0,False,"[{'fixture': 62, 'stats': [{'identifier': 'minutes', 'points': 0, 'value': 0, 'points_modification': 0}]}]",False
52,7,2025-26,0,0,0,0,0,0,0,0,0,0,0,0,0,0.0,0.0,0.0,0.0,0,0,0,0,0,0.00,0.00,0.00,0.00,0,False,"[{'fixture': 69, 'stats': [{'identifier': 'minutes', 'points': 0, 'value': 0, 'points_modification': 0}]}]",False
53,7,2025-26,83,2,0,0,1,0,0,0,0,0,0,3,46,71.8,22.3,45.0,13.9,0,2,1,3,1,0.49,0.04,0.53,0.39,15,True,"[{'fixture': 62, 'stats': [{'identifier': 'minutes', 'points': 2, 'value': 83, 'points_modification': 0}, {'identifier': 'goals_scored', 'points': 10, 'value': 2, 'points_modification': 0}, {'identifier': 'bonus', 'points': 3, 'value': 3, 'points_modification': 0}]}]",False
54,7,2025-26,66,0,0,1,0,0,0,0,0,0,0,0,8,1.8,16.0,1.0,1.9,0,2,1,3,1,0.05,0.18,0.23,0.10,3,False,"[{'fixture': 62, 'stats': [{'identifier': 'minutes', 'points': 2, 'value': 66, 'points_modification': 0}, {'identifier': 'clean_sheets', 'points': 1, 'value': 1, 'points_modification': 0}]}]",False
55,7,2025-26,6,0,0,0,0,0,0,0,0,0,0,0,1,0.0,0.3,7.0,0.7,1,2,0,3,0,0.16,0.00,0.16,0.03,1,False,"[{'fixture': 62, 'stats': [{'identifier': 'minutes', 'points': 1, 'value': 6, 'points_modification': 0}]}]",False
56,7,2025-26,0,0,0,0,0,0,0,0,0,0,0,0,0,0.0,0.0,0.0,0.0,0,0,0,0,0,0.00,0.00,0.00,0.00,0,False,"[{'fixture': 62, 'stats': [{'identifier': 'minutes', 'points': 0, 'value': 0, 'points_modification': 0}]}]",False
57,7,2025-26,0,0,0,0,0,0,0,0,0,0,0,0,0,0.0,0.0,0.0,0.0,0,0,0,0,0,0.00,0.00,0.00,0.00,0,False,"[{'fixture': 62, 'stats': [{'identifier': 'minutes', 'points': 0, 'value': 0, 'points_modification': 0}]}]",False
58,7,2025-26,90,0,1,0,1,0,0,0,0,0,0,0,22,31.2,30.4,5.0,6.7,2,7,1,10,1,0.02,0.19,0.20,0.42,5,False,"[{'fixture': 62, 'stats': [{'identifier': 'minutes', 'points': 2, 'value': 90, 'points_modification': 0}, {'identifier': 'assists', 'points': 3, 'value': 1, 'points_modification': 0}]}]",False
59,7,2025-26,1,0,0,0,0,0,0,0,0,0,0,0,3,0.2,0.1,0.0,0.0,0,0,0,0,0,0.00,0.00,0.00,0.03,1,False,"[{'fixture': 62, 'stats': [{'identifier': 'minutes', 'points': 1, 'value': 1, 'points_modification': 0}]}]",False
60,7,2025-26,0,0,0,0,0,0,0,0,0,0,0,0,0,0.0,0.0,0.0,0.0,0,0,0,0,0,0.00,0.00,0.00,0.00,0,False,"[{'fixture': 62, 'stats': [{'identifier': 'minutes', 'points': 0, 'value': 0, 'points_modification': 0}]}]",False
61,7,2025-26,0,0,0,0,0,0,0,0,0,0,0,0,0,0.0,0.0,0.0,0.0,0,0,0,0,0,0.00,0.00,0.00,0.00,0,False,"[{'fixture': 62, 'stats': [{'identifier': 'minutes', 'points': 0, 'value': 0, 'points_modification': 0}]}]",False
62,7,2025-26,0,0,0,0,0,0,0,0,0,0,0,0,0,0.0,0.0,0.0,0.0,0,0,0,0,0,0.00,0.00,0.00,0.00,0,False,"[{'fixture': 62, 'stats': [{'identifier': 'minutes', 'points': 0, 'value': 0, 'points_modification': 0}]}]",False
63,7,2025-26,0,0,0,0,0,0,0,0,0,0,0,0,0,0.0,0.0,0.0,0.0,0,0,0,0,0,0.00,0.00,0.00,0.00,0,False,"[{'fixture': 62, 'stats': [{'identifier': 'minutes', 'points': 0, 'value': 0, 'points_modification': 0}]}]",False
64,7,2025-26,66,0,0,1,0,0,0,0,0,0,0,0,0,0.0,3.8,13.0,1.5,1,0,0,1,1,0.26,0.03,0.29,0.10,2,False,"[{'fixture': 62, 'stats': [{'identifier': 'minutes', 'points': 2, 'value': 66, 'points_modification': 0}]}]",False
65,7,2025-26,0,0,0,0,0,0,0,0,0,0,0,0,0,0.0,0.0,0.0,0.0,0,0,0,0,0,0.00,0.00,0.00,0.00,0,False,"[{'fixture': 62, 'stats': [{'identifier': 'minutes', 'points': 0, 'value': 0, 'points_modification': 0}]}]",False
66,7,2025-26,0,0,0,0,0,0,0,0,0,0,0,0,0,0.0,0.0,0.0,0.0,0,0,0,0,0,0.00,0.00,0.00,0.00,0,False,"[{'fixture': 63, 'stats': [{'identifier': 'minutes', 'points': 0, 'value': 0, 'points_modification': 0}]}]",False
67,7,2025-26,90,0,0,0,1,0,0,0,0,0,3,0,13,19.4,0.0,0.0,1.9,2,9,0,0,1,0.00,0.00,0.00,0.88,3,False,"[{'fixture': 63, 'stats': [{'identifier': 'minutes', 'points': 2, 'value': 90, 'points_modification': 0}, {'identifier': 'saves', 'points': 1, 'value': 3, 'points_modification': 0}]}]",False
68,7,2025-26,0,0,0,0,0,0,0,0,0,0,0,0,0,0.0,0.0,0.0,0.0,0,0,0,0,0,0.00,0.00,0.00,0.00,0,False,"[{'fixture': 63, 'stats': [{'identifier': 'minutes', 'points': 0, 'value': 0, 'points_modification': 0}]}]",False
69,7,2025-26,0,0,0,0,0,0,0,0,0,0,0,0,0,0.0,0.0,0.0,0.0,0,0,0,0,0,0.00,0.00,0.00,0.00,0,False,"[{'fixture': 63, 'stats': [{'identifier': 'minutes', 'points': 0, 'value': 0, 'points_modification': 0}]}]",False
70,7,2025-26,0,0,0,0,0,0,0,0,0,0,0,0,0,0.0,0.0,0.0,0.0,0,0,0,0,0,0.00,0.00,0.00,0.00,0,False,"[{'fixture': 63, 'stats': [{'identifier': 'minutes', 'points': 0, 'value': 0, 'points_modification': 0}]}]",False
71,7,2025-26,0,0,0,0,0,0,0,0,0,0,0,0,0,0.0,0.0,0.0,0.0,0,0,0,0,0,0.00,0.00,0.00,0.00,0,False,"[{'fixture': 63, 'stats': [{'identifier': 'minutes', 'points': 0, 'value': 0, 'points_modification': 0}]}]",False
72,7,2025-26,77,0,0,0,1,0,0,0,0,0,0,0,9,23.2,8.1,2.0,3.3,7,2,0,7,1,0.00,0.72,0.72,0.60,2,False,"[{'fixture': 63, 'stats': [{'identifier': 'minutes', 'points': 2, 'value': 77, 'points_modification': 0}]}]",False
73,7,2025-26,0,0,0,0,0,0,0,0,0,0,0,0,0,0.0,0.0,0.0,0.0,0,0,0,0,0,0.00,0.00,0.00,0.00,0,False,"[{'fixture': 63, 'stats': [{'identifier': 'minutes', 'points': 0, 'value': 0, 'points_modification': 0}]}]",False
74,7,2025-26,90,0,1,0,1,0,0,0,0,0,0,0,24,32.8,20.2,4.0,5.7,4,6,1,5,1,0.03,0.04,0.07,0.88,5,False,"[{'fixture': 63, 'stats': [{'identifier': 'minutes', 'points': 2, 'value': 90, 'points_modification': 0}, {'identifier': 'assists', 'points': 3, 'value': 1, 'points_modification': 0}]}]",False
75,7,2025-26,0,0,0,0,0,0,0,0,0,0,0,0,0,0.0,0.0,0.0,0.0,0,0,0,0,0,0.00,0.00,0.00,0.00,0,False,"[{'fixture': 63, 'stats': [{'identifier': 'minutes', 'points': 0, 'value': 0, 'points_modification': 0}]}]",False
76,7,2025-26,0,0,0,0,0,0,0,0,0,0,0,0,0,0.0,0.0,0.0,0.0,0,0,0,0,0,0.00,0.00,0.00,0.00,0,False,"[{'fixture': 63, 'stats': [{'identifier': 'minutes', 'points': 0, 'value': 0, 'points_modification': 0}]}]",False
77,7,2025-26,60,0,0,1,0,0,0,0,0,0,0,0,27,9.6,2.3,0.0,1.2,1,3,2,3,1,0.00,0.16,0.16,0.20,6,False,"[{'fixture': 63, 'stats': [{'identifier': 'minutes', 'points': 2, 'value': 60, 'points_modification': 0}, {'identifier': 'clean_sheets', 'points': 4, 'value': 1, 'points_modification': 0}]}]",False
78,7,2025-26,0,0,0,0,0,0,0,0,0,0,0,0,0,0.0,0.0,0.0,0.0,0,0,0,0,0,0.00,0.00,0.00,0.00,0,False,"[{'fixture': 63, 'stats': [{'identifier': 'minutes', 'points': 0, 'value': 0, 'points_modification': 0}]}]",False
79,7,2025-26,0,0,0,0,0,0,0,0,0,0,0,0,0,0.0,0.0,0.0,0.0,0,0,0,0,0,0.00,0.00,0.00,0.00,0,False,"[{'fixture': 63, 'stats': [{'identifier': 'minutes', 'points': 0, 'value': 0, 'points_modification': 0}]}]",False
80,7,2025-26,0,0,0,0,0,0,0,0,0,0,0,0,0,0.0,0.0,0.0,0.0,0,0,0,0,0,0.00,0.00,0.00,0.00,0,False,"[{'fixture': 63, 'stats': [{'identifier': 'minutes', 'points': 0, 'value': 0, 'points_modification': 0}]}]",False
81,7,2025-26,29,1,0,0,1,0,0,0,0,0,0,1,31,39.6,13.3,11.0,6.4,0,2,2,4,0,0.02,0.01,0.03,0.69,7,False,"[{'fixture': 63, 'stats': [{'identifier': 'minutes', 'points': 1, 'value': 29, 'points_modification': 0}, {'identifier': 'goals_scored', 'points': 5, 'value': 1, 'points_modification': 0}, {'identifier': 'bonus', 'points': 1, 'value': 1, 'points_modification': 0}]}]",False
82,7,2025-26,90,2,1,0,1,0,0,0,0,0,0,3,63,92.4,16.5,63.0,17.2,1,7,1,9,1,0.66,0.06,0.72,0.88,18,True,"[{'fixture': 63, 'stats': [{'identifier': 'minutes', 'points': 2, 'value': 90, 'points_modification': 0}, {'identifier': 'goals_scored', 'points': 10, 'value': 2, 'points_modification': 0}, {'identifier': 'assists', 'points': 3, 'value': 1, 'points_modification': 0}, {'identifier': 'bonus', 'points': 3, 'value': 3, 'points_modification': 0}]}]",False
83,7,2025-26,22,0,0,0,0,0,0,0,1,0,0,0,-1,0.0,0.0,2.0,0.0,0,0,0,0,0,0.00,0.00,0.00,0.00,0,False,"[{'fixture': 64, 'stats': [{'identifier': 'minutes', 'points': 1, 'value': 22, 'points_modification': 0}, {'identifier': 'yellow_cards', 'points': -1, 'value': 1, 'points_modification': 0}]}]",False
84,7,2025-26,60,0,0,1,0,0,0,0,0,0,0,0,1,5.0,31.1,8.0,4.4,1,4,0,5,1,0.00,0.05,0.05,0.20,3,False,"[{'fixture': 63, 'stats': [{'identifier': 'minutes', 'points': 2, 'value': 60, 'points_modification': 0}, {'identifier': 'clean_sheets', 'points': 1, 'value': 1, 'points_modification': 0}]}]",False
85,7,2025-26,77,0,0,0,1,0,0,0,0,0,0,0,15,12.4,4.7,7.0,2.4,4,6,0,10,1,0.02,0.02,0.04,0.60,2,False,"[{'fixture': 63, 'stats': [{'identifier': 'minutes', 'points': 2, 'value': 77, 'points_modification': 0}]}]",False
86,7,2025-26,84,0,0,0,1,0,0,0,0,0,0,0,11,4.2,7.0,4.0,1.5,1,2,0,3,1,0.00,0.02,0.02,0.64,2,False,"[{'fixture': 63, 'stats': [{'identifier': 'minutes', 'points': 2, 'value': 84, 'points_modification': 0}]}]",False
87,7,2025-26,12,0,0,0,0,0,0,0,0,0,0,0,3,4.2,4.6,0.0,0.9,0,1,1,2,0,0.00,0.00,0.00,0.28,1,False,"[{'fixture': 63, 'stats': [{'identifier': 'minutes', 'points': 1, 'value': 12, 'points_modification': 0}]}]",False
88,7,2025-26,0,0,0,0,0,0,0,0,0,0,0,0,0,0.0,0.0,0.0,0.0,0,0,0,0,0,0.00,0.00,0.00,0.00,0,False,"[{'fixture': 63, 'stats': [{'identifier': 'minutes', 'points': 0, 'value': 0, 'points_modification': 0}]}]",False
89,7,2025-26,0,0,0,0,0,0,0,0,0,0,0,0,0,0.0,0.0,0.0,0.0,0,0,0,0,0,0.00,0.00,0.00,0.00,0,False,"[{'fixture': 63, 'stats': [{'identifier': 'minutes', 'points': 0, 'value': 0, 'points_modification': 0}]}]",False
90,7,2025-26,90,0,0,0,1,0,0,0,0,0,0,0,19,13.6,8.3,6.0,2.8,5,10,2,17,1,0.12,0.02,0.14,0.88,4,False,"[{'fixture': 63, 'stats': [{'identifier': 'minutes', 'points': 2, 'value': 90, 'points_modification': 0}, {'identifier': 'defensive_contribution', 'points': 2, 'value': 17, 'points_modification': 0}]}]",False
91,7,2025-26,0,0,0,0,0,0,0,0,0,0,0,0,0,0.0,0.0,0.0,0.0,0,0,0,0,0,0.00,0.00,0.00,0.00,0,False,"[{'fixture': 63, 'stats': [{'identifier': 'minutes', 'points': 0, 'value': 0, 'points_modification': 0}]}]",False
92,7,2025-26,0,0,0,0,0,0,0,0,0,0,0,0,0,0.0,0.0,0.0,0.0,0,0,0,0,0,0.00,0.00,0.00,0.00,0,False,"[{'fixture': 63, 'stats': [{'identifier': 'minutes', 'points': 0, 'value': 0, 'points_modification': 0}]}]",False
93,7,2025-26,0,0,0,0,0,0,0,0,0,0,0,0,0,0.0,0.0,0.0,0.0,0,0,0,0,0,0.00,0.00,0.00,0.00,0,False,"[{'fixture': 63, 'stats': [{'identifier': 'minutes', 'points': 0, 'value': 0, 'points_modification': 0}]}]",False
94,7,2025-26,0,0,0,0,0,0,0,0,0,0,0,0,0,0.0,0.0,0.0,0.0,0,0,0,0,0,0.00,0.00,0.00,0.00,0,False,"[{'fixture': 63, 'stats': [{'identifier': 'minutes', 'points': 0, 'value': 0, 'points_modification': 0}]}]",False
95,7,2025-26,0,0,0,0,0,0,0,0,0,0,0,0,0,0.0,0.0,0.0,0.0,0,0,0,0,0,0.00,0.00,0.00,0.00,0,False,"[{'fixture': 63, 'stats': [{'identifier': 'minutes', 'points': 0, 'value': 0, 'points_modification': 0}]}]",False
96,7,2025-26,0,0,0,0,0,0,0,0,0,0,0,0,0,0.0,0.0,0.0,0.0,0,0,0,0,0,0.00,0.00,0.00,0.00,0,False,"[{'fixture': 63, 'stats': [{'identifier': 'minutes', 'points': 0, 'value': 0, 'points_modification': 0}]}]",False
97,7,2025-26,90,0,0,0,1,0,0,0,0,0,0,0,10,3.2,12.8,32.0,4.8,0,4,0,4,1,0.27,0.04,0.31,0.88,2,False,"[{'fixture': 63, 'stats': [{'identifier': 'minutes', 'points': 2, 'value': 90, 'points_modification': 0}]}]",False
98,7,2025-26,0,0,0,0,0,0,0,0,0,0,0,0,0,0.0,0.0,0.0,0.0,0,0,0,0,0,0.00,0.00,0.00,0.00,0,False,"[{'fixture': 63, 'stats': [{'identifier': 'minutes', 'points': 0, 'value': 0, 'points_modification': 0}]}]",False
99,7,2025-26,0,0,0,0,0,0,0,0,0,0,0,0,0,0.0,0.0,0.0,0.0,0,0,0,0,0,0.00,0.00,0.00,0.00,0,False,"[{'fixture': 63, 'stats': [{'identifier': 'minutes', 'points': 0, 'value': 0, 'points_modification': 0}]}]",False
100,7,2025-26,0,0,0,0,0,0,0,0,0,0,0,0,0,0.0,0.0,0.0,0.0,0,0,0,0,0,0.00,0.00,0.00,0.00,0,False,"[{'fixture': 63, 'stats': [{'identifier': 'minutes', 'points': 0, 'value': 0, 'points_modification': 0}]}]",False
101,7,2025-26,90,0,0,0,1,0,0,0,0,0,3,0,14,22.6,0.0,0.0,2.3,0,10,0,0,1,0.00,0.00,0.00,0.83,3,False,"[{'fixture': 64, 'stats': [{'identifier': 'minutes', 'points': 2, 'value': 90, 'points_modification': 0}, {'identifier': 'saves', 'points': 1, 'value': 3, 'points_modification': 0}]}]",False
102,7,2025-26,0,0,0,0,0,0,0,0,0,0,0,0,0,0.0,0.0,0.0,0.0,0,0,0,0,0,0.00,0.00,0.00,0.00,0,False,"[{'fixture': 64, 'stats': [{'identifier': 'minutes', 'points': 0, 'value': 0, 'points_modification': 0}]}]",False
103,7,2025-26,0,0,0,0,0,0,0,0,0,0,0,0,0,0.0,0.0,0.0,0.0,0,0,0,0,0,0.00,0.00,0.00,0.00,0,False,"[{'fixture': 64, 'stats': [{'identifier': 'minutes', 'points': 0, 'value': 0, 'points_modification': 0}]}]",False
104,7,2025-26,0,0,0,0,0,0,0,0,0,0,0,0,0,0.0,0.0,0.0,0.0,0,0,0,0,0,0.00,0.00,0.00,0.00,0,False,"[{'fixture': 64, 'stats': [{'identifier': 'minutes', 'points': 0, 'value': 0, 'points_modification': 0}]}]",False
105,7,2025-26,0,0,0,0,0,0,0,0,0,0,0,0,0,0.0,0.0,0.0,0.0,0,0,0,0,0,0.00,0.00,0.00,0.00,0,False,"[{'fixture': 64, 'stats': [{'identifier': 'minutes', 'points': 0, 'value': 0, 'points_modification': 0}]}]",False
106,7,2025-26,90,0,0,0,1,0,0,0,0,0,0,0,11,15.0,0.4,0.0,1.5,5,4,0,5,1,0.00,0.01,0.01,0.83,2,False,"[{'fixture': 64, 'stats': [{'identifier': 'minutes', 'points': 2, 'value': 90, 'points_modification': 0}]}]",False
107,7,2025-26,0,0,0,0,0,0,0,0,0,0,0,0,0,0.0,0.0,0.0,0.0,0,0,0,0,0,0.00,0.00,0.00,0.00,0,False,"[{'fixture': 64, 'stats': [{'identifier': 'minutes', 'points': 0, 'value': 0, 'points_modification': 0}]}]",False
108,7,2025-26,90,0,0,0,1,0,0,0,0,0,0,0,7,14.2,0.7,0.0,1.5,4,1,3,7,1,0.00,0.00,0.00,0.83,2,False,"[{'fixture': 64, 'stats': [{'identifier': 'minutes', 'points': 2, 'value': 90, 'points_modification': 0}]}]",False
109,7,2025-26,0,0,0,0,0,0,0,0,0,0,0,0,0,0.0,0.0,0.0,0.0,0,0,0,0,0,0.00,0.00,0.00,0.00,0,False,"[{'fixture': 64, 'stats': [{'identifier': 'minutes', 'points': 0, 'value': 0, 'points_modification': 0}]}]",False
110,7,2025-26,90,0,0,0,1,0,0,0,0,0,0,0,4,12.2,5.3,4.0,2.2,5,6,2,7,1,0.02,0.01,0.03,0.83,2,False,"[{'fixture': 64, 'stats': [{'identifier': 'minutes', 'points': 2, 'value': 90, 'points_modification': 0}]}]",False
111,7,2025-26,0,0,0,0,0,0,0,0,0,0,0,0,0,0.0,0.0,0.0,0.0,0,0,0,0,0,0.00,0.00,0.00,0.00,0,False,"[{'fixture': 64, 'stats': [{'identifier': 'minutes', 'points': 0, 'value': 0, 'points_modification': 0}]}]",False
112,7,2025-26,0,0,0,0,0,0,0,0,0,0,0,0,0,0.0,0.0,0.0,0.0,0,0,0,0,0,0.00,0.00,0.00,0.00,0,False,"[{'fixture': 64, 'stats': [{'identifier': 'minutes', 'points': 0, 'value': 0, 'points_modification': 0}]}]",False
113,7,2025-26,90,0,0,0,1,0,0,0,0,0,0,0,10,7.6,10.8,2.0,2.0,2,4,0,2,1,0.00,0.06,0.06,0.83,2,False,"[{'fixture': 64, 'stats': [{'identifier': 'minutes', 'points': 2, 'value': 90, 'points_modification': 0}]}]",False
114,7,2025-26,0,0,0,0,0,0,0,0,0,0,0,0,0,0.0,0.0,0.0,0.0,0,0,0,0,0,0.00,0.00,0.00,0.00,0,False,"[{'fixture': 64, 'stats': [{'identifier': 'minutes', 'points': 0, 'value': 0, 'points_modification': 0}]}]",False
115,7,2025-26,0,0,0,0,0,0,0,0,0,0,0,0,0,0.0,0.0,0.0,0.0,0,0,0,0,0,0.00,0.00,0.00,0.00,0,False,"[{'fixture': 64, 'stats': [{'identifier': 'minutes', 'points': 0, 'value': 0, 'points_modification': 0}]}]",False
116,7,2025-26,90,0,0,0,1,0,0,0,0,0,0,0,2,3.0,1.4,1.0,0.5,2,2,1,3,1,0.02,0.04,0.06,0.83,2,False,"[{'fixture': 64, 'stats': [{'identifier': 'minutes', 'points': 2, 'value': 90, 'points_modification': 0}]}]",False
117,7,2025-26,0,0,0,0,0,0,0,0,0,0,0,0,0,0.0,0.0,0.0,0.0,0,0,0,0,0,0.00,0.00,0.00,0.00,0,False,"[{'fixture': 64, 'stats': [{'identifier': 'minutes', 'points': 0, 'value': 0, 'points_modification': 0}]}]",False
118,7,2025-26,0,0,0,0,0,0,0,0,0,0,0,0,0,0.0,0.0,0.0,0.0,0,0,0,0,0,0.00,0.00,0.00,0.00,0,False,"[{'fixture': 64, 'stats': [{'identifier': 'minutes', 'points': 0, 'value': 0, 'points_modification': 0}]}]",False
119,7,2025-26,76,0,1,1,0,0,0,0,0,0,0,0,18,21.4,26.8,19.0,6.7,0,3,0,3,1,0.10,0.14,0.24,0.42,6,False,"[{'fixture': 68, 'stats': [{'identifier': 'minutes', 'points': 2, 'value': 76, 'points_modification': 0}, {'identifier': 'assists', 'points': 3, 'value': 1, 'points_modification': 0}, {'identifier': 'clean_sheets', 'points': 1, 'value': 1, 'points_modification': 0}]}]",False
120,7,2025-26,90,0,0,0,1,0,0,0,1,0,0,0,7,10.0,24.8,4.0,3.9,1,1,3,5,1,0.00,0.03,0.03,0.83,1,False,"[{'fixture': 64, 'stats': [{'identifier': 'minutes', 'points': 2, 'value': 90, 'points_modification': 0}, {'identifier': 'yellow_cards', 'points': -1, 'value': 1, 'points_modification': 0}]}]",False
121,7,2025-26,67,0,0,0,1,0,0,0,0,0,0,0,13,15.6,1.8,0.0,1.7,4,2,3,9,1,0.00,0.01,0.01,0.83,2,False,"[{'fixture': 64, 'stats': [{'identifier': 'minutes', 'points': 2, 'value': 67, 'points_modification': 0}]}]",False
122,7,2025-26,0,0,0,0,0,0,0,0,0,0,0,0,0,0.0,0.0,0.0,0.0,0,0,0,0,0,0.00,0.00,0.00,0.00,0,False,"[{'fixture': 64, 'stats': [{'identifier': 'minutes', 'points': 0, 'value': 0, 'points_modification': 0}]}]",False
123,7,2025-26,1,0,0,0,0,0,0,0,0,0,0,0,3,0.0,0.0,0.0,0.0,0,0,0,0,0,0.00,0.00,0.00,0.00,1,False,"[{'fixture': 64, 'stats': [{'identifier': 'minutes', 'points': 1, 'value': 1, 'points_modification': 0}]}]",False
124,7,2025-26,73,0,0,0,1,0,0,0,1,0,0,0,8,4.0,12.4,0.0,1.6,1,3,0,4,1,0.00,0.02,0.02,0.83,1,False,"[{'fixture': 64, 'stats': [{'identifier': 'minutes', 'points': 2, 'value': 73, 'points_modification': 0}, {'identifier': 'yellow_cards', 'points': -1, 'value': 1, 'points_modification': 0}]}]",False
125,7,2025-26,16,0,0,0,0,0,0,0,0,0,0,0,2,0.0,0.9,4.0,0.3,0,2,0,2,0,0.10,0.00,0.10,0.00,1,False,"[{'fixture': 64, 'stats': [{'identifier': 'minutes', 'points': 1, 'value': 16, 'points_modification': 0}]}]",False
126,7,2025-26,22,0,0,0,0,0,0,0,0,0,0,0,3,0.4,0.3,0.0,0.1,0,1,0,1,0,0.00,0.00,0.00,0.00,1,False,"[{'fixture': 64, 'stats': [{'identifier': 'minutes', 'points': 1, 'value': 22, 'points_modification': 0}]}]",False
127,7,2025-26,0,0,0,0,0,0,0,0,0,0,0,0,0,0.0,0.0,0.0,0.0,0,0,0,0,0,0.00,0.00,0.00,0.00,0,False,"[{'fixture': 64, 'stats': [{'identifier': 'minutes', 'points': 0, 'value': 0, 'points_modification': 0}]}]",False
128,7,2025-26,17,0,0,0,0,0,0,0,0,0,0,0,3,2.6,0.9,0.0,0.4,0,1,1,2,0,0.00,0.00,0.00,0.00,1,False,"[{'fixture': 64, 'stats': [{'identifier': 'minutes', 'points': 1, 'value': 17, 'points_modification': 0}]}]",False
129,7,2025-26,72,0,0,0,1,0,0,0,0,0,0,0,7,3.6,0.8,5.0,0.9,1,6,2,9,1,0.02,0.01,0.03,0.83,2,False,"[{'fixture': 64, 'stats': [{'identifier': 'minutes', 'points': 2, 'value': 72, 'points_modification': 0}]}]",False
130,7,2025-26,0,0,0,0,0,0,0,0,0,0,0,0,0,0.0,0.0,0.0,0.0,0,0,0,0,0,0.00,0.00,0.00,0.00,0,False,"[{'fixture': 64, 'stats': [{'identifier': 'minutes', 'points': 0, 'value': 0, 'points_modification': 0}]}]",False
131,7,2025-26,0,0,0,0,0,0,0,0,0,0,0,0,0,0.0,0.0,0.0,0.0,0,0,0,0,0,0.00,0.00,0.00,0.00,0,False,"[{'fixture': 64, 'stats': [{'identifier': 'minutes', 'points': 0, 'value': 0, 'points_modification': 0}]}]",False
132,7,2025-26,0,0,0,0,0,0,0,0,0,0,0,0,0,0.0,0.0,0.0,0.0,0,0,0,0,0,0.00,0.00,0.00,0.00,0,False,"[{'fixture': 64, 'stats': [{'identifier': 'minutes', 'points': 0, 'value': 0, 'points_modification': 0}]}]",False
133,7,2025-26,0,0,0,0,0,0,0,0,0,0,0,0,0,0.0,0.0,0.0,0.0,0,0,0,0,0,0.00,0.00,0.00,0.00,0,False,"[{'fixture': 64, 'stats': [{'identifier': 'minutes', 'points': 0, 'value': 0, 'points_modification': 0}]}]",False
134,7,2025-26,0,0,0,0,0,0,0,0,0,0,0,0,0,0.0,0.0,0.0,0.0,0,0,0,0,0,0.00,0.00,0.00,0.00,0,False,"[{'fixture': 64, 'stats': [{'identifier': 'minutes', 'points': 0, 'value': 0, 'points_modification': 0}]}]",False
135,7,2025-26,0,0,0,0,0,0,0,0,0,0,0,0,0,0.0,0.0,0.0,0.0,0,0,0,0,0,0.00,0.00,0.00,0.00,0,False,"[{'fixture': 69, 'stats': [{'identifier': 'minutes', 'points': 0, 'value': 0, 'points_modification': 0}]}]",False
136,7,2025-26,67,0,0,0,1,0,0,0,0,0,0,0,7,7.0,2.3,19.0,2.8,1,0,2,3,1,0.67,0.00,0.67,0.83,2,False,"[{'fixture': 64, 'stats': [{'identifier': 'minutes', 'points': 2, 'value': 67, 'points_modification': 0}]}]",False
137,7,2025-26,0,0,0,0,0,0,0,0,0,0,0,0,0,0.0,0.0,0.0,0.0,0,0,0,0,0,0.00,0.00,0.00,0.00,0,False,"[{'fixture': 64, 'stats': [{'identifier': 'minutes', 'points': 0, 'value': 0, 'points_modification': 0}]}]",False
138,7,2025-26,0,0,0,0,0,0,0,0,0,0,0,0,0,0.0,0.0,0.0,0.0,0,0,0,0,0,0.00,0.00,0.00,0.00,0,False,"[{'fixture': 70, 'stats': [{'identifier': 'minutes', 'points': 0, 'value': 0, 'points_modification': 0}]}]",False
139,7,2025-26,90,0,0,0,1,1,0,0,0,0,3,0,12,20.0,0.0,0.0,2.0,0,14,0,0,1,0.00,0.00,0.00,0.56,1,False,"[{'fixture': 70, 'stats': [{'identifier': 'minutes', 'points': 2, 'value': 90, 'points_modification': 0}, {'identifier': 'own_goals', 'points': -2, 'value': 1, 'points_modification': 0}, {'identifier': 'saves', 'points': 1, 'value': 3, 'points_modification': 0}]}]",False
140,7,2025-26,0,0,0,0,0,0,0,0,0,0,0,0,0,0.0,0.0,0.0,0.0,0,0,0,0,0,0.00,0.00,0.00,0.00,0,False,"[{'fixture': 70, 'stats': [{'identifier': 'minutes', 'points': 0, 'value': 0, 'points_modification': 0}]}]",False
141,7,2025-26,0,0,0,0,0,0,0,0,0,0,0,0,0,0.0,0.0,0.0,0.0,0,0,0,0,0,0.00,0.00,0.00,0.00,0,False,"[{'fixture': 70, 'stats': [{'identifier': 'minutes', 'points': 0, 'value': 0, 'points_modification': 0}]}]",False
142,7,2025-26,0,0,0,0,0,0,0,0,0,0,0,0,0,0.0,0.0,0.0,0.0,0,0,0,0,0,0.00,0.00,0.00,0.00,0,False,"[{'fixture': 70, 'stats': [{'identifier': 'minutes', 'points': 0, 'value': 0, 'points_modification': 0}]}]",False
143,7,2025-26,0,0,0,0,0,0,0,0,0,0,0,0,0,0.0,0.0,0.0,0.0,0,0,0,0,0,0.00,0.00,0.00,0.00,0,False,"[{'fixture': 70, 'stats': [{'identifier': 'minutes', 'points': 0, 'value': 0, 'points_modification': 0}]}]",False
144,7,2025-26,0,0,0,0,0,0,0,0,0,0,0,0,0,0.0,0.0,0.0,0.0,0,0,0,0,0,0.00,0.00,0.00,0.00,0,False,"[{'fixture': 70, 'stats': [{'identifier': 'minutes', 'points': 0, 'value': 0, 'points_modification': 0}]}]",False
145,7,2025-26,20,0,0,0,0,0,0,0,0,0,0,0,10,7.6,15.1,7.0,3.0,0,0,0,0,0,0.04,0.07,0.11,0.05,1,False,"[{'fixture': 70, 'stats': [{'identifier': 'minutes', 'points': 1, 'value': 20, 'points_modification': 0}]}]",False
146,7,2025-26,90,0,0,0,1,0,0,0,1,0,0,0,8,10.2,2.5,1.0,1.4,2,3,2,4,1,0.06,0.01,0.07,0.56,1,False,"[{'fixture': 70, 'stats': [{'identifier': 'minutes', 'points': 2, 'value': 90, 'points_modification': 0}, {'identifier': 'yellow_cards', 'points': -1, 'value': 1, 'points_modification': 0}]}]",False
147,7,2025-26,0,0,0,0,0,0,0,0,0,0,0,0,0,0.0,0.0,0.0,0.0,0,0,0,0,0,0.00,0.00,0.00,0.00,0,False,"[{'fixture': 70, 'stats': [{'identifier': 'minutes', 'points': 0, 'value': 0, 'points_modification': 0}]}]",False
148,7,2025-26,90,0,0,0,1,0,0,0,0,0,0,0,13,14.0,8.9,17.0,4.0,2,4,1,3,1,0.11,0.06,0.17,0.56,2,False,"[{'fixture': 70, 'stats': [{'identifier': 'minutes', 'points': 2, 'value': 90, 'points_modification': 0}]}]",False
149,7,2025-26,0,0,0,0,0,0,0,0,0,0,0,0,0,0.0,0.0,0.0,0.0,0,0,0,0,0,0.00,0.00,0.00,0.00,0,False,"[{'fixture': 61, 'stats': [{'identifier': 'minutes', 'points': 0, 'value': 0, 'points_modification': 0}]}]",False
150,7,2025-26,0,0,0,0,0,0,0,0,0,0,0,0,0,0.0,0.0,0.0,0.0,0,0,0,0,0,0.00,0.00,0.00,0.00,0,False,"[{'fixture': 70, 'stats': [{'identifier': 'minutes', 'points': 0, 'value': 0, 'points_modification': 0}]}]",False
151,7,2025-26,90,1,0,0,1,0,0,0,0,0,0,3,25,48.2,3.0,21.0,7.2,3,2,1,4,1,0.13,0.02,0.14,0.56,11,True,"[{'fixture': 70, 'stats': [{'identifier': 'minutes', 'points': 2, 'value': 90, 'points_modification': 0}, {'identifier': 'goals_scored', 'points': 6, 'value': 1, 'points_modification': 0}, {'identifier': 'bonus', 'points': 3, 'value': 3, 'points_modification': 0}]}]",False
152,7,2025-26,0,0,0,0,0,0,0,0,0,0,0,0,0,0.0,0.0,0.0,0.0,0,0,0,0,0,0.00,0.00,0.00,0.00,0,False,"[{'fixture': 70, 'stats': [{'identifier': 'minutes', 'points': 0, 'value': 0, 'points_modification': 0}]}]",False
153,7,2025-26,0,0,0,0,0,0,0,0,0,0,0,0,0,0.0,0.0,0.0,0.0,0,0,0,0,0,0.00,0.00,0.00,0.00,0,False,"[{'fixture': 70, 'stats': [{'identifier': 'minutes', 'points': 0, 'value': 0, 'points_modification': 0}]}]",False
154,7,2025-26,0,0,0,0,0,0,0,0,0,0,0,0,0,0.0,0.0,0.0,0.0,0,0,0,0,0,0.00,0.00,0.00,0.00,0,False,"[{'fixture': 70, 'stats': [{'identifier': 'minutes', 'points': 0, 'value': 0, 'points_modification': 0}]}]",False
155,7,2025-26,0,0,0,0,0,0,0,0,0,0,0,0,0,0.0,0.0,0.0,0.0,0,0,0,0,0,0.00,0.00,0.00,0.00,0,False,"[{'fixture': 70, 'stats': [{'identifier': 'minutes', 'points': 0, 'value': 0, 'points_modification': 0}]}]",False
156,7,2025-26,0,0,0,0,0,0,0,0,0,0,0,0,0,0.0,0.0,0.0,0.0,0,0,0,0,0,0.00,0.00,0.00,0.00,0,False,"[{'fixture': 70, 'stats': [{'identifier': 'minutes', 'points': 0, 'value': 0, 'points_modification': 0}]}]",False
157,7,2025-26,0,0,0,0,0,0,0,0,0,0,0,0,0,0.0,0.0,0.0,0.0,0,0,0,0,0,0.00,0.00,0.00,0.00,0,False,"[{'fixture': 70, 'stats': [{'identifier': 'minutes', 'points': 0, 'value': 0, 'points_modification': 0}]}]",False
158,7,2025-26,45,0,0,0,0,0,0,0,0,0,0,0,1,2.0,0.8,26.0,2.9,1,1,0,2,0,0.20,0.01,0.21,0.35,1,False,"[{'fixture': 70, 'stats': [{'identifier': 'minutes', 'points': 1, 'value': 45, 'points_modification': 0}]}]",False
159,7,2025-26,0,0,0,0,0,0,0,0,0,0,0,0,0,0.0,0.0,0.0,0.0,0,0,0,0,0,0.00,0.00,0.00,0.00,0,False,"[{'fixture': 70, 'stats': [{'identifier': 'minutes', 'points': 0, 'value': 0, 'points_modification': 0}]}]",False
160,7,2025-26,90,0,0,0,1,0,0,0,0,0,0,0,17,26.8,62.3,5.0,9.4,2,6,2,10,1,0.01,0.24,0.25,0.56,2,False,"[{'fixture': 70, 'stats': [{'identifier': 'minutes', 'points': 2, 'value': 90, 'points_modification': 0}]}]",False
161,7,2025-26,0,0,0,0,0,0,0,0,0,0,0,0,0,0.0,0.0,0.0,0.0,0,0,0,0,0,0.00,0.00,0.00,0.00,0,False,"[{'fixture': 70, 'stats': [{'identifier': 'minutes', 'points': 0, 'value': 0, 'points_modification': 0}]}]",False
162,7,2025-26,69,0,0,0,1,0,0,0,0,0,0,0,6,11.6,18.3,44.0,7.4,0,5,2,7,1,0.33,0.05,0.38,0.51,2,False,"[{'fixture': 70, 'stats': [{'identifier': 'minutes', 'points': 2, 'value': 69, 'points_modification': 0}]}]",False
163,7,2025-26,0,0,0,0,0,0,0,0,0,0,0,0,0,0.0,0.0,0.0,0.0,0,0,0,0,0,0.00,0.00,0.00,0.00,0,False,"[{'fixture': 70, 'stats': [{'identifier': 'minutes', 'points': 0, 'value': 0, 'points_modification': 0}]}]",False
164,7,2025-26,0,0,0,0,0,0,0,0,0,0,0,0,0,0.0,0.0,0.0,0.0,0,0,0,0,0,0.00,0.00,0.00,0.00,0,False,"[{'fixture': 70, 'stats': [{'identifier': 'minutes', 'points': 0, 'value': 0, 'points_modification': 0}]}]",False
165,7,2025-26,0,0,0,0,0,0,0,0,0,0,0,0,0,0.0,0.0,0.0,0.0,0,0,0,0,0,0.00,0.00,0.00,0.00,0,False,"[{'fixture': 70, 'stats': [{'identifier': 'minutes', 'points': 0, 'value': 0, 'points_modification': 0}]}]",False
166,7,2025-26,90,0,0,0,1,0,0,0,0,0,0,0,18,13.6,23.8,2.0,3.9,2,4,3,9,1,0.02,0.04,0.06,0.56,2,False,"[{'fixture': 70, 'stats': [{'identifier': 'minutes', 'points': 2, 'value': 90, 'points_modification': 0}]}]",False
167,7,2025-26,45,0,0,0,1,0,0,0,1,0,0,0,7,5.6,0.9,0.0,0.7,2,2,3,7,1,0.00,0.00,0.00,0.20,0,False,"[{'fixture': 70, 'stats': [{'identifier': 'minutes', 'points': 1, 'value': 45, 'points_modification': 0}, {'identifier': 'yellow_cards', 'points': -1, 'value': 1, 'points_modification': 0}]}]",False
168,7,2025-26,0,0,0,0,0,0,0,0,0,0,0,0,0,0.0,0.0,0.0,0.0,0,0,0,0,0,0.00,0.00,0.00,0.00,0,False,"[{'fixture': 65, 'stats': [{'identifier': 'minutes', 'points': 0, 'value': 0, 'points_modification': 0}]}]",False
169,7,2025-26,76,0,0,0,1,0,0,0,0,0,0,0,8,12.4,1.3,17.0,3.1,2,1,5,8,1,0.13,0.01,0.14,0.56,2,False,"[{'fixture': 70, 'stats': [{'identifier': 'minutes', 'points': 2, 'value': 76, 'points_modification': 0}]}]",False
170,7,2025-26,13,0,0,0,0,0,0,0,0,0,0,0,6,5.2,20.1,0.0,2.5,0,1,0,1,0,0.00,0.06,0.06,0.00,1,False,"[{'fixture': 70, 'stats': [{'identifier': 'minutes', 'points': 1, 'value': 13, 'points_modification': 0}]}]",False
171,7,2025-26,0,0,0,0,0,0,0,0,0,0,0,0,0,0.0,0.0,0.0,0.0,0,0,0,0,0,0.00,0.00,0.00,0.00,0,False,"[{'fixture': 70, 'stats': [{'identifier': 'minutes', 'points': 0, 'value': 0, 'points_modification': 0}]}]",False
172,7,2025-26,0,0,0,0,0,0,0,0,0,0,0,0,0,0.0,0.0,0.0,0.0,0,0,0,0,0,0.00,0.00,0.00,0.00,0,False,"[{'fixture': 70, 'stats': [{'identifier': 'minutes', 'points': 0, 'value': 0, 'points_modification': 0}]}]",False
173,7,2025-26,69,0,0,0,1,0,0,0,1,0,0,0,8,7.4,26.6,10.0,4.4,4,3,0,7,1,0.10,0.11,0.21,0.51,1,False,"[{'fixture': 70, 'stats': [{'identifier': 'minutes', 'points': 2, 'value': 69, 'points_modification': 0}, {'identifier': 'yellow_cards', 'points': -1, 'value': 1, 'points_modification': 0}]}]",False
174,7,2025-26,0,0,0,0,0,0,0,0,0,0,0,0,0,0.0,0.0,0.0,0.0,0,0,0,0,0,0.00,0.00,0.00,0.00,0,False,"[{'fixture': 70, 'stats': [{'identifier': 'minutes', 'points': 0, 'value': 0, 'points_modification': 0}]}]",False
175,7,2025-26,0,0,0,0,0,0,0,0,0,0,0,0,0,0.0,0.0,0.0,0.0,0,0,0,0,0,0.00,0.00,0.00,0.00,0,False,"[{'fixture': 70, 'stats': [{'identifier': 'minutes', 'points': 0, 'value': 0, 'points_modification': 0}]}]",False
176,7,2025-26,0,0,0,0,0,0,0,0,0,0,0,0,0,0.0,0.0,0.0,0.0,0,0,0,0,0,0.00,0.00,0.00,0.00,0,False,"[{'fixture': 70, 'stats': [{'identifier': 'minutes', 'points': 0, 'value': 0, 'points_modification': 0}]}]",False
177,7,2025-26,0,0,0,0,0,0,0,0,0,0,0,0,0,0.0,0.0,0.0,0.0,0,0,0,0,0,0.00,0.00,0.00,0.00,0,False,"[{'fixture': 70, 'stats': [{'identifier': 'minutes', 'points': 0, 'value': 0, 'points_modification': 0}]}]",False
178,7,2025-26,90,0,0,0,1,0,0,0,1,0,0,0,-3,0.0,13.4,4.0,1.7,2,1,0,3,1,0.00,0.02,0.02,0.56,1,False,"[{'fixture': 70, 'stats': [{'identifier': 'minutes', 'points': 2, 'value': 90, 'points_modification': 0}, {'identifier': 'yellow_cards', 'points': -1, 'value': 1, 'points_modification': 0}]}]",False
179,7,2025-26,0,0,0,0,0,0,0,0,0,0,0,0,0,0.0,0.0,0.0,0.0,0,0,0,0,0,0.00,0.00,0.00,0.00,0,False,"[{'fixture': 70, 'stats': [{'identifier': 'minutes', 'points': 0, 'value': 0, 'points_modification': 0}]}]",False
180,7,2025-26,20,0,1,0,0,0,0,0,0,0,0,0,11,19.0,20.5,11.0,5.1,0,0,0,0,0,0.05,0.00,0.05,0.05,4,False,"[{'fixture': 70, 'stats': [{'identifier': 'minutes', 'points': 1, 'value': 20, 'points_modification': 0}, {'identifier': 'assists', 'points': 3, 'value': 1, 'points_modification': 0}]}]",False
181,7,2025-26,0,0,0,0,0,0,0,0,0,0,0,0,0,0.0,0.0,0.0,0.0,0,0,0,0,0,0.00,0.00,0.00,0.00,0,False,"[{'fixture': 70, 'stats': [{'identifier': 'minutes', 'points': 0, 'value': 0, 'points_modification': 0}]}]",False
182,7,2025-26,0,0,0,0,0,0,0,0,0,0,0,0,0,0.0,0.0,0.0,0.0,0,0,0,0,0,0.00,0.00,0.00,0.00,0,False,"[{'fixture': 64, 'stats': [{'identifier': 'minutes', 'points': 0, 'value': 0, 'points_modification': 0}]}]",False
183,7,2025-26,0,0,0,0,0,0,0,0,0,0,0,0,0,0.0,0.0,0.0,0.0,0,0,0,0,0,0.00,0.00,0.00,0.00,0,False,"[{'fixture': 62, 'stats': [{'identifier': 'minutes', 'points': 0, 'value': 0, 'points_modification': 0}]}]",False
184,7,2025-26,0,0,0,0,0,0,0,0,0,0,0,0,0,0.0,0.0,0.0,0.0,0,0,0,0,0,0.00,0.00,0.00,0.00,0,False,"[{'fixture': 62, 'stats': [{'identifier': 'minutes', 'points': 0, 'value': 0, 'points_modification': 0}]}]",False
185,7,2025-26,0,0,0,0,0,0,0,0,0,0,0,0,0,0.0,0.0,0.0,0.0,0,0,0,0,0,0.00,0.00,0.00,0.00,0,False,"[{'fixture': 62, 'stats': [{'identifier': 'minutes', 'points': 0, 'value': 0, 'points_modification': 0}]}]",False
186,7,2025-26,0,0,0,0,0,0,0,0,0,0,0,0,0,0.0,0.0,0.0,0.0,0,0,0,0,0,0.00,0.00,0.00,0.00,0,False,"[{'fixture': 62, 'stats': [{'identifier': 'minutes', 'points': 0, 'value': 0, 'points_modification': 0}]}]",False
187,7,2025-26,90,0,0,0,2,0,0,0,0,0,0,0,-3,10.6,2.7,7.0,2.0,1,5,3,4,1,0.08,0.01,0.09,1.37,1,False,"[{'fixture': 62, 'stats': [{'identifier': 'minutes', 'points': 2, 'value': 90, 'points_modification': 0}, {'identifier': 'goals_conceded', 'points': -1, 'value': 2, 'points_modification': 0}]}]",False
188,7,2025-26,0,0,0,0,0,0,0,0,0,0,0,0,0,0.0,0.0,0.0,0.0,0,0,0,0,0,0.00,0.00,0.00,0.00,0,False,"[{'fixture': 62, 'stats': [{'identifier': 'minutes', 'points': 0, 'value': 0, 'points_modification': 0}]}]",False
189,7,2025-26,0,0,0,0,0,0,0,0,0,0,0,0,0,0.0,0.0,0.0,0.0,0,0,0,0,0,0.00,0.00,0.00,0.00,0,False,"[{'fixture': 62, 'stats': [{'identifier': 'minutes', 'points': 0, 'value': 0, 'points_modification': 0}]}]",False
190,7,2025-26,0,0,0,0,0,0,0,0,0,0,0,0,0,0.0,0.0,0.0,0.0,0,0,0,0,0,0.00,0.00,0.00,0.00,0,False,"[{'fixture': 62, 'stats': [{'identifier': 'minutes', 'points': 0, 'value': 0, 'points_modification': 0}]}]",False
191,7,2025-26,90,0,0,0,2,0,0,0,0,0,0,0,7,13.2,1.4,2.0,1.7,6,3,0,6,1,0.00,0.01,0.01,1.37,1,False,"[{'fixture': 62, 'stats': [{'identifier': 'minutes', 'points': 2, 'value': 90, 'points_modification': 0}, {'identifier': 'goals_conceded', 'points': -1, 'value': 2, 'points_modification': 0}]}]",False
192,7,2025-26,90,0,1,0,2,0,0,0,0,0,0,0,12,21.6,32.8,2.0,5.6,0,4,0,0,1,0.00,0.17,0.17,1.37,4,False,"[{'fixture': 62, 'stats': [{'identifier': 'minutes', 'points': 2, 'value': 90, 'points_modification': 0}, {'identifier': 'assists', 'points': 3, 'value': 1, 'points_modification': 0}, {'identifier': 'goals_conceded', 'points': -1, 'value': 2, 'points_modification': 0}]}]",False
193,7,2025-26,0,0,0,0,0,0,0,0,0,0,0,0,0,0.0,0.0,0.0,0.0,0,0,0,0,0,0.00,0.00,0.00,0.00,0,False,"[{'fixture': 62, 'stats': [{'identifier': 'minutes', 'points': 0, 'value': 0, 'points_modification': 0}]}]",False
194,7,2025-26,0,0,0,0,0,0,0,0,0,0,0,0,0,0.0,0.0,0.0,0.0,0,0,0,0,0,0.00,0.00,0.00,0.00,0,False,"[{'fixture': 62, 'stats': [{'identifier': 'minutes', 'points': 0, 'value': 0, 'points_modification': 0}]}]",False
195,7,2025-26,0,0,0,0,0,0,0,0,0,0,0,0,0,0.0,0.0,0.0,0.0,0,0,0,0,0,0.00,0.00,0.00,0.00,0,False,"[{'fixture': 62, 'stats': [{'identifier': 'minutes', 'points': 0, 'value': 0, 'points_modification': 0}]}]",False
196,7,2025-26,0,0,0,0,0,0,0,0,0,0,0,0,0,0.0,0.0,0.0,0.0,0,0,0,0,0,0.00,0.00,0.00,0.00,0,False,"[{'fixture': 62, 'stats': [{'identifier': 'minutes', 'points': 0, 'value': 0, 'points_modification': 0}]}]",False
197,7,2025-26,0,0,0,0,0,0,0,0,0,0,0,0,0,0.0,0.0,0.0,0.0,0,0,0,0,0,0.00,0.00,0.00,0.00,0,False,"[{'fixture': 62, 'stats': [{'identifier': 'minutes', 'points': 0, 'value': 0, 'points_modification': 0}]}]",False
198,7,2025-26,90,0,0,0,2,0,0,0,0,0,0,0,6,17.6,0.9,0.0,1.9,4,4,3,7,1,0.00,0.01,0.01,1.37,1,False,"[{'fixture': 62, 'stats': [{'identifier': 'minutes', 'points': 2, 'value': 90, 'points_modification': 0}, {'identifier': 'goals_conceded', 'points': -1, 'value': 2, 'points_modification': 0}]}]",False
199,7,2025-26,1,0,0,0,0,0,0,0,0,0,0,0,3,0.2,0.3,0.0,0.1,0,0,0,0,0,0.00,0.00,0.00,0.00,1,False,"[{'fixture': 62, 'stats': [{'identifier': 'minutes', 'points': 1, 'value': 1, 'points_modification': 0}]}]",False
200,7,2025-26,58,0,0,0,1,0,0,0,0,0,0,0,2,5.6,2.1,4.0,1.2,0,3,4,7,1,0.00,0.01,0.01,0.99,1,False,"[{'fixture': 62, 'stats': [{'identifier': 'minutes', 'points': 1, 'value': 58, 'points_modification': 0}]}]",False
201,7,2025-26,0,0,0,0,0,0,0,0,0,0,0,0,0,0.0,0.0,0.0,0.0,0,0,0,0,0,0.00,0.00,0.00,0.00,0,False,"[{'fixture': 62, 'stats': [{'identifier': 'minutes', 'points': 0, 'value': 0, 'points_modification': 0}]}]",False
202,7,2025-26,31,0,0,0,1,0,0,0,0,0,0,0,0,0.4,0.5,0.0,0.1,0,1,0,1,0,0.00,0.00,0.00,0.39,1,False,"[{'fixture': 62, 'stats': [{'identifier': 'minutes', 'points': 1, 'value': 31, 'points_modification': 0}]}]",False
203,7,2025-26,0,0,0,0,0,0,0,0,0,0,0,0,0,0.0,0.0,0.0,0.0,0,0,0,0,0,0.00,0.00,0.00,0.00,0,False,"[{'fixture': 62, 'stats': [{'identifier': 'minutes', 'points': 0, 'value': 0, 'points_modification': 0}]}]",False
204,7,2025-26,0,0,0,0,0,0,0,0,0,0,0,0,0,0.0,0.0,0.0,0.0,0,0,0,0,0,0.00,0.00,0.00,0.00,0,False,"[{'fixture': 62, 'stats': [{'identifier': 'minutes', 'points': 0, 'value': 0, 'points_modification': 0}]}]",False
205,7,2025-26,90,0,0,0,2,0,0,0,0,0,0,2,29,21.6,6.7,7.0,3.5,1,11,8,20,1,0.10,0.02,0.12,1.37,6,False,"[{'fixture': 62, 'stats': [{'identifier': 'minutes', 'points': 2, 'value': 90, 'points_modification': 0}, {'identifier': 'bonus', 'points': 2, 'value': 2, 'points_modification': 0}, {'identifier': 'defensive_contribution', 'points': 2, 'value': 20, 'points_modification': 0}]}]",False
206,7,2025-26,0,0,0,0,0,0,0,0,0,0,0,0,0,0.0,0.0,0.0,0.0,0,0,0,0,0,0.00,0.00,0.00,0.00,0,False,"[{'fixture': 62, 'stats': [{'identifier': 'minutes', 'points': 0, 'value': 0, 'points_modification': 0}]}]",False
207,7,2025-26,0,0,0,0,0,0,0,0,0,0,0,0,0,0.0,0.0,0.0,0.0,0,0,0,0,0,0.00,0.00,0.00,0.00,0,False,"[{'fixture': 62, 'stats': [{'identifier': 'minutes', 'points': 0, 'value': 0, 'points_modification': 0}]}]",False
208,7,2025-26,0,0,0,0,0,0,0,0,0,0,0,0,0,0.0,0.0,0.0,0.0,0,0,0,0,0,0.00,0.00,0.00,0.00,0,False,"[{'fixture': 62, 'stats': [{'identifier': 'minutes', 'points': 0, 'value': 0, 'points_modification': 0}]}]",False
209,7,2025-26,81,0,0,0,2,0,0,0,0,0,0,0,13,5.2,2.3,2.0,1.0,6,3,0,9,1,0.00,0.00,0.00,1.14,2,False,"[{'fixture': 62, 'stats': [{'identifier': 'minutes', 'points': 2, 'value': 81, 'points_modification': 0}]}]",False
210,7,2025-26,58,0,0,0,1,0,0,0,0,0,0,0,3,0.0,2.4,0.0,0.2,0,3,0,3,1,0.00,0.01,0.01,0.99,1,False,"[{'fixture': 62, 'stats': [{'identifier': 'minutes', 'points': 1, 'value': 58, 'points_modification': 0}]}]",False
211,7,2025-26,0,0,0,0,0,0,0,0,0,0,0,0,0,0.0,0.0,0.0,0.0,0,0,0,0,0,0.00,0.00,0.00,0.00,0,False,"[{'fixture': 62, 'stats': [{'identifier': 'minutes', 'points': 0, 'value': 0, 'points_modification': 0}]}]",False
212,7,2025-26,0,0,0,0,0,0,0,0,0,0,0,0,0,0.0,0.0,0.0,0.0,0,0,0,0,0,0.00,0.00,0.00,0.00,0,False,"[{'fixture': 62, 'stats': [{'identifier': 'minutes', 'points': 0, 'value': 0, 'points_modification': 0}]}]",False
213,7,2025-26,0,0,0,0,0,0,0,0,0,0,0,0,0,0.0,0.0,0.0,0.0,0,0,0,0,0,0.00,0.00,0.00,0.00,0,False,"[{'fixture': 62, 'stats': [{'identifier': 'minutes', 'points': 0, 'value': 0, 'points_modification': 0}]}]",False
214,7,2025-26,0,0,0,0,0,0,0,0,0,0,0,0,0,0.0,0.0,0.0,0.0,0,0,0,0,0,0.00,0.00,0.00,0.00,0,False,"[{'fixture': 62, 'stats': [{'identifier': 'minutes', 'points': 0, 'value': 0, 'points_modification': 0}]}]",False
215,7,2025-26,8,0,0,0,0,0,0,0,0,0,0,0,2,0.0,0.0,2.0,0.1,0,0,0,0,0,0.01,0.00,0.01,0.24,1,False,"[{'fixture': 62, 'stats': [{'identifier': 'minutes', 'points': 1, 'value': 8, 'points_modification': 0}]}]",False
216,7,2025-26,0,0,0,0,0,0,0,0,0,0,0,0,0,0.0,0.0,0.0,0.0,0,0,0,0,0,0.00,0.00,0.00,0.00,0,False,"[{'fixture': 62, 'stats': [{'identifier': 'minutes', 'points': 0, 'value': 0, 'points_modification': 0}]}]",False
217,7,2025-26,68,0,0,0,2,0,0,0,1,0,0,0,-2,0.0,1.3,4.0,0.1,0,0,0,0,1,0.00,0.02,0.02,1.12,1,False,"[{'fixture': 62, 'stats': [{'identifier': 'minutes', 'points': 2, 'value': 68, 'points_modification': 0}, {'identifier': 'yellow_cards', 'points': -1, 'value': 1, 'points_modification': 0}]}]",False
218,7,2025-26,0,0,0,0,0,0,0,0,0,0,0,0,0,0.0,0.0,0.0,0.0,0,0,0,0,0,0.00,0.00,0.00,0.00,0,False,"[{'fixture': 62, 'stats': [{'identifier': 'minutes', 'points': 0, 'value': 0, 'points_modification': 0}]}]",False
219,7,2025-26,0,0,0,0,0,0,0,0,0,0,0,0,0,0.0,0.0,0.0,0.0,0,0,0,0,0,0.00,0.00,0.00,0.00,0,False,"[{'fixture': 62, 'stats': [{'identifier': 'minutes', 'points': 0, 'value': 0, 'points_modification': 0}]}]",False
220,7,2025-26,90,0,0,0,1,0,0,0,0,0,1,0,8,9.4,0.0,0.0,0.9,0,11,0,0,1,0.00,0.00,0.00,1.95,2,False,"[{'fixture': 65, 'stats': [{'identifier': 'minutes', 'points': 2, 'value': 90, 'points_modification': 0}]}]",False
221,7,2025-26,0,0,0,0,0,0,0,0,0,0,0,0,0,0.0,0.0,0.0,0.0,0,0,0,0,0,0.00,0.00,0.00,0.00,0,False,"[{'fixture': 65, 'stats': [{'identifier': 'minutes', 'points': 0, 'value': 0, 'points_modification': 0}]}]",False
222,7,2025-26,0,0,0,0,0,0,0,0,0,0,0,0,0,0.0,0.0,0.0,0.0,0,0,0,0,0,0.00,0.00,0.00,0.00,0,False,"[{'fixture': 65, 'stats': [{'identifier': 'minutes', 'points': 0, 'value': 0, 'points_modification': 0}]}]",False
223,7,2025-26,0,0,0,0,0,0,0,0,0,0,0,0,0,0.0,0.0,0.0,0.0,0,0,0,0,0,0.00,0.00,0.00,0.00,0,False,"[{'fixture': 65, 'stats': [{'identifier': 'minutes', 'points': 0, 'value': 0, 'points_modification': 0}]}]",False
224,7,2025-26,90,0,1,0,1,0,0,0,0,0,0,2,33,38.0,38.4,6.0,8.2,7,4,2,9,1,0.00,0.62,0.62,1.95,7,False,"[{'fixture': 65, 'stats': [{'identifier': 'minutes', 'points': 2, 'value': 90, 'points_modification': 0}, {'identifier': 'assists', 'points': 3, 'value': 1, 'points_modification': 0}, {'identifier': 'bonus', 'points': 2, 'value': 2, 'points_modification': 0}]}]",False
225,7,2025-26,90,0,0,0,1,0,0,0,0,0,0,0,16,25.8,23.2,0.0,4.9,5,2,5,10,1,0.00,0.06,0.06,1.95,4,False,"[{'fixture': 65, 'stats': [{'identifier': 'minutes', 'points': 2, 'value': 90, 'points_modification': 0}, {'identifier': 'defensive_contribution', 'points': 2, 'value': 10, 'points_modification': 0}]}]",False
226,7,2025-26,0,0,0,0,0,0,0,0,0,0,0,0,0,0.0,0.0,0.0,0.0,0,0,0,0,0,0.00,0.00,0.00,0.00,0,False,"[{'fixture': 65, 'stats': [{'identifier': 'minutes', 'points': 0, 'value': 0, 'points_modification': 0}]}]",False
227,7,2025-26,0,0,0,0,0,0,0,0,0,0,0,0,0,0.0,0.0,0.0,0.0,0,0,0,0,0,0.00,0.00,0.00,0.00,0,False,"[{'fixture': 65, 'stats': [{'identifier': 'minutes', 'points': 0, 'value': 0, 'points_modification': 0}]}]",False
228,7,2025-26,90,0,1,0,1,0,0,0,0,0,0,0,18,25.0,14.8,3.0,4.3,2,9,1,3,1,0.02,0.04,0.06,1.95,5,False,"[{'fixture': 65, 'stats': [{'identifier': 'minutes', 'points': 2, 'value': 90, 'points_modification': 0}, {'identifier': 'assists', 'points': 3, 'value': 1, 'points_modification': 0}]}]",False
229,7,2025-26,54,0,0,0,0,0,0,0,0,0,0,0,11,14.6,1.4,0.0,1.6,4,1,1,5,1,0.00,0.02,0.02,0.93,1,False,"[{'fixture': 65, 'stats': [{'identifier': 'minutes', 'points': 1, 'value': 54, 'points_modification': 0}]}]",False
230,7,2025-26,0,0,0,0,0,0,0,0,0,0,0,0,0,0.0,0.0,0.0,0.0,0,0,0,0,0,0.00,0.00,0.00,0.00,0,False,"[{'fixture': 65, 'stats': [{'identifier': 'minutes', 'points': 0, 'value': 0, 'points_modification': 0}]}]",False
231,7,2025-26,0,0,0,0,0,0,0,0,0,0,0,0,0,0.0,0.0,0.0,0.0,0,0,0,0,0,0.00,0.00,0.00,0.00,0,False,"[{'fixture': 65, 'stats': [{'identifier': 'minutes', 'points': 0, 'value': 0, 'points_modification': 0}]}]",False
232,7,2025-26,0,0,0,0,0,0,0,0,0,0,0,0,0,0.0,0.0,0.0,0.0,0,0,0,0,0,0.00,0.00,0.00,0.00,0,False,"[{'fixture': 65, 'stats': [{'identifier': 'minutes', 'points': 0, 'value': 0, 'points_modification': 0}]}]",False
233,7,2025-26,67,0,0,0,1,0,0,0,0,0,0,0,5,1.6,0.6,0.0,0.2,1,4,0,1,1,0.00,0.00,0.00,1.48,2,False,"[{'fixture': 65, 'stats': [{'identifier': 'minutes', 'points': 2, 'value': 67, 'points_modification': 0}]}]",False
234,7,2025-26,0,0,0,0,0,0,0,0,0,0,0,0,0,0.0,0.0,0.0,0.0,0,0,0,0,0,0.00,0.00,0.00,0.00,0,False,"[{'fixture': 65, 'stats': [{'identifier': 'minutes', 'points': 0, 'value': 0, 'points_modification': 0}]}]",False
235,7,2025-26,0,0,0,0,0,0,0,0,0,0,0,0,0,0.0,0.0,0.0,0.0,0,0,0,0,0,0.00,0.00,0.00,0.00,0,False,"[{'fixture': 65, 'stats': [{'identifier': 'minutes', 'points': 0, 'value': 0, 'points_modification': 0}]}]",False
236,7,2025-26,74,0,0,0,1,0,0,0,0,0,0,0,7,1.4,2.4,5.0,0.9,1,3,0,4,1,0.03,0.02,0.05,1.54,2,False,"[{'fixture': 65, 'stats': [{'identifier': 'minutes', 'points': 2, 'value': 74, 'points_modification': 0}]}]",False
237,7,2025-26,90,0,0,0,1,0,0,0,0,0,0,0,7,13.2,14.8,23.0,5.1,1,6,4,11,1,0.35,0.03,0.38,1.95,2,False,"[{'fixture': 65, 'stats': [{'identifier': 'minutes', 'points': 2, 'value': 90, 'points_modification': 0}]}]",False
238,7,2025-26,15,1,0,0,0,0,0,0,0,0,0,2,33,46.4,33.5,52.0,13.2,1,3,1,5,0,0.41,0.18,0.59,0.41,8,False,"[{'fixture': 65, 'stats': [{'identifier': 'minutes', 'points': 1, 'value': 15, 'points_modification': 0}, {'identifier': 'goals_scored', 'points': 5, 'value': 1, 'points_modification': 0}, {'identifier': 'bonus', 'points': 2, 'value': 2, 'points_modification': 0}]}]",False
239,7,2025-26,15,0,0,0,0,0,0,0,0,0,0,0,5,9.6,0.9,13.0,2.4,1,1,0,2,0,0.02,0.04,0.06,0.41,1,False,"[{'fixture': 65, 'stats': [{'identifier': 'minutes', 'points': 1, 'value': 15, 'points_modification': 0}]}]",False
240,7,2025-26,0,0,0,0,0,0,0,0,0,0,0,0,0,0.0,0.0,0.0,0.0,0,0,0,0,0,0.00,0.00,0.00,0.00,0,False,"[{'fixture': 65, 'stats': [{'identifier': 'minutes', 'points': 0, 'value': 0, 'points_modification': 0}]}]",False
241,7,2025-26,90,1,0,0,1,0,0,0,0,0,0,3,35,49.0,6.3,16.0,7.1,2,5,4,11,1,0.06,0.02,0.08,1.95,10,False,"[{'fixture': 65, 'stats': [{'identifier': 'minutes', 'points': 2, 'value': 90, 'points_modification': 0}, {'identifier': 'goals_scored', 'points': 5, 'value': 1, 'points_modification': 0}, {'identifier': 'bonus', 'points': 3, 'value': 3, 'points_modification': 0}]}]",False
242,7,2025-26,0,0,0,0,0,0,0,0,0,0,0,0,0,0.0,0.0,0.0,0.0,0,0,0,0,0,0.00,0.00,0.00,0.00,0,False,"[{'fixture': 66, 'stats': [{'identifier': 'minutes', 'points': 0, 'value': 0, 'points_modification': 0}]}]",False
243,7,2025-26,0,0,0,0,0,0,0,0,0,0,0,0,0,0.0,0.0,0.0,0.0,0,0,0,0,0,0.00,0.00,0.00,0.00,0,False,"[{'fixture': 65, 'stats': [{'identifier': 'minutes', 'points': 0, 'value': 0, 'points_modification': 0}]}]",False
244,7,2025-26,35,0,0,0,1,0,0,0,0,0,0,0,6,6.8,3.0,0.0,1.0,2,2,1,5,0,0.00,0.02,0.02,1.02,1,False,"[{'fixture': 65, 'stats': [{'identifier': 'minutes', 'points': 1, 'value': 35, 'points_modification': 0}]}]",False
245,7,2025-26,0,0,0,0,0,0,0,0,0,0,0,0,0,0.0,0.0,0.0,0.0,0,0,0,0,0,0.00,0.00,0.00,0.00,0,False,"[{'fixture': 65, 'stats': [{'identifier': 'minutes', 'points': 0, 'value': 0, 'points_modification': 0}]}]",False
246,7,2025-26,0,0,0,0,0,0,0,0,0,0,0,0,0,0.0,0.0,0.0,0.0,0,0,0,0,0,0.00,0.00,0.00,0.00,0,False,"[{'fixture': 65, 'stats': [{'identifier': 'minutes', 'points': 0, 'value': 0, 'points_modification': 0}]}]",False
247,7,2025-26,0,0,0,0,0,0,0,0,0,0,0,0,0,0.0,0.0,0.0,0.0,0,0,0,0,0,0.00,0.00,0.00,0.00,0,False,"[{'fixture': 65, 'stats': [{'identifier': 'minutes', 'points': 0, 'value': 0, 'points_modification': 0}]}]",False
248,7,2025-26,0,0,0,0,0,0,0,0,0,0,0,0,0,0.0,0.0,0.0,0.0,0,0,0,0,0,0.00,0.00,0.00,0.00,0,False,"[{'fixture': 65, 'stats': [{'identifier': 'minutes', 'points': 0, 'value': 0, 'points_modification': 0}]}]",False
249,7,2025-26,73,0,0,0,1,0,0,0,0,0,0,0,4,0.0,1.9,4.0,0.4,0,1,0,1,1,0.03,0.00,0.03,1.54,2,False,"[{'fixture': 65, 'stats': [{'identifier': 'minutes', 'points': 2, 'value': 73, 'points_modification': 0}]}]",False
250,7,2025-26,0,0,0,0,0,0,0,0,0,0,0,0,0,0.0,0.0,0.0,0.0,0,0,0,0,0,0.00,0.00,0.00,0.00,0,False,"[{'fixture': 65, 'stats': [{'identifier': 'minutes', 'points': 0, 'value': 0, 'points_modification': 0}]}]",False
251,7,2025-26,0,0,0,0,0,0,0,0,0,0,0,0,0,0.0,0.0,0.0,0.0,0,0,0,0,0,0.00,0.00,0.00,0.00,0,False,"[{'fixture': 65, 'stats': [{'identifier': 'minutes', 'points': 0, 'value': 0, 'points_modification': 0}]}]",False
252,7,2025-26,16,0,0,0,0,0,0,0,0,0,0,0,1,0.0,0.0,4.0,0.1,0,0,0,0,0,0.03,0.00,0.03,0.41,1,False,"[{'fixture': 65, 'stats': [{'identifier': 'minutes', 'points': 1, 'value': 16, 'points_modification': 0}]}]",False
253,7,2025-26,90,0,0,0,2,0,0,0,0,0,5,0,18,42.4,0.0,0.0,4.2,0,15,0,0,1,0.00,0.00,0.00,2.03,2,False,"[{'fixture': 66, 'stats': [{'identifier': 'minutes', 'points': 2, 'value': 90, 'points_modification': 0}, {'identifier': 'goals_conceded', 'points': -1, 'value': 2, 'points_modification': 0}, {'identifier': 'saves', 'points': 1, 'value': 5, 'points_modification': 0}]}]",False
254,7,2025-26,0,0,0,0,0,0,0,0,0,0,0,0,0,0.0,0.0,0.0,0.0,0,0,0,0,0,0.00,0.00,0.00,0.00,0,False,"[{'fixture': 66, 'stats': [{'identifier': 'minutes', 'points': 0, 'value': 0, 'points_modification': 0}]}]",False
255,7,2025-26,0,0,0,0,0,0,0,0,0,0,0,0,0,0.0,0.0,0.0,0.0,0,0,0,0,0,0.00,0.00,0.00,0.00,0,False,"[{'fixture': 66, 'stats': [{'identifier': 'minutes', 'points': 0, 'value': 0, 'points_modification': 0}]}]",False
256,7,2025-26,90,1,0,0,2,0,0,0,1,0,0,0,20,56.0,1.3,21.0,7.8,9,7,7,16,1,0.11,0.02,0.13,2.03,8,False,"[{'fixture': 66, 'stats': [{'identifier': 'minutes', 'points': 2, 'value': 90, 'points_modification': 0}, {'identifier': 'goals_scored', 'points': 6, 'value': 1, 'points_modification': 0}, {'identifier': 'goals_conceded', 'points': -1, 'value': 2, 'points_modification': 0}, {'identifier': 'yellow_cards', 'points': -1, 'value': 1, 'points_modification': 0}, {'identifier': 'defensive_contribution', 'points': 2, 'value': 16, 'points_modification': 0}]}]",False
257,7,2025-26,90,0,0,0,2,0,0,0,0,0,0,0,3,17.6,14.5,2.0,3.4,9,2,1,10,1,0.00,0.01,0.01,2.03,3,False,"[{'fixture': 66, 'stats': [{'identifier': 'minutes', 'points': 2, 'value': 90, 'points_modification': 0}, {'identifier': 'goals_conceded', 'points': -1, 'value': 2, 'points_modification': 0}, {'identifier': 'defensive_contribution', 'points': 2, 'value': 10, 'points_modification': 0}]}]",False
258,7,2025-26,90,0,0,0,2,0,0,0,0,0,0,0,6,13.8,2.8,21.0,3.8,6,2,3,9,1,0.05,0.01,0.06,2.03,1,False,"[{'fixture': 66, 'stats': [{'identifier': 'minutes', 'points': 2, 'value': 90, 'points_modification': 0}, {'identifier': 'goals_conceded', 'points': -1, 'value': 2, 'points_modification': 0}]}]",False
259,7,2025-26,0,0,0,0,0,0,0,0,0,0,0,0,0,0.0,0.0,0.0,0.0,0,0,0,0,0,0.00,0.00,0.00,0.00,0,False,"[{'fixture': 66, 'stats': [{'identifier': 'minutes', 'points': 0, 'value': 0, 'points_modification': 0}]}]",False
260,7,2025-26,90,0,0,0,2,0,0,0,0,0,0,0,7,26.8,3.6,37.0,6.7,8,5,2,10,1,0.20,0.48,0.68,2.03,3,False,"[{'fixture': 66, 'stats': [{'identifier': 'minutes', 'points': 2, 'value': 90, 'points_modification': 0}, {'identifier': 'goals_conceded', 'points': -1, 'value': 2, 'points_modification': 0}, {'identifier': 'defensive_contribution', 'points': 2, 'value': 10, 'points_modification': 0}]}]",False
261,7,2025-26,90,0,0,0,2,0,0,0,0,0,0,0,11,26.0,10.7,7.0,4.4,9,1,1,10,1,0.09,0.56,0.65,2.03,3,False,"[{'fixture': 66, 'stats': [{'identifier': 'minutes', 'points': 2, 'value': 90, 'points_modification': 0}, {'identifier': 'goals_conceded', 'points': -1, 'value': 2, 'points_modification': 0}, {'identifier': 'defensive_contribution', 'points': 2, 'value': 10, 'points_modification': 0}]}]",False
262,7,2025-26,0,0,0,0,0,0,0,0,0,0,0,0,0,0.0,0.0,0.0,0.0,0,0,0,0,0,0.00,0.00,0.00,0.00,0,False,"[{'fixture': 66, 'stats': [{'identifier': 'minutes', 'points': 0, 'value': 0, 'points_modification': 0}]}]",False
263,7,2025-26,0,0,0,0,0,0,0,0,0,0,0,0,0,0.0,0.0,0.0,0.0,0,0,0,0,0,0.00,0.00,0.00,0.00,0,False,"[{'fixture': 66, 'stats': [{'identifier': 'minutes', 'points': 0, 'value': 0, 'points_modification': 0}]}]",False
264,7,2025-26,0,0,0,0,0,0,0,0,0,0,0,0,0,0.0,0.0,0.0,0.0,0,0,0,0,0,0.00,0.00,0.00,0.00,0,False,"[{'fixture': 66, 'stats': [{'identifier': 'minutes', 'points': 0, 'value': 0, 'points_modification': 0}]}]",False
265,7,2025-26,0,0,0,0,0,0,0,0,0,0,0,0,0,0.0,0.0,0.0,0.0,0,0,0,0,0,0.00,0.00,0.00,0.00,0,False,"[{'fixture': 66, 'stats': [{'identifier': 'minutes', 'points': 0, 'value': 0, 'points_modification': 0}]}]",False
266,7,2025-26,78,0,1,1,0,0,0,0,0,0,0,0,22,5.6,6.8,35.0,4.7,1,2,2,5,1,0.49,0.05,0.54,0.36,6,False,"[{'fixture': 61, 'stats': [{'identifier': 'minutes', 'points': 2, 'value': 78, 'points_modification': 0}, {'identifier': 'assists', 'points': 3, 'value': 1, 'points_modification': 0}, {'identifier': 'clean_sheets', 'points': 1, 'value': 1, 'points_modification': 0}]}]",False
267,7,2025-26,88,0,1,0,1,0,0,0,0,0,0,2,26,35.6,32.1,8.0,7.6,2,1,3,6,1,0.18,0.08,0.26,1.29,7,False,"[{'fixture': 66, 'stats': [{'identifier': 'minutes', 'points': 2, 'value': 88, 'points_modification': 0}, {'identifier': 'assists', 'points': 3, 'value': 1, 'points_modification': 0}, {'identifier': 'bonus', 'points': 2, 'value': 2, 'points_modification': 0}]}]",False
268,7,2025-26,0,0,0,0,0,0,0,0,0,0,0,0,0,0.0,0.0,0.0,0.0,0,0,0,0,0,0.00,0.00,0.00,0.00,0,False,"[{'fixture': 66, 'stats': [{'identifier': 'minutes', 'points': 0, 'value': 0, 'points_modification': 0}]}]",False
269,7,2025-26,0,0,0,0,0,0,0,0,0,0,0,0,0,0.0,0.0,0.0,0.0,0,0,0,0,0,0.00,0.00,0.00,0.00,0,False,"[{'fixture': 66, 'stats': [{'identifier': 'minutes', 'points': 0, 'value': 0, 'points_modification': 0}]}]",False
270,7,2025-26,0,0,0,0,0,0,0,0,0,0,0,0,0,0.0,0.0,0.0,0.0,0,0,0,0,0,0.00,0.00,0.00,0.00,0,False,"[{'fixture': 66, 'stats': [{'identifier': 'minutes', 'points': 0, 'value': 0, 'points_modification': 0}]}]",False
271,7,2025-26,81,0,0,0,1,0,0,0,0,0,0,0,14,14.4,2.9,3.0,2.0,1,7,8,16,1,0.10,0.02,0.12,1.29,4,False,"[{'fixture': 66, 'stats': [{'identifier': 'minutes', 'points': 2, 'value': 81, 'points_modification': 0}, {'identifier': 'defensive_contribution', 'points': 2, 'value': 16, 'points_modification': 0}]}]",False
272,7,2025-26,8,0,0,0,1,0,0,0,0,0,0,0,4,3.4,0.0,0.0,0.3,2,0,0,2,0,0.00,0.01,0.01,0.73,1,False,"[{'fixture': 66, 'stats': [{'identifier': 'minutes', 'points': 1, 'value': 8, 'points_modification': 0}]}]",False
273,7,2025-26,90,0,0,0,2,0,0,0,1,0,0,0,14,11.6,28.8,2.0,4.2,4,5,3,12,1,0.03,0.24,0.27,2.03,3,False,"[{'fixture': 66, 'stats': [{'identifier': 'minutes', 'points': 2, 'value': 90, 'points_modification': 0}, {'identifier': 'yellow_cards', 'points': -1, 'value': 1, 'points_modification': 0}, {'identifier': 'defensive_contribution', 'points': 2, 'value': 12, 'points_modification': 0}]}]",False
274,7,2025-26,0,0,0,0,0,0,0,0,0,0,0,0,0,0.0,0.0,0.0,0.0,0,0,0,0,0,0.00,0.00,0.00,0.00,0,False,"[{'fixture': 66, 'stats': [{'identifier': 'minutes', 'points': 0, 'value': 0, 'points_modification': 0}]}]",False
275,7,2025-26,0,0,0,0,0,0,0,0,0,0,0,0,0,0.0,0.0,0.0,0.0,0,0,0,0,0,0.00,0.00,0.00,0.00,0,False,"[{'fixture': 66, 'stats': [{'identifier': 'minutes', 'points': 0, 'value': 0, 'points_modification': 0}]}]",False
276,7,2025-26,2,0,0,0,1,0,0,0,0,0,0,0,-1,0.0,0.0,37.0,3.7,0,0,0,0,0,0.30,0.00,0.30,0.73,1,False,"[{'fixture': 66, 'stats': [{'identifier': 'minutes', 'points': 1, 'value': 2, 'points_modification': 0}]}]",False
277,7,2025-26,0,0,0,0,0,0,0,0,0,0,0,0,0,0.0,0.0,0.0,0.0,0,0,0,0,0,0.00,0.00,0.00,0.00,0,False,"[{'fixture': 66, 'stats': [{'identifier': 'minutes', 'points': 0, 'value': 0, 'points_modification': 0}]}]",False
278,7,2025-26,0,0,0,0,0,0,0,0,0,0,0,0,0,0.0,0.0,0.0,0.0,0,0,0,0,0,0.00,0.00,0.00,0.00,0,False,"[{'fixture': 66, 'stats': [{'identifier': 'minutes', 'points': 0, 'value': 0, 'points_modification': 0}]}]",False
279,7,2025-26,0,0,0,0,0,0,0,0,0,0,0,0,0,0.0,0.0,0.0,0.0,0,0,0,0,0,0.00,0.00,0.00,0.00,0,False,"[{'fixture': 66, 'stats': [{'identifier': 'minutes', 'points': 0, 'value': 0, 'points_modification': 0}]}]",False
280,7,2025-26,0,0,0,0,0,0,0,0,0,0,0,0,0,0.0,0.0,0.0,0.0,0,0,0,0,0,0.00,0.00,0.00,0.00,0,False,"[{'fixture': 66, 'stats': [{'identifier': 'minutes', 'points': 0, 'value': 0, 'points_modification': 0}]}]",False
281,7,2025-26,0,0,0,0,0,0,0,0,0,0,0,0,0,0.0,0.0,0.0,0.0,0,0,0,0,0,0.00,0.00,0.00,0.00,0,False,"[{'fixture': 66, 'stats': [{'identifier': 'minutes', 'points': 0, 'value': 0, 'points_modification': 0}]}]",False
282,7,2025-26,0,0,0,0,0,0,0,0,0,0,0,0,0,0.0,0.0,0.0,0.0,0,0,0,0,0,0.00,0.00,0.00,0.00,0,False,"[{'fixture': 66, 'stats': [{'identifier': 'minutes', 'points': 0, 'value': 0, 'points_modification': 0}]}]",False
283,7,2025-26,69,0,0,1,0,0,0,0,0,0,0,0,3,6.4,1.6,29.0,3.7,2,0,0,2,1,0.59,0.00,0.59,0.43,2,False,"[{'fixture': 66, 'stats': [{'identifier': 'minutes', 'points': 2, 'value': 69, 'points_modification': 0}]}]",False
284,7,2025-26,20,0,0,0,2,0,0,0,0,0,0,0,2,0.0,0.1,0.0,0.0,0,1,0,1,0,0.00,0.00,0.00,1.60,1,False,"[{'fixture': 66, 'stats': [{'identifier': 'minutes', 'points': 1, 'value': 20, 'points_modification': 0}]}]",False
285,7,2025-26,0,0,0,0,0,0,0,0,0,0,0,0,0,0.0,0.0,0.0,0.0,0,0,0,0,0,0.00,0.00,0.00,0.00,0,False,"[{'fixture': 66, 'stats': [{'identifier': 'minutes', 'points': 0, 'value': 0, 'points_modification': 0}]}]",False
286,7,2025-26,0,0,0,0,0,0,0,0,0,0,0,0,0,0.0,0.0,0.0,0.0,0,0,0,0,0,0.00,0.00,0.00,0.00,0,False,"[{'fixture': 66, 'stats': [{'identifier': 'minutes', 'points': 0, 'value': 0, 'points_modification': 0}]}]",False
287,7,2025-26,90,0,0,0,1,0,0,0,0,0,5,0,19,42.6,0.0,0.0,4.3,2,6,0,0,1,0.00,0.00,0.00,1.65,3,False,"[{'fixture': 66, 'stats': [{'identifier': 'minutes', 'points': 2, 'value': 90, 'points_modification': 0}, {'identifier': 'saves', 'points': 1, 'value': 5, 'points_modification': 0}]}]",False
288,7,2025-26,0,0,0,0,0,0,0,0,0,0,0,0,0,0.0,0.0,0.0,0.0,0,0,0,0,0,0.00,0.00,0.00,0.00,0,False,"[{'fixture': 66, 'stats': [{'identifier': 'minutes', 'points': 0, 'value': 0, 'points_modification': 0}]}]",False
289,7,2025-26,0,0,0,0,0,0,0,0,0,0,0,0,0,0.0,0.0,0.0,0.0,0,0,0,0,0,0.00,0.00,0.00,0.00,0,False,"[{'fixture': 66, 'stats': [{'identifier': 'minutes', 'points': 0, 'value': 0, 'points_modification': 0}]}]",False
290,7,2025-26,0,0,0,0,0,0,0,0,0,0,0,0,0,0.0,0.0,0.0,0.0,0,0,0,0,0,0.00,0.00,0.00,0.00,0,False,"[{'fixture': 66, 'stats': [{'identifier': 'minutes', 'points': 0, 'value': 0, 'points_modification': 0}]}]",False
291,7,2025-26,90,0,0,0,1,0,0,0,0,0,0,1,22,34.6,16.9,8.0,6.0,9,6,2,11,1,0.00,0.26,0.26,1.65,5,False,"[{'fixture': 66, 'stats': [{'identifier': 'minutes', 'points': 2, 'value': 90, 'points_modification': 0}, {'identifier': 'bonus', 'points': 1, 'value': 1, 'points_modification': 0}, {'identifier': 'defensive_contribution', 'points': 2, 'value': 11, 'points_modification': 0}]}]",False
292,7,2025-26,90,0,0,0,1,0,0,0,0,0,0,0,11,20.0,13.2,9.0,4.2,11,2,1,12,1,0.02,0.03,0.05,1.65,4,False,"[{'fixture': 66, 'stats': [{'identifier': 'minutes', 'points': 2, 'value': 90, 'points_modification': 0}, {'identifier': 'defensive_contribution', 'points': 2, 'value': 12, 'points_modification': 0}]}]",False
293,7,2025-26,90,0,0,0,1,0,0,0,0,0,0,1,22,29.4,19.1,21.0,7.0,7,1,3,10,1,0.08,0.07,0.15,1.65,5,False,"[{'fixture': 66, 'stats': [{'identifier': 'minutes', 'points': 2, 'value': 90, 'points_modification': 0}, {'identifier': 'bonus', 'points': 1, 'value': 1, 'points_modification': 0}, {'identifier': 'defensive_contribution', 'points': 2, 'value': 10, 'points_modification': 0}]}]",False
294,7,2025-26,1,0,0,0,0,0,0,0,0,0,0,0,4,0.0,0.0,0.0,0.0,0,0,0,0,0,0.00,0.00,0.00,0.24,1,False,"[{'fixture': 66, 'stats': [{'identifier': 'minutes', 'points': 1, 'value': 1, 'points_modification': 0}]}]",False
295,7,2025-26,64,0,0,0,1,0,0,0,0,0,0,0,9,20.6,0.4,11.0,3.2,10,4,1,11,1,0.23,0.00,0.23,1.32,4,False,"[{'fixture': 66, 'stats': [{'identifier': 'minutes', 'points': 2, 'value': 64, 'points_modification': 0}, {'identifier': 'defensive_contribution', 'points': 2, 'value': 11, 'points_modification': 0}]}]",False
296,7,2025-26,0,0,0,0,0,0,0,0,0,0,0,0,0,0.0,0.0,0.0,0.0,0,0,0,0,0,0.00,0.00,0.00,0.00,0,False,"[{'fixture': 66, 'stats': [{'identifier': 'minutes', 'points': 0, 'value': 0, 'points_modification': 0}]}]",False
297,7,2025-26,0,0,0,0,0,0,0,0,0,0,0,0,0,0.0,0.0,0.0,0.0,0,0,0,0,0,0.00,0.00,0.00,0.00,0,False,"[{'fixture': 66, 'stats': [{'identifier': 'minutes', 'points': 0, 'value': 0, 'points_modification': 0}]}]",False
298,7,2025-26,0,0,0,0,0,0,0,0,0,0,0,0,0,0.0,0.0,0.0,0.0,0,0,0,0,0,0.00,0.00,0.00,0.00,0,False,"[{'fixture': 66, 'stats': [{'identifier': 'minutes', 'points': 0, 'value': 0, 'points_modification': 0}]}]",False
299,7,2025-26,90,1,0,0,1,0,0,0,1,0,0,1,22,44.0,21.4,23.0,8.8,2,3,3,8,1,0.79,0.49,1.28,1.41,7,False,"[{'fixture': 66, 'stats': [{'identifier': 'minutes', 'points': 2, 'value': 90, 'points_modification': 0}, {'identifier': 'goals_scored', 'points': 5, 'value': 1, 'points_modification': 0}, {'identifier': 'yellow_cards', 'points': -1, 'value': 1, 'points_modification': 0}, {'identifier': 'bonus', 'points': 1, 'value': 1, 'points_modification': 0}]}]",False
300,7,2025-26,0,0,0,0,0,0,0,0,0,0,0,0,0,0.0,0.0,0.0,0.0,0,0,0,0,0,0.00,0.00,0.00,0.00,0,False,"[{'fixture': 66, 'stats': [{'identifier': 'minutes', 'points': 0, 'value': 0, 'points_modification': 0}]}]",False
301,7,2025-26,45,0,0,0,0,0,0,0,0,0,0,0,6,8.6,15.9,20.0,4.5,0,5,2,7,0,0.12,0.02,0.14,1.02,1,False,"[{'fixture': 66, 'stats': [{'identifier': 'minutes', 'points': 1, 'value': 45, 'points_modification': 0}]}]",False
302,7,2025-26,90,0,0,0,1,0,0,0,0,0,0,0,12,3.8,7.3,0.0,1.1,0,8,1,9,1,0.00,0.13,0.13,1.65,2,False,"[{'fixture': 66, 'stats': [{'identifier': 'minutes', 'points': 2, 'value': 90, 'points_modification': 0}]}]",False
303,7,2025-26,90,0,0,0,1,0,0,0,1,0,0,0,20,22.6,34.8,4.0,6.1,6,2,1,9,1,0.12,0.52,0.64,1.65,1,False,"[{'fixture': 66, 'stats': [{'identifier': 'minutes', 'points': 2, 'value': 90, 'points_modification': 0}, {'identifier': 'yellow_cards', 'points': -1, 'value': 1, 'points_modification': 0}]}]",False
304,7,2025-26,25,0,1,0,0,0,0,0,0,0,0,0,14,2.6,0.5,2.0,0.5,1,0,1,2,0,0.00,0.00,0.00,0.33,4,False,"[{'fixture': 66, 'stats': [{'identifier': 'minutes', 'points': 1, 'value': 25, 'points_modification': 0}, {'identifier': 'assists', 'points': 3, 'value': 1, 'points_modification': 0}]}]",False
305,7,2025-26,0,0,0,0,0,0,0,0,0,0,0,0,0,0.0,0.0,0.0,0.0,0,0,0,0,0,0.00,0.00,0.00,0.00,0,False,"[{'fixture': 66, 'stats': [{'identifier': 'minutes', 'points': 0, 'value': 0, 'points_modification': 0}]}]",False
306,7,2025-26,0,0,0,0,0,0,0,0,0,0,0,0,0,0.0,0.0,0.0,0.0,0,0,0,0,0,0.00,0.00,0.00,0.00,0,False,"[{'fixture': 66, 'stats': [{'identifier': 'minutes', 'points': 0, 'value': 0, 'points_modification': 0}]}]",False
307,7,2025-26,0,0,0,0,0,0,0,0,0,0,0,0,0,0.0,0.0,0.0,0.0,0,0,0,0,0,0.00,0.00,0.00,0.00,0,False,"[{'fixture': 66, 'stats': [{'identifier': 'minutes', 'points': 0, 'value': 0, 'points_modification': 0}]}]",False
308,7,2025-26,0,0,0,0,0,0,0,0,0,0,0,0,0,0.0,0.0,0.0,0.0,0,0,0,0,0,0.00,0.00,0.00,0.00,0,False,"[{'fixture': 66, 'stats': [{'identifier': 'minutes', 'points': 0, 'value': 0, 'points_modification': 0}]}]",False
309,7,2025-26,0,0,0,0,0,0,0,0,0,0,0,0,0,0.0,0.0,0.0,0.0,0,0,0,0,0,0.00,0.00,0.00,0.00,0,False,"[{'fixture': 66, 'stats': [{'identifier': 'minutes', 'points': 0, 'value': 0, 'points_modification': 0}]}]",False
310,7,2025-26,45,0,0,0,1,0,0,0,0,0,0,0,-2,4.0,10.8,0.0,1.5,2,1,0,3,1,0.00,0.00,0.00,0.63,1,False,"[{'fixture': 66, 'stats': [{'identifier': 'minutes', 'points': 1, 'value': 45, 'points_modification': 0}]}]",False
311,7,2025-26,45,0,0,0,0,0,0,0,0,0,0,0,-2,10.4,13.0,39.0,6.2,1,2,2,5,0,0.34,0.01,0.35,1.02,1,False,"[{'fixture': 66, 'stats': [{'identifier': 'minutes', 'points': 1, 'value': 45, 'points_modification': 0}]}]",False
312,7,2025-26,0,0,0,0,0,0,0,0,0,0,0,0,0,0.0,0.0,0.0,0.0,0,0,0,0,0,0.00,0.00,0.00,0.00,0,False,"[{'fixture': 66, 'stats': [{'identifier': 'minutes', 'points': 0, 'value': 0, 'points_modification': 0}]}]",False
313,7,2025-26,0,0,0,0,0,0,0,0,0,0,0,0,0,0.0,0.0,0.0,0.0,0,0,0,0,0,0.00,0.00,0.00,0.00,0,False,"[{'fixture': 66, 'stats': [{'identifier': 'minutes', 'points': 0, 'value': 0, 'points_modification': 0}]}]",False
314,7,2025-26,90,0,0,0,3,0,0,0,0,0,3,0,4,22.8,0.0,0.0,2.3,2,5,0,0,1,0.00,0.00,0.00,1.12,2,False,"[{'fixture': 63, 'stats': [{'identifier': 'minutes', 'points': 2, 'value': 90, 'points_modification': 0}, {'identifier': 'goals_conceded', 'points': -1, 'value': 3, 'points_modification': 0}, {'identifier': 'saves', 'points': 1, 'value': 3, 'points_modification': 0}]}]",False
315,7,2025-26,0,0,0,0,0,0,0,0,0,0,0,0,0,0.0,0.0,0.0,0.0,0,0,0,0,0,0.00,0.00,0.00,0.00,0,False,"[{'fixture': 63, 'stats': [{'identifier': 'minutes', 'points': 0, 'value': 0, 'points_modification': 0}]}]",False
316,7,2025-26,0,0,0,0,0,0,0,0,0,0,0,0,0,0.0,0.0,0.0,0.0,0,0,0,0,0,0.00,0.00,0.00,0.00,0,False,"[{'fixture': 63, 'stats': [{'identifier': 'minutes', 'points': 0, 'value': 0, 'points_modification': 0}]}]",False
317,7,2025-26,90,0,0,0,3,0,0,0,0,0,0,0,6,34.4,0.9,0.0,3.5,14,5,1,15,1,0.00,0.00,0.00,1.12,3,False,"[{'fixture': 63, 'stats': [{'identifier': 'minutes', 'points': 2, 'value': 90, 'points_modification': 0}, {'identifier': 'goals_conceded', 'points': -1, 'value': 3, 'points_modification': 0}, {'identifier': 'defensive_contribution', 'points': 2, 'value': 15, 'points_modification': 0}]}]",False
318,7,2025-26,90,0,0,0,3,0,0,0,0,0,0,0,1,16.6,1.2,0.0,1.8,5,1,1,6,1,0.00,0.00,0.00,1.12,1,False,"[{'fixture': 63, 'stats': [{'identifier': 'minutes', 'points': 2, 'value': 90, 'points_modification': 0}, {'identifier': 'goals_conceded', 'points': -1, 'value': 3, 'points_modification': 0}]}]",False
319,7,2025-26,90,0,0,0,3,0,0,0,0,0,0,0,5,12.6,12.5,5.0,3.0,6,6,2,8,1,0.04,0.02,0.06,1.12,1,False,"[{'fixture': 63, 'stats': [{'identifier': 'minutes', 'points': 2, 'value': 90, 'points_modification': 0}, {'identifier': 'goals_conceded', 'points': -1, 'value': 3, 'points_modification': 0}]}]",False
320,7,2025-26,85,0,0,0,2,0,0,0,1,0,0,0,5,18.2,0.8,0.0,1.9,10,4,2,12,1,0.00,0.01,0.01,0.60,2,False,"[{'fixture': 63, 'stats': [{'identifier': 'minutes', 'points': 2, 'value': 85, 'points_modification': 0}, {'identifier': 'goals_conceded', 'points': -1, 'value': 2, 'points_modification': 0}, {'identifier': 'yellow_cards', 'points': -1, 'value': 1, 'points_modification': 0}, {'identifier': 'defensive_contribution', 'points': 2, 'value': 12, 'points_modification': 0}]}]",False
321,7,2025-26,0,0,0,0,0,0,0,0,0,0,0,0,0,0.0,0.0,0.0,0.0,0,0,0,0,0,0.00,0.00,0.00,0.00,0,False,"[{'fixture': 63, 'stats': [{'identifier': 'minutes', 'points': 0, 'value': 0, 'points_modification': 0}]}]",False
322,7,2025-26,0,0,0,0,0,0,0,0,0,0,0,0,0,0.0,0.0,0.0,0.0,0,0,0,0,0,0.00,0.00,0.00,0.00,0,False,"[{'fixture': 63, 'stats': [{'identifier': 'minutes', 'points': 0, 'value': 0, 'points_modification': 0}]}]",False
323,7,2025-26,0,0,0,0,0,0,0,0,0,0,0,0,0,0.0,0.0,0.0,0.0,0,0,0,0,0,0.00,0.00,0.00,0.00,0,False,"[{'fixture': 63, 'stats': [{'identifier': 'minutes', 'points': 0, 'value': 0, 'points_modification': 0}]}]",False
324,7,2025-26,85,0,0,0,2,0,0,0,0,0,0,0,15,13.8,38.4,11.0,6.3,0,7,0,7,1,0.11,0.12,0.23,0.60,2,False,"[{'fixture': 63, 'stats': [{'identifier': 'minutes', 'points': 2, 'value': 85, 'points_modification': 0}]}]",False
325,7,2025-26,4,0,0,0,1,0,0,0,0,0,0,0,3,0.6,2.3,0.0,0.3,0,0,0,0,0,0.00,0.01,0.01,0.52,1,False,"[{'fixture': 63, 'stats': [{'identifier': 'minutes', 'points': 1, 'value': 4, 'points_modification': 0}]}]",False
326,7,2025-26,4,0,0,0,1,0,0,0,0,0,0,0,4,2.2,0.9,2.0,0.5,0,1,0,1,0,0.00,0.01,0.01,0.52,1,False,"[{'fixture': 63, 'stats': [{'identifier': 'minutes', 'points': 1, 'value': 4, 'points_modification': 0}]}]",False
327,7,2025-26,0,0,0,0,0,0,0,0,0,0,0,0,0,0.0,0.0,0.0,0.0,0,0,0,0,0,0.00,0.00,0.00,0.00,0,False,"[{'fixture': 63, 'stats': [{'identifier': 'minutes', 'points': 0, 'value': 0, 'points_modification': 0}]}]",False
328,7,2025-26,90,1,0,0,3,0,0,0,0,0,0,2,34,45.8,16.9,27.0,9.0,4,5,1,10,1,0.40,0.25,0.65,1.12,9,False,"[{'fixture': 63, 'stats': [{'identifier': 'minutes', 'points': 2, 'value': 90, 'points_modification': 0}, {'identifier': 'goals_scored', 'points': 5, 'value': 1, 'points_modification': 0}, {'identifier': 'bonus', 'points': 2, 'value': 2, 'points_modification': 0}]}]",False
329,7,2025-26,66,0,0,1,0,0,0,0,0,0,0,0,12,10.4,16.7,19.0,4.6,1,7,1,9,1,0.02,0.06,0.08,0.45,3,False,"[{'fixture': 63, 'stats': [{'identifier': 'minutes', 'points': 2, 'value': 66, 'points_modification': 0}, {'identifier': 'clean_sheets', 'points': 1, 'value': 1, 'points_modification': 0}]}]",False
330,7,2025-26,90,0,0,0,3,0,0,0,0,0,0,0,12,8.8,4.1,0.0,1.3,0,8,2,10,1,0.00,0.04,0.04,1.12,2,False,"[{'fixture': 63, 'stats': [{'identifier': 'minutes', 'points': 2, 'value': 90, 'points_modification': 0}]}]",False
331,7,2025-26,76,0,0,0,3,0,0,0,0,0,0,0,11,1.2,20.4,13.0,3.5,0,2,0,2,0,0.25,0.07,0.32,1.07,2,False,"[{'fixture': 63, 'stats': [{'identifier': 'minutes', 'points': 2, 'value': 76, 'points_modification': 0}]}]",False
332,7,2025-26,13,0,0,0,0,0,0,0,0,0,0,0,4,6.0,0.0,0.0,0.6,3,0,1,4,1,0.00,0.00,0.00,0.05,1,False,"[{'fixture': 63, 'stats': [{'identifier': 'minutes', 'points': 1, 'value': 13, 'points_modification': 0}]}]",False
333,7,2025-26,0,0,0,0,0,0,0,0,0,0,0,0,0,0.0,0.0,0.0,0.0,0,0,0,0,0,0.00,0.00,0.00,0.00,0,False,"[{'fixture': 63, 'stats': [{'identifier': 'minutes', 'points': 0, 'value': 0, 'points_modification': 0}]}]",False
334,7,2025-26,0,0,0,0,0,0,0,0,0,0,0,0,0,0.0,0.0,0.0,0.0,0,0,0,0,0,0.00,0.00,0.00,0.00,0,False,"[{'fixture': 63, 'stats': [{'identifier': 'minutes', 'points': 0, 'value': 0, 'points_modification': 0}]}]",False
335,7,2025-26,66,0,0,1,0,0,0,0,0,0,0,0,8,1.4,1.7,7.0,1.0,2,0,0,2,1,0.01,0.02,0.03,0.45,3,False,"[{'fixture': 63, 'stats': [{'identifier': 'minutes', 'points': 2, 'value': 66, 'points_modification': 0}, {'identifier': 'clean_sheets', 'points': 1, 'value': 1, 'points_modification': 0}]}]",False
336,7,2025-26,0,0,0,0,0,0,0,0,0,0,0,0,0,0.0,0.0,0.0,0.0,0,0,0,0,0,0.00,0.00,0.00,0.00,0,False,"[{'fixture': 63, 'stats': [{'identifier': 'minutes', 'points': 0, 'value': 0, 'points_modification': 0}]}]",False
337,7,2025-26,0,0,0,0,0,0,0,0,0,0,0,0,0,0.0,0.0,0.0,0.0,0,0,0,0,0,0.00,0.00,0.00,0.00,0,False,"[{'fixture': 63, 'stats': [{'identifier': 'minutes', 'points': 0, 'value': 0, 'points_modification': 0}]}]",False
338,7,2025-26,0,0,0,0,0,0,0,0,0,0,0,0,0,0.0,0.0,0.0,0.0,0,0,0,0,0,0.00,0.00,0.00,0.00,0,False,"[{'fixture': 63, 'stats': [{'identifier': 'minutes', 'points': 0, 'value': 0, 'points_modification': 0}]}]",False
339,7,2025-26,0,0,0,0,0,0,0,0,0,0,0,0,0,0.0,0.0,0.0,0.0,0,0,0,0,0,0.00,0.00,0.00,0.00,0,False,"[{'fixture': 67, 'stats': [{'identifier': 'minutes', 'points': 0, 'value': 0, 'points_modification': 0}]}]",False
340,7,2025-26,0,0,0,0,0,0,0,0,0,0,0,0,0,0.0,0.0,0.0,0.0,0,0,0,0,0,0.00,0.00,0.00,0.00,0,False,"[{'fixture': 67, 'stats': [{'identifier': 'minutes', 'points': 0, 'value': 0, 'points_modification': 0}]}]",False
341,7,2025-26,90,0,0,0,2,0,0,0,0,0,1,0,4,10.6,0.0,0.0,1.1,2,9,0,0,1,0.00,0.01,0.01,0.53,1,False,"[{'fixture': 67, 'stats': [{'identifier': 'minutes', 'points': 2, 'value': 90, 'points_modification': 0}, {'identifier': 'goals_conceded', 'points': -1, 'value': 2, 'points_modification': 0}]}]",False
342,7,2025-26,88,0,0,0,2,0,0,0,0,0,0,0,7,19.0,6.2,1.0,2.6,7,4,5,12,1,0.02,0.06,0.08,0.53,3,False,"[{'fixture': 67, 'stats': [{'identifier': 'minutes', 'points': 2, 'value': 88, 'points_modification': 0}, {'identifier': 'goals_conceded', 'points': -1, 'value': 2, 'points_modification': 0}, {'identifier': 'defensive_contribution', 'points': 2, 'value': 12, 'points_modification': 0}]}]",False
343,7,2025-26,90,0,0,0,2,0,0,0,0,0,0,0,2,6.8,1.4,15.0,2.3,5,0,0,5,1,0.30,0.01,0.31,0.53,1,False,"[{'fixture': 67, 'stats': [{'identifier': 'minutes', 'points': 2, 'value': 90, 'points_modification': 0}, {'identifier': 'goals_conceded', 'points': -1, 'value': 2, 'points_modification': 0}]}]",False
344,7,2025-26,0,0,0,0,0,0,0,0,0,0,0,0,0,0.0,0.0,0.0,0.0,0,0,0,0,0,0.00,0.00,0.00,0.00,0,False,"[{'fixture': 67, 'stats': [{'identifier': 'minutes', 'points': 0, 'value': 0, 'points_modification': 0}]}]",False
345,7,2025-26,0,0,0,0,0,0,0,0,0,0,0,0,0,0.0,0.0,0.0,0.0,0,0,0,0,0,0.00,0.00,0.00,0.00,0,False,"[{'fixture': 67, 'stats': [{'identifier': 'minutes', 'points': 0, 'value': 0, 'points_modification': 0}]}]",False
346,7,2025-26,0,0,0,0,0,0,0,0,0,0,0,0,0,0.0,0.0,0.0,0.0,0,0,0,0,0,0.00,0.00,0.00,0.00,0,False,"[{'fixture': 67, 'stats': [{'identifier': 'minutes', 'points': 0, 'value': 0, 'points_modification': 0}]}]",False
347,7,2025-26,78,0,0,0,2,0,0,0,0,0,0,0,5,12.2,5.2,0.0,1.7,5,7,3,8,1,0.00,0.01,0.01,0.50,1,False,"[{'fixture': 67, 'stats': [{'identifier': 'minutes', 'points': 2, 'value': 78, 'points_modification': 0}, {'identifier': 'goals_conceded', 'points': -1, 'value': 2, 'points_modification': 0}]}]",False
348,7,2025-26,90,0,0,0,2,0,0,0,0,0,0,0,3,14.8,1.5,15.0,3.1,6,4,0,6,1,0.09,0.02,0.11,0.53,1,False,"[{'fixture': 67, 'stats': [{'identifier': 'minutes', 'points': 2, 'value': 90, 'points_modification': 0}, {'identifier': 'goals_conceded', 'points': -1, 'value': 2, 'points_modification': 0}]}]",False
349,7,2025-26,0,0,0,0,0,0,0,0,0,0,0,0,0,0.0,0.0,0.0,0.0,0,0,0,0,0,0.00,0.00,0.00,0.00,0,False,"[{'fixture': 67, 'stats': [{'identifier': 'minutes', 'points': 0, 'value': 0, 'points_modification': 0}]}]",False
350,7,2025-26,66,0,1,0,2,0,0,0,0,0,0,0,20,6.6,13.8,17.0,3.7,0,2,1,3,1,0.09,0.02,0.11,0.50,5,False,"[{'fixture': 67, 'stats': [{'identifier': 'minutes', 'points': 2, 'value': 66, 'points_modification': 0}, {'identifier': 'assists', 'points': 3, 'value': 1, 'points_modification': 0}]}]",False
351,7,2025-26,0,0,0,0,0,0,0,0,0,0,0,0,0,0.0,0.0,0.0,0.0,0,0,0,0,0,0.00,0.00,0.00,0.00,0,False,"[{'fixture': 67, 'stats': [{'identifier': 'minutes', 'points': 0, 'value': 0, 'points_modification': 0}]}]",False
352,7,2025-26,23,0,0,0,0,0,0,0,0,0,0,0,4,2.2,6.8,2.0,1.1,0,2,0,2,0,0.00,0.08,0.08,0.03,1,False,"[{'fixture': 67, 'stats': [{'identifier': 'minutes', 'points': 1, 'value': 23, 'points_modification': 0}]}]",False
353,7,2025-26,0,0,0,0,0,0,0,0,0,0,0,0,0,0.0,0.0,0.0,0.0,0,0,0,0,0,0.00,0.00,0.00,0.00,0,False,"[{'fixture': 67, 'stats': [{'identifier': 'minutes', 'points': 0, 'value': 0, 'points_modification': 0}]}]",False
354,7,2025-26,90,0,0,0,2,0,0,0,1,0,0,0,16,20.0,23.1,2.0,4.5,6,5,2,13,1,0.00,0.06,0.06,0.53,3,False,"[{'fixture': 67, 'stats': [{'identifier': 'minutes', 'points': 2, 'value': 90, 'points_modification': 0}, {'identifier': 'yellow_cards', 'points': -1, 'value': 1, 'points_modification': 0}, {'identifier': 'defensive_contribution', 'points': 2, 'value': 13, 'points_modification': 0}]}]",False
355,7,2025-26,0,0,0,0,0,0,0,0,0,0,0,0,0,0.0,0.0,0.0,0.0,0,0,0,0,0,0.00,0.00,0.00,0.00,0,False,"[{'fixture': 67, 'stats': [{'identifier': 'minutes', 'points': 0, 'value': 0, 'points_modification': 0}]}]",False
356,7,2025-26,0,0,0,0,0,0,0,0,0,0,0,0,0,0.0,0.0,0.0,0.0,0,0,0,0,0,0.00,0.00,0.00,0.00,0,False,"[{'fixture': 67, 'stats': [{'identifier': 'minutes', 'points': 0, 'value': 0, 'points_modification': 0}]}]",False
357,7,2025-26,0,0,0,0,0,0,0,0,0,0,0,0,0,0.0,0.0,0.0,0.0,0,0,0,0,0,0.00,0.00,0.00,0.00,0,False,"[{'fixture': 67, 'stats': [{'identifier': 'minutes', 'points': 0, 'value': 0, 'points_modification': 0}]}]",False
358,7,2025-26,23,0,0,0,0,0,0,0,0,0,0,0,10,4.6,13.5,0.0,1.8,0,2,0,2,0,0.00,0.02,0.02,0.03,1,False,"[{'fixture': 67, 'stats': [{'identifier': 'minutes', 'points': 1, 'value': 23, 'points_modification': 0}]}]",False
359,7,2025-26,0,0,0,0,0,0,0,0,0,0,0,0,0,0.0,0.0,0.0,0.0,0,0,0,0,0,0.00,0.00,0.00,0.00,0,False,"[{'fixture': 67, 'stats': [{'identifier': 'minutes', 'points': 0, 'value': 0, 'points_modification': 0}]}]",False
360,7,2025-26,0,0,0,0,0,0,0,0,0,0,0,0,0,0.0,0.0,0.0,0.0,0,0,0,0,0,0.00,0.00,0.00,0.00,0,False,"[{'fixture': 67, 'stats': [{'identifier': 'minutes', 'points': 0, 'value': 0, 'points_modification': 0}]}]",False
361,7,2025-26,0,0,0,0,0,0,0,0,0,0,0,0,0,0.0,0.0,0.0,0.0,0,0,0,0,0,0.00,0.00,0.00,0.00,0,False,"[{'fixture': 67, 'stats': [{'identifier': 'minutes', 'points': 0, 'value': 0, 'points_modification': 0}]}]",False
362,7,2025-26,11,0,0,0,0,0,0,0,0,0,0,0,4,3.0,3.8,19.0,2.6,0,1,0,1,0,0.05,0.01,0.06,0.03,1,False,"[{'fixture': 67, 'stats': [{'identifier': 'minutes', 'points': 1, 'value': 11, 'points_modification': 0}]}]",False
363,7,2025-26,0,0,0,0,0,0,0,0,0,0,0,0,0,0.0,0.0,0.0,0.0,0,0,0,0,0,0.00,0.00,0.00,0.00,0,False,"[{'fixture': 67, 'stats': [{'identifier': 'minutes', 'points': 0, 'value': 0, 'points_modification': 0}]}]",False
364,7,2025-26,0,0,0,0,0,0,0,0,0,0,0,0,0,0.0,0.0,0.0,0.0,0,0,0,0,0,0.00,0.00,0.00,0.00,0,False,"[{'fixture': 67, 'stats': [{'identifier': 'minutes', 'points': 0, 'value': 0, 'points_modification': 0}]}]",False
365,7,2025-26,11,0,0,0,0,0,0,0,0,0,0,0,2,0.0,1.1,2.0,0.3,0,0,0,0,0,0.00,0.00,0.00,0.03,1,False,"[{'fixture': 67, 'stats': [{'identifier': 'minutes', 'points': 1, 'value': 11, 'points_modification': 0}]}]",False
366,7,2025-26,0,0,0,0,0,0,0,0,0,0,0,0,0,0.0,0.0,0.0,0.0,0,0,0,0,0,0.00,0.00,0.00,0.00,0,False,"[{'fixture': 65, 'stats': [{'identifier': 'minutes', 'points': 0, 'value': 0, 'points_modification': 0}]}]",False
367,7,2025-26,90,0,0,0,2,0,0,0,0,0,4,0,16,31.2,0.0,0.0,3.1,3,13,0,0,1,0.00,0.00,0.00,1.00,2,False,"[{'fixture': 65, 'stats': [{'identifier': 'minutes', 'points': 2, 'value': 90, 'points_modification': 0}, {'identifier': 'goals_conceded', 'points': -1, 'value': 2, 'points_modification': 0}, {'identifier': 'saves', 'points': 1, 'value': 4, 'points_modification': 0}]}]",False
368,7,2025-26,0,0,0,0,0,0,0,0,0,0,0,0,0,0.0,0.0,0.0,0.0,0,0,0,0,0,0.00,0.00,0.00,0.00,0,False,"[{'fixture': 65, 'stats': [{'identifier': 'minutes', 'points': 0, 'value': 0, 'points_modification': 0}]}]",False
369,7,2025-26,0,0,0,0,0,0,0,0,0,0,0,0,0,0.0,0.0,0.0,0.0,0,0,0,0,0,0.00,0.00,0.00,0.00,0,False,"[{'fixture': 65, 'stats': [{'identifier': 'minutes', 'points': 0, 'value': 0, 'points_modification': 0}]}]",False
370,7,2025-26,0,0,0,0,0,0,0,0,0,0,0,0,0,0.0,0.0,0.0,0.0,0,0,0,0,0,0.00,0.00,0.00,0.00,0,False,"[{'fixture': 65, 'stats': [{'identifier': 'minutes', 'points': 0, 'value': 0, 'points_modification': 0}]}]",False
371,7,2025-26,54,0,0,0,1,0,0,0,0,0,0,0,4,7.6,5.7,2.0,1.5,4,4,1,5,1,0.00,0.01,0.01,0.14,1,False,"[{'fixture': 65, 'stats': [{'identifier': 'minutes', 'points': 1, 'value': 54, 'points_modification': 0}]}]",False
372,7,2025-26,35,0,0,0,1,0,0,0,0,0,0,0,4,13.8,10.6,13.0,3.7,5,1,1,6,0,0.03,0.01,0.04,0.86,1,False,"[{'fixture': 65, 'stats': [{'identifier': 'minutes', 'points': 1, 'value': 35, 'points_modification': 0}]}]",False
373,7,2025-26,90,0,0,0,2,0,0,0,0,0,0,0,8,19.0,0.9,0.0,2.0,7,3,0,7,1,0.00,0.00,0.00,1.00,1,False,"[{'fixture': 65, 'stats': [{'identifier': 'minutes', 'points': 2, 'value': 90, 'points_modification': 0}, {'identifier': 'goals_conceded', 'points': -1, 'value': 2, 'points_modification': 0}]}]",False
374,7,2025-26,55,0,0,0,1,0,0,0,0,0,0,0,10,8.0,0.5,0.0,0.9,2,0,2,4,1,0.00,0.00,0.00,0.14,1,False,"[{'fixture': 65, 'stats': [{'identifier': 'minutes', 'points': 1, 'value': 55, 'points_modification': 0}]}]",False
375,7,2025-26,45,0,0,0,1,0,0,0,1,0,0,0,-7,0.0,4.3,0.0,0.4,2,3,0,2,1,0.00,0.00,0.00,0.11,0,False,"[{'fixture': 65, 'stats': [{'identifier': 'minutes', 'points': 1, 'value': 45, 'points_modification': 0}, {'identifier': 'yellow_cards', 'points': -1, 'value': 1, 'points_modification': 0}]}]",False
376,7,2025-26,0,0,0,0,0,0,0,0,0,0,0,0,0,0.0,0.0,0.0,0.0,0,0,0,0,0,0.00,0.00,0.00,0.00,0,False,"[{'fixture': 65, 'stats': [{'identifier': 'minutes', 'points': 0, 'value': 0, 'points_modification': 0}]}]",False
377,7,2025-26,0,0,0,0,0,0,0,0,0,0,0,0,0,0.0,0.0,0.0,0.0,0,0,0,0,0,0.00,0.00,0.00,0.00,0,False,"[{'fixture': 65, 'stats': [{'identifier': 'minutes', 'points': 0, 'value': 0, 'points_modification': 0}]}]",False
378,7,2025-26,0,0,0,0,0,0,0,0,0,0,0,0,0,0.0,0.0,0.0,0.0,0,0,0,0,0,0.00,0.00,0.00,0.00,0,False,"[{'fixture': 65, 'stats': [{'identifier': 'minutes', 'points': 0, 'value': 0, 'points_modification': 0}]}]",False
379,7,2025-26,0,0,0,0,0,0,0,0,0,0,0,0,0,0.0,0.0,0.0,0.0,0,0,0,0,0,0.00,0.00,0.00,0.00,0,False,"[{'fixture': 65, 'stats': [{'identifier': 'minutes', 'points': 0, 'value': 0, 'points_modification': 0}]}]",False
380,7,2025-26,0,0,0,0,0,0,0,0,0,0,0,0,0,0.0,0.0,0.0,0.0,0,0,0,0,0,0.00,0.00,0.00,0.00,0,False,"[{'fixture': 65, 'stats': [{'identifier': 'minutes', 'points': 0, 'value': 0, 'points_modification': 0}]}]",False
381,7,2025-26,90,0,0,0,2,0,0,0,0,0,0,0,4,5.6,51.8,10.0,6.7,0,4,0,4,1,0.26,0.27,0.53,1.00,2,False,"[{'fixture': 65, 'stats': [{'identifier': 'minutes', 'points': 2, 'value': 90, 'points_modification': 0}]}]",False
382,7,2025-26,45,0,0,0,1,0,0,0,0,0,0,0,7,8.2,12.3,4.0,2.5,1,2,2,5,0,0.00,0.10,0.10,0.89,1,False,"[{'fixture': 65, 'stats': [{'identifier': 'minutes', 'points': 1, 'value': 45, 'points_modification': 0}]}]",False
383,7,2025-26,0,0,0,0,0,0,0,0,0,0,0,0,0,0.0,0.0,0.0,0.0,0,0,0,0,0,0.00,0.00,0.00,0.00,0,False,"[{'fixture': 65, 'stats': [{'identifier': 'minutes', 'points': 0, 'value': 0, 'points_modification': 0}]}]",False
384,7,2025-26,90,1,0,0,2,0,0,0,0,0,0,0,32,43.2,38.4,47.0,12.9,2,8,0,10,1,0.55,0.38,0.93,1.00,7,False,"[{'fixture': 65, 'stats': [{'identifier': 'minutes', 'points': 2, 'value': 90, 'points_modification': 0}, {'identifier': 'goals_scored', 'points': 5, 'value': 1, 'points_modification': 0}]}]",False
385,7,2025-26,0,0,0,0,0,0,0,0,0,0,0,0,0,0.0,0.0,0.0,0.0,0,0,0,0,0,0.00,0.00,0.00,0.00,0,False,"[{'fixture': 65, 'stats': [{'identifier': 'minutes', 'points': 0, 'value': 0, 'points_modification': 0}]}]",False
386,7,2025-26,85,0,0,0,1,0,0,0,0,0,0,0,14,9.8,13.9,2.0,2.6,2,4,2,8,1,0.03,0.02,0.05,0.27,2,False,"[{'fixture': 65, 'stats': [{'identifier': 'minutes', 'points': 2, 'value': 85, 'points_modification': 0}]}]",False
387,7,2025-26,90,0,0,0,2,0,0,0,1,0,0,0,8,12.0,6.8,10.0,2.9,3,3,4,10,1,0.56,0.03,0.59,1.00,1,False,"[{'fixture': 65, 'stats': [{'identifier': 'minutes', 'points': 2, 'value': 90, 'points_modification': 0}, {'identifier': 'yellow_cards', 'points': -1, 'value': 1, 'points_modification': 0}]}]",False
388,7,2025-26,34,0,0,0,1,0,0,0,0,0,0,0,2,1.8,1.2,4.0,0.7,1,1,0,2,0,0.17,0.01,0.18,0.86,1,False,"[{'fixture': 65, 'stats': [{'identifier': 'minutes', 'points': 1, 'value': 34, 'points_modification': 0}]}]",False
389,7,2025-26,0,0,0,0,0,0,0,0,0,0,0,0,0,0.0,0.0,0.0,0.0,0,0,0,0,0,0.00,0.00,0.00,0.00,0,False,"[{'fixture': 62, 'stats': [{'identifier': 'minutes', 'points': 0, 'value': 0, 'points_modification': 0}]}]",False
390,7,2025-26,90,0,0,0,2,0,0,0,0,0,0,0,16,12.8,1.3,7.0,2.1,3,4,1,8,1,0.03,0.01,0.04,1.00,2,False,"[{'fixture': 65, 'stats': [{'identifier': 'minutes', 'points': 2, 'value': 90, 'points_modification': 0}]}]",False
391,7,2025-26,12,0,1,0,0,0,0,0,0,0,0,0,16,19.0,11.0,4.0,3.4,0,0,1,1,0,0.00,0.06,0.06,0.28,4,False,"[{'fixture': 63, 'stats': [{'identifier': 'minutes', 'points': 1, 'value': 12, 'points_modification': 0}, {'identifier': 'assists', 'points': 3, 'value': 1, 'points_modification': 0}]}]",False
392,7,2025-26,4,0,0,0,1,0,0,0,0,0,0,0,4,4.2,0.2,0.0,0.4,1,0,1,2,0,0.00,0.00,0.00,0.73,1,False,"[{'fixture': 65, 'stats': [{'identifier': 'minutes', 'points': 1, 'value': 4, 'points_modification': 0}]}]",False
393,7,2025-26,0,0,0,0,0,0,0,0,0,0,0,0,0,0.0,0.0,0.0,0.0,0,0,0,0,0,0.00,0.00,0.00,0.00,0,False,"[{'fixture': 65, 'stats': [{'identifier': 'minutes', 'points': 0, 'value': 0, 'points_modification': 0}]}]",False
394,7,2025-26,0,0,0,0,0,0,0,0,0,0,0,0,0,0.0,0.0,0.0,0.0,0,0,0,0,0,0.00,0.00,0.00,0.00,0,False,"[{'fixture': 65, 'stats': [{'identifier': 'minutes', 'points': 0, 'value': 0, 'points_modification': 0}]}]",False
395,7,2025-26,0,0,0,0,0,0,0,0,0,0,0,0,0,0.0,0.0,0.0,0.0,0,0,0,0,0,0.00,0.00,0.00,0.00,0,False,"[{'fixture': 65, 'stats': [{'identifier': 'minutes', 'points': 0, 'value': 0, 'points_modification': 0}]}]",False
396,7,2025-26,0,0,0,0,0,0,0,0,0,0,0,0,0,0.0,0.0,0.0,0.0,0,0,0,0,0,0.00,0.00,0.00,0.00,0,False,"[{'fixture': 65, 'stats': [{'identifier': 'minutes', 'points': 0, 'value': 0, 'points_modification': 0}]}]",False
397,7,2025-26,0,0,0,0,0,0,0,0,0,0,0,0,0,0.0,0.0,0.0,0.0,0,0,0,0,0,0.00,0.00,0.00,0.00,0,False,"[{'fixture': 65, 'stats': [{'identifier': 'minutes', 'points': 0, 'value': 0, 'points_modification': 0}]}]",False
398,7,2025-26,0,0,0,0,0,0,0,0,0,0,0,0,0,0.0,0.0,0.0,0.0,0,0,0,0,0,0.00,0.00,0.00,0.00,0,False,"[{'fixture': 65, 'stats': [{'identifier': 'minutes', 'points': 0, 'value': 0, 'points_modification': 0}]}]",False
399,7,2025-26,0,0,0,0,0,0,0,0,0,0,0,0,0,0.0,0.0,0.0,0.0,0,0,0,0,0,0.00,0.00,0.00,0.00,0,False,"[{'fixture': 64, 'stats': [{'identifier': 'minutes', 'points': 0, 'value': 0, 'points_modification': 0}]}]",False
400,7,2025-26,0,0,0,0,0,0,0,0,0,0,0,0,0,0.0,0.0,0.0,0.0,0,0,0,0,0,0.00,0.00,0.00,0.00,0,False,"[{'fixture': 64, 'stats': [{'identifier': 'minutes', 'points': 0, 'value': 0, 'points_modification': 0}]}]",False
401,7,2025-26,0,0,0,0,0,0,0,0,0,0,0,0,0,0.0,0.0,0.0,0.0,0,0,0,0,0,0.00,0.00,0.00,0.00,0,False,"[{'fixture': 64, 'stats': [{'identifier': 'minutes', 'points': 0, 'value': 0, 'points_modification': 0}]}]",False
402,7,2025-26,0,0,0,0,0,0,0,0,0,0,0,0,0,0.0,0.0,0.0,0.0,0,0,0,0,0,0.00,0.00,0.00,0.00,0,False,"[{'fixture': 64, 'stats': [{'identifier': 'minutes', 'points': 0, 'value': 0, 'points_modification': 0}]}]",False
403,7,2025-26,90,0,1,1,0,0,0,0,0,0,0,3,41,41.4,14.3,17.0,7.3,6,1,1,7,1,0.06,0.04,0.10,0.83,12,True,"[{'fixture': 64, 'stats': [{'identifier': 'minutes', 'points': 2, 'value': 90, 'points_modification': 0}, {'identifier': 'assists', 'points': 3, 'value': 1, 'points_modification': 0}, {'identifier': 'clean_sheets', 'points': 4, 'value': 1, 'points_modification': 0}, {'identifier': 'bonus', 'points': 3, 'value': 3, 'points_modification': 0}]}]",False
404,7,2025-26,0,0,0,0,0,0,0,0,0,0,0,0,0,0.0,0.0,0.0,0.0,0,0,0,0,0,0.00,0.00,0.00,0.00,0,False,"[{'fixture': 64, 'stats': [{'identifier': 'minutes', 'points': 0, 'value': 0, 'points_modification': 0}]}]",False
405,7,2025-26,0,0,0,0,0,0,0,0,0,0,0,0,0,0.0,0.0,0.0,0.0,0,0,0,0,0,0.00,0.00,0.00,0.00,0,False,"[{'fixture': 64, 'stats': [{'identifier': 'minutes', 'points': 0, 'value': 0, 'points_modification': 0}]}]",False
406,7,2025-26,0,0,0,0,0,0,0,0,0,0,0,0,0,0.0,0.0,0.0,0.0,0,0,0,0,0,0.00,0.00,0.00,0.00,0,False,"[{'fixture': 64, 'stats': [{'identifier': 'minutes', 'points': 0, 'value': 0, 'points_modification': 0}]}]",False
407,7,2025-26,90,0,0,1,0,0,0,0,1,0,0,0,26,15.8,8.3,0.0,2.4,3,4,1,4,1,0.00,0.03,0.03,0.83,5,False,"[{'fixture': 64, 'stats': [{'identifier': 'minutes', 'points': 2, 'value': 90, 'points_modification': 0}, {'identifier': 'clean_sheets', 'points': 4, 'value': 1, 'points_modification': 0}, {'identifier': 'yellow_cards', 'points': -1, 'value': 1, 'points_modification': 0}]}]",False
408,7,2025-26,90,0,0,1,0,0,0,0,0,0,0,1,32,27.2,7.2,0.0,3.4,10,4,1,11,1,0.00,0.03,0.03,0.83,9,False,"[{'fixture': 64, 'stats': [{'identifier': 'minutes', 'points': 2, 'value': 90, 'points_modification': 0}, {'identifier': 'clean_sheets', 'points': 4, 'value': 1, 'points_modification': 0}, {'identifier': 'bonus', 'points': 1, 'value': 1, 'points_modification': 0}, {'identifier': 'defensive_contribution', 'points': 2, 'value': 11, 'points_modification': 0}]}]",False
409,7,2025-26,0,0,0,0,0,0,0,0,0,0,0,0,0,0.0,0.0,0.0,0.0,0,0,0,0,0,0.00,0.00,0.00,0.00,0,False,"[{'fixture': 64, 'stats': [{'identifier': 'minutes', 'points': 0, 'value': 0, 'points_modification': 0}]}]",False
410,7,2025-26,0,0,0,0,0,0,0,0,0,0,0,0,0,0.0,0.0,0.0,0.0,0,0,0,0,0,0.00,0.00,0.00,0.00,0,False,"[{'fixture': 64, 'stats': [{'identifier': 'minutes', 'points': 0, 'value': 0, 'points_modification': 0}]}]",False
411,7,2025-26,90,0,0,1,0,0,0,0,1,0,0,0,31,21.6,32.4,4.0,5.8,1,7,4,5,1,0.00,0.05,0.05,0.83,5,False,"[{'fixture': 64, 'stats': [{'identifier': 'minutes', 'points': 2, 'value': 90, 'points_modification': 0}, {'identifier': 'clean_sheets', 'points': 4, 'value': 1, 'points_modification': 0}, {'identifier': 'yellow_cards', 'points': -1, 'value': 1, 'points_modification': 0}]}]",False
412,7,2025-26,0,0,0,0,0,0,0,0,0,0,0,0,0,0.0,0.0,0.0,0.0,0,0,0,0,0,0.00,0.00,0.00,0.00,0,False,"[{'fixture': 64, 'stats': [{'identifier': 'minutes', 'points': 0, 'value': 0, 'points_modification': 0}]}]",False
413,7,2025-26,0,0,0,0,0,0,0,0,0,0,0,0,0,0.0,0.0,0.0,0.0,0,0,0,0,0,0.00,0.00,0.00,0.00,0,False,"[{'fixture': 64, 'stats': [{'identifier': 'minutes', 'points': 0, 'value': 0, 'points_modification': 0}]}]",False
414,7,2025-26,90,0,0,1,0,0,0,0,0,0,0,0,18,12.2,38.1,20.0,7.0,1,4,2,7,1,0.28,0.21,0.49,0.83,3,False,"[{'fixture': 64, 'stats': [{'identifier': 'minutes', 'points': 2, 'value': 90, 'points_modification': 0}, {'identifier': 'clean_sheets', 'points': 1, 'value': 1, 'points_modification': 0}]}]",False
415,7,2025-26,90,0,0,1,0,0,0,0,0,0,0,0,11,1.2,9.0,2.0,1.2,0,7,0,7,1,0.00,0.04,0.04,0.83,3,False,"[{'fixture': 64, 'stats': [{'identifier': 'minutes', 'points': 2, 'value': 90, 'points_modification': 0}, {'identifier': 'clean_sheets', 'points': 1, 'value': 1, 'points_modification': 0}]}]",False
416,7,2025-26,14,0,0,0,0,0,0,0,0,0,0,0,4,1.8,2.0,0.0,0.4,2,2,0,4,0,0.00,0.01,0.01,0.12,1,False,"[{'fixture': 64, 'stats': [{'identifier': 'minutes', 'points': 1, 'value': 14, 'points_modification': 0}]}]",False
417,7,2025-26,0,0,0,0,0,0,0,0,0,0,0,0,0,0.0,0.0,0.0,0.0,0,0,0,0,0,0.00,0.00,0.00,0.00,0,False,"[{'fixture': 64, 'stats': [{'identifier': 'minutes', 'points': 0, 'value': 0, 'points_modification': 0}]}]",False
418,7,2025-26,14,0,0,0,0,0,0,0,0,0,0,0,-1,0.0,0.2,0.0,0.0,0,1,0,1,0,0.00,0.00,0.00,0.12,1,False,"[{'fixture': 64, 'stats': [{'identifier': 'minutes', 'points': 1, 'value': 14, 'points_modification': 0}]}]",False
419,7,2025-26,90,1,0,0,1,0,0,0,0,0,0,3,39,45.2,4.3,67.0,11.7,1,6,1,8,1,0.44,0.05,0.49,1.65,10,False,"[{'fixture': 66, 'stats': [{'identifier': 'minutes', 'points': 2, 'value': 90, 'points_modification': 0}, {'identifier': 'goals_scored', 'points': 5, 'value': 1, 'points_modification': 0}, {'identifier': 'bonus', 'points': 3, 'value': 3, 'points_modification': 0}]}]",False
420,7,2025-26,0,0,0,0,0,0,0,0,0,0,0,0,0,0.0,0.0,0.0,0.0,0,0,0,0,0,0.00,0.00,0.00,0.00,0,False,"[{'fixture': 64, 'stats': [{'identifier': 'minutes', 'points': 0, 'value': 0, 'points_modification': 0}]}]",False
421,7,2025-26,21,0,0,0,0,0,0,0,0,0,0,0,4,2.6,12.6,0.0,1.5,0,2,0,2,1,0.00,0.01,0.01,0.00,1,False,"[{'fixture': 64, 'stats': [{'identifier': 'minutes', 'points': 1, 'value': 21, 'points_modification': 0}]}]",False
422,7,2025-26,0,0,0,0,0,0,0,0,0,0,0,0,0,0.0,0.0,0.0,0.0,0,0,0,0,0,0.00,0.00,0.00,0.00,0,False,"[{'fixture': 64, 'stats': [{'identifier': 'minutes', 'points': 0, 'value': 0, 'points_modification': 0}]}]",False
423,7,2025-26,68,0,0,1,0,0,0,0,0,0,0,0,19,13.6,4.7,0.0,1.8,4,2,4,10,0,0.00,0.02,0.02,0.83,3,False,"[{'fixture': 64, 'stats': [{'identifier': 'minutes', 'points': 2, 'value': 68, 'points_modification': 0}, {'identifier': 'clean_sheets', 'points': 1, 'value': 1, 'points_modification': 0}]}]",False
424,7,2025-26,75,0,0,1,0,0,0,0,0,0,0,0,20,11.8,40.5,19.0,7.1,0,3,1,4,1,0.03,0.20,0.23,0.71,3,False,"[{'fixture': 64, 'stats': [{'identifier': 'minutes', 'points': 2, 'value': 75, 'points_modification': 0}, {'identifier': 'clean_sheets', 'points': 1, 'value': 1, 'points_modification': 0}]}]",False
425,7,2025-26,0,0,0,0,0,0,0,0,0,0,0,0,0,0.0,0.0,0.0,0.0,0,0,0,0,0,0.00,0.00,0.00,0.00,0,False,"[{'fixture': 64, 'stats': [{'identifier': 'minutes', 'points': 0, 'value': 0, 'points_modification': 0}]}]",False
426,7,2025-26,0,0,0,0,0,0,0,0,0,0,0,0,0,0.0,0.0,0.0,0.0,0,0,0,0,0,0.00,0.00,0.00,0.00,0,False,"[{'fixture': 69, 'stats': [{'identifier': 'minutes', 'points': 0, 'value': 0, 'points_modification': 0}]}]",False
427,7,2025-26,75,0,0,1,0,0,0,0,0,0,0,0,14,10.8,18.3,26.0,5.5,1,2,0,3,1,0.18,0.06,0.24,0.71,3,False,"[{'fixture': 64, 'stats': [{'identifier': 'minutes', 'points': 2, 'value': 75, 'points_modification': 0}, {'identifier': 'clean_sheets', 'points': 1, 'value': 1, 'points_modification': 0}]}]",False
428,7,2025-26,0,0,0,0,0,0,0,0,0,0,0,0,0,0.0,0.0,0.0,0.0,0,0,0,0,0,0.00,0.00,0.00,0.00,0,False,"[{'fixture': 64, 'stats': [{'identifier': 'minutes', 'points': 0, 'value': 0, 'points_modification': 0}]}]",False
429,7,2025-26,0,0,0,0,0,0,0,0,0,0,0,0,0,0.0,0.0,0.0,0.0,0,0,0,0,0,0.00,0.00,0.00,0.00,0,False,"[{'fixture': 64, 'stats': [{'identifier': 'minutes', 'points': 0, 'value': 0, 'points_modification': 0}]}]",False
430,7,2025-26,90,1,0,1,0,0,0,0,0,0,0,2,36,35.4,3.4,23.0,6.2,2,0,0,2,1,0.29,0.01,0.30,0.83,8,False,"[{'fixture': 64, 'stats': [{'identifier': 'minutes', 'points': 2, 'value': 90, 'points_modification': 0}, {'identifier': 'goals_scored', 'points': 4, 'value': 1, 'points_modification': 0}, {'identifier': 'bonus', 'points': 2, 'value': 2, 'points_modification': 0}]}]",False
431,7,2025-26,0,0,0,0,0,0,0,0,0,0,0,0,0,0.0,0.0,0.0,0.0,0,0,0,0,0,0.00,0.00,0.00,0.00,0,False,"[{'fixture': 68, 'stats': [{'identifier': 'minutes', 'points': 0, 'value': 0, 'points_modification': 0}]}]",False
432,7,2025-26,0,0,0,0,0,0,0,0,0,0,0,0,0,0.0,0.0,0.0,0.0,0,0,0,0,0,0.00,0.00,0.00,0.00,0,False,"[{'fixture': 68, 'stats': [{'identifier': 'minutes', 'points': 0, 'value': 0, 'points_modification': 0}]}]",False
433,7,2025-26,0,0,0,0,0,0,0,0,0,0,0,0,0,0.0,0.0,0.0,0.0,0,0,0,0,0,0.00,0.00,0.00,0.00,0,False,"[{'fixture': 68, 'stats': [{'identifier': 'minutes', 'points': 0, 'value': 0, 'points_modification': 0}]}]",False
434,7,2025-26,0,0,0,0,0,0,0,0,0,0,0,0,0,0.0,0.0,0.0,0.0,0,0,0,0,0,0.00,0.00,0.00,0.00,0,False,"[{'fixture': 68, 'stats': [{'identifier': 'minutes', 'points': 0, 'value': 0, 'points_modification': 0}]}]",False
435,7,2025-26,0,0,0,0,0,0,0,0,0,0,0,0,0,0.0,0.0,0.0,0.0,0,0,0,0,0,0.00,0.00,0.00,0.00,0,False,"[{'fixture': 68, 'stats': [{'identifier': 'minutes', 'points': 0, 'value': 0, 'points_modification': 0}]}]",False
436,7,2025-26,90,0,0,1,0,0,0,0,0,0,0,2,29,14.4,0.5,2.0,1.7,7,1,2,9,1,0.00,0.00,0.00,0.71,8,False,"[{'fixture': 68, 'stats': [{'identifier': 'minutes', 'points': 2, 'value': 90, 'points_modification': 0}, {'identifier': 'clean_sheets', 'points': 4, 'value': 1, 'points_modification': 0}, {'identifier': 'bonus', 'points': 2, 'value': 2, 'points_modification': 0}]}]",False
437,7,2025-26,0,0,0,0,0,0,0,0,0,0,0,0,0,0.0,0.0,0.0,0.0,0,0,0,0,0,0.00,0.00,0.00,0.00,0,False,"[{'fixture': 68, 'stats': [{'identifier': 'minutes', 'points': 0, 'value': 0, 'points_modification': 0}]}]",False
438,7,2025-26,0,0,0,0,0,0,0,0,0,0,0,0,0,0.0,0.0,0.0,0.0,0,0,0,0,0,0.00,0.00,0.00,0.00,0,False,"[{'fixture': 68, 'stats': [{'identifier': 'minutes', 'points': 0, 'value': 0, 'points_modification': 0}]}]",False
439,7,2025-26,0,0,0,0,0,0,0,0,0,0,0,0,0,0.0,0.0,0.0,0.0,0,0,0,0,0,0.00,0.00,0.00,0.00,0,False,"[{'fixture': 68, 'stats': [{'identifier': 'minutes', 'points': 0, 'value': 0, 'points_modification': 0}]}]",False
440,7,2025-26,63,0,1,1,0,0,0,0,0,0,0,0,27,4.2,6.4,8.0,1.9,3,2,1,4,1,0.05,0.03,0.08,0.37,9,False,"[{'fixture': 68, 'stats': [{'identifier': 'minutes', 'points': 2, 'value': 63, 'points_modification': 0}, {'identifier': 'assists', 'points': 3, 'value': 1, 'points_modification': 0}, {'identifier': 'clean_sheets', 'points': 4, 'value': 1, 'points_modification': 0}]}]",False
441,7,2025-26,26,0,0,0,0,0,0,0,0,0,0,0,6,4.4,10.1,2.0,1.7,1,1,1,2,0,0.00,0.00,0.00,0.34,1,False,"[{'fixture': 68, 'stats': [{'identifier': 'minutes', 'points': 1, 'value': 26, 'points_modification': 0}]}]",False
442,7,2025-26,5,0,0,0,0,0,0,0,0,0,0,0,3,0.2,0.0,0.0,0.0,0,0,0,0,0,0.00,0.00,0.00,0.21,1,False,"[{'fixture': 68, 'stats': [{'identifier': 'minutes', 'points': 1, 'value': 5, 'points_modification': 0}]}]",False
443,7,2025-26,90,0,0,1,0,0,0,0,0,0,0,0,23,8.6,1.1,0.0,1.0,3,4,2,5,1,0.00,0.01,0.01,0.71,6,False,"[{'fixture': 68, 'stats': [{'identifier': 'minutes', 'points': 2, 'value': 90, 'points_modification': 0}, {'identifier': 'clean_sheets', 'points': 4, 'value': 1, 'points_modification': 0}]}]",False
444,7,2025-26,84,0,0,1,0,0,0,0,0,0,0,0,26,12.4,0.3,9.0,2.2,5,3,2,7,1,0.02,0.00,0.02,0.50,6,False,"[{'fixture': 68, 'stats': [{'identifier': 'minutes', 'points': 2, 'value': 84, 'points_modification': 0}, {'identifier': 'clean_sheets', 'points': 4, 'value': 1, 'points_modification': 0}]}]",False
445,7,2025-26,0,0,0,0,0,0,0,0,0,0,0,0,0,0.0,0.0,0.0,0.0,0,0,0,0,0,0.00,0.00,0.00,0.00,0,False,"[{'fixture': 68, 'stats': [{'identifier': 'minutes', 'points': 0, 'value': 0, 'points_modification': 0}]}]",False
446,7,2025-26,0,0,0,0,0,0,0,0,0,0,0,0,0,0.0,0.0,0.0,0.0,0,0,0,0,0,0.00,0.00,0.00,0.00,0,False,"[{'fixture': 68, 'stats': [{'identifier': 'minutes', 'points': 0, 'value': 0, 'points_modification': 0}]}]",False
447,7,2025-26,0,0,0,0,0,0,0,0,0,0,0,0,0,0.0,0.0,0.0,0.0,0,0,0,0,0,0.00,0.00,0.00,0.00,0,False,"[{'fixture': 68, 'stats': [{'identifier': 'minutes', 'points': 0, 'value': 0, 'points_modification': 0}]}]",False
448,7,2025-26,0,0,0,0,0,0,0,0,0,0,0,0,0,0.0,0.0,0.0,0.0,0,0,0,0,0,0.00,0.00,0.00,0.00,0,False,"[{'fixture': 68, 'stats': [{'identifier': 'minutes', 'points': 0, 'value': 0, 'points_modification': 0}]}]",False
449,7,2025-26,90,0,0,1,0,0,0,0,0,0,0,0,17,18.2,37.9,13.0,6.9,5,4,0,9,1,0.17,0.30,0.47,0.71,3,False,"[{'fixture': 68, 'stats': [{'identifier': 'minutes', 'points': 2, 'value': 90, 'points_modification': 0}, {'identifier': 'clean_sheets', 'points': 1, 'value': 1, 'points_modification': 0}]}]",False
450,7,2025-26,25,0,0,0,0,0,0,0,0,0,0,0,2,1.0,1.3,30.0,3.2,1,3,0,4,0,0.39,0.00,0.39,0.34,1,False,"[{'fixture': 68, 'stats': [{'identifier': 'minutes', 'points': 1, 'value': 25, 'points_modification': 0}]}]",False
451,7,2025-26,0,0,0,0,0,0,0,0,0,0,0,0,0,0.0,0.0,0.0,0.0,0,0,0,0,0,0.00,0.00,0.00,0.00,0,False,"[{'fixture': 68, 'stats': [{'identifier': 'minutes', 'points': 0, 'value': 0, 'points_modification': 0}]}]",False
452,7,2025-26,90,0,0,1,0,0,0,0,0,0,0,0,21,18.4,34.5,30.0,8.3,2,6,2,10,1,0.64,0.10,0.74,0.71,3,False,"[{'fixture': 68, 'stats': [{'identifier': 'minutes', 'points': 2, 'value': 90, 'points_modification': 0}, {'identifier': 'clean_sheets', 'points': 1, 'value': 1, 'points_modification': 0}]}]",False
453,7,2025-26,74,0,0,0,1,0,0,0,0,0,0,0,8,1.8,5.0,9.0,1.6,0,1,1,2,1,0.05,0.04,0.09,1.54,2,False,"[{'fixture': 65, 'stats': [{'identifier': 'minutes', 'points': 2, 'value': 74, 'points_modification': 0}]}]",False
454,7,2025-26,0,0,0,0,0,0,0,0,0,0,0,0,0,0.0,0.0,0.0,0.0,0,0,0,0,0,0.00,0.00,0.00,0.00,0,False,"[{'fixture': 68, 'stats': [{'identifier': 'minutes', 'points': 0, 'value': 0, 'points_modification': 0}]}]",False
455,7,2025-26,64,1,0,1,0,0,0,0,0,0,0,2,29,36.8,13.7,23.0,7.4,1,3,0,4,1,0.16,0.06,0.22,0.37,10,False,"[{'fixture': 68, 'stats': [{'identifier': 'minutes', 'points': 2, 'value': 64, 'points_modification': 0}, {'identifier': 'goals_scored', 'points': 5, 'value': 1, 'points_modification': 0}, {'identifier': 'clean_sheets', 'points': 1, 'value': 1, 'points_modification': 0}, {'identifier': 'bonus', 'points': 2, 'value': 2, 'points_modification': 0}]}]",False
456,7,2025-26,0,0,0,0,0,0,0,0,0,0,0,0,0,0.0,0.0,0.0,0.0,0,0,0,0,0,0.00,0.00,0.00,0.00,0,False,"[{'fixture': 62, 'stats': [{'identifier': 'minutes', 'points': 0, 'value': 0, 'points_modification': 0}]}]",False
457,7,2025-26,84,0,0,1,0,0,0,0,1,0,0,0,11,15.0,3.7,3.0,2.2,3,8,3,14,1,0.07,0.02,0.09,0.50,4,False,"[{'fixture': 68, 'stats': [{'identifier': 'minutes', 'points': 2, 'value': 84, 'points_modification': 0}, {'identifier': 'clean_sheets', 'points': 1, 'value': 1, 'points_modification': 0}, {'identifier': 'yellow_cards', 'points': -1, 'value': 1, 'points_modification': 0}, {'identifier': 'defensive_contribution', 'points': 2, 'value': 14, 'points_modification': 0}]}]",False
458,7,2025-26,13,0,0,0,0,0,0,0,0,0,0,0,3,2.4,0.2,0.0,0.3,0,0,1,1,0,0.00,0.00,0.00,0.29,1,False,"[{'fixture': 68, 'stats': [{'identifier': 'minutes', 'points': 1, 'value': 13, 'points_modification': 0}]}]",False
459,7,2025-26,5,0,0,0,0,0,0,0,0,0,0,0,3,0.2,0.0,0.0,0.0,0,1,0,1,0,0.00,0.00,0.00,0.21,1,False,"[{'fixture': 68, 'stats': [{'identifier': 'minutes', 'points': 1, 'value': 5, 'points_modification': 0}]}]",False
460,7,2025-26,0,0,0,0,0,0,0,0,0,0,0,0,0,0.0,0.0,0.0,0.0,0,0,0,0,0,0.00,0.00,0.00,0.00,0,False,"[{'fixture': 68, 'stats': [{'identifier': 'minutes', 'points': 0, 'value': 0, 'points_modification': 0}]}]",False
461,7,2025-26,0,0,0,0,0,0,0,0,0,0,0,0,0,0.0,0.0,0.0,0.0,0,0,0,0,0,0.00,0.00,0.00,0.00,0,False,"[{'fixture': 68, 'stats': [{'identifier': 'minutes', 'points': 0, 'value': 0, 'points_modification': 0}]}]",False
462,7,2025-26,0,0,0,0,0,0,0,0,0,0,0,0,0,0.0,0.0,0.0,0.0,0,0,0,0,0,0.00,0.00,0.00,0.00,0,False,"[{'fixture': 68, 'stats': [{'identifier': 'minutes', 'points': 0, 'value': 0, 'points_modification': 0}]}]",False
463,7,2025-26,0,0,0,0,0,0,0,0,0,0,0,0,0,0.0,0.0,0.0,0.0,0,0,0,0,0,0.00,0.00,0.00,0.00,0,False,"[{'fixture': 68, 'stats': [{'identifier': 'minutes', 'points': 0, 'value': 0, 'points_modification': 0}]}]",False
464,7,2025-26,0,0,0,0,0,0,0,0,0,0,0,0,0,0.0,0.0,0.0,0.0,0,0,0,0,0,0.00,0.00,0.00,0.00,0,False,"[{'fixture': 68, 'stats': [{'identifier': 'minutes', 'points': 0, 'value': 0, 'points_modification': 0}]}]",False
465,7,2025-26,0,0,0,0,0,0,0,0,0,0,0,0,0,0.0,0.0,0.0,0.0,0,0,0,0,0,0.00,0.00,0.00,0.00,0,False,"[{'fixture': 68, 'stats': [{'identifier': 'minutes', 'points': 0, 'value': 0, 'points_modification': 0}]}]",False
466,7,2025-26,0,0,0,0,0,0,0,0,0,0,0,0,0,0.0,0.0,0.0,0.0,0,0,0,0,0,0.00,0.00,0.00,0.00,0,False,"[{'fixture': 68, 'stats': [{'identifier': 'minutes', 'points': 0, 'value': 0, 'points_modification': 0}]}]",False
467,7,2025-26,0,0,0,0,0,0,0,0,0,0,0,0,0,0.0,0.0,0.0,0.0,0,0,0,0,0,0.00,0.00,0.00,0.00,0,False,"[{'fixture': 68, 'stats': [{'identifier': 'minutes', 'points': 0, 'value': 0, 'points_modification': 0}]}]",False
468,7,2025-26,0,0,0,0,0,0,0,0,0,0,0,0,0,0.0,0.0,0.0,0.0,0,0,0,0,0,0.00,0.00,0.00,0.00,0,False,"[{'fixture': 68, 'stats': [{'identifier': 'minutes', 'points': 0, 'value': 0, 'points_modification': 0}]}]",False
469,7,2025-26,90,0,0,1,0,0,0,0,0,0,4,0,31,29.0,0.0,0.0,2.9,1,8,0,0,1,0.00,0.00,0.00,0.29,7,False,"[{'fixture': 69, 'stats': [{'identifier': 'minutes', 'points': 2, 'value': 90, 'points_modification': 0}, {'identifier': 'clean_sheets', 'points': 4, 'value': 1, 'points_modification': 0}, {'identifier': 'saves', 'points': 1, 'value': 4, 'points_modification': 0}]}]",False
470,7,2025-26,90,0,0,0,2,0,0,0,0,0,5,0,12,34.6,0.0,0.0,3.5,0,4,0,0,1,0.00,0.00,0.00,1.37,2,False,"[{'fixture': 62, 'stats': [{'identifier': 'minutes', 'points': 2, 'value': 90, 'points_modification': 0}, {'identifier': 'goals_conceded', 'points': -1, 'value': 2, 'points_modification': 0}, {'identifier': 'saves', 'points': 1, 'value': 5, 'points_modification': 0}]}]",False
471,7,2025-26,0,0,0,0,0,0,0,0,0,0,0,0,0,0.0,0.0,0.0,0.0,0,0,0,0,0,0.00,0.00,0.00,0.00,0,False,"[{'fixture': 69, 'stats': [{'identifier': 'minutes', 'points': 0, 'value': 0, 'points_modification': 0}]}]",False
472,7,2025-26,0,0,0,0,0,0,0,0,0,0,0,0,0,0.0,0.0,0.0,0.0,0,0,0,0,0,0.00,0.00,0.00,0.00,0,False,"[{'fixture': 69, 'stats': [{'identifier': 'minutes', 'points': 0, 'value': 0, 'points_modification': 0}]}]",False
473,7,2025-26,0,0,0,0,0,0,0,0,0,0,0,0,0,0.0,0.0,0.0,0.0,0,0,0,0,0,0.00,0.00,0.00,0.00,0,False,"[{'fixture': 69, 'stats': [{'identifier': 'minutes', 'points': 0, 'value': 0, 'points_modification': 0}]}]",False
474,7,2025-26,0,0,0,0,0,0,0,0,0,0,0,0,0,0.0,0.0,0.0,0.0,0,0,0,0,0,0.00,0.00,0.00,0.00,0,False,"[{'fixture': 69, 'stats': [{'identifier': 'minutes', 'points': 0, 'value': 0, 'points_modification': 0}]}]",False
475,7,2025-26,90,0,0,1,0,0,0,0,0,0,0,0,31,20.6,10.8,19.0,5.0,6,7,0,6,1,0.08,0.23,0.31,0.29,6,False,"[{'fixture': 69, 'stats': [{'identifier': 'minutes', 'points': 2, 'value': 90, 'points_modification': 0}, {'identifier': 'clean_sheets', 'points': 4, 'value': 1, 'points_modification': 0}]}]",False
476,7,2025-26,90,0,1,1,0,0,0,0,0,0,0,2,32,24.0,11.3,2.0,3.7,3,4,1,4,1,0.00,0.01,0.01,0.29,11,True,"[{'fixture': 69, 'stats': [{'identifier': 'minutes', 'points': 2, 'value': 90, 'points_modification': 0}, {'identifier': 'assists', 'points': 3, 'value': 1, 'points_modification': 0}, {'identifier': 'clean_sheets', 'points': 4, 'value': 1, 'points_modification': 0}, {'identifier': 'bonus', 'points': 2, 'value': 2, 'points_modification': 0}]}]",False
477,7,2025-26,0,0,0,0,0,0,0,0,0,0,0,0,0,0.0,0.0,0.0,0.0,0,0,0,0,0,0.00,0.00,0.00,0.00,0,False,"[{'fixture': 69, 'stats': [{'identifier': 'minutes', 'points': 0, 'value': 0, 'points_modification': 0}]}]",False
478,7,2025-26,90,0,0,1,0,0,0,0,0,0,0,0,23,18.6,44.2,0.0,6.3,3,3,2,5,1,0.00,0.13,0.13,0.29,6,False,"[{'fixture': 69, 'stats': [{'identifier': 'minutes', 'points': 2, 'value': 90, 'points_modification': 0}, {'identifier': 'clean_sheets', 'points': 4, 'value': 1, 'points_modification': 0}]}]",False
479,7,2025-26,0,0,0,0,0,0,0,0,0,0,0,0,0,0.0,0.0,0.0,0.0,0,0,0,0,0,0.00,0.00,0.00,0.00,0,False,"[{'fixture': 69, 'stats': [{'identifier': 'minutes', 'points': 0, 'value': 0, 'points_modification': 0}]}]",False
480,7,2025-26,0,0,0,0,0,0,0,0,0,0,0,0,0,0.0,0.0,0.0,0.0,0,0,0,0,0,0.00,0.00,0.00,0.00,0,False,"[{'fixture': 69, 'stats': [{'identifier': 'minutes', 'points': 0, 'value': 0, 'points_modification': 0}]}]",False
481,7,2025-26,0,0,0,0,0,0,0,0,0,0,0,0,0,0.0,0.0,0.0,0.0,0,0,0,0,0,0.00,0.00,0.00,0.00,0,False,"[{'fixture': 69, 'stats': [{'identifier': 'minutes', 'points': 0, 'value': 0, 'points_modification': 0}]}]",False
482,7,2025-26,0,0,0,0,0,0,0,0,0,0,0,0,0,0.0,0.0,0.0,0.0,0,0,0,0,0,0.00,0.00,0.00,0.00,0,False,"[{'fixture': 69, 'stats': [{'identifier': 'minutes', 'points': 0, 'value': 0, 'points_modification': 0}]}]",False
483,7,2025-26,0,0,0,0,0,0,0,0,0,0,0,0,0,0.0,0.0,0.0,0.0,0,0,0,0,0,0.00,0.00,0.00,0.00,0,False,"[{'fixture': 69, 'stats': [{'identifier': 'minutes', 'points': 0, 'value': 0, 'points_modification': 0}]}]",False
484,7,2025-26,0,0,0,0,0,0,0,0,0,0,0,0,0,0.0,0.0,0.0,0.0,0,0,0,0,0,0.00,0.00,0.00,0.00,0,False,"[{'fixture': 69, 'stats': [{'identifier': 'minutes', 'points': 0, 'value': 0, 'points_modification': 0}]}]",False
485,7,2025-26,69,0,0,1,0,0,0,0,0,0,0,0,9,3.8,1.8,7.0,1.3,0,1,1,2,1,0.13,0.02,0.15,0.17,3,False,"[{'fixture': 69, 'stats': [{'identifier': 'minutes', 'points': 2, 'value': 69, 'points_modification': 0}, {'identifier': 'clean_sheets', 'points': 1, 'value': 1, 'points_modification': 0}]}]",False
486,7,2025-26,69,0,0,1,0,0,0,0,0,0,0,0,5,7.6,28.7,14.0,5.0,0,2,0,2,1,0.00,0.03,0.03,0.17,3,False,"[{'fixture': 69, 'stats': [{'identifier': 'minutes', 'points': 2, 'value': 69, 'points_modification': 0}, {'identifier': 'clean_sheets', 'points': 1, 'value': 1, 'points_modification': 0}]}]",False
487,7,2025-26,20,0,0,0,0,0,0,0,0,0,0,0,2,3.0,0.6,19.0,2.3,0,1,0,1,0,0.31,0.00,0.31,0.13,1,False,"[{'fixture': 69, 'stats': [{'identifier': 'minutes', 'points': 1, 'value': 20, 'points_modification': 0}]}]",False
488,7,2025-26,90,1,1,1,0,0,0,0,0,0,0,3,52,44.6,16.3,17.0,7.8,0,4,3,7,1,0.07,0.12,0.19,0.29,14,True,"[{'fixture': 69, 'stats': [{'identifier': 'minutes', 'points': 2, 'value': 90, 'points_modification': 0}, {'identifier': 'goals_scored', 'points': 5, 'value': 1, 'points_modification': 0}, {'identifier': 'assists', 'points': 3, 'value': 1, 'points_modification': 0}, {'identifier': 'clean_sheets', 'points': 1, 'value': 1, 'points_modification': 0}, {'identifier': 'bonus', 'points': 3, 'value': 3, 'points_modification': 0}]}]",False
489,7,2025-26,20,0,0,0,0,0,0,0,0,0,0,0,15,10.2,27.9,12.0,5.0,0,1,0,1,0,0.19,0.30,0.49,0.13,1,False,"[{'fixture': 69, 'stats': [{'identifier': 'minutes', 'points': 1, 'value': 20, 'points_modification': 0}]}]",False
490,7,2025-26,90,0,0,1,0,0,0,0,0,0,0,0,13,11.8,14.7,61.0,8.8,4,3,1,8,1,0.49,0.02,0.51,0.29,3,False,"[{'fixture': 69, 'stats': [{'identifier': 'minutes', 'points': 2, 'value': 90, 'points_modification': 0}, {'identifier': 'clean_sheets', 'points': 1, 'value': 1, 'points_modification': 0}]}]",False
491,7,2025-26,90,0,0,1,0,0,0,0,0,0,0,0,19,19.0,32.3,18.0,6.9,2,6,3,11,1,0.05,0.06,0.11,0.29,3,False,"[{'fixture': 69, 'stats': [{'identifier': 'minutes', 'points': 2, 'value': 90, 'points_modification': 0}, {'identifier': 'clean_sheets', 'points': 1, 'value': 1, 'points_modification': 0}]}]",False
492,7,2025-26,0,0,0,0,0,0,0,0,0,0,0,0,0,0.0,0.0,0.0,0.0,0,0,0,0,0,0.00,0.00,0.00,0.00,0,False,"[{'fixture': 69, 'stats': [{'identifier': 'minutes', 'points': 0, 'value': 0, 'points_modification': 0}]}]",False
493,7,2025-26,90,0,0,0,2,0,0,0,0,0,0,0,21,13.8,71.2,5.0,9.0,0,5,4,9,1,0.22,0.20,0.42,0.53,2,False,"[{'fixture': 67, 'stats': [{'identifier': 'minutes', 'points': 2, 'value': 90, 'points_modification': 0}]}]",False
494,7,2025-26,0,0,0,0,0,0,0,0,0,0,0,0,0,0.0,0.0,0.0,0.0,0,0,0,0,0,0.00,0.00,0.00,0.00,0,False,"[{'fixture': 69, 'stats': [{'identifier': 'minutes', 'points': 0, 'value': 0, 'points_modification': 0}]}]",False
495,7,2025-26,0,0,0,0,0,0,0,0,0,0,0,0,0,0.0,0.0,0.0,0.0,0,0,0,0,0,0.00,0.00,0.00,0.00,0,False,"[{'fixture': 69, 'stats': [{'identifier': 'minutes', 'points': 0, 'value': 0, 'points_modification': 0}]}]",False
496,7,2025-26,0,0,0,0,0,0,0,0,0,0,0,0,0,0.0,0.0,0.0,0.0,0,0,0,0,0,0.00,0.00,0.00,0.00,0,False,"[{'fixture': 69, 'stats': [{'identifier': 'minutes', 'points': 0, 'value': 0, 'points_modification': 0}]}]",False
497,7,2025-26,1,0,0,0,0,0,0,0,0,0,0,0,3,1.0,0.0,0.0,0.1,1,1,0,2,0,0.00,0.00,0.00,0.00,1,False,"[{'fixture': 69, 'stats': [{'identifier': 'minutes', 'points': 1, 'value': 1, 'points_modification': 0}]}]",False
498,7,2025-26,0,0,0,0,0,0,0,0,0,0,0,0,0,0.0,0.0,0.0,0.0,0,0,0,0,0,0.00,0.00,0.00,0.00,0,False,"[{'fixture': 69, 'stats': [{'identifier': 'minutes', 'points': 0, 'value': 0, 'points_modification': 0}]}]",False
499,7,2025-26,73,0,1,0,1,0,0,0,0,0,0,0,15,16.8,17.9,6.0,4.1,0,1,1,2,1,0.18,0.01,0.19,0.18,5,False,"[{'fixture': 65, 'stats': [{'identifier': 'minutes', 'points': 2, 'value': 73, 'points_modification': 0}, {'identifier': 'assists', 'points': 3, 'value': 1, 'points_modification': 0}]}]",False
500,7,2025-26,1,0,0,0,0,0,0,0,0,0,0,0,3,0.2,0.1,0.0,0.0,0,0,0,0,0,0.00,0.00,0.00,0.00,1,False,"[{'fixture': 69, 'stats': [{'identifier': 'minutes', 'points': 1, 'value': 1, 'points_modification': 0}]}]",False
501,7,2025-26,0,0,0,0,0,0,0,0,0,0,0,0,0,0.0,0.0,0.0,0.0,0,0,0,0,0,0.00,0.00,0.00,0.00,0,False,"[{'fixture': 69, 'stats': [{'identifier': 'minutes', 'points': 0, 'value': 0, 'points_modification': 0}]}]",False
502,7,2025-26,90,0,0,0,2,0,0,0,0,0,7,0,20,54.2,0.0,0.0,5.4,0,8,0,0,1,0.00,0.00,0.00,3.28,3,False,"[{'fixture': 69, 'stats': [{'identifier': 'minutes', 'points': 2, 'value': 90, 'points_modification': 0}, {'identifier': 'goals_conceded', 'points': -1, 'value': 2, 'points_modification': 0}, {'identifier': 'saves', 'points': 2, 'value': 7, 'points_modification': 0}]}]",False
503,7,2025-26,0,0,0,0,0,0,0,0,0,0,0,0,0,0.0,0.0,0.0,0.0,0,0,0,0,0,0.00,0.00,0.00,0.00,0,False,"[{'fixture': 69, 'stats': [{'identifier': 'minutes', 'points': 0, 'value': 0, 'points_modification': 0}]}]",False
504,7,2025-26,0,0,0,0,0,0,0,0,0,0,0,0,0,0.0,0.0,0.0,0.0,0,0,0,0,0,0.00,0.00,0.00,0.00,0,False,"[{'fixture': 69, 'stats': [{'identifier': 'minutes', 'points': 0, 'value': 0, 'points_modification': 0}]}]",False
505,7,2025-26,90,0,0,0,2,0,0,0,0,0,0,0,9,15.2,0.4,0.0,1.6,10,4,0,10,1,0.00,0.00,0.00,3.28,3,False,"[{'fixture': 69, 'stats': [{'identifier': 'minutes', 'points': 2, 'value': 90, 'points_modification': 0}, {'identifier': 'goals_conceded', 'points': -1, 'value': 2, 'points_modification': 0}, {'identifier': 'defensive_contribution', 'points': 2, 'value': 10, 'points_modification': 0}]}]",False
506,7,2025-26,0,0,0,0,0,0,0,0,0,0,0,0,0,0.0,0.0,0.0,0.0,0,0,0,0,0,0.00,0.00,0.00,0.00,0,False,"[{'fixture': 69, 'stats': [{'identifier': 'minutes', 'points': 0, 'value': 0, 'points_modification': 0}]}]",False
507,7,2025-26,0,0,0,0,0,0,0,0,0,0,0,0,0,0.0,0.0,0.0,0.0,0,0,0,0,0,0.00,0.00,0.00,0.00,0,False,"[{'fixture': 69, 'stats': [{'identifier': 'minutes', 'points': 0, 'value': 0, 'points_modification': 0}]}]",False
508,7,2025-26,90,0,0,0,2,0,0,0,1,0,0,0,9,25.6,11.8,17.0,5.4,3,6,4,7,1,0.03,0.01,0.04,3.28,0,False,"[{'fixture': 69, 'stats': [{'identifier': 'minutes', 'points': 2, 'value': 90, 'points_modification': 0}, {'identifier': 'goals_conceded', 'points': -1, 'value': 2, 'points_modification': 0}, {'identifier': 'yellow_cards', 'points': -1, 'value': 1, 'points_modification': 0}]}]",False
509,7,2025-26,0,0,0,0,0,0,0,0,0,0,0,0,0,0.0,0.0,0.0,0.0,0,0,0,0,0,0.00,0.00,0.00,0.00,0,False,"[{'fixture': 69, 'stats': [{'identifier': 'minutes', 'points': 0, 'value': 0, 'points_modification': 0}]}]",False
510,7,2025-26,90,0,0,0,2,0,0,0,0,0,0,0,9,26.0,0.4,0.0,2.6,9,1,2,11,1,0.00,0.00,0.00,3.28,3,False,"[{'fixture': 69, 'stats': [{'identifier': 'minutes', 'points': 2, 'value': 90, 'points_modification': 0}, {'identifier': 'goals_conceded', 'points': -1, 'value': 2, 'points_modification': 0}, {'identifier': 'defensive_contribution', 'points': 2, 'value': 11, 'points_modification': 0}]}]",False
511,7,2025-26,76,0,0,0,1,0,0,0,1,0,0,0,9,24.4,0.4,0.0,2.5,13,4,1,14,1,0.00,0.01,0.01,1.43,3,False,"[{'fixture': 69, 'stats': [{'identifier': 'minutes', 'points': 2, 'value': 76, 'points_modification': 0}, {'identifier': 'yellow_cards', 'points': -1, 'value': 1, 'points_modification': 0}, {'identifier': 'defensive_contribution', 'points': 2, 'value': 14, 'points_modification': 0}]}]",False
512,7,2025-26,0,0,0,0,0,0,0,0,0,0,0,0,0,0.0,0.0,0.0,0.0,0,0,0,0,0,0.00,0.00,0.00,0.00,0,False,"[{'fixture': 69, 'stats': [{'identifier': 'minutes', 'points': 0, 'value': 0, 'points_modification': 0}]}]",False
513,7,2025-26,0,0,0,0,0,0,0,0,0,0,0,0,0,0.0,0.0,0.0,0.0,0,0,0,0,0,0.00,0.00,0.00,0.00,0,False,"[{'fixture': 69, 'stats': [{'identifier': 'minutes', 'points': 0, 'value': 0, 'points_modification': 0}]}]",False
514,7,2025-26,0,0,0,0,0,0,0,0,0,0,0,0,0,0.0,0.0,0.0,0.0,0,0,0,0,0,0.00,0.00,0.00,0.00,0,False,"[{'fixture': 69, 'stats': [{'identifier': 'minutes', 'points': 0, 'value': 0, 'points_modification': 0}]}]",False
515,7,2025-26,90,0,0,0,2,0,0,0,0,0,0,0,19,14.2,7.9,21.0,4.3,5,8,0,13,1,0.12,0.08,0.20,3.28,4,False,"[{'fixture': 69, 'stats': [{'identifier': 'minutes', 'points': 2, 'value': 90, 'points_modification': 0}, {'identifier': 'defensive_contribution', 'points': 2, 'value': 13, 'points_modification': 0}]}]",False
516,7,2025-26,26,0,0,0,1,0,0,0,0,0,0,0,7,7.2,1.4,17.0,2.6,1,1,0,2,0,0.07,0.01,0.08,2.25,1,False,"[{'fixture': 69, 'stats': [{'identifier': 'minutes', 'points': 1, 'value': 26, 'points_modification': 0}]}]",False
517,7,2025-26,90,0,0,0,2,0,0,0,1,0,0,0,14,5.4,10.7,0.0,1.6,0,8,2,10,1,0.00,0.03,0.03,3.28,1,False,"[{'fixture': 69, 'stats': [{'identifier': 'minutes', 'points': 2, 'value': 90, 'points_modification': 0}, {'identifier': 'yellow_cards', 'points': -1, 'value': 1, 'points_modification': 0}]}]",False
518,7,2025-26,0,0,0,0,0,0,0,0,0,0,0,0,0,0.0,0.0,0.0,0.0,0,0,0,0,0,0.00,0.00,0.00,0.00,0,False,"[{'fixture': 69, 'stats': [{'identifier': 'minutes', 'points': 0, 'value': 0, 'points_modification': 0}]}]",False
519,7,2025-26,0,0,0,0,0,0,0,0,0,0,0,0,0,0.0,0.0,0.0,0.0,0,0,0,0,0,0.00,0.00,0.00,0.00,0,False,"[{'fixture': 69, 'stats': [{'identifier': 'minutes', 'points': 0, 'value': 0, 'points_modification': 0}]}]",False
520,7,2025-26,0,0,0,0,0,0,0,0,0,0,0,0,0,0.0,0.0,0.0,0.0,0,0,0,0,0,0.00,0.00,0.00,0.00,0,False,"[{'fixture': 69, 'stats': [{'identifier': 'minutes', 'points': 0, 'value': 0, 'points_modification': 0}]}]",False
521,7,2025-26,0,0,0,0,0,0,0,0,0,0,0,0,0,0.0,0.0,0.0,0.0,0,0,0,0,0,0.00,0.00,0.00,0.00,0,False,"[{'fixture': 69, 'stats': [{'identifier': 'minutes', 'points': 0, 'value': 0, 'points_modification': 0}]}]",False
522,7,2025-26,63,0,0,0,1,0,0,0,1,0,0,0,3,12.6,1.3,17.0,3.1,5,2,0,7,1,0.07,0.00,0.07,1.03,1,False,"[{'fixture': 69, 'stats': [{'identifier': 'minutes', 'points': 2, 'value': 63, 'points_modification': 0}, {'identifier': 'yellow_cards', 'points': -1, 'value': 1, 'points_modification': 0}]}]",False
523,7,2025-26,0,0,0,0,0,0,0,0,0,0,0,0,0,0.0,0.0,0.0,0.0,0,0,0,0,0,0.00,0.00,0.00,0.00,0,False,"[{'fixture': 69, 'stats': [{'identifier': 'minutes', 'points': 0, 'value': 0, 'points_modification': 0}]}]",False
524,7,2025-26,0,0,0,0,0,0,0,0,0,0,0,0,0,0.0,0.0,0.0,0.0,0,0,0,0,0,0.00,0.00,0.00,0.00,0,False,"[{'fixture': 69, 'stats': [{'identifier': 'minutes', 'points': 0, 'value': 0, 'points_modification': 0}]}]",False
525,7,2025-26,63,0,0,0,1,0,0,0,0,0,0,0,4,0.0,1.3,2.0,0.3,1,1,0,2,1,0.00,0.00,0.00,1.03,2,False,"[{'fixture': 69, 'stats': [{'identifier': 'minutes', 'points': 2, 'value': 63, 'points_modification': 0}]}]",False
526,7,2025-26,26,0,0,0,1,0,0,0,0,0,0,0,6,6.0,0.4,2.0,0.8,2,1,2,5,0,0.00,0.00,0.00,2.25,1,False,"[{'fixture': 69, 'stats': [{'identifier': 'minutes', 'points': 1, 'value': 26, 'points_modification': 0}]}]",False
527,7,2025-26,0,0,0,0,0,0,0,0,0,0,0,0,0,0.0,0.0,0.0,0.0,0,0,0,0,0,0.00,0.00,0.00,0.00,0,False,"[{'fixture': 69, 'stats': [{'identifier': 'minutes', 'points': 0, 'value': 0, 'points_modification': 0}]}]",False
528,7,2025-26,0,0,0,0,0,0,0,0,0,0,0,0,0,0.0,0.0,0.0,0.0,0,0,0,0,0,0.00,0.00,0.00,0.00,0,False,"[{'fixture': 68, 'stats': [{'identifier': 'minutes', 'points': 0, 'value': 0, 'points_modification': 0}]}]",False
529,7,2025-26,0,0,0,0,0,0,0,0,0,0,0,0,0,0.0,0.0,0.0,0.0,0,0,0,0,0,0.00,0.00,0.00,0.00,0,False,"[{'fixture': 68, 'stats': [{'identifier': 'minutes', 'points': 0, 'value': 0, 'points_modification': 0}]}]",False
530,7,2025-26,0,0,0,0,0,0,0,0,0,0,0,0,0,0.0,0.0,0.0,0.0,0,0,0,0,0,0.00,0.00,0.00,0.00,0,False,"[{'fixture': 68, 'stats': [{'identifier': 'minutes', 'points': 0, 'value': 0, 'points_modification': 0}]}]",False
531,7,2025-26,53,0,0,0,0,0,0,0,0,0,0,0,12,36.8,0.5,7.0,4.4,16,2,3,19,0,0.17,0.00,0.17,0.63,3,False,"[{'fixture': 68, 'stats': [{'identifier': 'minutes', 'points': 1, 'value': 53, 'points_modification': 0}, {'identifier': 'defensive_contribution', 'points': 2, 'value': 19, 'points_modification': 0}]}]",False
532,7,2025-26,78,0,0,0,2,0,0,0,0,0,0,0,1,6.4,1.8,5.0,1.3,4,2,1,5,1,0.03,0.01,0.04,1.46,1,False,"[{'fixture': 68, 'stats': [{'identifier': 'minutes', 'points': 2, 'value': 78, 'points_modification': 0}, {'identifier': 'goals_conceded', 'points': -1, 'value': 2, 'points_modification': 0}]}]",False
533,7,2025-26,0,0,0,0,0,0,0,0,0,0,0,0,0,0.0,0.0,0.0,0.0,0,0,0,0,0,0.00,0.00,0.00,0.00,0,False,"[{'fixture': 68, 'stats': [{'identifier': 'minutes', 'points': 0, 'value': 0, 'points_modification': 0}]}]",False
534,7,2025-26,0,0,0,0,0,0,0,0,0,0,0,0,0,0.0,0.0,0.0,0.0,0,0,0,0,0,0.00,0.00,0.00,0.00,0,False,"[{'fixture': 68, 'stats': [{'identifier': 'minutes', 'points': 0, 'value': 0, 'points_modification': 0}]}]",False
535,7,2025-26,0,0,0,0,0,0,0,0,0,0,0,0,0,0.0,0.0,0.0,0.0,0,0,0,0,0,0.00,0.00,0.00,0.00,0,False,"[{'fixture': 68, 'stats': [{'identifier': 'minutes', 'points': 0, 'value': 0, 'points_modification': 0}]}]",False
536,7,2025-26,0,0,0,0,0,0,0,0,0,0,0,0,0,0.0,0.0,0.0,0.0,0,0,0,0,0,0.00,0.00,0.00,0.00,0,False,"[{'fixture': 68, 'stats': [{'identifier': 'minutes', 'points': 0, 'value': 0, 'points_modification': 0}]}]",False
537,7,2025-26,0,0,0,0,0,0,0,0,0,0,0,0,0,0.0,0.0,0.0,0.0,0,0,0,0,0,0.00,0.00,0.00,0.00,0,False,"[{'fixture': 68, 'stats': [{'identifier': 'minutes', 'points': 0, 'value': 0, 'points_modification': 0}]}]",False
538,7,2025-26,0,0,0,0,0,0,0,0,0,0,0,0,0,0.0,0.0,0.0,0.0,0,0,0,0,0,0.00,0.00,0.00,0.00,0,False,"[{'fixture': 68, 'stats': [{'identifier': 'minutes', 'points': 0, 'value': 0, 'points_modification': 0}]}]",False
539,7,2025-26,0,0,0,0,0,0,0,0,0,0,0,0,0,0.0,0.0,0.0,0.0,0,0,0,0,0,0.00,0.00,0.00,0.00,0,False,"[{'fixture': 68, 'stats': [{'identifier': 'minutes', 'points': 0, 'value': 0, 'points_modification': 0}]}]",False
540,7,2025-26,0,0,0,0,0,0,0,0,0,0,0,0,0,0.0,0.0,0.0,0.0,0,0,0,0,0,0.00,0.00,0.00,0.00,0,False,"[{'fixture': 68, 'stats': [{'identifier': 'minutes', 'points': 0, 'value': 0, 'points_modification': 0}]}]",False
541,7,2025-26,0,0,0,0,0,0,0,0,0,0,0,0,0,0.0,0.0,0.0,0.0,0,0,0,0,0,0.00,0.00,0.00,0.00,0,False,"[{'fixture': 68, 'stats': [{'identifier': 'minutes', 'points': 0, 'value': 0, 'points_modification': 0}]}]",False
542,7,2025-26,0,0,0,0,0,0,0,0,0,0,0,0,0,0.0,0.0,0.0,0.0,0,0,0,0,0,0.00,0.00,0.00,0.00,0,False,"[{'fixture': 68, 'stats': [{'identifier': 'minutes', 'points': 0, 'value': 0, 'points_modification': 0}]}]",False
543,7,2025-26,36,0,0,0,2,0,0,0,0,0,0,0,4,8.0,18.1,0.0,2.6,1,0,1,2,1,0.00,0.05,0.05,1.21,1,False,"[{'fixture': 68, 'stats': [{'identifier': 'minutes', 'points': 1, 'value': 36, 'points_modification': 0}]}]",False
544,7,2025-26,0,0,0,0,0,0,0,0,0,0,0,0,0,0.0,0.0,0.0,0.0,0,0,0,0,0,0.00,0.00,0.00,0.00,0,False,"[{'fixture': 68, 'stats': [{'identifier': 'minutes', 'points': 0, 'value': 0, 'points_modification': 0}]}]",False
545,7,2025-26,0,0,0,0,0,0,0,0,0,0,0,0,0,0.0,0.0,0.0,0.0,0,0,0,0,0,0.00,0.00,0.00,0.00,0,False,"[{'fixture': 68, 'stats': [{'identifier': 'minutes', 'points': 0, 'value': 0, 'points_modification': 0}]}]",False
546,7,2025-26,0,0,0,0,0,0,0,0,0,0,0,0,0,0.0,0.0,0.0,0.0,0,0,0,0,0,0.00,0.00,0.00,0.00,0,False,"[{'fixture': 68, 'stats': [{'identifier': 'minutes', 'points': 0, 'value': 0, 'points_modification': 0}]}]",False
547,7,2025-26,90,0,0,0,2,0,0,0,0,0,0,0,6,2.4,9.0,4.0,1.5,0,7,1,8,1,0.00,0.01,0.01,1.84,2,False,"[{'fixture': 68, 'stats': [{'identifier': 'minutes', 'points': 2, 'value': 90, 'points_modification': 0}]}]",False
548,7,2025-26,0,0,0,0,0,0,0,0,0,0,0,0,0,0.0,0.0,0.0,0.0,0,0,0,0,0,0.00,0.00,0.00,0.00,0,False,"[{'fixture': 68, 'stats': [{'identifier': 'minutes', 'points': 0, 'value': 0, 'points_modification': 0}]}]",False
549,7,2025-26,0,0,0,0,0,0,0,0,0,0,0,0,0,0.0,0.0,0.0,0.0,0,0,0,0,0,0.00,0.00,0.00,0.00,0,False,"[{'fixture': 68, 'stats': [{'identifier': 'minutes', 'points': 0, 'value': 0, 'points_modification': 0}]}]",False
550,7,2025-26,0,0,0,0,0,0,0,0,0,0,0,0,0,0.0,0.0,0.0,0.0,0,0,0,0,0,0.00,0.00,0.00,0.00,0,False,"[{'fixture': 68, 'stats': [{'identifier': 'minutes', 'points': 0, 'value': 0, 'points_modification': 0}]}]",False
551,7,2025-26,0,0,0,0,0,0,0,0,0,0,0,0,0,0.0,0.0,0.0,0.0,0,0,0,0,0,0.00,0.00,0.00,0.00,0,False,"[{'fixture': 68, 'stats': [{'identifier': 'minutes', 'points': 0, 'value': 0, 'points_modification': 0}]}]",False
552,7,2025-26,90,0,0,0,2,0,0,0,1,0,0,0,10,10.0,5.9,0.0,1.6,4,3,3,10,1,0.00,0.02,0.02,1.84,1,False,"[{'fixture': 68, 'stats': [{'identifier': 'minutes', 'points': 2, 'value': 90, 'points_modification': 0}, {'identifier': 'yellow_cards', 'points': -1, 'value': 1, 'points_modification': 0}]}]",False
553,7,2025-26,32,0,0,0,0,0,0,0,0,0,0,0,3,6.4,12.8,22.0,4.1,1,0,0,1,0,0.26,0.01,0.27,0.45,1,False,"[{'fixture': 68, 'stats': [{'identifier': 'minutes', 'points': 1, 'value': 32, 'points_modification': 0}]}]",False
554,7,2025-26,0,0,0,0,0,0,0,0,0,0,0,0,0,0.0,0.0,0.0,0.0,0,0,0,0,0,0.00,0.00,0.00,0.00,0,False,"[{'fixture': 68, 'stats': [{'identifier': 'minutes', 'points': 0, 'value': 0, 'points_modification': 0}]}]",False
555,7,2025-26,0,0,0,0,0,0,0,0,0,0,0,0,0,0.0,0.0,0.0,0.0,0,0,0,0,0,0.00,0.00,0.00,0.00,0,False,"[{'fixture': 68, 'stats': [{'identifier': 'minutes', 'points': 0, 'value': 0, 'points_modification': 0}]}]",False
556,7,2025-26,0,0,0,0,0,0,0,0,0,0,0,0,0,0.0,0.0,0.0,0.0,0,0,0,0,0,0.00,0.00,0.00,0.00,0,False,"[{'fixture': 68, 'stats': [{'identifier': 'minutes', 'points': 0, 'value': 0, 'points_modification': 0}]}]",False
557,7,2025-26,0,0,0,0,0,0,0,0,0,0,0,0,0,0.0,0.0,0.0,0.0,0,0,0,0,0,0.00,0.00,0.00,0.00,0,False,"[{'fixture': 68, 'stats': [{'identifier': 'minutes', 'points': 0, 'value': 0, 'points_modification': 0}]}]",False
558,7,2025-26,0,0,0,0,0,0,0,0,0,0,0,0,0,0.0,0.0,0.0,0.0,0,0,0,0,0,0.00,0.00,0.00,0.00,0,False,"[{'fixture': 68, 'stats': [{'identifier': 'minutes', 'points': 0, 'value': 0, 'points_modification': 0}]}]",False
559,7,2025-26,0,0,0,0,0,0,0,0,0,0,0,0,0,0.0,0.0,0.0,0.0,0,0,0,0,0,0.00,0.00,0.00,0.00,0,False,"[{'fixture': 68, 'stats': [{'identifier': 'minutes', 'points': 0, 'value': 0, 'points_modification': 0}]}]",False
560,7,2025-26,58,0,0,0,2,0,0,0,0,0,0,0,1,0.2,0.3,2.0,0.3,0,0,0,0,1,0.00,0.00,0.00,1.39,1,False,"[{'fixture': 68, 'stats': [{'identifier': 'minutes', 'points': 1, 'value': 58, 'points_modification': 0}]}]",False
561,7,2025-26,32,0,0,0,0,0,0,0,0,0,0,0,5,1.6,11.5,5.0,1.8,0,0,0,0,0,0.08,0.06,0.14,0.45,1,False,"[{'fixture': 68, 'stats': [{'identifier': 'minutes', 'points': 1, 'value': 32, 'points_modification': 0}]}]",False
562,7,2025-26,0,0,0,0,0,0,0,0,0,0,0,0,0,0.0,0.0,0.0,0.0,0,0,0,0,0,0.00,0.00,0.00,0.00,0,False,"[{'fixture': 68, 'stats': [{'identifier': 'minutes', 'points': 0, 'value': 0, 'points_modification': 0}]}]",False
563,7,2025-26,0,0,0,0,0,0,0,0,0,0,0,0,0,0.0,0.0,0.0,0.0,0,0,0,0,0,0.00,0.00,0.00,0.00,0,False,"[{'fixture': 68, 'stats': [{'identifier': 'minutes', 'points': 0, 'value': 0, 'points_modification': 0}]}]",False
564,7,2025-26,0,0,0,0,0,0,0,0,0,0,0,0,0,0.0,0.0,0.0,0.0,0,0,0,0,0,0.00,0.00,0.00,0.00,0,False,"[{'fixture': 68, 'stats': [{'identifier': 'minutes', 'points': 0, 'value': 0, 'points_modification': 0}]}]",False
565,7,2025-26,90,0,0,0,1,0,0,0,0,0,3,0,13,26.8,0.0,0.0,2.7,0,5,0,0,1,0.00,0.00,0.00,1.68,3,False,"[{'fixture': 67, 'stats': [{'identifier': 'minutes', 'points': 2, 'value': 90, 'points_modification': 0}, {'identifier': 'saves', 'points': 1, 'value': 3, 'points_modification': 0}]}]",False
566,7,2025-26,0,0,0,0,0,0,0,0,0,0,0,0,0,0.0,0.0,0.0,0.0,0,0,0,0,0,0.00,0.00,0.00,0.00,0,False,"[{'fixture': 67, 'stats': [{'identifier': 'minutes', 'points': 0, 'value': 0, 'points_modification': 0}]}]",False
567,7,2025-26,0,0,0,0,0,0,0,0,0,0,0,0,0,0.0,0.0,0.0,0.0,0,0,0,0,0,0.00,0.00,0.00,0.00,0,False,"[{'fixture': 67, 'stats': [{'identifier': 'minutes', 'points': 0, 'value': 0, 'points_modification': 0}]}]",False
568,7,2025-26,90,0,1,0,1,0,0,0,0,0,0,0,15,15.2,2.9,4.0,2.2,8,4,2,10,1,0.00,0.02,0.02,1.68,7,False,"[{'fixture': 67, 'stats': [{'identifier': 'minutes', 'points': 2, 'value': 90, 'points_modification': 0}, {'identifier': 'assists', 'points': 3, 'value': 1, 'points_modification': 0}, {'identifier': 'defensive_contribution', 'points': 2, 'value': 10, 'points_modification': 0}]}]",False
569,7,2025-26,90,0,0,0,1,0,0,0,1,0,0,0,10,15.6,0.8,2.0,1.8,7,3,1,8,1,0.00,0.01,0.01,1.68,1,False,"[{'fixture': 67, 'stats': [{'identifier': 'minutes', 'points': 2, 'value': 90, 'points_modification': 0}, {'identifier': 'yellow_cards', 'points': -1, 'value': 1, 'points_modification': 0}]}]",False
570,7,2025-26,5,0,0,0,0,0,0,0,0,0,0,0,3,2.2,0.0,0.0,0.2,1,0,0,1,0,0.00,0.00,0.00,0.24,1,False,"[{'fixture': 67, 'stats': [{'identifier': 'minutes', 'points': 1, 'value': 5, 'points_modification': 0}]}]",False
571,7,2025-26,0,0,0,0,0,0,0,0,0,0,0,0,0,0.0,0.0,0.0,0.0,0,0,0,0,0,0.00,0.00,0.00,0.00,0,False,"[{'fixture': 67, 'stats': [{'identifier': 'minutes', 'points': 0, 'value': 0, 'points_modification': 0}]}]",False
572,7,2025-26,0,0,0,0,0,0,0,0,0,0,0,0,0,0.0,0.0,0.0,0.0,0,0,0,0,0,0.00,0.00,0.00,0.00,0,False,"[{'fixture': 67, 'stats': [{'identifier': 'minutes', 'points': 0, 'value': 0, 'points_modification': 0}]}]",False
573,7,2025-26,0,0,0,0,0,0,0,0,0,0,0,0,0,0.0,0.0,0.0,0.0,0,0,0,0,0,0.00,0.00,0.00,0.00,0,False,"[{'fixture': 67, 'stats': [{'identifier': 'minutes', 'points': 0, 'value': 0, 'points_modification': 0}]}]",False
574,7,2025-26,90,0,0,0,1,0,0,0,0,0,0,0,12,16.0,13.0,8.0,3.7,3,5,1,4,1,0.00,0.07,0.07,1.68,2,False,"[{'fixture': 67, 'stats': [{'identifier': 'minutes', 'points': 2, 'value': 90, 'points_modification': 0}]}]",False
575,7,2025-26,90,0,0,0,1,0,0,0,0,0,0,0,14,14.8,0.3,0.0,1.5,4,4,2,6,1,0.00,0.00,0.00,1.68,2,False,"[{'fixture': 67, 'stats': [{'identifier': 'minutes', 'points': 2, 'value': 90, 'points_modification': 0}]}]",False
576,7,2025-26,0,0,0,0,0,0,0,0,0,0,0,0,0,0.0,0.0,0.0,0.0,0,0,0,0,0,0.00,0.00,0.00,0.00,0,False,"[{'fixture': 67, 'stats': [{'identifier': 'minutes', 'points': 0, 'value': 0, 'points_modification': 0}]}]",False
577,7,2025-26,0,0,0,0,0,0,0,0,0,0,0,0,0,0.0,0.0,0.0,0.0,0,0,0,0,0,0.00,0.00,0.00,0.00,0,False,"[{'fixture': 67, 'stats': [{'identifier': 'minutes', 'points': 0, 'value': 0, 'points_modification': 0}]}]",False
578,7,2025-26,0,0,0,0,0,0,0,0,0,0,0,0,0,0.0,0.0,0.0,0.0,0,0,0,0,0,0.00,0.00,0.00,0.00,0,False,"[{'fixture': 67, 'stats': [{'identifier': 'minutes', 'points': 0, 'value': 0, 'points_modification': 0}]}]",False
579,7,2025-26,0,0,0,0,0,0,0,0,0,0,0,0,0,0.0,0.0,0.0,0.0,0,0,0,0,0,0.00,0.00,0.00,0.00,0,False,"[{'fixture': 67, 'stats': [{'identifier': 'minutes', 'points': 0, 'value': 0, 'points_modification': 0}]}]",False
580,7,2025-26,1,0,0,0,0,0,0,0,0,0,0,0,3,2.0,0.0,0.0,0.2,1,0,0,1,0,0.00,0.00,0.00,0.24,1,False,"[{'fixture': 67, 'stats': [{'identifier': 'minutes', 'points': 1, 'value': 1, 'points_modification': 0}]}]",False
581,7,2025-26,0,0,0,0,0,0,0,0,0,0,0,0,0,0.0,0.0,0.0,0.0,0,0,0,0,0,0.00,0.00,0.00,0.00,0,False,"[{'fixture': 67, 'stats': [{'identifier': 'minutes', 'points': 0, 'value': 0, 'points_modification': 0}]}]",False
582,7,2025-26,89,1,1,0,1,0,0,0,1,0,0,3,36,58.0,12.8,24.0,9.5,0,4,2,6,1,0.27,0.04,0.31,1.43,12,True,"[{'fixture': 67, 'stats': [{'identifier': 'minutes', 'points': 2, 'value': 89, 'points_modification': 0}, {'identifier': 'goals_scored', 'points': 5, 'value': 1, 'points_modification': 0}, {'identifier': 'assists', 'points': 3, 'value': 1, 'points_modification': 0}, {'identifier': 'yellow_cards', 'points': -1, 'value': 1, 'points_modification': 0}, {'identifier': 'bonus', 'points': 3, 'value': 3, 'points_modification': 0}]}]",False
583,7,2025-26,0,0,0,0,0,0,0,0,0,0,0,0,0,0.0,0.0,0.0,0.0,0,0,0,0,0,0.00,0.00,0.00,0.00,0,False,"[{'fixture': 67, 'stats': [{'identifier': 'minutes', 'points': 0, 'value': 0, 'points_modification': 0}]}]",False
584,7,2025-26,72,1,0,0,1,0,0,0,0,0,0,2,28,33.2,1.3,21.0,5.6,2,3,0,5,1,0.12,0.01,0.13,1.41,9,False,"[{'fixture': 67, 'stats': [{'identifier': 'minutes', 'points': 2, 'value': 72, 'points_modification': 0}, {'identifier': 'goals_scored', 'points': 5, 'value': 1, 'points_modification': 0}, {'identifier': 'bonus', 'points': 2, 'value': 2, 'points_modification': 0}]}]",False
585,7,2025-26,90,0,0,0,1,0,0,0,0,0,0,0,13,12.2,1.7,1.0,1.5,7,3,2,12,1,0.02,0.01,0.03,1.68,4,False,"[{'fixture': 67, 'stats': [{'identifier': 'minutes', 'points': 2, 'value': 90, 'points_modification': 0}, {'identifier': 'defensive_contribution', 'points': 2, 'value': 12, 'points_modification': 0}]}]",False
586,7,2025-26,0,0,0,0,0,0,0,0,0,0,0,0,0,0.0,0.0,0.0,0.0,0,0,0,0,0,0.00,0.00,0.00,0.00,0,False,"[{'fixture': 67, 'stats': [{'identifier': 'minutes', 'points': 0, 'value': 0, 'points_modification': 0}]}]",False
587,7,2025-26,0,0,0,0,0,0,0,0,0,0,0,0,0,0.0,0.0,0.0,0.0,0,0,0,0,0,0.00,0.00,0.00,0.00,0,False,"[{'fixture': 67, 'stats': [{'identifier': 'minutes', 'points': 0, 'value': 0, 'points_modification': 0}]}]",False
588,7,2025-26,84,0,0,0,1,0,0,0,0,0,0,0,8,8.2,16.5,4.0,2.9,1,3,1,5,1,0.00,0.12,0.12,1.43,2,False,"[{'fixture': 67, 'stats': [{'identifier': 'minutes', 'points': 2, 'value': 84, 'points_modification': 0}]}]",False
589,7,2025-26,0,0,0,0,0,0,0,0,0,0,0,0,0,0.0,0.0,0.0,0.0,0,0,0,0,0,0.00,0.00,0.00,0.00,0,False,"[{'fixture': 67, 'stats': [{'identifier': 'minutes', 'points': 0, 'value': 0, 'points_modification': 0}]}]",False
590,7,2025-26,0,0,0,0,0,0,0,0,0,0,0,0,0,0.0,0.0,0.0,0.0,0,0,0,0,0,0.00,0.00,0.00,0.00,0,False,"[{'fixture': 67, 'stats': [{'identifier': 'minutes', 'points': 0, 'value': 0, 'points_modification': 0}]}]",False
591,7,2025-26,0,0,0,0,0,0,0,0,0,0,0,0,0,0.0,0.0,0.0,0.0,0,0,0,0,0,0.00,0.00,0.00,0.00,0,False,"[{'fixture': 67, 'stats': [{'identifier': 'minutes', 'points': 0, 'value': 0, 'points_modification': 0}]}]",False
592,7,2025-26,0,0,0,0,0,0,0,0,0,0,0,0,0,0.0,0.0,0.0,0.0,0,0,0,0,0,0.00,0.00,0.00,0.00,0,False,"[{'fixture': 67, 'stats': [{'identifier': 'minutes', 'points': 0, 'value': 0, 'points_modification': 0}]}]",False
593,7,2025-26,17,0,0,0,0,0,0,0,0,0,0,0,5,6.4,0.7,0.0,0.7,1,1,2,4,0,0.00,0.00,0.00,0.27,1,False,"[{'fixture': 67, 'stats': [{'identifier': 'minutes', 'points': 1, 'value': 17, 'points_modification': 0}]}]",False
594,7,2025-26,0,0,0,0,0,0,0,0,0,0,0,0,0,0.0,0.0,0.0,0.0,0,0,0,0,0,0.00,0.00,0.00,0.00,0,False,"[{'fixture': 67, 'stats': [{'identifier': 'minutes', 'points': 0, 'value': 0, 'points_modification': 0}]}]",False
595,7,2025-26,0,0,0,0,0,0,0,0,0,0,0,0,0,0.0,0.0,0.0,0.0,0,0,0,0,0,0.00,0.00,0.00,0.00,0,False,"[{'fixture': 67, 'stats': [{'identifier': 'minutes', 'points': 0, 'value': 0, 'points_modification': 0}]}]",False
596,7,2025-26,0,0,0,0,0,0,0,0,0,0,0,0,0,0.0,0.0,0.0,0.0,0,0,0,0,0,0.00,0.00,0.00,0.00,0,False,"[{'fixture': 67, 'stats': [{'identifier': 'minutes', 'points': 0, 'value': 0, 'points_modification': 0}]}]",False
597,7,2025-26,16,0,0,0,0,0,0,0,0,0,0,0,3,0.2,0.1,5.0,0.5,3,3,0,6,0,0.03,0.00,0.03,0.27,1,False,"[{'fixture': 67, 'stats': [{'identifier': 'minutes', 'points': 1, 'value': 16, 'points_modification': 0}]}]",False
598,7,2025-26,0,0,0,0,0,0,0,0,0,0,0,0,0,0.0,0.0,0.0,0.0,0,0,0,0,0,0.00,0.00,0.00,0.00,0,False,"[{'fixture': 67, 'stats': [{'identifier': 'minutes', 'points': 0, 'value': 0, 'points_modification': 0}]}]",False
599,7,2025-26,0,0,0,0,0,0,0,0,0,0,0,0,0,0.0,0.0,0.0,0.0,0,0,0,0,0,0.00,0.00,0.00,0.00,0,False,"[{'fixture': 67, 'stats': [{'identifier': 'minutes', 'points': 0, 'value': 0, 'points_modification': 0}]}]",False
600,7,2025-26,90,0,0,0,2,0,0,0,0,0,3,0,9,25.8,0.0,0.0,2.6,2,3,0,0,1,0.00,0.00,0.00,2.77,2,False,"[{'fixture': 61, 'stats': [{'identifier': 'minutes', 'points': 2, 'value': 90, 'points_modification': 0}, {'identifier': 'goals_conceded', 'points': -1, 'value': 2, 'points_modification': 0}, {'identifier': 'saves', 'points': 1, 'value': 3, 'points_modification': 0}]}]",False
601,7,2025-26,0,0,0,0,0,0,0,0,0,0,0,0,0,0.0,0.0,0.0,0.0,0,0,0,0,0,0.00,0.00,0.00,0.00,0,False,"[{'fixture': 61, 'stats': [{'identifier': 'minutes', 'points': 0, 'value': 0, 'points_modification': 0}]}]",False
602,7,2025-26,0,0,0,0,0,0,0,0,0,0,0,0,0,0.0,0.0,0.0,0.0,0,0,0,0,0,0.00,0.00,0.00,0.00,0,False,"[{'fixture': 61, 'stats': [{'identifier': 'minutes', 'points': 0, 'value': 0, 'points_modification': 0}]}]",False
603,7,2025-26,90,0,0,0,2,0,0,0,0,0,0,0,0,21.8,11.5,0.0,3.3,13,2,0,13,1,0.00,0.03,0.03,2.77,3,False,"[{'fixture': 61, 'stats': [{'identifier': 'minutes', 'points': 2, 'value': 90, 'points_modification': 0}, {'identifier': 'goals_conceded', 'points': -1, 'value': 2, 'points_modification': 0}, {'identifier': 'defensive_contribution', 'points': 2, 'value': 13, 'points_modification': 0}]}]",False
604,7,2025-26,0,0,0,0,0,0,0,0,0,0,0,0,0,0.0,0.0,0.0,0.0,0,0,0,0,0,0.00,0.00,0.00,0.00,0,False,"[{'fixture': 61, 'stats': [{'identifier': 'minutes', 'points': 0, 'value': 0, 'points_modification': 0}]}]",False
605,7,2025-26,90,0,0,0,2,0,0,0,0,0,0,0,2,21.0,0.5,0.0,2.2,9,3,0,9,1,0.00,0.00,0.00,2.77,1,False,"[{'fixture': 61, 'stats': [{'identifier': 'minutes', 'points': 2, 'value': 90, 'points_modification': 0}, {'identifier': 'goals_conceded', 'points': -1, 'value': 2, 'points_modification': 0}]}]",False
606,7,2025-26,90,0,0,0,2,0,0,0,0,0,0,0,9,38.0,0.3,0.0,3.8,20,4,0,20,1,0.00,0.01,0.01,2.77,3,False,"[{'fixture': 61, 'stats': [{'identifier': 'minutes', 'points': 2, 'value': 90, 'points_modification': 0}, {'identifier': 'goals_conceded', 'points': -1, 'value': 2, 'points_modification': 0}, {'identifier': 'defensive_contribution', 'points': 2, 'value': 20, 'points_modification': 0}]}]",False
607,7,2025-26,0,0,0,0,0,0,0,0,0,0,0,0,0,0.0,0.0,0.0,0.0,0,0,0,0,0,0.00,0.00,0.00,0.00,0,False,"[{'fixture': 61, 'stats': [{'identifier': 'minutes', 'points': 0, 'value': 0, 'points_modification': 0}]}]",False
608,7,2025-26,0,0,0,0,0,0,0,0,0,0,0,0,0,0.0,0.0,0.0,0.0,0,0,0,0,0,0.00,0.00,0.00,0.00,0,False,"[{'fixture': 61, 'stats': [{'identifier': 'minutes', 'points': 0, 'value': 0, 'points_modification': 0}]}]",False
609,7,2025-26,0,0,0,0,0,0,0,0,0,0,0,0,0,0.0,0.0,0.0,0.0,0,0,0,0,0,0.00,0.00,0.00,0.00,0,False,"[{'fixture': 61, 'stats': [{'identifier': 'minutes', 'points': 0, 'value': 0, 'points_modification': 0}]}]",False
610,7,2025-26,78,0,0,0,2,0,0,0,0,0,0,0,-3,7.2,1.4,2.0,1.1,6,0,0,6,1,0.00,0.01,0.01,2.60,1,False,"[{'fixture': 61, 'stats': [{'identifier': 'minutes', 'points': 2, 'value': 78, 'points_modification': 0}, {'identifier': 'goals_conceded', 'points': -1, 'value': 2, 'points_modification': 0}]}]",False
611,7,2025-26,0,0,0,0,0,0,0,0,0,0,0,0,0,0.0,0.0,0.0,0.0,0,0,0,0,0,0.00,0.00,0.00,0.00,0,False,"[{'fixture': 61, 'stats': [{'identifier': 'minutes', 'points': 0, 'value': 0, 'points_modification': 0}]}]",False
612,7,2025-26,90,0,0,0,2,0,0,0,1,0,0,0,19,21.6,31.8,4.0,5.7,3,3,5,11,1,0.01,0.34,0.35,2.77,1,False,"[{'fixture': 61, 'stats': [{'identifier': 'minutes', 'points': 2, 'value': 90, 'points_modification': 0}, {'identifier': 'yellow_cards', 'points': -1, 'value': 1, 'points_modification': 0}]}]",False
613,7,2025-26,0,0,0,0,0,0,0,0,0,0,0,0,0,0.0,0.0,0.0,0.0,0,0,0,0,0,0.00,0.00,0.00,0.00,0,False,"[{'fixture': 61, 'stats': [{'identifier': 'minutes', 'points': 0, 'value': 0, 'points_modification': 0}]}]",False
614,7,2025-26,0,0,0,0,0,0,0,0,0,0,0,0,0,0.0,0.0,0.0,0.0,0,0,0,0,0,0.00,0.00,0.00,0.00,0,False,"[{'fixture': 61, 'stats': [{'identifier': 'minutes', 'points': 0, 'value': 0, 'points_modification': 0}]}]",False
615,7,2025-26,90,0,0,0,2,0,0,0,1,0,0,0,7,8.8,3.9,5.0,1.8,5,4,2,11,1,0.02,0.01,0.03,2.77,1,False,"[{'fixture': 61, 'stats': [{'identifier': 'minutes', 'points': 2, 'value': 90, 'points_modification': 0}, {'identifier': 'yellow_cards', 'points': -1, 'value': 1, 'points_modification': 0}]}]",False
616,7,2025-26,0,0,0,0,0,0,0,0,0,0,0,0,0,0.0,0.0,0.0,0.0,0,0,0,0,0,0.00,0.00,0.00,0.00,0,False,"[{'fixture': 61, 'stats': [{'identifier': 'minutes', 'points': 0, 'value': 0, 'points_modification': 0}]}]",False
617,7,2025-26,0,0,0,0,0,0,0,0,0,0,0,0,0,0.0,0.0,0.0,0.0,0,0,0,0,0,0.00,0.00,0.00,0.00,0,False,"[{'fixture': 61, 'stats': [{'identifier': 'minutes', 'points': 0, 'value': 0, 'points_modification': 0}]}]",False
618,7,2025-26,0,0,0,0,0,0,0,0,0,0,0,0,0,0.0,0.0,0.0,0.0,0,0,0,0,0,0.00,0.00,0.00,0.00,0,False,"[{'fixture': 61, 'stats': [{'identifier': 'minutes', 'points': 0, 'value': 0, 'points_modification': 0}]}]",False
619,7,2025-26,0,0,0,0,0,0,0,0,0,0,0,0,0,0.0,0.0,0.0,0.0,0,0,0,0,0,0.00,0.00,0.00,0.00,0,False,"[{'fixture': 61, 'stats': [{'identifier': 'minutes', 'points': 0, 'value': 0, 'points_modification': 0}]}]",False
620,7,2025-26,0,0,0,0,0,0,0,0,0,0,0,0,0,0.0,0.0,0.0,0.0,0,0,0,0,0,0.00,0.00,0.00,0.00,0,False,"[{'fixture': 61, 'stats': [{'identifier': 'minutes', 'points': 0, 'value': 0, 'points_modification': 0}]}]",False
621,7,2025-26,0,0,0,0,0,0,0,0,0,0,0,0,0,0.0,0.0,0.0,0.0,0,0,0,0,0,0.00,0.00,0.00,0.00,0,False,"[{'fixture': 61, 'stats': [{'identifier': 'minutes', 'points': 0, 'value': 0, 'points_modification': 0}]}]",False
622,7,2025-26,0,0,0,0,0,0,0,0,0,0,0,0,0,0.0,0.0,0.0,0.0,0,0,0,0,0,0.00,0.00,0.00,0.00,0,False,"[{'fixture': 61, 'stats': [{'identifier': 'minutes', 'points': 0, 'value': 0, 'points_modification': 0}]}]",False
623,7,2025-26,29,0,0,0,1,0,0,0,0,0,0,0,3,1.6,0.2,0.0,0.2,1,0,0,1,0,0.00,0.00,0.00,0.96,1,False,"[{'fixture': 61, 'stats': [{'identifier': 'minutes', 'points': 1, 'value': 29, 'points_modification': 0}]}]",False
624,7,2025-26,90,0,0,0,2,0,0,0,0,0,0,0,7,5.8,10.8,4.0,2.1,4,3,0,7,1,0.00,0.01,0.01,2.77,2,False,"[{'fixture': 61, 'stats': [{'identifier': 'minutes', 'points': 2, 'value': 90, 'points_modification': 0}]}]",False
625,7,2025-26,60,0,0,0,1,0,0,0,0,0,0,0,1,0.0,0.4,9.0,0.7,1,2,0,3,1,0.33,0.00,0.33,1.81,2,False,"[{'fixture': 61, 'stats': [{'identifier': 'minutes', 'points': 2, 'value': 60, 'points_modification': 0}]}]",False
626,7,2025-26,29,0,0,0,1,0,0,0,0,0,0,0,-2,1.2,0.0,7.0,0.8,2,1,0,3,0,0.13,0.00,0.13,0.96,1,False,"[{'fixture': 61, 'stats': [{'identifier': 'minutes', 'points': 1, 'value': 29, 'points_modification': 0}]}]",False
627,7,2025-26,90,0,0,0,1,0,0,0,0,0,5,0,19,36.4,0.0,0.0,3.6,0,14,0,0,1,0.00,0.00,0.00,1.15,3,False,"[{'fixture': 70, 'stats': [{'identifier': 'minutes', 'points': 2, 'value': 90, 'points_modification': 0}, {'identifier': 'saves', 'points': 1, 'value': 5, 'points_modification': 0}]}]",False
628,7,2025-26,0,0,0,0,0,0,0,0,0,0,0,0,0,0.0,0.0,0.0,0.0,0,0,0,0,0,0.00,0.00,0.00,0.00,0,False,"[{'fixture': 70, 'stats': [{'identifier': 'minutes', 'points': 0, 'value': 0, 'points_modification': 0}]}]",False
629,7,2025-26,0,0,0,0,0,0,0,0,0,0,0,0,0,0.0,0.0,0.0,0.0,0,0,0,0,0,0.00,0.00,0.00,0.00,0,False,"[{'fixture': 70, 'stats': [{'identifier': 'minutes', 'points': 0, 'value': 0, 'points_modification': 0}]}]",False
630,7,2025-26,0,0,0,0,0,0,0,0,0,0,0,0,0,0.0,0.0,0.0,0.0,0,0,0,0,0,0.00,0.00,0.00,0.00,0,False,"[{'fixture': 66, 'stats': [{'identifier': 'minutes', 'points': 0, 'value': 0, 'points_modification': 0}]}]",False
631,7,2025-26,30,0,0,0,1,0,0,0,0,0,0,0,4,15.4,1.1,0.0,1.7,6,3,1,7,0,0.00,0.00,0.00,0.45,1,False,"[{'fixture': 70, 'stats': [{'identifier': 'minutes', 'points': 1, 'value': 30, 'points_modification': 0}]}]",False
632,7,2025-26,0,0,0,0,0,0,0,0,0,0,0,0,0,0.0,0.0,0.0,0.0,0,0,0,0,0,0.00,0.00,0.00,0.00,0,False,"[{'fixture': 70, 'stats': [{'identifier': 'minutes', 'points': 0, 'value': 0, 'points_modification': 0}]}]",False
633,7,2025-26,76,0,0,1,0,0,0,0,0,0,0,2,23,16.6,25.2,0.0,4.2,2,1,2,4,1,0.00,0.20,0.20,0.94,8,False,"[{'fixture': 70, 'stats': [{'identifier': 'minutes', 'points': 2, 'value': 76, 'points_modification': 0}, {'identifier': 'clean_sheets', 'points': 4, 'value': 1, 'points_modification': 0}, {'identifier': 'bonus', 'points': 2, 'value': 2, 'points_modification': 0}]}]",False
634,7,2025-26,1,0,0,0,0,0,0,0,0,0,0,0,4,1.0,0.0,0.0,0.1,1,0,0,1,0,0.00,0.00,0.00,0.00,1,False,"[{'fixture': 70, 'stats': [{'identifier': 'minutes', 'points': 1, 'value': 1, 'points_modification': 0}]}]",False
635,7,2025-26,0,0,0,0,0,0,0,0,0,0,0,0,0,0.0,0.0,0.0,0.0,0,0,0,0,0,0.00,0.00,0.00,0.00,0,False,"[{'fixture': 70, 'stats': [{'identifier': 'minutes', 'points': 0, 'value': 0, 'points_modification': 0}]}]",False
636,7,2025-26,90,0,0,0,1,0,0,0,1,0,0,0,4,9.2,0.7,0.0,1.0,4,2,2,6,1,0.00,0.01,0.01,1.15,1,False,"[{'fixture': 70, 'stats': [{'identifier': 'minutes', 'points': 2, 'value': 90, 'points_modification': 0}, {'identifier': 'yellow_cards', 'points': -1, 'value': 1, 'points_modification': 0}]}]",False
637,7,2025-26,0,0,0,0,0,0,0,0,0,0,0,0,0,0.0,0.0,0.0,0.0,0,0,0,0,0,0.00,0.00,0.00,0.00,0,False,"[{'fixture': 70, 'stats': [{'identifier': 'minutes', 'points': 0, 'value': 0, 'points_modification': 0}]}]",False
638,7,2025-26,0,0,0,0,0,0,0,0,0,0,0,0,0,0.0,0.0,0.0,0.0,0,0,0,0,0,0.00,0.00,0.00,0.00,0,False,"[{'fixture': 70, 'stats': [{'identifier': 'minutes', 'points': 0, 'value': 0, 'points_modification': 0}]}]",False
639,7,2025-26,0,0,0,0,0,0,0,0,0,0,0,0,0,0.0,0.0,0.0,0.0,0,0,0,0,0,0.00,0.00,0.00,0.00,0,False,"[{'fixture': 70, 'stats': [{'identifier': 'minutes', 'points': 0, 'value': 0, 'points_modification': 0}]}]",False
640,7,2025-26,0,0,0,0,0,0,0,0,0,0,0,0,0,0.0,0.0,0.0,0.0,0,0,0,0,0,0.00,0.00,0.00,0.00,0,False,"[{'fixture': 70, 'stats': [{'identifier': 'minutes', 'points': 0, 'value': 0, 'points_modification': 0}]}]",False
641,7,2025-26,0,0,0,0,0,0,0,0,0,0,0,0,0,0.0,0.0,0.0,0.0,0,0,0,0,0,0.00,0.00,0.00,0.00,0,False,"[{'fixture': 70, 'stats': [{'identifier': 'minutes', 'points': 0, 'value': 0, 'points_modification': 0}]}]",False
642,7,2025-26,59,0,0,0,0,0,0,0,0,0,0,0,5,6.0,5.0,3.0,1.4,2,1,2,5,1,0.07,0.07,0.14,0.71,1,False,"[{'fixture': 70, 'stats': [{'identifier': 'minutes', 'points': 1, 'value': 59, 'points_modification': 0}]}]",False
643,7,2025-26,90,0,0,0,1,0,0,0,1,0,0,0,9,9.6,3.1,0.0,1.3,2,9,3,14,1,0.00,0.02,0.02,1.15,3,False,"[{'fixture': 70, 'stats': [{'identifier': 'minutes', 'points': 2, 'value': 90, 'points_modification': 0}, {'identifier': 'yellow_cards', 'points': -1, 'value': 1, 'points_modification': 0}, {'identifier': 'defensive_contribution', 'points': 2, 'value': 14, 'points_modification': 0}]}]",False
644,7,2025-26,14,0,0,0,1,0,0,0,0,0,0,0,4,1.0,0.3,0.0,0.1,0,0,0,0,0,0.00,0.01,0.01,0.21,1,False,"[{'fixture': 70, 'stats': [{'identifier': 'minutes', 'points': 1, 'value': 14, 'points_modification': 0}]}]",False
645,7,2025-26,0,0,0,0,0,0,0,0,0,0,0,0,0,0.0,0.0,0.0,0.0,0,0,0,0,0,0.00,0.00,0.00,0.00,0,False,"[{'fixture': 70, 'stats': [{'identifier': 'minutes', 'points': 0, 'value': 0, 'points_modification': 0}]}]",False
646,7,2025-26,90,0,0,0,1,0,0,0,0,0,0,0,15,17.6,13.8,4.0,3.5,5,4,4,13,1,0.00,0.00,0.00,1.15,4,False,"[{'fixture': 70, 'stats': [{'identifier': 'minutes', 'points': 2, 'value': 90, 'points_modification': 0}, {'identifier': 'defensive_contribution', 'points': 2, 'value': 13, 'points_modification': 0}]}]",False
647,7,2025-26,0,0,0,0,0,0,0,0,0,0,0,0,0,0.0,0.0,0.0,0.0,0,0,0,0,0,0.00,0.00,0.00,0.00,0,False,"[{'fixture': 70, 'stats': [{'identifier': 'minutes', 'points': 0, 'value': 0, 'points_modification': 0}]}]",False
648,7,2025-26,90,0,1,0,1,0,0,0,0,0,0,0,19,11.2,0.6,17.0,2.9,3,2,2,7,1,0.09,0.01,0.10,1.15,5,False,"[{'fixture': 70, 'stats': [{'identifier': 'minutes', 'points': 2, 'value': 90, 'points_modification': 0}, {'identifier': 'assists', 'points': 3, 'value': 1, 'points_modification': 0}]}]",False
649,7,2025-26,0,0,0,0,0,0,0,0,0,0,0,0,0,0.0,0.0,0.0,0.0,0,0,0,0,0,0.00,0.00,0.00,0.00,0,False,"[{'fixture': 70, 'stats': [{'identifier': 'minutes', 'points': 0, 'value': 0, 'points_modification': 0}]}]",False
650,7,2025-26,0,0,0,0,0,0,0,0,0,0,0,0,0,0.0,0.0,0.0,0.0,0,0,0,0,0,0.00,0.00,0.00,0.00,0,False,"[{'fixture': 70, 'stats': [{'identifier': 'minutes', 'points': 0, 'value': 0, 'points_modification': 0}]}]",False
651,7,2025-26,0,0,0,0,0,0,0,0,0,0,0,0,0,0.0,0.0,0.0,0.0,0,0,0,0,0,0.00,0.00,0.00,0.00,0,False,"[{'fixture': 70, 'stats': [{'identifier': 'minutes', 'points': 0, 'value': 0, 'points_modification': 0}]}]",False
652,7,2025-26,0,0,0,0,0,0,0,0,0,0,0,0,0,0.0,0.0,0.0,0.0,0,0,0,0,0,0.00,0.00,0.00,0.00,0,False,"[{'fixture': 70, 'stats': [{'identifier': 'minutes', 'points': 0, 'value': 0, 'points_modification': 0}]}]",False
653,7,2025-26,0,0,0,0,0,0,0,0,0,0,0,0,0,0.0,0.0,0.0,0.0,0,0,0,0,0,0.00,0.00,0.00,0.00,0,False,"[{'fixture': 70, 'stats': [{'identifier': 'minutes', 'points': 0, 'value': 0, 'points_modification': 0}]}]",False
654,7,2025-26,76,0,0,1,0,0,0,0,0,0,0,0,3,0.2,1.8,4.0,0.6,2,2,0,4,1,0.05,0.01,0.06,0.94,2,False,"[{'fixture': 70, 'stats': [{'identifier': 'minutes', 'points': 2, 'value': 76, 'points_modification': 0}]}]",False
655,7,2025-26,0,0,0,0,0,0,0,0,0,0,0,0,0,0.0,0.0,0.0,0.0,0,0,0,0,0,0.00,0.00,0.00,0.00,0,False,"[{'fixture': 70, 'stats': [{'identifier': 'minutes', 'points': 0, 'value': 0, 'points_modification': 0}]}]",False
656,7,2025-26,0,0,0,0,0,0,0,0,0,0,0,0,0,0.0,0.0,0.0,0.0,0,0,0,0,0,0.00,0.00,0.00,0.00,0,False,"[{'fixture': 70, 'stats': [{'identifier': 'minutes', 'points': 0, 'value': 0, 'points_modification': 0}]}]",False
657,7,2025-26,0,0,0,0,0,0,0,0,0,0,0,0,0,0.0,0.0,0.0,0.0,0,0,0,0,0,0.00,0.00,0.00,0.00,0,False,"[{'fixture': 70, 'stats': [{'identifier': 'minutes', 'points': 0, 'value': 0, 'points_modification': 0}]}]",False
658,7,2025-26,0,0,0,0,0,0,0,0,0,0,0,0,0,0.0,0.0,0.0,0.0,0,0,0,0,0,0.00,0.00,0.00,0.00,0,False,"[{'fixture': 70, 'stats': [{'identifier': 'minutes', 'points': 0, 'value': 0, 'points_modification': 0}]}]",False
659,7,2025-26,11,0,0,0,0,0,0,0,0,0,0,0,2,5.2,0.3,0.0,0.6,0,1,2,2,0,0.00,0.00,0.00,0.18,1,False,"[{'fixture': 61, 'stats': [{'identifier': 'minutes', 'points': 1, 'value': 11, 'points_modification': 0}]}]",False
660,7,2025-26,66,0,0,0,2,0,0,0,0,0,0,0,13,11.2,17.3,4.0,3.3,1,5,2,8,1,0.04,0.03,0.07,0.50,2,False,"[{'fixture': 67, 'stats': [{'identifier': 'minutes', 'points': 2, 'value': 66, 'points_modification': 0}]}]",False
661,7,2025-26,16,0,0,0,1,0,0,0,0,0,0,0,3,3.6,0.7,5.0,0.9,1,1,1,3,0,0.14,0.02,0.16,0.83,1,False,"[{'fixture': 65, 'stats': [{'identifier': 'minutes', 'points': 1, 'value': 16, 'points_modification': 0}]}]",False
662,7,2025-26,0,0,0,0,0,0,0,0,0,0,0,0,0,0.0,0.0,0.0,0.0,0,0,0,0,0,0.00,0.00,0.00,0.00,0,False,"[{'fixture': 61, 'stats': [{'identifier': 'minutes', 'points': 0, 'value': 0, 'points_modification': 0}]}]",False
663,7,2025-26,90,0,0,0,1,0,0,0,0,0,0,1,22,15.6,18.8,13.0,4.7,2,4,4,10,1,0.33,0.02,0.35,1.15,3,False,"[{'fixture': 70, 'stats': [{'identifier': 'minutes', 'points': 2, 'value': 90, 'points_modification': 0}, {'identifier': 'bonus', 'points': 1, 'value': 1, 'points_modification': 0}]}]",False
664,7,2025-26,0,0,0,0,0,0,0,0,0,0,0,0,0,0.0,0.0,0.0,0.0,0,0,0,0,0,0.00,0.00,0.00,0.00,0,False,"[{'fixture': 63, 'stats': [{'identifier': 'minutes', 'points': 0, 'value': 0, 'points_modification': 0}]}]",False
665,7,2025-26,0,0,0,0,0,0,0,0,0,0,0,0,0,0.0,0.0,0.0,0.0,0,0,0,0,0,0.00,0.00,0.00,0.00,0,False,"[{'fixture': 67, 'stats': [{'identifier': 'minutes', 'points': 0, 'value': 0, 'points_modification': 0}]}]",False
666,7,2025-26,90,0,0,1,0,0,0,0,0,0,0,0,-1,1.4,1.3,52.0,5.5,0,1,0,1,1,0.63,0.05,0.68,0.49,2,False,"[{'fixture': 61, 'stats': [{'identifier': 'minutes', 'points': 2, 'value': 90, 'points_modification': 0}]}]",False
667,7,2025-26,0,0,0,0,0,0,0,0,0,0,0,0,0,0.0,0.0,0.0,0.0,0,0,0,0,0,0.00,0.00,0.00,0.00,0,False,"[{'fixture': 66, 'stats': [{'identifier': 'minutes', 'points': 0, 'value': 0, 'points_modification': 0}]}]",False
668,7,2025-26,90,0,0,0,2,0,0,0,1,0,0,0,18,19.0,20.3,7.0,4.6,5,8,0,13,1,0.02,0.09,0.11,1.84,3,False,"[{'fixture': 68, 'stats': [{'identifier': 'minutes', 'points': 2, 'value': 90, 'points_modification': 0}, {'identifier': 'yellow_cards', 'points': -1, 'value': 1, 'points_modification': 0}, {'identifier': 'defensive_contribution', 'points': 2, 'value': 13, 'points_modification': 0}]}]",False
669,7,2025-26,64,0,0,0,1,0,0,0,0,0,0,0,11,8.8,25.1,2.0,3.6,1,5,1,7,1,0.00,0.06,0.06,1.03,2,False,"[{'fixture': 69, 'stats': [{'identifier': 'minutes', 'points': 2, 'value': 64, 'points_modification': 0}]}]",False
670,7,2025-26,90,0,0,0,2,0,0,0,0,0,4,0,12,28.4,0.0,0.0,2.8,0,14,0,0,1,0.00,0.00,0.00,1.84,2,False,"[{'fixture': 68, 'stats': [{'identifier': 'minutes', 'points': 2, 'value': 90, 'points_modification': 0}, {'identifier': 'goals_conceded', 'points': -1, 'value': 2, 'points_modification': 0}, {'identifier': 'saves', 'points': 1, 'value': 4, 'points_modification': 0}]}]",False
671,7,2025-26,0,0,0,0,0,0,0,0,0,0,0,0,0,0.0,0.0,0.0,0.0,0,0,0,0,0,0.00,0.00,0.00,0.00,0,False,"[{'fixture': 61, 'stats': [{'identifier': 'minutes', 'points': 0, 'value': 0, 'points_modification': 0}]}]",False
672,7,2025-26,22,0,0,0,0,0,0,0,0,0,0,0,6,10.8,0.4,2.0,1.3,3,0,1,4,0,0.00,0.00,0.00,0.47,1,False,"[{'fixture': 65, 'stats': [{'identifier': 'minutes', 'points': 1, 'value': 22, 'points_modification': 0}]}]",False
673,7,2025-26,90,0,0,0,1,0,0,0,1,0,0,0,6,7.6,2.8,5.0,1.5,4,1,2,7,1,0.10,0.01,0.11,1.68,1,False,"[{'fixture': 67, 'stats': [{'identifier': 'minutes', 'points': 2, 'value': 90, 'points_modification': 0}, {'identifier': 'yellow_cards', 'points': -1, 'value': 1, 'points_modification': 0}]}]",False
674,7,2025-26,0,0,0,0,0,0,0,0,0,0,0,0,0,0.0,0.0,0.0,0.0,0,0,0,0,0,0.00,0.00,0.00,0.00,0,False,"[{'fixture': 69, 'stats': [{'identifier': 'minutes', 'points': 0, 'value': 0, 'points_modification': 0}]}]",False
675,7,2025-26,0,0,0,0,0,0,0,0,0,0,0,0,0,0.0,0.0,0.0,0.0,0,0,0,0,0,0.00,0.00,0.00,0.00,0,False,"[{'fixture': 69, 'stats': [{'identifier': 'minutes', 'points': 0, 'value': 0, 'points_modification': 0}]}]",False
676,7,2025-26,21,1,0,0,0,0,0,0,0,0,0,1,26,38.2,1.9,21.0,6.1,0,0,3,3,0,0.23,0.00,0.23,0.26,7,False,"[{'fixture': 62, 'stats': [{'identifier': 'minutes', 'points': 1, 'value': 21, 'points_modification': 0}, {'identifier': 'goals_scored', 'points': 5, 'value': 1, 'points_modification': 0}, {'identifier': 'bonus', 'points': 1, 'value': 1, 'points_modification': 0}]}]",False
677,7,2025-26,23,0,0,0,1,0,0,0,0,0,0,0,3,5.0,0.8,6.0,1.2,0,2,2,4,0,0.00,0.17,0.17,0.33,1,False,"[{'fixture': 62, 'stats': [{'identifier': 'minutes', 'points': 1, 'value': 23, 'points_modification': 0}]}]",False
678,7,2025-26,57,0,0,0,2,0,0,0,0,0,0,0,-2,11.0,15.2,0.0,2.6,2,2,2,4,1,0.00,0.07,0.07,1.39,0,False,"[{'fixture': 68, 'stats': [{'identifier': 'minutes', 'points': 1, 'value': 57, 'points_modification': 0}, {'identifier': 'goals_conceded', 'points': -1, 'value': 2, 'points_modification': 0}]}]",False
679,7,2025-26,0,0,0,0,0,0,0,0,0,0,0,0,0,0.0,0.0,0.0,0.0,0,0,0,0,0,0.00,0.00,0.00,0.00,0,False,"[{'fixture': 61, 'stats': [{'identifier': 'minutes', 'points': 0, 'value': 0, 'points_modification': 0}]}]",False
680,7,2025-26,31,0,0,0,1,0,0,0,0,0,0,0,1,4.2,0.3,0.0,0.5,0,0,2,2,0,0.00,0.00,0.00,0.39,1,False,"[{'fixture': 62, 'stats': [{'identifier': 'minutes', 'points': 1, 'value': 31, 'points_modification': 0}]}]",False
681,7,2025-26,90,1,0,1,0,0,0,0,0,0,0,3,33,46.6,20.9,39.0,10.7,3,3,3,9,1,0.29,0.01,0.30,0.71,9,True,"[{'fixture': 68, 'stats': [{'identifier': 'minutes', 'points': 2, 'value': 90, 'points_modification': 0}, {'identifier': 'goals_scored', 'points': 4, 'value': 1, 'points_modification': 0}, {'identifier': 'bonus', 'points': 3, 'value': 3, 'points_modification': 0}]}]",False
682,7,2025-26,13,0,0,0,1,0,0,0,0,0,0,0,-1,2.2,0.3,0.0,0.3,1,0,0,1,0,0.00,0.00,0.00,0.21,1,False,"[{'fixture': 70, 'stats': [{'identifier': 'minutes', 'points': 1, 'value': 13, 'points_modification': 0}]}]",False
683,7,2025-26,90,0,0,0,2,0,0,0,1,0,0,0,2,15.0,2.3,0.0,1.7,4,2,1,5,1,0.00,0.01,0.01,1.84,0,False,"[{'fixture': 68, 'stats': [{'identifier': 'minutes', 'points': 2, 'value': 90, 'points_modification': 0}, {'identifier': 'goals_conceded', 'points': -1, 'value': 2, 'points_modification': 0}, {'identifier': 'yellow_cards', 'points': -1, 'value': 1, 'points_modification': 0}]}]",False
684,7,2025-26,90,0,0,1,0,0,0,0,0,0,0,2,32,14.8,10.9,25.0,5.1,5,7,1,6,1,0.58,0.01,0.59,0.29,8,False,"[{'fixture': 69, 'stats': [{'identifier': 'minutes', 'points': 2, 'value': 90, 'points_modification': 0}, {'identifier': 'clean_sheets', 'points': 4, 'value': 1, 'points_modification': 0}, {'identifier': 'bonus', 'points': 2, 'value': 2, 'points_modification': 0}]}]",False
685,7,2025-26,90,0,0,0,1,0,0,0,0,0,0,0,11,23.2,1.4,4.0,2.9,8,4,0,8,1,0.00,0.02,0.02,0.88,2,False,"[{'fixture': 63, 'stats': [{'identifier': 'minutes', 'points': 2, 'value': 90, 'points_modification': 0}]}]",False
686,7,2025-26,0,0,0,0,0,0,0,0,0,0,0,0,0,0.0,0.0,0.0,0.0,0,0,0,0,0,0.00,0.00,0.00,0.00,0,False,"[{'fixture': 65, 'stats': [{'identifier': 'minutes', 'points': 0, 'value': 0, 'points_modification': 0}]}]",False
687,7,2025-26,0,0,0,0,0,0,0,0,0,0,0,0,0,0.0,0.0,0.0,0.0,0,0,0,0,0,0.00,0.00,0.00,0.00,0,False,"[{'fixture': 63, 'stats': [{'identifier': 'minutes', 'points': 0, 'value': 0, 'points_modification': 0}]}]",False
688,7,2025-26,0,0,0,0,0,0,0,0,0,0,0,0,0,0.0,0.0,0.0,0.0,0,0,0,0,0,0.00,0.00,0.00,0.00,0,False,"[{'fixture': 62, 'stats': [{'identifier': 'minutes', 'points': 0, 'value': 0, 'points_modification': 0}]}]",False
689,7,2025-26,0,0,0,0,0,0,0,0,0,0,0,0,0,0.0,0.0,0.0,0.0,0,0,0,0,0,0.00,0.00,0.00,0.00,0,False,"[{'fixture': 69, 'stats': [{'identifier': 'minutes', 'points': 0, 'value': 0, 'points_modification': 0}]}]",False
690,7,2025-26,0,0,0,0,0,0,0,0,0,0,0,0,0,0.0,0.0,0.0,0.0,0,0,0,0,0,0.00,0.00,0.00,0.00,0,False,"[{'fixture': 66, 'stats': [{'identifier': 'minutes', 'points': 0, 'value': 0, 'points_modification': 0}]}]",False
691,7,2025-26,90,0,0,0,2,0,0,0,0,0,0,0,1,6.8,38.3,27.0,7.2,1,2,0,3,1,0.15,0.32,0.47,0.53,2,False,"[{'fixture': 67, 'stats': [{'identifier': 'minutes', 'points': 2, 'value': 90, 'points_modification': 0}]}]",False
692,7,2025-26,0,0,0,0,0,0,0,0,0,0,0,0,0,0.0,0.0,0.0,0.0,0,0,0,0,0,0.00,0.00,0.00,0.00,0,False,"[{'fixture': 65, 'stats': [{'identifier': 'minutes', 'points': 0, 'value': 0, 'points_modification': 0}]}]",False
693,7,2025-26,25,0,0,0,1,0,0,0,0,0,0,0,0,0.4,3.5,4.0,0.8,0,1,0,1,0,0.00,0.01,0.01,2.25,1,False,"[{'fixture': 69, 'stats': [{'identifier': 'minutes', 'points': 1, 'value': 25, 'points_modification': 0}]}]",False
694,7,2025-26,90,0,0,0,2,0,0,0,0,0,0,0,13,23.2,1.6,2.0,2.7,6,6,6,12,1,0.00,0.01,0.01,1.84,3,False,"[{'fixture': 68, 'stats': [{'identifier': 'minutes', 'points': 2, 'value': 90, 'points_modification': 0}, {'identifier': 'goals_conceded', 'points': -1, 'value': 2, 'points_modification': 0}, {'identifier': 'defensive_contribution', 'points': 2, 'value': 12, 'points_modification': 0}]}]",False
695,7,2025-26,90,0,0,0,1,0,0,0,0,0,0,0,8,19.0,1.0,0.0,2.0,7,8,3,10,1,0.00,0.00,0.00,1.15,4,False,"[{'fixture': 70, 'stats': [{'identifier': 'minutes', 'points': 2, 'value': 90, 'points_modification': 0}, {'identifier': 'defensive_contribution', 'points': 2, 'value': 10, 'points_modification': 0}]}]",False
696,7,2025-26,0,0,0,0,0,0,0,0,0,0,0,0,0,0.0,0.0,0.0,0.0,0,0,0,0,0,0.00,0.00,0.00,0.00,0,False,"[{'fixture': 69, 'stats': [{'identifier': 'minutes', 'points': 0, 'value': 0, 'points_modification': 0}]}]",False
697,7,2025-26,0,0,0,0,0,0,0,0,0,0,0,0,0,0.0,0.0,0.0,0.0,0,0,0,0,0,0.00,0.00,0.00,0.00,0,False,"[{'fixture': 63, 'stats': [{'identifier': 'minutes', 'points': 0, 'value': 0, 'points_modification': 0}]}]",False
698,7,2025-26,78,1,0,0,2,0,0,0,1,0,0,2,28,39.8,21.8,33.0,9.5,0,2,2,4,1,0.77,0.04,0.81,0.50,8,False,"[{'fixture': 67, 'stats': [{'identifier': 'minutes', 'points': 2, 'value': 78, 'points_modification': 0}, {'identifier': 'goals_scored', 'points': 5, 'value': 1, 'points_modification': 0}, {'identifier': 'yellow_cards', 'points': -1, 'value': 1, 'points_modification': 0}, {'identifier': 'bonus', 'points': 2, 'value': 2, 'points_modification': 0}]}]",False
699,7,2025-26,0,0,0,0,0,0,0,0,0,0,0,0,0,0.0,0.0,0.0,0.0,0,0,0,0,0,0.00,0.00,0.00,0.00,0,False,"[{'fixture': 69, 'stats': [{'identifier': 'minutes', 'points': 0, 'value': 0, 'points_modification': 0}]}]",False
700,7,2025-26,0,0,0,0,0,0,0,0,0,0,0,0,0,0.0,0.0,0.0,0.0,0,0,0,0,0,0.00,0.00,0.00,0.00,0,False,"[{'fixture': 61, 'stats': [{'identifier': 'minutes', 'points': 0, 'value': 0, 'points_modification': 0}]}]",False
701,7,2025-26,0,0,0,0,0,0,0,0,0,0,0,0,0,0.0,0.0,0.0,0.0,0,0,0,0,0,0.00,0.00,0.00,0.00,0,False,"[{'fixture': 62, 'stats': [{'identifier': 'minutes', 'points': 0, 'value': 0, 'points_modification': 0}]}]",False
702,7,2025-26,0,0,0,0,0,0,0,0,0,0,0,0,0,0.0,0.0,0.0,0.0,0,0,0,0,0,0.00,0.00,0.00,0.00,0,False,"[{'fixture': 62, 'stats': [{'identifier': 'minutes', 'points': 0, 'value': 0, 'points_modification': 0}]}]",False
703,7,2025-26,0,0,0,0,0,0,0,0,0,0,0,0,0,0.0,0.0,0.0,0.0,0,0,0,0,0,0.00,0.00,0.00,0.00,0,False,"[{'fixture': 62, 'stats': [{'identifier': 'minutes', 'points': 0, 'value': 0, 'points_modification': 0}]}]",False
704,7,2025-26,0,0,0,0,0,0,0,0,0,0,0,0,0,0.0,0.0,0.0,0.0,0,0,0,0,0,0.00,0.00,0.00,0.00,0,False,"[{'fixture': 66, 'stats': [{'identifier': 'minutes', 'points': 0, 'value': 0, 'points_modification': 0}]}]",False
705,7,2025-26,0,0,0,0,0,0,0,0,0,0,0,0,0,0.0,0.0,0.0,0.0,0,0,0,0,0,0.00,0.00,0.00,0.00,0,False,"[{'fixture': 66, 'stats': [{'identifier': 'minutes', 'points': 0, 'value': 0, 'points_modification': 0}]}]",False
706,7,2025-26,1,0,0,0,0,0,0,0,0,0,0,0,4,0.2,0.0,2.0,0.2,0,3,0,0,0,0.00,0.00,0.00,0.00,1,False,"[{'fixture': 67, 'stats': [{'identifier': 'minutes', 'points': 1, 'value': 1, 'points_modification': 0}]}]",False
707,7,2025-26,45,0,0,0,1,0,0,0,0,0,0,0,1,0.0,0.3,2.0,0.2,0,2,1,3,1,0.00,0.00,0.00,0.63,1,False,"[{'fixture': 66, 'stats': [{'identifier': 'minutes', 'points': 1, 'value': 45, 'points_modification': 0}]}]",False
708,7,2025-26,90,0,0,0,2,0,0,0,0,0,0,0,14,17.4,2.1,0.0,2.0,1,4,7,12,1,0.00,0.01,0.01,2.77,4,False,"[{'fixture': 61, 'stats': [{'identifier': 'minutes', 'points': 2, 'value': 90, 'points_modification': 0}, {'identifier': 'defensive_contribution', 'points': 2, 'value': 12, 'points_modification': 0}]}]",False
709,7,2025-26,90,0,0,0,1,0,0,0,0,0,0,0,15,21.0,1.2,19.0,4.1,5,2,3,8,1,0.01,0.01,0.02,1.15,2,False,"[{'fixture': 70, 'stats': [{'identifier': 'minutes', 'points': 2, 'value': 90, 'points_modification': 0}]}]",False
710,7,2025-26,0,0,0,0,0,0,0,0,0,0,0,0,0,0.0,0.0,0.0,0.0,0,0,0,0,0,0.00,0.00,0.00,0.00,0,False,"[{'fixture': 62, 'stats': [{'identifier': 'minutes', 'points': 0, 'value': 0, 'points_modification': 0}]}]",False
711,7,2025-26,0,0,0,0,0,0,0,0,0,0,0,0,0,0.0,0.0,0.0,0.0,0,0,0,0,0,0.00,0.00,0.00,0.00,0,False,"[{'fixture': 61, 'stats': [{'identifier': 'minutes', 'points': 0, 'value': 0, 'points_modification': 0}]}]",False
712,7,2025-26,87,0,0,0,1,0,0,0,1,0,0,0,14,17.4,26.6,11.0,5.5,1,3,4,8,1,0.06,0.20,0.26,1.29,1,False,"[{'fixture': 66, 'stats': [{'identifier': 'minutes', 'points': 2, 'value': 87, 'points_modification': 0}, {'identifier': 'yellow_cards', 'points': -1, 'value': 1, 'points_modification': 0}]}]",False
713,7,2025-26,29,0,0,0,1,0,0,0,0,0,0,0,0,3.6,0.9,2.0,0.7,1,0,0,1,0,0.00,0.00,0.00,0.69,1,False,"[{'fixture': 63, 'stats': [{'identifier': 'minutes', 'points': 1, 'value': 29, 'points_modification': 0}]}]",False
714,7,2025-26,90,1,0,1,0,0,0,0,0,0,0,0,18,36.2,16.3,31.0,8.4,0,4,2,6,1,1.37,0.08,1.45,0.29,6,False,"[{'fixture': 69, 'stats': [{'identifier': 'minutes', 'points': 2, 'value': 90, 'points_modification': 0}, {'identifier': 'goals_scored', 'points': 4, 'value': 1, 'points_modification': 0}]}]",False
715,7,2025-26,0,0,0,0,0,0,0,0,0,0,0,0,0,0.0,0.0,0.0,0.0,0,0,0,0,0,0.00,0.00,0.00,0.00,0,False,"[{'fixture': 69, 'stats': [{'identifier': 'minutes', 'points': 0, 'value': 0, 'points_modification': 0}]}]",False
716,7,2025-26,90,0,0,0,2,0,0,0,0,0,0,0,1,9.4,2.3,0.0,1.2,3,6,0,3,1,0.00,0.04,0.04,3.28,1,False,"[{'fixture': 69, 'stats': [{'identifier': 'minutes', 'points': 2, 'value': 90, 'points_modification': 0}, {'identifier': 'goals_conceded', 'points': -1, 'value': 2, 'points_modification': 0}]}]",False
717,7,2025-26,73,0,0,0,1,0,0,0,0,0,0,0,6,5.0,25.3,2.0,3.2,0,3,0,3,1,0.00,0.17,0.17,1.41,2,False,"[{'fixture': 67, 'stats': [{'identifier': 'minutes', 'points': 2, 'value': 73, 'points_modification': 0}]}]",False
718,7,2025-26,60,0,0,0,1,0,0,0,0,0,0,0,7,10.4,1.2,0.0,1.2,4,0,1,5,1,0.00,0.00,0.00,1.81,2,False,"[{'fixture': 61, 'stats': [{'identifier': 'minutes', 'points': 2, 'value': 60, 'points_modification': 0}]}]",False
719,7,2025-26,6,0,0,0,0,0,0,0,0,0,0,0,3,2.4,0.1,0.0,0.3,1,0,0,1,0,0.00,0.00,0.00,0.03,1,False,"[{'fixture': 62, 'stats': [{'identifier': 'minutes', 'points': 1, 'value': 6, 'points_modification': 0}]}]",False
720,7,2025-26,1,0,0,0,0,0,0,0,0,0,0,0,4,0.0,0.0,0.0,0.0,0,0,0,0,0,0.00,0.00,0.00,0.00,1,False,"[{'fixture': 70, 'stats': [{'identifier': 'minutes', 'points': 1, 'value': 1, 'points_modification': 0}]}]",False
721,7,2025-26,5,0,0,0,0,0,0,0,0,0,0,0,3,0.4,0.0,0.0,0.0,0,0,0,0,0,0.00,0.00,0.00,0.24,1,False,"[{'fixture': 63, 'stats': [{'identifier': 'minutes', 'points': 1, 'value': 5, 'points_modification': 0}]}]",False
722,7,2025-26,90,0,0,0,2,0,0,0,0,0,0,0,19,20.2,12.6,0.0,3.3,3,4,5,12,1,0.00,0.02,0.02,1.37,4,False,"[{'fixture': 62, 'stats': [{'identifier': 'minutes', 'points': 2, 'value': 90, 'points_modification': 0}, {'identifier': 'defensive_contribution', 'points': 2, 'value': 12, 'points_modification': 0}]}]",False
723,7,2025-26,0,0,0,0,0,0,0,0,0,0,0,0,0,0.0,0.0,0.0,0.0,0,0,0,0,0,0.00,0.00,0.00,0.00,0,False,"[{'fixture': 66, 'stats': [{'identifier': 'minutes', 'points': 0, 'value': 0, 'points_modification': 0}]}]",False
724,7,2025-26,11,0,0,0,0,0,0,0,0,0,0,0,7,4.2,0.0,0.0,0.4,0,0,2,2,0,0.00,0.00,0.00,0.39,1,False,"[{'fixture': 68, 'stats': [{'identifier': 'minutes', 'points': 1, 'value': 11, 'points_modification': 0}]}]",False
725,7,2025-26,0,0,0,0,0,0,0,0,0,0,0,0,0,0.0,0.0,0.0,0.0,0,0,0,0,0,0.00,0.00,0.00,0.00,0,False,"[{'fixture': 61, 'stats': [{'identifier': 'minutes', 'points': 0, 'value': 0, 'points_modification': 0}]}]",False
726,7,2025-26,0,0,0,0,0,0,0,0,0,0,0,0,0,0.0,0.0,0.0,0.0,0,0,0,0,0,0.00,0.00,0.00,0.00,0,False,"[{'fixture': 67, 'stats': [{'identifier': 'minutes', 'points': 0, 'value': 0, 'points_modification': 0}]}]",False
727,7,2025-26,23,0,1,0,3,0,0,0,0,0,0,0,17,20.6,24.9,2.0,4.8,0,2,0,2,0,0.00,0.39,0.39,0.67,4,False,"[{'fixture': 63, 'stats': [{'identifier': 'minutes', 'points': 1, 'value': 23, 'points_modification': 0}, {'identifier': 'assists', 'points': 3, 'value': 1, 'points_modification': 0}]}]",False
728,7,2025-26,0,0,0,0,0,0,0,0,0,0,0,0,0,0.0,0.0,0.0,0.0,0,0,0,0,0,0.00,0.00,0.00,0.00,0,False,"[{'fixture': 66, 'stats': [{'identifier': 'minutes', 'points': 0, 'value': 0, 'points_modification': 0}]}]",False
729,7,2025-26,0,0,0,0,0,0,0,0,0,0,0,0,0,0.0,0.0,0.0,0.0,0,0,0,0,0,0.00,0.00,0.00,0.00,0,False,"[{'fixture': 69, 'stats': [{'identifier': 'minutes', 'points': 0, 'value': 0, 'points_modification': 0}]}]",False
730,7,2025-26,31,0,0,0,0,0,0,0,0,0,0,0,4,0.0,0.0,0.0,0.0,0,1,0,1,0,0.00,0.00,0.00,0.45,1,False,"[{'fixture': 68, 'stats': [{'identifier': 'minutes', 'points': 1, 'value': 31, 'points_modification': 0}]}]",False
731,7,2025-26,23,0,0,0,3,0,0,0,0,0,0,0,6,7.2,5.6,7.0,2.0,1,1,0,2,0,0.04,0.01,0.05,0.67,1,False,"[{'fixture': 63, 'stats': [{'identifier': 'minutes', 'points': 1, 'value': 23, 'points_modification': 0}]}]",False
732,7,2025-26,1,0,0,0,1,0,0,0,0,0,0,0,3,0.0,0.0,0.0,0.0,0,0,0,0,0,0.00,0.00,0.00,0.73,1,False,"[{'fixture': 66, 'stats': [{'identifier': 'minutes', 'points': 1, 'value': 1, 'points_modification': 0}]}]",False
733,7,2025-26,90,0,0,1,0,0,0,0,0,0,3,2,29,24.2,0.0,0.0,2.4,1,11,0,0,1,0.00,0.00,0.00,0.71,9,True,"[{'fixture': 68, 'stats': [{'identifier': 'minutes', 'points': 2, 'value': 90, 'points_modification': 0}, {'identifier': 'clean_sheets', 'points': 4, 'value': 1, 'points_modification': 0}, {'identifier': 'saves', 'points': 1, 'value': 3, 'points_modification': 0}, {'identifier': 'bonus', 'points': 2, 'value': 2, 'points_modification': 0}]}]",False
734,7,2025-26,13,0,0,0,1,0,0,0,0,0,0,0,4,2.6,13.2,4.0,2.0,0,0,0,0,0,0.00,0.03,0.03,1.85,1,False,"[{'fixture': 69, 'stats': [{'identifier': 'minutes', 'points': 1, 'value': 13, 'points_modification': 0}]}]",False
735,7,2025-26,57,0,0,0,2,0,0,0,1,0,0,0,5,4.8,16.8,23.0,4.5,0,0,1,1,1,0.16,0.02,0.18,1.39,0,False,"[{'fixture': 68, 'stats': [{'identifier': 'minutes', 'points': 1, 'value': 57, 'points_modification': 0}, {'identifier': 'yellow_cards', 'points': -1, 'value': 1, 'points_modification': 0}]}]",False
736,7,2025-26,90,0,0,1,0,0,0,0,0,0,1,0,23,12.0,0.0,0.0,1.2,1,7,0,0,1,0.00,0.00,0.00,0.83,6,False,"[{'fixture': 64, 'stats': [{'identifier': 'minutes', 'points': 2, 'value': 90, 'points_modification': 0}, {'identifier': 'clean_sheets', 'points': 4, 'value': 1, 'points_modification': 0}]}]",False
737,7,2025-26,0,0,0,0,0,0,0,0,0,0,0,0,0,0.0,0.0,0.0,0.0,0,0,0,0,0,0.00,0.00,0.00,0.00,0,False,"[{'fixture': 63, 'stats': [{'identifier': 'minutes', 'points': 0, 'value': 0, 'points_modification': 0}]}]",False
738,7,2025-26,0,0,0,0,0,0,0,0,0,0,0,0,0,0.0,0.0,0.0,0.0,0,0,0,0,0,0.00,0.00,0.00,0.00,0,False,"[{'fixture': 61, 'stats': [{'identifier': 'minutes', 'points': 0, 'value': 0, 'points_modification': 0}]}]",False
739,7,2025-26,0,0,0,0,0,0,0,0,0,0,0,0,0,0.0,0.0,0.0,0.0,0,0,0,0,0,0.00,0.00,0.00,0.00,0,False,"[{'fixture': 64, 'stats': [{'identifier': 'minutes', 'points': 0, 'value': 0, 'points_modification': 0}]}]",False
740,7,2025-26,0,0,0,0,0,0,0,0,0,0,0,0,0,0.0,0.0,0.0,0.0,0,0,0,0,0,0.00,0.00,0.00,0.00,0,False,"[{'fixture': 64, 'stats': [{'identifier': 'minutes', 'points': 0, 'value': 0, 'points_modification': 0}]}]",False
741,7,2025-26,0,0,0,0,0,0,0,0,0,0,0,0,0,0.0,0.0,0.0,0.0,0,0,0,0,0,0.00,0.00,0.00,0.00,0,False,"[{'fixture': 67, 'stats': [{'identifier': 'minutes', 'points': 0, 'value': 0, 'points_modification': 0}]}]",False
742,7,2025-26,0,0,0,0,0,0,0,0,0,0,0,0,0,0.0,0.0,0.0,0.0,0,0,0,0,0,0.00,0.00,0.00,0.00,0,False,"[{'fixture': 64, 'stats': [{'identifier': 'minutes', 'points': 0, 'value': 0, 'points_modification': 0}]}]",False
743,7,2025-26,0,0,0,0,0,0,0,0,0,0,0,0,0,0.0,0.0,0.0,0.0,0,0,0,0,0,0.00,0.00,0.00,0.00,0,False,"[{'fixture': 65, 'stats': [{'identifier': 'minutes', 'points': 0, 'value': 0, 'points_modification': 0}]}]",False
