can_transact,can_select,chance_of_playing_next_round,chance_of_playing_this_round,code,cost_change_event,cost_change_event_fall,cost_change_start,cost_change_start_fall,dreamteam_count,element_type,ep_next,ep_this,event_points,first_name,form,id,in_dreamteam,news,news_added,now_cost,photo,points_per_game,removed,second_name,selected_by_percent,special,squad_number,status,team,team_code,total_points,transfers_in,transfers_in_event,transfers_out,transfers_out_event,value_form,value_season,web_name,region,team_join_date,birth_date,has_temporary_code,opta_code,minutes,goals_scored,assists,clean_sheets,goals_conceded,own_goals,penalties_saved,penalties_missed,yellow_cards,red_cards,saves,bonus,bps,influence,creativity,threat,ict_index,clearances_blocks_interceptions,recoveries,tackles,defensive_contribution,starts,expected_goals,expected_assists,expected_goal_involvements,expected_goals_conceded,influence_rank,influence_rank_type,creativity_rank,creativity_rank_type,threat_rank,threat_rank_type,ict_index_rank,ict_index_rank_type,corners_and_indirect_freekicks_order,corners_and_indirect_freekicks_text,direct_freekicks_order,direct_freekicks_text,penalties_order,penalties_text,expected_goals_per_90,saves_per_90,expected_assists_per_90,expected_goal_involvements_per_90,expected_goals_conceded_per_90,goals_conceded_per_90,now_cost_rank,now_cost_rank_type,form_rank,form_rank_type,points_per_game_rank,points_per_game_rank_type,selected_rank,selected_rank_type,starts_per_90,clean_sheets_per_90,defensive_contribution_per_90
True,True,,,154561,0,0,1,-1,1,1,3.0,2.5,0,David,2.5,1,False,,,56,154561.jpg,5.2,False,Raya Martín,25.4,False,,a,1,3,26,1182936,13871,577898,3935,0.4,4.6,Raya,200.0,2024-07-04,1995-09-15,False,p154561,450,0,0,3,2,0,0,0,1,0,13,3,115,116.8,10.0,0.0,12.6,2,43,0,0,5,0.00,0.03,0.03,3.30,40,6,287,5,723,85,151,4,,,,,,,0.0,2.6,0.01,0.01,0.66,0.4,126,1,128,11,40,4,12,2,1.0,0.6,0.0
True,True,,,109745,0,0,-2,2,0,1,0.5,0.0,0,Kepa,0.0,2,False,,,43,109745.jpg,0.0,False,Arrizabalaga Revuelta,0.6,False,,a,1,3,0,5985,51,44300,245,0.0,0.0,Arrizabalaga,200.0,2025-07-01,1994-10-03,False,p109745,0,0,0,0,0,0,0,0,0,0,0,0,0,0.0,0.0,0.0,0.0,0,0,0,0,0,0.00,0.00,0.00,0.00,517,73,501,57,465,50,519,73,,,,,,,0.0,0.0,0.0,0.0,0.0,0.0,600,37,499,72,526,73,232,31,0.0,0.0,0.0
True,False,0.0,0.0,463748,0,0,0,0,0,1,0.0,0.0,0,Karl,0.0,3,False,Has joined Werder Bremen on loan for the rest of the season.,2025-08-26T13:44:02.357864Z,40,463748.jpg,0.0,False,Hein,0.4,False,,u,1,3,0,5545,0,29665,206,0.0,0.0,Hein,67.0,2020-10-28,2002-04-13,False,p463748,0,0,0,0,0,0,0,0,0,0,0,0,0,0.0,0.0,0.0,0.0,0,0,0,0,0,0.00,0.00,0.00,0.00,472,56,455,39,417,32,474,56,,,,,,,0.0,0.0,0.0,0.0,0.0,0.0,657,67,453,55,482,56,282,38,0.0,0.0,0.0
True,True,,,551221,0,0,0,0,0,1,0.5,0.0,0,Tommy,0.0,4,False,,,40,551221.jpg,0.0,False,Setford,0.2,False,,a,1,3,0,12615,78,9170,116,0.0,0.0,Setford,241.0,2024-07-24,2006-03-13,False,p551221,0,0,0,0,0,0,0,0,0,0,0,0,0,0.0,0.0,0.0,0.0,0,0,0,0,0,0.00,0.00,0.00,0.00,499,69,482,52,446,45,501,69,,,,,,,0.0,0.0,0.0,0.0,0.0,0.0,692,80,481,68,509,69,344,52,0.0,0.0,0.0
True,True,,,226597,0,0,1,-1,0,2,3.7,3.2,0,Gabriel,3.2,5,False,,,61,226597.jpg,5.0,False,dos Santos Magalhães,23.7,False,,a,1,3,25,1169057,15099,609377,4183,0.5,4.1,Gabriel,30.0,2020-09-01,1997-12-19,False,p226597,450,0,0,3,2,0,0,0,0,0,0,1,102,99.2,8.6,21.0,12.9,30,11,5,35,5,0.26,0.04,0.30,3.30,64,27,292,97,190,45,145,49,,,,,,,0.05,0.0,0.01,0.06,0.66,0.4,84,3,85,35,48,23,14,5,1.0,0.6,7.0
True,True,100.0,100.0,462424,0,0,0,0,0,2,1.3,0.8,0,William,0.8,6,False,,2025-09-01T10:30:07.602868Z,60,462424.jpg,4.5,False,Saliba,12.5,False,,a,1,3,18,537478,4398,949432,2613,0.1,3.0,Saliba,73.0,2019-07-25,2001-03-24,False,p462424,274,0,0,2,1,0,0,0,0,0,0,1,71,74.8,5.2,6.0,8.7,23,15,8,31,4,0.13,0.03,0.16,2.58,112,49,313,107,291,97,210,72,,,,,,,0.04,0.0,0.01,0.05,0.85,0.33,87,4,302,103,63,29,32,12,1.31,0.66,10.18
True,True,,,466075,0,0,2,-2,2,2,2.7,2.2,0,Riccardo,2.2,7,False,,,57,466075.jpg,7.0,False,Calafiori,14.7,False,,a,1,3,35,1576776,10891,339723,3751,0.4,6.1,Calafiori,106.0,2024-07-29,2002-05-19,False,p466075,381,1,2,3,2,0,0,0,2,0,0,3,103,93.0,44.2,89.0,22.6,12,16,8,20,5,1.57,0.09,1.66,2.55,73,34,110,24,29,2,52,7,,,,,,,0.37,0.0,0.02,0.39,0.6,0.47,125,11,148,59,5,3,26,9,1.18,0.71,4.72
True,True,,,445122,0,0,3,-3,1,2,3.3,2.8,0,Jurriën,2.8,8,True,,,58,445122.jpg,7.0,False,Timber,14.1,False,,a,1,3,35,1471301,16020,325503,3027,0.5,6.0,J.Timber,152.0,2023-07-14,2001-06-17,False,p445122,341,2,1,2,2,0,0,0,2,0,0,5,125,146.2,68.1,129.0,34.4,13,11,17,30,4,1.20,0.17,1.37,2.20,12,3,66,15,11,1,12,1,,,,,,,0.32,0.0,0.04,0.36,0.58,0.53,116,9,112,44,6,4,28,10,1.06,0.53,7.92
True,False,0.0,0.0,440854,0,0,-1,1,0,2,0.0,0.0,0,Jakub,0.0,9,False,has joined Porto on loan for the rest of the season.,2025-09-02T13:37:25.929594Z,54,440854.jpg,0.0,False,Kiwior,0.1,False,,u,1,3,0,1119,0,9493,42,0.0,0.0,Kiwior,172.0,2023-01-23,2000-02-15,False,p440854,0,0,0,0,0,0,0,0,0,0,0,0,0,0.0,0.0,0.0,0.0,0,0,0,0,0,0.00,0.00,0.00,0.00,711,244,712,244,704,241,712,244,,,,,,,0.0,0.0,0.0,0.0,0.0,0.0,191,25,706,242,714,243,541,196,0.0,0.0,0.0
True,True,,,499169,0,0,-2,2,0,2,0.7,0.2,0,Myles,0.2,10,False,,,53,499169.jpg,0.7,False,Lewis-Skelly,2.0,False,,a,1,3,2,37151,237,289406,1116,0.0,0.4,Lewis-Skelly,241.0,2022-12-04,2006-09-26,False,p499169,66,0,0,0,0,0,0,0,1,0,0,0,9,4.4,5.7,0.0,0.9,1,4,1,2,0,0.00,0.00,0.00,0.76,366,135,311,105,697,239,377,131,,,,,,,0.0,0.0,0.0,0.0,1.04,0.0,223,32,372,129,407,137,131,51,0.0,0.0,2.73
True,True,100.0,100.0,198869,0,0,-1,1,0,2,0.5,0.0,0,Benjamin,0.0,11,False,,2025-09-18T04:00:07.778280Z,54,198869.jpg,6.0,False,White,0.5,False,,a,1,3,6,25111,157,76696,144,0.0,1.1,White,241.0,2021-07-30,1997-10-08,False,p198869,70,0,0,1,0,0,0,0,0,0,0,0,23,15.4,11.3,1.0,2.8,6,4,2,8,1,0.01,0.01,0.02,0.87,303,119,272,92,340,118,347,124,,,,,,,0.01,0.0,0.01,0.02,1.12,0.0,178,21,702,240,19,8,252,95,1.29,1.29,10.29
True,True,,,563324,0,0,0,0,0,2,0.5,0.0,0,Brayden,0.0,13,False,,,40,563324.jpg,0.0,False,Clarke,0.5,False,,a,1,3,0,19654,182,33718,245,0.0,0.0,Clarke,,,,False,p563324,0,0,0,0,0,0,0,0,0,0,0,0,0,0.0,0.0,0.0,0.0,0,0,0,0,0,0.00,0.00,0.00,0.00,502,199,485,197,449,182,504,199,,,,,,,0.0,0.0,0.0,0.0,0.0,0.0,695,205,484,190,512,197,243,89,0.0,0.0,0.0
True,False,0.0,0.0,588793,0,0,-1,1,0,2,0.0,0.0,0,Maldini,0.0,14,False,has joined Morecambe on loan for the rest of the season.,2025-09-22T21:14:30.857843Z,39,588793.jpg,0.0,False,Kacurri,0.2,False,,u,1,3,0,10218,0,12937,263,0.0,0.0,Kacurri,,,,False,p588793,0,0,0,0,0,0,0,0,0,0,0,0,0,0.0,0.0,0.0,0.0,0,0,0,0,0,0.00,0.00,0.00,0.00,428,165,406,160,366,141,430,165,,,,,,,0.0,0.0,0.0,0.0,0.0,0.0,736,240,407,153,438,163,379,139,0.0,0.0,0.0
True,True,,,499167,0,0,-1,1,0,2,0.5,0.0,0,Josh,0.0,15,False,,,39,499167.jpg,0.0,False,Nichols,0.2,False,,a,1,3,0,9466,366,10312,107,0.0,0.0,Nichols,241.0,2024-07-24,2006-07-26,False,p499167,0,0,0,0,0,0,0,0,0,0,0,0,0,0.0,0.0,0.0,0.0,0,0,0,0,0,0.00,0.00,0.00,0.00,418,156,396,151,356,132,420,156,,,,,,,0.0,0.0,0.0,0.0,0.0,0.0,726,231,397,144,428,154,358,129,0.0,0.0,0.0
True,True,100.0,100.0,223340,0,0,-2,2,0,3,0.7,0.2,0,Bukayo,0.2,16,False,,2025-08-23T22:30:05.759392Z,98,223340.jpg,3.3,False,Saka,5.2,False,,a,1,3,10,458580,21351,1674920,1124,0.0,1.0,Saka,241.0,2018-11-28,2001-09-05,False,p223340,187,1,0,1,0,0,0,0,0,0,0,0,41,58.0,79.1,35.0,17.2,0,9,3,12,2,0.30,0.33,0.63,2.03,143,53,50,38,127,79,90,50,1.0,,4.0,,1.0,,0.14,0.0,0.16,0.3,0.98,0.0,5,3,381,184,131,55,69,20,0.96,0.48,5.78
True,True,75.0,75.0,184029,0,0,-1,1,0,3,0.8,0.4,0,Martin,0.5,17,False,Shoulder injury - 75% chance of playing,2025-09-13T21:30:07.910212Z,79,184029.jpg,2.0,False,Ødegaard,1.8,False,,d,1,3,8,102879,93,330065,1184,0.1,1.0,Ødegaard,161.0,2021-08-20,1998-12-17,False,p184029,164,0,0,1,1,0,0,0,0,0,0,0,27,20.8,32.1,22.0,7.5,6,9,2,17,3,0.14,0.35,0.49,1.94,286,131,149,100,181,106,241,118,3.0,,2.0,,3.0,,0.08,0.0,0.19,0.27,1.06,0.55,17,12,336,165,256,121,139,48,1.65,0.55,9.33
True,True,0.0,0.0,248857,0,0,0,0,0,3,0.0,0.0,0,Noni,1.5,18,False,Knee injury - Unknown return date,2025-09-21T22:30:05.839272Z,70,248857.jpg,2.0,False,Madueke,1.1,False,,i,1,3,10,148492,27,168546,4353,0.2,1.4,Madueke,241.0,2025-07-18,2002-03-10,False,p248857,304,0,0,2,2,0,0,0,0,0,0,0,39,30.2,111.7,105.0,24.6,1,10,3,14,4,0.29,0.86,1.15,2.04,246,113,21,18,18,8,41,26,,,,,,,0.09,0.0,0.25,0.34,0.6,0.59,38,23,222,102,254,120,178,59,1.18,0.59,4.14
True,True,,,444145,0,0,-1,1,0,3,3.3,2.8,0,Gabriel,2.8,19,False,,,69,444145.jpg,3.0,False,Martinelli Silva,1.1,False,,a,1,3,12,45385,1537,89742,423,0.4,1.7,Martinelli,30.0,2019-07-15,2001-06-18,False,p444145,150,1,0,1,0,0,0,0,0,0,0,1,43,42.6,15.3,44.0,10.2,0,6,2,8,2,0.18,0.01,0.19,1.33,193,80,242,144,93,58,186,97,,,,,,,0.11,0.0,0.01,0.12,0.8,0.0,45,29,114,47,161,67,174,58,1.2,0.6,4.8
True,True,100.0,100.0,116216,0,0,-1,1,0,3,2.0,1.5,0,Leandro,1.5,20,False,,2025-08-29T18:30:07.885490Z,69,116216.jpg,2.3,False,Trossard,0.3,False,,a,1,3,7,7291,215,21754,123,0.2,1.0,Trossard,21.0,2023-01-20,1994-12-04,False,p116216,131,0,1,0,1,0,0,0,0,0,0,0,29,30.2,36.3,25.0,9.2,2,1,1,4,1,0.21,0.36,0.57,0.99,245,112,133,89,170,98,201,102,,,,,4.0,,0.14,0.0,0.25,0.39,0.68,0.69,42,26,221,101,218,100,321,108,0.69,0.0,2.75
True,True,,,204480,0,0,0,0,0,3,2.5,2.0,0,Declan,2.0,21,False,,,65,204480.jpg,4.0,False,Rice,8.0,False,,a,1,3,20,385760,2255,454717,3824,0.3,3.1,Rice,241.0,2023-07-15,1999-01-14,False,p204480,374,0,2,2,2,0,0,0,0,0,0,1,76,63.2,112.3,15.0,19.1,8,21,3,32,4,0.15,0.84,0.99,2.72,130,44,20,17,222,126,73,43,2.0,,1.0,,,,0.04,0.0,0.2,0.24,0.65,0.48,53,36,177,77,92,35,51,15,0.96,0.48,7.7
True,True,,,195384,0,0,-1,1,0,3,2.3,1.8,0,Mikel,1.8,22,False,,,59,195384.jpg,2.0,False,Merino Zazón,0.5,False,,a,1,3,8,42888,577,62390,471,0.3,1.4,Merino,200.0,2024-08-27,1996-06-22,False,p195384,211,0,0,2,1,0,0,0,0,0,0,0,29,28.4,39.9,33.0,10.2,5,14,4,23,3,0.13,0.12,0.25,1.52,255,115,122,82,134,83,185,96,,,,,,,0.06,0.0,0.05,0.11,0.65,0.43,100,68,199,87,249,117,238,82,1.28,0.85,9.81
True,False,0.0,0.0,438098,0,0,-1,1,0,3,0.0,0.0,0,Fábio,0.0,23,False,has joined Hamburger on loan for the rest of the season.,2025-09-02T13:38:06.128321Z,54,438098.jpg,0.0,False,Ferreira Vieira,0.0,False,,u,1,3,0,933,0,3866,18,0.0,0.0,Fábio Vieira,173.0,2022-06-21,2000-05-30,False,p438098,0,0,0,0,0,0,0,0,0,0,0,0,0,0.0,0.0,0.0,0.0,0,0,0,0,0,0.00,0.00,0.00,0.00,710,308,711,310,703,309,711,309,,,,,,,0.0,0.0,0.0,0.0,0.0,0.0,190,118,705,306,713,311,639,266,0.0,0.0,0.0
True,True,100.0,100.0,128295,0,0,-2,2,0,3,0.5,0.0,0,Christian,0.0,24,False,,2025-08-18T08:00:05.297235Z,53,128295.jpg,0.0,False,Nørgaard,0.2,False,,a,1,3,0,2425,55,49803,86,0.0,0.0,Nørgaard,58.0,2025-07-10,1994-03-10,False,p128295,0,0,0,0,0,0,0,0,0,0,0,0,0,0.0,0.0,0.0,0.0,0,0,0,0,0,0.00,0.00,0.00,0.00,703,304,704,306,691,303,704,305,,,,,,,0.0,0.0,0.0,0.0,0.0,0.0,209,129,695,300,706,307,387,129,0.0,0.0,0.0
True,True,,,499175,0,0,-2,2,0,3,1.5,1.0,0,Ethan,1.0,25,False,,,53,499175.jpg,1.7,False,Nwaneri,0.2,False,,a,1,3,5,7816,132,22282,144,0.2,0.9,Nwaneri,241.0,2022-09-17,2007-03-21,False,p499175,130,0,0,1,0,0,0,0,0,0,0,0,14,8.2,20.9,20.0,4.9,1,7,1,9,0,0.17,0.04,0.21,0.20,341,163,205,129,196,115,298,151,4.0,,3.0,,,,0.12,0.0,0.03,0.15,0.14,0.0,224,139,263,126,279,132,380,126,0.0,0.69,6.23
True,True,,,481655,0,0,0,0,1,3,5.3,4.8,0,Martín,4.8,26,False,,,55,481655.jpg,5.4,False,Zubimendi Ibáñez,4.3,False,,a,1,3,27,428861,6087,207970,2561,0.9,4.9,Zubimendi,200.0,2025-07-06,1999-02-02,False,p481655,450,2,0,3,2,0,0,0,1,0,0,3,96,101.0,44.9,45.0,19.1,9,19,6,34,5,0.26,0.12,0.38,3.30,60,20,106,74,88,55,72,42,,,,,,,0.05,0.0,0.02,0.07,0.66,0.4,159,99,32,13,33,9,86,27,1.0,0.6,6.8
True,False,0.0,0.0,588796,0,0,0,0,0,3,0.0,0.0,0,Ismeal,0.0,28,False,has joined Shrewsbury Town on loan for the rest of the season.,2025-09-02T13:24:41.013511Z,45,588796.jpg,0.0,False,Kabia,0.2,False,,u,1,3,0,6731,0,23185,134,0.0,0.0,Kabia,152.0,2024-09-14,2005-12-10,False,p588796,0,0,0,0,0,0,0,0,0,0,0,0,0,0.0,0.0,0.0,0.0,0,0,0,0,0,0.00,0.00,0.00,0.00,635,258,629,260,603,250,636,259,,,,,,,0.0,0.0,0.0,0.0,0.0,0.0,485,286,625,254,645,268,390,130,0.0,0.0,0.0
True,False,0.0,0.0,437742,0,0,0,0,0,3,0.0,0.0,0,Albert,0.0,29,False,has joined Hamburger permanently.,2025-09-02T13:40:53.094922Z,45,437742.jpg,0.0,False,Sambi Lokonga,0.1,False,,u,1,3,0,2952,0,11059,63,0.0,0.0,Sambi,21.0,2021-07-19,1999-10-22,False,p437742,0,0,0,0,0,0,0,0,0,0,0,0,0,0.0,0.0,0.0,0.0,0,0,0,0,0,0.00,0.00,0.00,0.00,591,223,582,225,556,215,593,224,,,,,,,0.0,0.0,0.0,0.0,0.0,0.0,424,248,580,219,600,233,507,175,0.0,0.0,0.0
True,True,0.0,0.0,219847,0,0,-2,2,0,4,0.0,0.0,0,Kai,0.0,30,False,Knee injury - Unknown return date,2025-08-20T13:00:06.498911Z,73,219847.jpg,1.0,False,Havertz,0.4,False,,i,1,3,1,8479,8,104151,160,0.0,0.1,Havertz,80.0,2023-06-28,1999-06-11,False,p219847,30,0,0,0,0,0,0,0,0,0,0,0,4,2.8,0.8,2.0,0.6,1,2,0,3,0,0.00,0.01,0.01,0.82,378,35,359,39,338,42,389,41,,,,,,,0.0,0.0,0.03,0.03,2.46,0.0,28,11,736,81,400,46,279,46,0.0,0.0,9.0
True,True,0.0,0.0,205651,0,0,-1,1,0,4,0.0,0.0,0,Gabriel,0.0,31,False,Knee injury - Expected back 30 Dec,2025-07-21T10:00:04.697564Z,64,205651.jpg,0.0,False,Fernando de Jesus,0.0,False,,i,1,3,0,779,5,2971,23,0.0,0.0,G.Jesus,30.0,2022-07-04,1997-04-03,False,p205651,0,0,0,0,0,0,0,0,0,0,0,0,0,0.0,0.0,0.0,0.0,0,0,0,0,0,0.00,0.00,0.00,0.00,732,78,732,78,732,78,732,78,,,,,,,0.0,0.0,0.0,0.0,0.0,0.0,62,20,728,76,731,78,602,75,0.0,0.0,0.0
True,True,,,232413,0,0,0,0,0,3,3.3,2.8,0,Eberechi,2.8,266,False,,,75,232413.jpg,3.5,False,Eze,12.4,False,,a,1,3,14,952732,14678,775102,4813,0.4,1.9,Eze,241.0,2025-08-23,1998-06-29,False,p232413,226,0,2,2,1,0,0,0,0,0,0,0,49,54.0,38.3,60.0,15.3,2,10,2,14,2,0.44,0.70,1.14,1.91,154,58,126,84,61,36,109,60,1.0,,1.0,,1.0,,0.18,0.0,0.28,0.46,0.76,0.4,25,16,115,48,117,49,34,11,0.8,0.8,5.58
True,True,,,500040,0,0,-1,1,0,2,3.0,2.5,0,Cristhian,2.5,662,False,,,54,500040.jpg,2.8,False,Mosquera,0.2,False,,a,1,3,11,18493,122,14192,200,0.5,2.0,Mosquera,200.0,2025-07-24,2004-06-27,False,p500040,202,0,0,1,1,0,0,0,0,0,0,1,56,51.4,2.4,4.0,5.8,11,10,8,19,1,0.00,0.04,0.04,0.72,165,71,334,119,313,110,275,91,,,,,,,0.0,0.0,0.02,0.02,0.32,0.45,197,27,126,49,176,68,355,127,0.45,0.45,8.47
True,True,,,224117,0,0,0,0,1,4,2.7,2.2,0,Viktor,2.2,666,False,,,90,224117.jpg,4.4,False,Gyökeres,25.7,False,,a,1,3,22,1566576,26687,1489134,17630,0.2,2.4,Gyökeres,206.0,2025-07-26,1998-06-04,False,p224117,396,3,0,2,2,0,0,0,1,0,0,2,85,109.2,46.2,110.0,26.6,5,9,1,15,5,2.12,0.28,2.40,2.38,47,6,100,10,17,9,27,7,,,,,2.0,,0.48,0.0,0.06,0.54,0.54,0.45,7,3,155,17,67,9,11,3,1.14,0.45,3.41
True,True,,,616077,0,0,0,0,0,3,0.7,0.2,0,Max,0.2,700,False,,,45,616077.jpg,2.5,False,Dowman,0.4,False,,a,1,3,5,66955,256,29995,504,0.0,1.1,Dowman,241.0,2025-07-22,2009-12-31,False,p616077,27,0,1,0,0,0,0,0,0,0,0,0,13,1.0,0.8,26.0,2.8,0,1,2,3,0,0.14,0.02,0.16,0.12,395,186,357,186,162,94,345,167,,,,,,,0.47,0.0,0.07,0.54,0.4,0.0,498,295,357,169,194,86,268,93,0.0,0.0,10.0
True,True,,,646243,0,0,0,0,0,3,0.5,0.0,0,Andre,0.0,711,False,,,45,646243.jpg,0.0,False,Harriman-Annous,0.0,False,,a,1,3,0,779,13,379,13,0.0,0.0,Harriman-Annous,241.0,2025-07-22,2007-12-28,False,p646243,0,0,0,0,0,0,0,0,0,0,0,0,0,0.0,0.0,0.0,0.0,0,0,0,0,0,0.00,0.00,0.00,0.00,648,268,641,269,616,260,649,269,,,,,,,0.0,0.0,0.0,0.0,0.0,0.0,503,298,637,263,655,275,694,299,0.0,0.0,0.0
True,True,25.0,25.0,448104,0,0,0,0,0,2,0.1,0.0,0,Piero,0.0,725,False,Groin Injury - 25% chance of playing,2025-09-24T06:00:06.296709Z,55,448104.jpg,0.0,False,Hincapié,0.0,False,,d,1,3,0,3477,6,2312,117,0.0,0.0,Hincapie,62.0,2025-09-01,2002-01-09,False,p448104,0,0,0,0,0,0,0,0,0,0,0,0,0,0.0,0.0,0.0,0.0,0,0,0,0,0,0.00,0.00,0.00,0.00,721,245,722,245,719,244,722,245,,,,,,,0.0,0.0,0.0,0.0,0.0,0.0,155,19,716,243,722,244,626,214,0.0,0.0,0.0
True,True,75.0,75.0,98980,0,0,0,0,0,1,2.0,1.7,0,Emiliano,2.2,32,False,Knock - 75% chance of playing,2025-09-26T15:00:08.043050Z,50,98980.jpg,3.7,False,Martínez Romero,2.1,False,,d,2,7,11,146948,131,94799,3035,0.4,2.2,Martinez,10.0,2020-09-16,1992-09-02,False,p98980,270,0,0,1,2,0,0,0,0,0,6,0,54,51.8,0.0,0.0,5.2,3,20,0,0,3,0.00,0.01,0.01,4.34,164,19,683,82,663,77,289,20,,,,,,,0.0,2.0,0.0,0.0,1.45,0.67,247,10,140,12,103,10,129,17,1.0,0.33,0.0
True,True,,,72147,0,0,0,0,0,1,0.5,0.0,0,Marco,0.0,33,False,,,45,72147.jpg,3.5,False,Bizot,0.6,False,,a,2,7,7,72955,118,75754,402,0.0,1.6,M.Bizot,152.0,2025-07-15,1991-03-10,False,p72147,180,0,0,1,3,0,0,0,1,0,4,0,22,25.4,0.0,0.0,2.6,4,19,0,0,2,0.00,0.00,0.00,4.10,267,24,568,67,539,60,348,24,,,,,,,0.0,2.0,0.0,0.0,2.05,1.5,391,21,569,81,111,11,223,30,1.0,0.5,0.0
True,False,0.0,0.0,462492,0,0,0,0,0,1,0.0,0.0,0,Joe,0.0,34,False,Has joined Port Vale on loan for the rest of the season.,2025-08-12T07:40:37.843391Z,40,462492.jpg,0.0,False,Gauci,0.2,False,,u,2,7,0,0,0,10948,57,0.0,0.0,Gauci,13.0,2024-02-01,2000-07-04,False,p462492,0,0,0,0,0,0,0,0,0,0,0,0,0,0.0,0.0,0.0,0.0,0,0,0,0,0,0.00,0.00,0.00,0.00,471,55,454,38,416,31,473,55,,,,,,,0.0,0.0,0.0,0.0,0.0,0.0,656,66,452,54,481,55,398,60,0.0,0.0,0.0
True,False,0.0,0.0,462381,0,0,0,0,0,1,0.0,0.0,0,Filip,0.0,35,False,Has joined Stevenage permanently.,2025-07-30T14:08:21.698398Z,40,462381.jpg,0.0,False,Marschall,0.0,False,,u,2,7,0,0,0,826,7,0.0,0.0,Marschall,241.0,2021-12-13,2003-04-24,False,p462381,0,0,0,0,0,0,0,0,0,0,0,0,0,0.0,0.0,0.0,0.0,0,0,0,0,0,0.00,0.00,0.00,0.00,470,54,453,37,415,30,472,54,,,,,,,0.0,0.0,0.0,0.0,0.0,0.0,655,65,451,53,480,54,681,81,0.0,0.0,0.0
True,True,,,199796,0,0,1,-1,1,2,4.3,3.8,0,Matty,3.8,36,False,,,46,199796.jpg,5.0,False,Cash,5.3,False,,a,2,7,25,543443,2543,252720,1122,0.8,5.4,Cash,172.0,2020-09-03,1997-08-07,False,p199796,433,1,0,2,4,0,0,0,2,0,0,2,84,121.8,72.6,20.0,21.6,19,11,10,29,5,0.06,0.53,0.59,7.54,35,13,62,12,193,47,56,11,,,,,,,0.01,0.0,0.11,0.12,1.57,0.83,386,68,61,23,43,21,68,26,1.04,0.42,6.03
True,True,,,101188,0,0,0,0,0,2,2.3,1.8,0,Lucas,1.8,37,False,,,45,101188.jpg,3.0,False,Digne,1.9,False,,a,2,7,15,97386,245,96506,704,0.4,3.3,Digne,73.0,2022-01-13,1993-07-20,False,p101188,307,0,0,2,1,0,0,0,1,0,0,0,57,27.0,25.5,17.0,6.9,9,13,4,13,4,0.08,0.22,0.30,5.37,260,101,178,47,208,54,250,83,7.0,,2.0,,,,0.02,0.0,0.06,0.08,1.57,0.29,393,72,184,70,141,54,135,52,1.17,0.59,3.81
True,True,100.0,100.0,199798,0,0,0,0,0,2,2.7,2.2,0,Ezri,2.2,38,False,,2025-08-16T19:30:05.327199Z,45,199798.jpg,3.0,False,Konsa Ngoyo,11.5,False,,a,2,7,12,176426,1215,1096058,4249,0.5,2.7,Konsa,241.0,2019-07-11,1997-10-23,False,p199798,335,0,0,2,4,0,0,0,0,1,0,0,56,61.8,19.4,4.0,8.5,16,12,2,18,4,0.00,0.07,0.07,6.91,132,60,212,64,302,104,216,74,,,,,,,0.0,0.0,0.02,0.02,1.86,1.07,406,80,135,54,144,56,37,13,1.07,0.54,4.84
True,True,,,441302,0,0,-1,1,0,2,0.7,0.2,0,Ian,0.2,39,False,,,44,441302.jpg,0.7,False,Maatsen,0.5,False,,a,2,7,2,14703,145,51775,254,0.0,0.5,Maatsen,152.0,2024-06-28,2002-03-10,False,p441302,141,0,0,0,4,0,0,0,1,0,0,0,14,34.6,57.0,13.0,10.5,11,10,1,12,1,0.11,0.20,0.31,3.08,225,86,79,17,230,67,177,60,,,,,,,0.07,0.0,0.13,0.2,1.97,2.55,544,140,355,125,404,135,236,86,0.64,0.0,7.66
True,True,,,149484,0,0,0,0,0,2,4.0,3.5,0,Tyrone,3.5,40,False,,,45,149484.jpg,4.4,False,Mings,1.6,False,,a,2,7,22,118750,571,60341,483,0.8,4.9,Mings,241.0,2019-07-08,1993-03-13,False,p149484,450,0,0,2,5,0,0,0,0,0,0,1,84,115.4,43.8,25.0,18.5,37,15,2,39,5,0.33,0.09,0.42,8.44,41,16,111,25,163,39,77,20,,,,,,,0.07,0.0,0.02,0.09,1.69,1.0,399,76,71,27,65,30,146,56,1.0,0.4,7.8
True,True,,,244954,0,0,-1,1,0,2,0.7,0.2,0,Pau,0.2,41,False,,,44,244954.jpg,1.5,False,Torres,0.3,False,,a,2,7,3,9602,81,28005,132,0.0,0.7,Pau,200.0,2023-07-12,1997-01-16,False,p244954,106,0,0,0,2,0,0,0,0,0,0,0,7,20.4,6.3,9.0,3.6,1,9,3,4,1,0.07,0.13,0.20,2.11,287,112,306,103,254,80,325,113,,,,,,,0.06,0.0,0.11,0.17,1.79,1.7,539,138,353,123,288,100,291,107,0.85,0.0,3.4
True,True,100.0,100.0,606798,0,0,-1,1,0,2,0.5,0.0,0,Andrés,0.0,42,False,,2025-08-10T22:00:04.418109Z,39,606798.jpg,0.0,False,García,0.2,False,,a,2,7,0,9503,479,16863,109,0.0,0.0,A.García,200.0,2025-01-21,2003-02-07,False,p606798,0,0,0,0,0,0,0,0,0,0,0,0,0,0.0,0.0,0.0,0.0,0,0,0,0,0,0.00,0.00,0.00,0.00,430,167,409,163,369,144,432,167,,,,,,,0.0,0.0,0.0,0.0,0.0,0.0,739,243,410,156,440,165,348,124,0.0,0.0,0.0
True,False,0.0,0.0,106468,0,0,0,0,0,2,0.0,0.0,0,Álex,0.0,43,False,Has joined Girona permanently.,2025-08-26T13:45:03.013808Z,40,106468.jpg,0.0,False,Moreno Lopera,3.5,False,,u,2,7,0,44476,0,674324,2907,0.0,0.0,Alex Moreno,200.0,2023-01-11,1993-06-08,False,p106468,0,0,0,0,0,0,0,0,0,0,0,0,0,0.0,0.0,0.0,0.0,0,0,0,0,0,0.00,0.00,0.00,0.00,441,170,422,166,384,149,443,170,,,,,,,0.0,0.0,0.0,0.0,0.0,0.0,618,160,421,159,451,168,96,38,0.0,0.0,0.0
True,True,,,515597,0,0,0,0,0,2,3.3,2.8,0,Lamare,2.8,44,False,,,40,515597.jpg,2.8,False,Bogarde,0.6,False,,a,2,7,11,52775,903,20790,295,0.7,2.8,Bogarde,152.0,2021-01-07,2004-01-05,False,p515597,112,0,0,1,0,0,0,0,1,0,0,3,37,13.2,7.3,6.0,2.5,4,5,3,7,1,0.00,0.05,0.05,2.09,317,123,299,100,278,90,352,126,,,,,,,0.0,0.0,0.04,0.04,1.68,0.0,680,193,102,39,167,65,217,80,0.8,0.8,5.62
True,True,,,514315,0,0,0,0,0,2,0.5,0.0,0,Lino,0.0,45,False,,,40,514315.jpg,0.0,False,da Cruz Sousa,0.3,False,,a,2,7,0,10177,111,15703,113,0.0,0.0,Sousa,,,,False,p514315,0,0,0,0,0,0,0,0,0,0,0,0,0,0.0,0.0,0.0,0.0,0,0,0,0,0,0.00,0.00,0.00,0.00,489,189,472,187,435,171,491,189,,,,,,,0.0,0.0,0.0,0.0,0.0,0.0,679,192,470,179,499,187,298,109,0.0,0.0,0.0
True,False,0.0,0.0,587178,0,0,0,0,0,2,0.0,0.0,0,Yasin,0.0,46,False,has joined Anderlecht on loan for the rest of the season.,2025-09-22T21:15:59.805053Z,40,587178.jpg,0.0,False,Özcan,0.2,False,,u,2,7,0,4656,0,12091,247,0.0,0.0,Yasin,219.0,2025-06-01,2006-04-20,False,p587178,0,0,0,0,0,0,0,0,0,0,0,0,0,0.0,0.0,0.0,0.0,0,0,0,0,0,0.00,0.00,0.00,0.00,509,204,492,202,456,187,511,204,,,,,,,0.0,0.0,0.0,0.0,0.0,0.0,703,211,491,195,518,201,372,134,0.0,0.0,0.0
True,True,100.0,100.0,244850,0,0,-1,1,0,3,2.3,1.8,0,Morgan,1.8,47,False,,2025-08-10T22:00:04.458365Z,69,244850.jpg,2.4,False,Rogers,5.9,False,,a,2,7,12,403151,930,824811,5206,0.3,1.7,Rogers,241.0,2024-02-01,2002-07-26,False,p244850,441,0,0,2,5,0,0,0,0,0,0,0,28,32.6,74.1,59.0,16.5,6,15,2,23,5,0.22,0.50,0.72,8.44,234,106,59,45,63,38,100,54,,,,,,,0.04,0.0,0.1,0.14,1.72,1.02,44,28,203,90,209,95,64,18,1.02,0.41,4.69
True,True,0.0,0.0,166989,0,0,-1,1,0,3,0.0,0.0,0,Youri,0.8,48,False,Calf injury - Expected back 05 Oct,2025-09-14T22:00:07.795199Z,59,166989.jpg,2.0,False,Tielemans,0.9,False,,i,2,7,8,46456,5,204173,1302,0.1,1.4,Tielemans,21.0,2023-06-14,1997-05-07,False,p166989,315,0,0,1,4,0,0,0,0,0,0,0,46,34.2,74.2,29.0,13.8,4,12,5,21,4,0.13,0.37,0.50,6.48,227,101,57,44,148,90,132,71,3.0,,,,4.0,,0.04,0.0,0.11,0.15,1.85,1.14,96,64,298,146,248,116,186,62,1.14,0.29,6.0
True,False,0.0,0.0,215711,0,0,0,0,0,3,0.0,0.0,0,Leon,0.0,49,False,Has joined AS Roma on loan for the rest of the season.,2025-08-20T13:31:56.843157Z,55,215711.jpg,0.0,False,Bailey,0.1,False,,u,2,7,0,2168,0,45439,50,0.0,0.0,Bailey,107.0,2021-08-04,1997-08-09,False,p215711,0,0,0,0,0,0,0,0,0,0,0,0,0,0.0,0.0,0.0,0.0,0,0,0,0,0,0.00,0.00,0.00,0.00,719,314,720,316,716,315,720,315,8.0,,4.0,,,,0.0,0.0,0.0,0.0,0.0,0.0,148,92,713,312,720,316,474,158,0.0,0.0,0.0
True,True,,,195546,0,0,-2,2,0,3,1.5,1.0,0,Emiliano,1.0,50,False,,,53,195546.jpg,1.2,False,Buendía Stati,0.1,False,,a,2,7,5,4258,45,14814,43,0.2,0.9,Buendía,10.0,2021-06-10,1996-12-25,False,p195546,230,0,0,1,2,0,0,0,1,0,0,0,14,23.4,63.0,46.0,13.3,6,11,8,25,2,0.43,0.44,0.87,3.13,279,126,72,53,84,51,139,74,,,,,,,0.17,0.0,0.17,0.34,1.22,0.78,212,132,261,124,316,154,500,171,0.78,0.39,9.78
True,False,0.0,0.0,469247,0,0,0,0,0,3,0.0,0.0,0,Samuel,0.0,51,False,has joined West Bromwich Albion on loan for the rest of the season,2025-09-22T21:15:59.838578Z,55,469247.jpg,0.0,False,Iling-Junior,0.0,False,,u,2,7,0,1383,0,2768,56,0.0,0.0,Iling Jr,241.0,2024-07-01,2003-10-04,False,p469247,0,0,0,0,0,0,0,0,0,0,0,0,0,0.0,0.0,0.0,0.0,0,0,0,0,0,0.00,0.00,0.00,0.00,722,316,723,318,720,317,723,317,,,,,,,0.0,0.0,0.0,0.0,0.0,0.0,157,97,717,315,723,318,630,260,0.0,0.0,0.0
True,True,,,204646,0,0,-3,3,0,3,1.5,1.0,0,Donyell,1.0,53,False,,,52,204646.jpg,1.2,False,Malen,0.6,False,,a,2,7,6,22609,263,161260,506,0.2,1.2,Malen,152.0,2025-01-14,1999-01-19,False,p204646,138,0,0,0,4,0,0,0,0,0,0,0,14,6.6,22.1,38.0,6.4,0,4,1,5,1,0.31,0.09,0.40,3.25,348,165,194,125,116,71,261,134,,,,,,,0.2,0.0,0.06,0.26,2.12,2.61,230,144,259,122,314,152,224,77,0.65,0.0,3.26
True,True,,,122806,0,0,-1,1,0,3,2.3,1.8,0,John,1.8,54,False,,,54,122806.jpg,2.4,False,McGinn,0.6,False,,a,2,7,12,30723,347,48345,299,0.3,2.2,McGinn,243.0,2018-08-08,1994-10-18,False,p122806,409,0,0,2,4,0,0,0,0,0,0,0,69,52.8,97.1,24.0,17.4,7,20,3,30,5,0.11,0.44,0.55,7.34,161,61,34,28,173,100,89,49,6.0,,6.0,,,,0.02,0.0,0.1,0.12,1.62,0.88,171,106,195,83,204,91,230,80,1.1,0.44,6.6
True,True,0.0,0.0,88894,0,0,-2,2,0,3,0.0,0.0,0,Ross,0.0,55,False,Personal Reasons - Unknown return date,2025-08-10T22:00:04.469618Z,48,88894.jpg,0.0,False,Barkley,0.0,False,,i,2,7,0,303,2,6848,22,0.0,0.0,Barkley,241.0,2024-07-01,1993-12-05,False,p88894,0,0,0,0,0,0,0,0,0,0,0,0,0,0.0,0.0,0.0,0.0,0,0,0,0,0,0.00,0.00,0.00,0.00,650,269,643,270,618,261,651,270,,,,,,,0.0,0.0,0.0,0.0,0.0,0.0,371,234,639,264,657,276,607,244,0.0,0.0,0.0
True,False,0.0,0.0,491287,0,0,0,0,0,3,0.0,0.0,0,Enzo,0.0,56,False,Season-long loan to Benfica,2025-07-22T13:50:13.193555Z,50,491287.jpg,0.0,False,Barrenechea,0.0,False,,u,2,7,0,0,0,28,0,0.0,0.0,Barrenechea,,,,False,p491287,0,0,0,0,0,0,0,0,0,0,0,0,0,0.0,0.0,0.0,0.0,0,0,0,0,0,0.00,0.00,0.00,0.00,693,298,694,300,678,295,694,299,,,,,,,0.0,0.0,0.0,0.0,0.0,0.0,286,175,685,295,697,302,741,328,0.0,0.0,0.0
True,False,0.0,0.0,461421,0,0,0,0,0,3,0.0,0.0,0,Lewis,0.0,57,False,Has joined Preston North End on loan for the rest of the season.,2025-08-26T13:44:19.058961Z,50,461421.jpg,0.0,False,Dobbin,0.0,False,,u,2,7,0,889,0,4720,14,0.0,0.0,Dobbin,241.0,2024-06-23,2003-01-03,False,p461421,0,0,0,0,0,0,0,0,0,0,0,0,0,0.0,0.0,0.0,0.0,0,0,0,0,0,0.00,0.00,0.00,0.00,687,294,688,296,672,291,688,295,,,,,,,0.0,0.0,0.0,0.0,0.0,0.0,276,168,679,291,691,298,616,251,0.0,0.0,0.0
True,True,100.0,100.0,226944,0,0,-1,1,0,3,2.0,1.5,0,Boubacar,1.5,58,False,,2025-08-23T22:30:05.846310Z,49,226944.jpg,3.0,False,Kamara,0.1,False,,a,2,7,9,7720,212,17906,68,0.3,1.8,Kamara,73.0,2022-06-11,1999-11-23,False,p226944,186,0,1,1,2,0,0,0,1,0,0,1,46,53.6,32.0,19.0,10.4,7,8,5,20,3,0.05,0.11,0.16,3.31,157,59,150,101,200,118,179,92,,,,,,,0.02,0.0,0.05,0.07,1.6,0.97,334,206,214,94,148,61,427,141,1.45,0.48,9.68
True,True,0.0,0.0,449871,0,0,-1,1,0,3,0.0,0.0,0,Amadou,0.0,59,False,Hamstring injury - Unknown return date,2025-08-29T18:30:08.037987Z,49,449871.jpg,3.0,False,Onana,0.7,False,,i,2,7,6,58803,4,175578,811,0.0,1.2,Onana,21.0,2024-07-22,2001-08-16,False,p449871,153,0,0,1,1,0,0,0,1,0,0,0,29,34.0,6.2,16.0,5.6,9,10,4,23,2,0.23,0.05,0.28,2.54,228,102,308,167,213,122,280,143,,,,,,,0.14,0.0,0.03,0.17,1.49,0.59,346,216,664,281,150,62,208,70,1.18,0.59,13.53
True,True,,,577731,0,0,0,0,0,3,0.5,0.0,0,Ben,0.0,60,False,,,45,577731.jpg,0.0,False,Broggio,0.3,False,,a,2,7,0,19191,313,21270,201,0.0,0.0,Broggio,,,,False,p577731,0,0,0,0,0,0,0,0,0,0,0,0,0,0.0,0.0,0.0,0.0,0,0,0,0,0,0.00,0.00,0.00,0.00,633,256,627,258,601,248,634,257,,,,,,,0.0,0.0,0.0,0.0,0.0,0.0,483,284,623,252,643,266,295,99,0.0,0.0,0.0
True,False,0.0,0.0,151589,0,0,0,0,0,3,0.0,0.0,0,Leander,0.0,61,False,Has joined Real Oviedo permanently.,2025-08-20T13:31:56.822248Z,45,151589.jpg,0.0,False,Dendoncker,0.1,False,,u,2,7,0,2169,0,27407,88,0.0,0.0,Dendoncker,21.0,2022-09-01,1995-04-15,False,p151589,0,0,0,0,0,0,0,0,0,0,0,0,0,0.0,0.0,0.0,0.0,0,0,0,0,0,0.00,0.00,0.00,0.00,582,218,570,220,542,209,584,219,,,,,,,0.0,0.0,0.0,0.0,0.0,0.0,400,242,570,213,591,228,439,144,0.0,0.0,0.0
True,True,,,559962,0,0,0,0,0,3,0.5,0.0,0,Jamaldeen,0.0,62,False,,,45,559962.jpg,0.0,False,Jimoh-Aloba,0.1,False,,a,2,7,0,3149,61,3692,35,0.0,0.0,Jimoh-Aloba,241.0,2024-09-23,2006-10-02,False,p559962,0,0,0,0,0,0,0,0,0,0,0,0,0,0.0,0.0,0.0,0.0,0,0,0,0,0,0.00,0.00,0.00,0.00,621,250,615,252,590,242,623,251,,,,,,,0.0,0.0,0.0,0.0,0.0,0.0,470,277,612,246,632,260,548,200,0.0,0.0,0.0
True,True,,,537403,0,0,-1,1,0,3,0.5,0.0,0,Kadan,0.0,63,False,,,44,537403.jpg,0.0,False,Young,0.6,False,,a,2,7,0,31356,976,45104,390,0.0,0.0,Young,,,,False,p537403,0,0,0,0,0,0,0,0,0,0,0,0,0,0.0,0.0,0.0,0.0,0,0,0,0,0,0.00,0.00,0.00,0.00,561,206,547,208,517,197,563,207,,,,,,,0.0,0.0,0.0,0.0,0.0,0.0,577,316,548,201,570,216,222,76,0.0,0.0,0.0
True,True,,,178301,0,0,-3,3,0,4,2.0,1.5,0,Ollie,1.5,64,False,,,87,178301.jpg,2.0,False,Watkins,9.8,False,,a,2,7,10,385125,2006,2190506,9576,0.2,1.1,Watkins,241.0,2020-09-09,1995-12-30,False,p178301,442,0,0,2,5,0,0,0,0,0,0,0,32,19.4,56.2,100.0,17.6,2,9,3,14,5,1.13,0.17,1.30,7.96,290,21,80,5,22,11,87,14,,,,,3.0,,0.23,0.0,0.03,0.26,1.62,1.02,8,4,223,20,258,24,43,8,1.02,0.41,2.85
True,False,0.0,0.0,576756,0,0,0,0,0,4,0.0,0.0,0,Zépiqueno,0.0,65,False,has joined Huddersfield Town on loan for the rest of the season.,2025-09-02T13:26:36.441136Z,45,576756.jpg,0.0,False,Redmond,0.5,False,,u,2,7,0,17574,0,65046,416,0.0,0.0,Redmond,,,,False,p576756,0,0,0,0,0,0,0,0,0,0,0,0,0,0.0,0.0,0.0,0.0,0,0,0,0,0,0.00,0.00,0.00,0.00,631,62,625,62,599,59,632,62,,,,,,,0.0,0.0,0.0,0.0,0.0,0.0,480,63,621,59,641,63,249,39,0.0,0.0,0.0
True,True,,,444884,0,0,-1,1,0,3,1.0,0.5,0,Harvey,0.5,389,False,,,54,444884.jpg,1.0,False,Elliott,0.5,False,,a,2,7,3,83307,286,44063,461,0.1,0.6,Elliott,241.0,2025-09-01,2003-04-04,False,p444884,52,0,0,0,1,0,0,0,0,0,0,0,9,3.8,11.6,11.0,2.6,1,2,0,3,0,0.17,0.05,0.22,1.23,371,178,268,154,244,135,350,168,,,,,,,0.29,0.0,0.09,0.38,2.13,1.73,192,119,331,162,381,186,235,81,0.0,0.0,5.19
True,True,,,209243,0,0,-1,1,0,3,0.7,0.2,0,Jadon,0.2,456,False,,,59,209243.jpg,1.0,False,Sancho,0.2,False,,a,2,7,1,23458,219,19338,217,0.0,0.2,Sancho,241.0,2025-09-01,2000-03-25,False,p209243,8,0,0,0,0,0,0,0,0,0,0,0,2,0.8,2.8,7.0,1.1,0,0,0,0,0,0.02,0.04,0.06,0.00,399,188,330,175,274,150,373,181,,,,,,,0.22,0.0,0.45,0.67,0.0,0.0,101,69,377,182,393,194,343,115,0.0,0.0,0.0
True,True,,,485337,0,0,-2,2,0,3,1.7,1.2,0,Evann,1.2,677,False,,,63,485337.jpg,1.5,False,Guessand,0.0,False,,a,2,7,6,2326,42,6234,31,0.2,1.0,Guessand,54.0,2025-08-08,2001-07-01,False,p485337,177,0,0,1,1,0,0,0,0,0,0,0,10,26.0,7.3,40.0,7.3,3,9,7,19,2,0.32,0.12,0.44,3.52,266,120,302,164,107,66,244,121,,,,,,,0.16,0.0,0.06,0.22,1.79,0.51,76,53,242,110,300,144,590,231,1.02,0.51,9.66
True,True,,,481283,0,0,0,0,0,1,0.5,0.0,0,James,0.0,688,False,,,40,481283.jpg,0.0,False,Wright,0.5,False,,a,2,7,0,22977,53,14230,123,0.0,0.0,Wright,241.0,2023-03-31,2004-12-02,False,p481283,0,0,0,0,0,0,0,0,0,0,0,0,0,0.0,0.0,0.0,0.0,0,0,0,0,0,0.00,0.00,0.00,0.00,477,60,460,43,423,36,479,60,,,,,,,0.0,0.0,0.0,0.0,0.0,0.0,666,71,458,59,487,60,240,32,0.0,0.0,0.0
True,False,0.0,0.0,569577,0,0,0,0,0,2,0.0,0.0,0,Triston,0.0,701,False,has joined Annecy on loan for the rest of the season.,2025-09-22T21:15:59.825051Z,40,569577.jpg,0.0,False,Rowe,0.1,False,,u,2,7,0,8943,0,5675,217,0.0,0.0,Rowe,241.0,2024-09-23,2006-10-02,False,p569577,0,0,0,0,0,0,0,0,0,0,0,0,0,0.0,0.0,0.0,0.0,0,0,0,0,0,0.00,0.00,0.00,0.00,506,201,489,199,453,184,508,201,,,,,,,0.0,0.0,0.0,0.0,0.0,0.0,699,207,488,192,516,199,455,171,0.0,0.0,0.0
True,True,,,645618,0,0,0,0,0,3,0.7,0.2,0,Bradley,0.2,702,False,,,45,645618.jpg,1.0,False,Burrowes,0.1,False,,a,2,7,1,6193,50,3587,46,0.0,0.2,Burrowes,241.0,2025-01-09,2008-03-04,False,p645618,16,0,0,0,1,0,0,0,0,0,0,0,3,0.0,0.3,0.0,0.0,0,1,0,1,0,0.00,0.00,0.00,0.90,647,267,369,190,615,259,648,268,,,,,,,0.0,0.0,0.0,0.0,5.06,5.62,502,297,358,170,349,162,509,177,0.0,0.0,5.62
True,True,,,564505,0,0,0,0,0,1,0.5,0.0,0,Sam,0.0,703,False,,,40,564505.jpg,0.0,False,Proctor,0.3,False,,a,2,7,0,17804,42,6178,98,0.0,0.0,Proctor,241.0,2023-12-16,2006-12-21,False,p564505,0,0,0,0,0,0,0,0,0,0,0,0,0,0.0,0.0,0.0,0.0,0,0,0,0,0,0.00,0.00,0.00,0.00,503,70,486,53,450,46,505,70,,,,,,,0.0,0.0,0.0,0.0,0.0,0.0,696,81,485,69,513,70,324,49,0.0,0.0,0.0
True,True,,,534836,0,0,0,0,0,2,0.5,0.0,0,Travis,0.0,710,False,,,40,534836.jpg,0.0,False,Patterson,0.1,False,,a,2,7,0,6839,21,2742,45,0.0,0.0,Patterson,241.0,2025-08-30,2005-10-06,False,p534836,0,0,0,0,0,0,0,0,0,0,0,0,0,0.0,0.0,0.0,0.0,0,0,0,0,0,0.00,0.00,0.00,0.00,493,193,476,191,440,176,495,193,,,,,,,0.0,0.0,0.0,0.0,0.0,0.0,686,199,475,184,503,191,506,187,0.0,0.0,0.0
True,True,100.0,100.0,184667,0,0,0,0,0,2,0.8,0.3,0,Victor,0.3,719,False,,2025-09-18T04:00:08.433120Z,45,184667.jpg,1.0,False,Lindelöf,0.0,False,,a,2,7,1,2257,33,961,14,0.1,0.2,Lindelöf,206.0,2025-09-01,1994-07-17,False,p184667,7,0,0,0,0,0,0,0,0,0,0,0,3,0.4,0.3,0.0,0.1,0,0,0,0,0,0.00,0.00,0.00,0.48,400,142,368,135,545,216,402,142,,,,,,,0.0,0.0,0.0,0.0,6.17,0.0,405,79,337,114,343,125,642,219,0.0,0.0,0.0
True,True,,,518030,0,0,-1,1,0,1,-0.5,-1.0,0,Max,0.0,183,False,,,44,518030.jpg,0.0,False,Weiß,0.1,False,,a,3,90,0,2588,20,8544,37,0.0,0.0,Weiss,80.0,2025-06-25,2004-06-15,False,p518030,0,0,0,0,0,0,0,0,0,0,0,0,0,0.0,0.0,0.0,0.0,0,0,0,0,0,0.00,0.00,0.00,0.00,553,79,539,64,509,57,555,79,,,,,,,0.0,0.0,0.0,0.0,0.0,0.0,569,35,540,78,562,79,429,64,0.0,0.0,0.0
True,False,0.0,0.0,489571,0,0,0,0,0,1,0.0,0.0,0,Etienne,0.0,184,False,has joined FC Fredericia permanently.,2025-09-02T12:51:25.510909Z,40,489571.jpg,0.0,False,Green,0.3,False,,u,3,90,0,4943,0,19480,144,0.0,0.0,Green,241.0,2024-08-07,2000-07-19,False,p489571,0,0,0,0,0,0,0,0,0,0,0,0,0,0.0,0.0,0.0,0.0,0,0,0,0,0,0.00,0.00,0.00,0.00,479,62,462,45,425,38,481,62,,,,,,,0.0,0.0,0.0,0.0,0.0,0.0,668,73,460,61,489,62,310,45,0.0,0.0,0.0
True,True,,,51943,0,0,0,0,0,1,-0.5,-1.0,0,Václav,0.0,185,False,,,40,51943.jpg,0.0,False,Hladký,0.2,False,,a,3,90,0,4270,32,7720,62,0.0,0.0,Hladký,57.0,2024-07-19,1990-11-14,False,p51943,0,0,0,0,0,0,0,0,0,0,0,0,0,0.0,0.0,0.0,0.0,0,0,0,0,0,0.00,0.00,0.00,0.00,434,31,413,12,373,5,436,31,,,,,,,0.0,0.0,0.0,0.0,0.0,0.0,607,40,414,30,444,31,385,59,0.0,0.0,0.0
True,True,0.0,0.0,192290,0,0,-1,1,0,2,0.0,0.0,0,Connor,0.0,186,False,Knee injury - Expected back 18 Oct,2025-08-22T12:30:06.986449Z,44,192290.jpg,0.0,False,Roberts,0.0,False,,i,3,90,0,593,0,6753,20,0.0,0.0,Roberts,244.0,2021-08-31,1995-09-23,False,p192290,0,0,0,0,0,0,0,0,0,0,0,0,0,0.0,0.0,0.0,0.0,0,0,0,0,0,0.00,0.00,0.00,0.00,528,217,513,216,479,203,530,217,,,,,,,0.0,0.0,0.0,0.0,0.0,0.0,521,124,512,210,537,214,594,209,0.0,0.0,0.0
True,True,,,58621,0,0,0,0,0,2,0.3,-0.2,-1,Kyle,0.8,187,False,,,45,58621.jpg,1.7,False,Walker,1.6,False,,a,3,90,10,57062,416,101904,1022,0.2,2.2,Walker,241.0,2025-07-05,1990-05-28,False,p58621,540,0,0,1,13,0,0,0,2,0,0,0,22,67.8,11.5,3.0,8.3,30,28,8,38,6,0.03,0.18,0.21,12.36,127,59,269,90,316,111,222,76,,,,,,,0.0,0.0,0.03,0.03,2.06,2.17,389,70,281,99,276,98,144,55,1.0,0.17,6.33
True,True,,,247245,0,0,-1,1,0,2,-0.5,-1.0,0,Hannes,0.0,188,False,,,39,247245.jpg,0.0,False,Delcroix,0.3,False,,a,3,90,0,7732,171,15369,118,0.0,0.0,Delcroix,21.0,2023-08-22,1999-02-28,False,p247245,0,0,0,0,0,0,0,0,0,0,0,0,0,0.0,0.0,0.0,0.0,0,0,0,0,0,0.00,0.00,0.00,0.00,410,149,388,144,348,125,412,149,,,,,,,0.0,0.0,0.0,0.0,0.0,0.0,718,224,389,137,420,147,325,116,0.0,0.0,0.0
True,False,0.0,0.0,461567,0,0,0,0,0,2,0.0,0.0,0,Owen,0.0,189,False,Has joined Stockport County on loan for the rest of the season.,2025-08-11T01:08:30.737822Z,40,461567.jpg,0.0,False,Dodgson,0.0,False,,u,3,90,0,0,0,1885,6,0.0,0.0,Dodgson,241.0,2021-08-20,2003-03-19,False,p461567,0,0,0,0,0,0,0,0,0,0,0,0,0,0.0,0.0,0.0,0.0,0,0,0,0,0,0.00,0.00,0.00,0.00,469,182,452,180,414,163,471,182,,,,,,,0.0,0.0,0.0,0.0,0.0,0.0,654,180,450,172,479,180,661,223,0.0,0.0,0.0
True,True,,,478969,0,0,0,0,0,2,1.7,1.2,0,Hjalmar,2.2,190,False,,,40,478969.jpg,3.2,False,Ekdal,1.5,False,,a,3,90,19,199494,741,63451,778,0.6,4.8,Ekdal,206.0,2023-01-21,1998-10-21,False,p478969,532,0,0,1,12,0,0,0,0,0,0,1,44,111.6,15.8,57.0,18.4,52,14,8,60,6,0.15,0.15,0.30,11.30,45,19,239,77,67,8,80,22,,,,,,,0.03,0.0,0.03,0.06,1.91,2.03,665,185,132,51,132,51,149,57,1.02,0.17,10.15
True,True,,,477717,0,0,0,0,0,2,1.3,0.8,-2,Maxime,1.8,191,False,,,40,477717.jpg,2.3,False,Estève,14.9,False,,a,3,90,14,376834,1801,742270,6962,0.4,3.5,Estève,73.0,2024-06-14,2002-05-26,False,p477717,532,0,0,1,13,2,0,0,0,0,0,0,28,113.2,12.3,27.0,15.3,54,13,7,61,6,0.19,0.01,0.20,12.25,43,18,260,85,156,34,108,35,,,,,,,0.03,0.0,0.0,0.03,2.07,2.2,664,184,181,67,210,78,24,8,1.02,0.17,10.32
True,True,,,494960,0,0,0,0,0,2,2.0,1.5,3,Quilindschy,2.5,192,False,,,40,494960.jpg,2.8,False,Hartman,0.5,False,,a,3,90,17,29325,428,30989,212,0.6,4.2,Hartman,152.0,2025-06-26,2001-11-14,False,p494960,537,0,1,1,11,0,0,0,1,0,0,0,56,104.6,78.3,20.0,20.3,37,10,14,51,6,0.13,0.52,0.65,11.73,54,22,52,10,192,46,64,15,2.0,,,,,,0.02,0.0,0.09,0.11,1.97,1.84,673,189,118,46,166,64,244,90,1.01,0.17,8.55
True,True,100.0,100.0,461188,0,0,0,0,0,2,-0.5,-1.0,0,Bashir,0.0,193,False,,2025-08-10T22:00:04.557380Z,40,461188.jpg,0.0,False,Humphreys,0.1,False,,a,3,90,0,1408,21,2903,18,0.0,0.0,Humphreys,241.0,2025-07-01,2003-03-15,False,p461188,2,0,0,0,2,0,0,0,0,0,0,0,-5,0.0,0.0,0.0,0.0,0,0,0,0,0,0.00,0.00,0.00,0.62,466,180,449,178,411,161,468,180,,,,,,,0.0,0.0,0.0,0.0,27.9,90.0,651,178,447,170,476,178,562,203,0.0,0.0,0.0
True,True,25.0,25.0,241231,0,0,0,0,0,2,-0.1,-0.2,0,Jordan,0.0,194,False,Hamstring injury - 25% chance of playing,2025-08-22T12:30:07.019474Z,40,241231.jpg,0.0,False,Beyer,0.1,False,,d,3,90,0,784,0,10954,29,0.0,0.0,Jordan,80.0,2023-07-01,2000-05-19,False,p241231,0,0,0,0,0,0,0,0,0,0,0,0,0,0.0,0.0,0.0,0.0,0,0,0,0,0,0.00,0.00,0.00,0.00,459,176,442,174,404,157,461,176,,,,,,,0.0,0.0,0.0,0.0,0.0,0.0,641,171,439,165,469,174,487,180,0.0,0.0,0.0
True,True,,,549329,0,0,-1,1,0,2,-0.5,-1.0,0,Lucas,0.0,195,False,,,39,549329.jpg,0.0,False,Pires Silva,0.2,False,,a,3,90,0,8006,64,8795,71,0.0,0.0,Lucas Pires,30.0,2024-07-16,2001-03-24,False,p549329,0,0,0,0,0,0,0,0,0,0,0,0,0,0.0,0.0,0.0,0.0,0,0,0,0,0,0.00,0.00,0.00,0.00,424,162,402,157,362,138,426,162,,,,,,,0.0,0.0,0.0,0.0,0.0,0.0,732,237,403,150,434,160,383,141,0.0,0.0,0.0
True,False,0.0,0.0,450072,0,0,0,0,0,2,0.0,0.0,0,Shurandy,0.0,196,False,Has joined Sparta Rotterdam on loan for the rest of the season.,2025-08-19T13:36:42.853472Z,40,450072.jpg,0.0,False,Sambo,0.1,False,,u,3,90,0,202,0,7612,27,0.0,0.0,Sambo,152.0,2024-06-28,2001-08-19,False,p450072,0,0,0,0,0,0,0,0,0,0,0,0,0,0.0,0.0,0.0,0.0,0,0,0,0,0,0.00,0.00,0.00,0.00,465,179,448,177,410,160,467,179,,,,,,,0.0,0.0,0.0,0.0,0.0,0.0,650,177,446,169,475,177,555,201,0.0,0.0,0.0
True,True,,,519895,0,0,0,0,0,2,-0.3,-0.8,0,Oliver,0.2,197,False,,,40,519895.jpg,1.0,False,Sonne,0.1,False,,a,3,90,3,3760,21,6771,56,0.0,0.8,Sonne,169.0,2025-01-01,2000-11-10,False,p519895,102,0,0,0,4,0,0,0,0,0,0,0,-2,7.6,16.4,6.0,3.0,1,3,1,2,1,0.03,0.08,0.11,3.31,344,129,235,75,279,91,339,120,,,,,,,0.03,0.0,0.07,0.1,2.92,3.53,685,198,345,117,329,116,418,158,0.88,0.0,1.76
True,True,100.0,100.0,180804,0,0,-1,1,0,2,-0.5,-1.0,0,Axel,0.0,198,False,,2025-08-22T12:30:07.036752Z,39,180804.jpg,0.0,False,Tuanzebe,1.9,False,,a,3,90,0,78626,528,123271,810,0.0,0.0,Tuanzebe,50.0,2025-07-01,1997-11-14,False,p180804,0,0,0,0,0,0,0,0,0,0,0,0,0,0.0,0.0,0.0,0.0,0,0,0,0,0,0.00,0.00,0.00,0.00,406,145,384,140,344,121,408,145,,,,,,,0.0,0.0,0.0,0.0,0.0,0.0,714,220,385,133,416,143,137,54,0.0,0.0,0.0
True,True,,,208912,0,0,0,0,0,2,0.0,-0.5,0,Joe,0.5,199,False,,,40,208912.jpg,1.0,False,Worrall,0.1,False,,a,3,90,3,2019,24,5772,41,0.1,0.8,Worrall,241.0,2024-08-23,1997-01-10,False,p208912,18,0,0,0,2,0,0,0,0,0,0,0,6,11.0,0.0,0.0,1.1,5,1,1,6,0,0.00,0.00,0.00,2.17,324,125,432,170,394,153,371,130,,,,,,,0.0,0.0,0.0,0.0,10.85,10.0,630,166,309,104,324,111,441,168,0.0,0.0,30.0
True,True,,,444180,0,0,1,-1,2,3,5.7,5.2,6,Jaidon,6.2,200,True,,,56,444180.jpg,6.7,False,Anthony,3.2,False,,a,3,90,40,409167,45974,87880,937,1.1,7.1,Anthony,241.0,2025-07-01,1999-12-01,False,p444180,529,4,1,2,10,0,0,0,2,0,0,5,142,168.0,61.8,151.0,38.1,14,26,8,48,6,2.15,0.61,2.76,10.79,5,3,74,55,4,2,6,5,3.0,,1.0,,,,0.37,0.0,0.1,0.47,1.84,1.7,131,84,8,3,7,2,100,35,1.02,0.34,8.17
True,False,0.0,0.0,183751,0,0,-1,1,0,3,0.0,0.0,0,Manuel,0.0,201,False,has joined Swansea City on loan for the rest of the season.,2025-09-22T21:45:34.872207Z,54,183751.jpg,0.0,False,Benson Hedilazio,0.0,False,,u,3,90,0,1070,0,2279,49,0.0,0.0,Benson,6.0,2022-08-04,1997-03-28,False,p183751,0,0,0,0,0,0,0,0,0,0,0,0,0,0.0,0.0,0.0,0.0,0,0,0,0,0,0.00,0.00,0.00,0.00,707,306,708,308,699,306,708,307,,,,,,,0.0,0.0,0.0,0.0,0.0,0.0,176,110,701,304,710,309,646,270,0.0,0.0,0.0
True,True,75.0,75.0,179458,0,0,-1,1,0,3,0.8,0.4,1,Jacob,1.5,202,False,Knock - 75% chance of playing,2025-09-14T22:00:08.065375Z,54,179458.jpg,2.5,False,Bruun Larsen,0.0,False,,d,3,90,10,1584,0,3714,25,0.3,1.9,Bruun Larsen,58.0,2025-07-11,1998-09-19,False,p179458,204,0,1,1,6,0,0,0,0,0,0,0,31,32.8,29.1,20.0,8.0,6,7,1,14,2,0.05,0.34,0.39,5.04,233,105,162,107,197,116,228,114,,,,,2.0,,0.02,0.0,0.15,0.17,2.22,2.65,175,109,216,96,197,88,627,258,0.88,0.44,6.18
True,True,,,578614,0,0,-1,1,0,3,-0.5,-1.0,0,Enock,0.0,203,False,,,49,578614.jpg,0.0,False,Agyei,0.0,False,,a,3,90,0,952,15,3521,21,0.0,0.0,Boateng,21.0,2023-01-30,2005-01-13,False,p578614,0,0,0,0,0,0,0,0,0,0,0,0,0,0.0,0.0,0.0,0.0,0,0,0,0,0,0.00,0.00,0.00,0.00,679,287,675,289,655,283,680,288,,,,,,,0.0,0.0,0.0,0.0,0.0,0.0,366,230,670,284,683,291,586,227,0.0,0.0,0.0
True,False,0.0,0.0,250735,0,0,-1,1,0,3,0.0,0.0,0,Darko,0.0,204,False,has joined Kocaelispor  permanently.,2025-09-02T12:51:25.524903Z,49,250735.jpg,0.0,False,Churlinov,0.0,False,,u,3,90,0,160,0,1735,5,0.0,0.0,Churlinov,,2022-08-19,2000-07-11,False,p250735,0,0,0,0,0,0,0,0,0,0,0,0,0,0.0,0.0,0.0,0.0,0,0,0,0,0,0.00,0.00,0.00,0.00,668,279,663,280,643,275,669,280,,,,,,,0.0,0.0,0.0,0.0,0.0,0.0,340,211,659,276,673,284,666,282,0.0,0.0,0.0
True,True,,,172567,0,0,0,0,1,3,2.7,2.2,4,Josh,3.2,205,False,,,50,172567.jpg,5.2,False,Cullen,1.9,False,,a,3,90,31,294776,2254,124946,1597,0.6,6.2,Cullen,104.0,2022-07-12,1996-04-07,False,p172567,500,1,1,2,10,1,0,0,0,0,0,3,121,140.6,87.2,21.0,24.9,37,22,7,66,6,0.08,0.57,0.65,10.34,18,7,42,35,185,109,38,24,1.0,,,,,,0.01,0.0,0.1,0.11,1.86,1.8,252,153,82,33,37,11,133,46,1.08,0.36,11.88
True,True,,,174592,0,0,-2,2,0,3,-0.5,-1.0,0,Marcus,0.0,206,False,,,48,174592.jpg,1.0,False,Edwards,0.1,False,,a,3,90,1,2929,30,7624,54,0.0,0.2,Edwards,241.0,2025-07-01,1998-12-03,False,p174592,5,0,0,0,0,0,0,0,0,0,0,0,3,0.0,0.0,0.0,0.0,0,0,0,0,0,0.00,0.00,0.00,0.00,651,270,644,271,619,262,652,271,4.0,,,,,,0.0,0.0,0.0,0.0,0.0,0.0,372,235,640,265,350,163,543,197,0.0,0.0,0.0
True,True,,,465527,0,0,0,0,0,3,0.7,0.2,1,Hannibal,1.2,207,False,,,50,465527.jpg,2.0,False,Mejbri,0.1,False,,a,3,90,12,7591,47,10820,130,0.2,2.4,Hannibal,218.0,2024-08-28,2003-01-21,False,p465527,246,0,0,1,7,0,0,0,0,0,0,0,33,14.0,40.7,13.0,6.7,3,11,6,20,3,0.16,0.21,0.37,6.65,313,145,118,80,232,130,257,131,,,3.0,,,,0.06,0.0,0.08,0.14,2.43,2.56,278,169,236,107,242,112,408,135,1.1,0.37,7.32
True,False,0.0,0.0,487702,0,0,0,0,0,3,0.0,0.0,0,Luca,0.0,208,False,Has joined Espanyol on loan for the rest of the season.,2025-08-22T14:15:37.649817Z,50,487702.jpg,0.0,False,Koleosho,0.0,False,,u,3,90,0,68,0,2711,6,0.0,0.0,Koleosho,106.0,2023-07-25,2004-09-15,False,p487702,0,0,0,0,0,0,0,0,0,0,0,0,0,0.0,0.0,0.0,0.0,0,0,0,0,0,0.00,0.00,0.00,0.00,692,297,693,299,677,294,693,298,,,,,,,0.0,0.0,0.0,0.0,0.0,0.0,285,174,684,294,696,301,675,287,0.0,0.0,0.0
True,True,,,167887,0,0,-1,1,0,3,1.0,0.5,2,Josh,1.5,209,False,,,49,167887.jpg,1.5,False,Laurent,0.0,False,,a,3,90,9,738,7,1730,7,0.3,1.8,Laurent,241.0,2024-08-30,1995-05-06,False,p167887,367,0,0,0,10,0,0,0,1,0,0,0,40,43.4,18.3,25.0,8.8,17,12,2,31,4,0.15,0.14,0.29,8.34,188,77,224,139,164,95,207,105,,,,,,,0.04,0.0,0.03,0.07,2.05,2.45,314,195,212,93,293,140,629,259,0.98,0.0,7.6
True,True,,,469272,0,0,-1,1,0,3,2.0,1.5,2,Loum,2.5,210,False,,,49,469272.jpg,2.0,False,Tchaouna,0.0,False,,a,3,90,12,1686,38,1797,13,0.5,2.4,Tchaouna,73.0,2025-07-02,2003-09-08,False,p469272,251,0,1,1,4,0,0,0,1,0,0,0,37,13.2,26.2,28.0,6.8,4,6,5,15,3,0.33,0.15,0.48,4.70,319,149,176,115,153,91,252,127,,,,,,,0.12,0.0,0.05,0.17,1.69,1.43,351,219,121,50,237,109,609,246,1.08,0.36,5.38
True,False,0.0,0.0,447715,0,0,-1,1,0,3,0.0,0.0,0,Aaron,0.0,211,False,has joined Leicester City on loan for the rest of the season.,2025-09-02T12:51:25.540742Z,44,447715.jpg,0.0,False,Ramsey,3.4,False,,u,3,90,0,62789,0,706186,3900,0.0,0.0,A.Ramsey,241.0,2023-08-22,2003-01-21,False,p447715,0,0,0,0,0,0,0,0,0,0,0,0,0,0.0,0.0,0.0,0.0,0,0,0,0,0,0.00,0.00,0.00,0.00,540,193,525,195,493,184,542,194,,,,,,,0.0,0.0,0.0,0.0,0.0,0.0,546,302,525,187,549,203,98,33,0.0,0.0,0.0
True,False,0.0,0.0,576323,0,0,0,0,0,3,0.0,0.0,0,Oluwaseun,0.0,212,False,Has joined Cercle Brugge on loan for the rest of the season.,2025-08-15T12:03:26.649417Z,45,576323.jpg,0.0,False,Adewumi,0.0,False,,u,3,90,0,0,0,2283,5,0.0,0.0,Adewumi,14.0,2024-08-29,2005-02-23,False,p576323,0,0,0,0,0,0,0,0,0,0,0,0,0,0.0,0.0,0.0,0.0,0,0,0,0,0,0.00,0.00,0.00,0.00,630,255,624,257,598,247,631,256,,,,,,,0.0,0.0,0.0,0.0,0.0,0.0,479,282,620,251,640,265,691,298,0.0,0.0,0.0
True,True,,,551206,0,0,0,0,0,3,-0.5,-1.0,0,Jaydon,0.0,213,False,,,45,551206.jpg,0.0,False,Banel,0.0,False,,a,3,90,0,2510,50,2829,29,0.0,0.0,Banel,152.0,2025-02-03,2004-10-19,False,p551206,0,0,0,0,0,0,0,0,0,0,0,0,0,0.0,0.0,0.0,0.0,0,0,0,0,0,0.00,0.00,0.00,0.00,618,248,612,250,587,240,620,249,,,,,,,0.0,0.0,0.0,0.0,0.0,0.0,466,275,608,244,628,258,595,235,0.0,0.0,0.0
True,True,,,437748,0,0,-1,1,0,3,-0.5,-1.0,0,Mike,0.0,214,False,,,44,437748.jpg,0.0,False,Trésor Ndayishimiye,0.1,False,,a,3,90,0,4297,101,5217,64,0.0,0.0,Trésor,21.0,2024-07-01,1999-05-28,False,p437748,0,0,0,0,0,0,0,0,0,0,0,0,0,0.0,0.0,0.0,0.0,0,0,0,0,0,0.00,0.00,0.00,0.00,538,192,523,194,490,183,540,193,,,,,,,0.0,0.0,0.0,0.0,0.0,0.0,542,301,523,186,547,202,514,180,0.0,0.0,0.0
True,True,,,431639,0,0,-1,1,0,4,-0.3,-0.8,0,Zian,0.2,215,False,,,54,431639.jpg,1.0,False,Flemming,0.1,False,,a,3,90,3,5654,36,13792,94,0.0,0.6,Flemming,152.0,2025-06-01,1998-08-01,False,p431639,24,0,0,0,0,0,0,0,0,0,0,0,9,2.2,10.1,7.0,1.9,0,1,0,1,0,0.11,0.00,0.11,0.40,381,37,281,27,272,37,358,37,,,2.0,,,,0.41,0.0,0.0,0.41,1.5,0.0,187,44,373,40,380,38,460,64,0.0,0.0,3.75
True,True,0.0,0.0,492831,0,0,-1,1,0,4,0.0,0.0,0,Zeki,0.0,216,False,Knee injury - Unknown return date,2025-08-10T22:00:04.567659Z,49,492831.jpg,0.0,False,Amdouni,0.0,False,,i,3,90,0,457,9,4184,21,0.0,0.0,Amdouni,207.0,2023-07-19,2000-12-04,False,p492831,0,0,0,0,0,0,0,0,0,0,0,0,0,0.0,0.0,0.0,0.0,0,0,0,0,0,0.00,0.00,0.00,0.00,676,70,671,70,652,67,677,70,,,,,,,0.0,0.0,0.0,0.0,0.0,0.0,358,58,668,67,681,71,636,78,0.0,0.0,0.0
True,True,,,435973,0,0,0,0,0,4,3.5,3.0,2,Lyle,4.0,217,False,,,50,435973.jpg,3.3,False,Foster,2.0,False,,a,3,90,20,275332,4735,107457,1994,0.8,4.0,Foster,198.0,2023-01-25,2000-09-03,False,p435973,497,1,1,2,10,0,0,0,1,0,0,2,84,80.6,53.6,50.0,18.5,11,15,5,31,6,0.92,0.12,1.04,10.18,106,10,83,6,77,22,79,13,,,,,,,0.17,0.0,0.02,0.19,1.84,1.81,274,52,51,7,124,12,132,19,1.09,0.36,5.61
True,True,,,44699,0,0,-1,1,0,4,-0.5,-1.0,0,Ashley,0.0,218,False,,,44,44699.jpg,0.0,False,Barnes,1.6,False,,a,3,90,0,63980,666,155706,1226,0.0,0.0,Barnes,241.0,2025-01-02,1989-10-30,False,p44699,0,0,0,0,0,0,0,0,0,0,0,0,0,0.0,0.0,0.0,0.0,0,0,0,0,0,0.00,0.00,0.00,0.00,520,45,504,45,469,43,522,46,,,,,1.0,,0.0,0.0,0.0,0.0,0.0,0.0,505,68,503,43,529,47,147,22,0.0,0.0,0.0
True,False,0.0,0.0,220598,0,0,-1,1,0,4,0.0,0.0,0,Michael,0.0,219,False,has joined VfL Bochum  on loan for the rest of the season.,2025-09-02T12:51:25.555230Z,44,220598.jpg,0.0,False,Obafemi,0.2,False,,u,3,90,0,4151,0,30135,157,0.0,0.0,Obafemi,104.0,2023-07-01,2000-07-06,False,p220598,0,0,0,0,0,0,0,0,0,0,0,0,0,0.0,0.0,0.0,0.0,0,0,0,0,0,0.00,0.00,0.00,0.00,531,46,516,46,482,44,533,47,,,,,,,0.0,0.0,0.0,0.0,0.0,0.0,528,69,516,44,540,48,363,56,0.0,0.0,0.0
True,True,100.0,100.0,67089,0,0,0,0,0,1,2.0,1.5,1,Martin,2.5,470,False,,2025-08-11T10:30:07.723845Z,40,67089.jpg,3.0,False,Dúbravka,34.5,False,,a,3,90,18,723153,4710,385346,3162,0.6,4.5,Dúbravka,194.0,2025-08-07,1989-01-15,False,p67089,540,0,0,1,13,0,0,0,0,0,24,0,81,142.6,0.0,0.0,14.3,11,51,0,0,6,0.00,0.00,0.00,12.36,14,2,415,14,376,7,120,2,,,,,,,0.0,4.0,0.0,0.0,2.06,2.17,610,42,117,10,139,14,6,1,1.0,0.17,0.0
True,True,100.0,100.0,503714,0,0,0,0,0,3,0.0,-0.5,1,Lesley,0.5,676,False,,2025-09-14T22:00:08.706775Z,50,503714.jpg,1.2,False,Ugochukwu,0.0,False,,a,3,90,6,1075,12,3104,17,0.1,1.2,Ugochukwu,73.0,2025-08-06,2004-03-26,False,p503714,264,0,0,1,6,0,0,0,0,1,0,0,24,23.8,18.8,8.0,4.9,7,8,9,24,3,0.07,0.02,0.09,6.25,275,124,219,137,266,145,297,150,,,,,,,0.02,0.0,0.01,0.03,2.13,2.05,292,180,326,158,313,151,608,245,1.02,0.34,8.18
True,True,100.0,100.0,440323,0,0,-2,2,0,4,0.0,-0.5,1,Armando,0.5,680,False,,2025-08-22T12:30:07.403187Z,53,440323.jpg,1.0,False,Broja,0.1,False,,a,3,90,2,6510,94,19125,111,0.1,0.4,Broja,2.0,2025-08-08,2001-09-10,False,p440323,11,0,0,0,3,0,0,0,0,0,0,0,6,2.0,0.1,0.0,0.2,1,0,0,1,0,0.00,0.00,0.00,1.72,387,40,377,42,694,72,401,44,,,,,,,0.0,0.0,0.0,0.0,14.07,24.55,219,48,329,34,375,37,420,61,0.0,0.0,8.18
True,True,,,216055,0,0,0,0,0,3,2.2,1.7,4,Florentino Ibrain,2.7,722,False,,,50,216055.jpg,2.7,False,Morris Luís,0.0,False,,a,3,90,8,658,23,333,8,0.5,1.6,Florentino,173.0,2025-09-01,1999-08-19,False,p216055,207,0,0,0,7,0,0,0,1,0,0,0,36,38.6,23.7,0.0,6.2,12,12,13,37,2,0.00,0.02,0.02,4.43,210,89,188,121,667,287,266,137,,,,,,,0.0,0.0,0.01,0.01,1.93,3.04,264,161,116,49,188,83,705,306,0.87,0.0,16.09
True,False,0.0,0.0,69752,0,0,0,0,0,1,0.0,0.0,0,Norberto,0.0,66,False,Has joined Botafogo permanently.,2025-08-11T01:25:12.553868Z,45,69752.jpg,0.0,False,Murara Neto,0.1,False,,u,4,91,0,0,0,12785,54,0.0,0.0,Neto,30.0,2022-08-07,1989-07-19,False,p69752,0,0,0,0,0,0,0,0,0,0,0,0,0,0.0,0.0,0.0,0.0,0,0,0,0,0,0.00,0.00,0.00,0.00,581,81,567,66,538,59,583,81,,,,,,,0.0,0.0,0.0,0.0,0.0,0.0,390,20,568,80,590,81,485,77,0.0,0.0,0.0
True,True,,,457569,0,0,0,0,0,1,4.0,4.5,3,Đorđe,4.0,67,False,,,45,457569.jpg,4.0,False,Petrović,5.6,False,,a,4,91,24,456792,3334,184692,1371,0.9,5.3,Petrović,190.0,2025-07-16,1999-10-08,False,p457569,540,0,0,3,7,0,0,0,1,0,16,0,100,88.8,0.0,0.0,8.9,10,43,0,0,6,0.00,0.00,0.00,5.32,78,10,588,71,562,65,205,11,,,,,,,0.0,2.67,0.0,0.0,0.89,1.17,431,26,46,5,82,8,66,12,1.0,0.5,0.0
True,True,,,444172,0,0,0,0,0,1,0.0,0.5,0,Will,0.0,68,False,,,40,444172.jpg,0.0,False,Dennis,1.1,False,,a,4,91,0,33503,181,32392,283,0.0,0.0,Dennis,241.0,2019-08-01,2000-07-10,False,p444172,0,0,0,0,0,0,0,0,0,0,0,0,0,0.0,0.0,0.0,0.0,0,0,0,0,0,0.00,0.00,0.00,0.00,463,51,446,34,408,27,465,51,,,,,,,0.0,0.0,0.0,0.0,0.0,0.0,648,62,444,50,473,51,177,25,0.0,0.0,0.0
True,True,,,568791,0,0,0,0,0,1,0.0,0.5,0,Callan,0.0,69,False,,,40,568791.jpg,0.0,False,McKenna,0.2,False,,a,4,91,0,4857,23,5984,43,0.0,0.0,McKenna,243.0,2024-02-01,2006-12-22,False,p568791,0,0,0,0,0,0,0,0,0,0,0,0,0,0.0,0.0,0.0,0.0,0,0,0,0,0,0.00,0.00,0.00,0.00,505,71,488,54,452,47,507,71,,,,,,,0.0,0.0,0.0,0.0,0.0,0.0,698,82,487,70,515,71,351,54,0.0,0.0,0.0
True,False,0.0,0.0,495145,0,0,0,0,0,1,0.0,0.0,0,Alex,0.0,70,False,Has joined Lechia Gdansk on loan for the rest of the season.,2025-08-27T12:50:21.648936Z,40,495145.jpg,0.0,False,Paulsen,0.1,False,,u,4,91,0,1107,0,6541,37,0.0,0.0,Paulsen,154.0,2024-07-01,2002-07-04,False,p495145,0,0,0,0,0,0,0,0,0,0,0,0,0,0.0,0.0,0.0,0.0,0,0,0,0,0,0.00,0.00,0.00,0.00,484,64,467,47,430,40,486,64,,,,,,,0.0,0.0,0.0,0.0,0.0,0.0,674,75,465,63,494,64,484,76,0.0,0.0,0.0
True,False,0.0,0.0,477580,0,0,0,0,0,2,0.0,0.0,0,Illia,0.0,71,False,Has joined Paris Saint-Germain permanently.,2025-08-12T13:14:36.028170Z,50,477580.jpg,0.0,False,Zabarnyi,0.0,False,,u,4,91,0,0,0,7598,6,0.0,0.0,Zabarnyi,225.0,2023-01-31,2002-09-01,False,p477580,0,0,0,0,0,0,0,0,0,0,0,0,0,0.0,0.0,0.0,0.0,0,0,0,0,0,0.00,0.00,0.00,0.00,691,239,692,239,676,234,692,239,,,,,,,0.0,0.0,0.0,0.0,0.0,0.0,283,46,683,236,695,238,625,213,0.0,0.0,0.0
True,True,,,221466,0,0,3,-3,1,2,8.0,8.5,6,Marcos,8.0,72,True,,,48,221466.jpg,7.2,False,Senesi Barón,18.4,False,,a,4,91,43,2165618,43407,173943,1187,1.7,9.0,Senesi,10.0,2022-08-08,1997-05-10,False,p221466,540,0,2,3,7,0,0,0,1,0,0,5,136,144.8,42.8,14.0,20.2,68,24,12,80,6,0.14,0.35,0.49,5.32,13,4,112,26,226,65,65,16,,,,,,,0.02,0.0,0.06,0.08,0.89,1.17,375,63,3,2,4,2,19,7,1.0,0.5,13.33
True,True,0.0,0.0,54469,0,0,-1,1,0,2,0.0,0.0,0,Adam,0.2,73,False,Hamstring injury - Expected back 18 Oct,2025-08-31T01:00:07.918421Z,44,54469.jpg,2.7,False,Smith,0.2,False,,i,4,91,8,13567,2,27594,148,0.0,1.8,Smith,241.0,2014-01-28,1991-04-29,False,p54469,204,0,0,1,3,0,0,0,0,0,0,0,28,17.8,14.0,4.0,3.6,10,3,1,11,3,0.00,0.09,0.09,2.56,298,116,248,82,299,101,324,112,,,,,,,0.0,0.0,0.04,0.04,1.13,1.32,507,111,350,120,184,70,376,137,1.32,0.44,4.85
True,True,,,494521,0,0,0,0,0,2,5.2,5.7,3,Adrien,5.2,74,False,,,45,494521.jpg,4.5,False,Truffert,1.9,False,,a,4,91,27,207488,2311,70080,788,1.2,6.0,Truffert,73.0,2025-06-16,2001-11-20,False,p494521,540,0,0,3,7,0,0,0,0,0,0,4,95,82.8,92.0,9.0,18.3,28,28,13,41,6,0.01,0.40,0.41,5.32,96,44,37,7,256,82,81,23,,,,,,,0.0,0.0,0.07,0.07,0.89,1.17,446,98,19,10,61,28,136,53,1.0,0.5,6.83
True,True,,,541462,0,0,0,0,0,2,0.0,0.5,0,Matai,0.0,75,False,,,40,541462.jpg,0.0,False,Akinmboni,0.3,False,,a,4,91,0,7997,80,14441,116,0.0,0.0,Akinmboni,229.0,2025-01-03,2006-10-17,False,p541462,0,0,0,0,0,0,0,0,0,0,0,0,0,0.0,0.0,0.0,0.0,0,0,0,0,0,0.00,0.00,0.00,0.00,495,194,478,192,442,177,497,194,,,,,,,0.0,0.0,0.0,0.0,0.0,0.0,688,200,477,185,505,192,319,113,0.0,0.0,0.0
True,True,,,518906,0,0,0,0,0,2,0.0,0.5,0,Owen,0.0,76,False,,,40,518906.jpg,0.0,False,Bevan,0.2,False,,a,4,91,0,2878,24,7667,47,0.0,0.0,Bevan,244.0,2022-08-22,2003-10-26,False,p518906,0,0,0,0,0,0,0,0,0,0,0,0,0,0.0,0.0,0.0,0.0,0,0,0,0,0,0.00,0.00,0.00,0.00,492,192,475,190,438,174,494,192,,,,,,,0.0,0.0,0.0,0.0,0.0,0.0,683,196,473,182,502,190,397,149,0.0,0.0,0.0
True,True,,,463981,0,0,0,0,0,2,2.0,2.5,0,James,2.0,77,False,,,40,463981.jpg,2.0,False,Hill,0.9,False,,a,4,91,10,68008,405,44978,650,0.5,2.5,Hill,241.0,2022-01-05,2002-01-10,False,p463981,198,0,0,1,2,0,0,0,1,0,0,0,31,24.2,3.0,41.0,6.9,13,5,1,14,1,0.12,0.03,0.15,0.98,274,107,328,114,99,13,249,82,,,,,,,0.05,0.0,0.01,0.06,0.45,0.91,658,181,157,60,230,83,185,69,0.45,0.45,6.36
True,True,100.0,100.0,436893,0,0,0,0,0,2,0.0,0.5,0,Julián,0.0,78,False,,2025-08-28T17:00:07.495624Z,40,436893.jpg,0.0,False,Araujo Zúñiga,0.8,False,,a,4,91,0,20046,138,67007,383,0.0,0.0,J.Araujo,139.0,2024-08-13,2001-08-13,False,p436893,0,0,0,0,0,0,0,0,0,0,0,0,0,0.0,0.0,0.0,0.0,0,0,0,0,0,0.00,0.00,0.00,0.00,461,177,444,175,406,158,463,177,,,,,,,0.0,0.0,0.0,0.0,0.0,0.0,645,174,441,166,471,175,189,71,0.0,0.0,0.0
True,False,0.0,0.0,223911,0,0,0,0,0,2,0.0,0.0,0,Chris,0.0,79,False,has joined West Bromwich Albion permanently.,2025-09-02T12:54:34.562307Z,40,223911.jpg,0.0,False,Mepham,0.1,False,,u,4,91,0,1400,0,11861,64,0.0,0.0,Mepham,244.0,2019-01-22,1997-11-05,False,p223911,0,0,0,0,0,0,0,0,0,0,0,0,0,0.0,0.0,0.0,0.0,0,0,0,0,0,0.00,0.00,0.00,0.00,455,175,438,173,400,156,457,175,,,,,,,0.0,0.0,0.0,0.0,0.0,0.0,637,170,435,164,465,173,457,172,0.0,0.0,0.0
True,True,,,575901,0,0,0,0,0,2,0.2,0.7,0,Julio,0.2,80,False,,,40,575901.jpg,1.0,False,Soler Barreto,0.2,False,,a,4,91,1,6640,91,12432,101,0.0,0.2,Soler,10.0,2025-01-07,2005-02-16,False,p575901,1,0,0,0,0,0,0,0,0,0,0,0,2,0.0,0.0,0.0,0.0,0,0,0,0,0,0.00,0.00,0.00,0.00,507,202,490,200,454,185,509,202,,,,,,,0.0,0.0,0.0,0.0,0.0,0.0,700,208,346,118,330,117,331,119,0.0,0.0,0.0
True,True,100.0,100.0,222683,0,0,0,0,0,3,1.0,1.5,1,Justin,1.0,81,False,,2025-08-10T22:00:04.480285Z,70,222683.jpg,1.0,False,Kluivert,0.8,False,,a,4,91,5,50532,704,78434,650,0.1,0.7,Kluivert,152.0,2023-07-01,1999-05-05,False,p222683,130,0,0,0,2,0,0,0,0,0,0,0,18,12.8,32.8,24.0,6.9,2,5,0,7,1,0.31,0.38,0.69,1.41,320,150,143,95,174,101,251,126,3.0,,,,1.0,,0.21,0.0,0.26,0.47,0.98,1.38,34,20,275,136,398,197,198,65,0.69,0.0,4.85
True,True,,,437730,0,0,7,-7,2,3,6.8,7.3,7,Antoine,6.8,82,True,,,77,437730.jpg,8.0,False,Semenyo,51.7,False,,a,4,91,48,5422284,54424,482117,2055,0.9,6.2,Semenyo,81.0,2023-01-27,2000-01-07,False,p437730,540,4,2,3,7,0,0,0,1,0,0,6,127,170.2,99.3,140.0,41.0,6,32,11,49,6,2.99,0.31,3.30,5.32,4,2,32,27,7,4,4,3,,,,,3.0,,0.5,0.0,0.05,0.55,0.89,1.17,20,13,6,1,2,1,2,1,1.0,0.5,8.17
True,True,,,201658,0,0,0,0,1,3,2.2,2.7,1,Marcus,2.2,84,False,,,55,201658.jpg,4.0,False,Tavernier,1.6,False,,a,4,91,24,238414,477,123157,3162,0.4,4.4,Tavernier,241.0,2022-08-01,1999-03-22,False,p201658,436,1,0,3,5,0,0,0,0,0,0,3,72,85.0,63.9,93.0,24.3,13,27,8,48,5,0.92,0.48,1.40,3.97,89,28,71,52,26,13,43,28,1.0,,1.0,,,,0.19,0.0,0.1,0.29,0.82,1.03,145,90,147,62,90,34,145,51,1.03,0.62,9.91
True,True,,,200785,0,0,0,0,0,3,2.5,3.0,2,Tyler,2.5,85,False,,,50,200785.jpg,2.7,False,Adams,0.4,False,,a,4,91,16,31187,433,25598,267,0.5,3.2,Adams,229.0,2023-08-20,1999-02-14,False,p200785,527,0,0,3,6,0,0,0,3,0,0,0,95,80.6,26.1,45.0,15.2,24,30,18,72,6,0.14,0.16,0.30,5.10,105,34,177,116,86,53,110,61,,,4.0,,,,0.02,0.0,0.03,0.05,0.87,1.02,257,155,122,51,187,82,267,92,1.02,0.51,12.3
True,True,,,111317,0,0,0,0,0,3,2.2,2.7,1,David,2.2,86,False,,,50,111317.jpg,2.7,False,Brooks,0.4,False,,a,4,91,16,53283,199,30627,470,0.4,3.2,Brooks,244.0,2018-07-01,1997-07-08,False,p111317,370,0,1,3,3,0,0,0,2,0,0,1,71,57.8,107.3,82.0,24.3,5,20,6,31,5,0.88,1.30,2.18,3.50,144,54,24,21,34,19,42,27,5.0,,,,,,0.21,0.0,0.32,0.53,0.85,0.73,248,151,141,58,186,81,270,94,1.22,0.73,7.54
True,True,100.0,100.0,158499,0,0,0,0,0,3,1.5,2.0,4,Ryan,1.5,87,False,,2025-09-13T21:30:07.956994Z,50,158499.jpg,1.8,False,Christie,0.1,False,,a,4,91,7,2467,75,6507,36,0.3,1.4,Christie,243.0,2021-08-31,1995-02-22,False,p158499,137,0,1,0,2,0,0,0,0,0,0,0,24,18.0,18.9,11.0,4.9,7,9,5,21,1,0.15,0.06,0.21,1.47,297,137,218,136,243,134,296,149,4.0,,,,,,0.1,0.0,0.04,0.14,0.97,1.31,249,152,215,95,269,127,530,189,0.66,0.0,13.8
True,True,50.0,50.0,155408,0,0,-1,1,0,3,0.1,0.3,0,Lewis,0.2,88,False,Shoulder injury - 50% chance of playing,2025-09-24T06:00:05.966439Z,49,155408.jpg,1.0,False,Cook,0.0,False,,d,4,91,1,1291,2,1476,40,0.0,0.2,Cook,241.0,2016-07-08,1997-02-03,False,p155408,4,0,0,0,0,0,0,0,0,0,0,0,2,2.0,0.1,0.0,0.2,1,0,0,1,0,0.00,0.00,0.00,0.00,384,181,374,191,628,266,399,190,2.0,,,,,,0.0,0.0,0.0,0.0,0.0,0.0,311,193,361,173,356,169,665,281,0.0,0.0,22.5
True,False,0.0,0.0,168991,0,0,-1,1,0,3,0.0,0.0,0,Philip,0.0,89,False,Has joined Midtjylland permanently.,2025-08-27T12:49:57.472718Z,49,168991.jpg,0.0,False,Billing,0.0,False,,u,4,91,0,598,0,5758,20,0.0,0.0,Philip,58.0,2019-07-29,1996-06-11,False,p168991,0,0,0,0,0,0,0,0,0,0,0,0,0,0.0,0.0,0.0,0.0,0,0,0,0,0,0.00,0.00,0.00,0.00,658,273,652,274,630,268,659,274,,,,,,,0.0,0.0,0.0,0.0,0.0,0.0,315,196,649,270,664,279,623,257,0.0,0.0,0.0
True,True,,,503139,0,0,0,0,0,3,4.0,4.5,1,Alex,4.0,90,False,,,50,503139.jpg,3.3,False,Scott,0.3,False,,a,4,91,20,37341,642,12520,439,0.8,4.0,Scott,241.0,2023-08-10,2003-08-21,False,p503139,358,1,0,3,3,0,0,0,1,0,0,2,81,76.8,67.7,22.0,16.6,10,14,13,37,5,0.22,0.23,0.45,3.41,109,36,67,49,179,105,97,52,,,5.0,,,,0.06,0.0,0.06,0.12,0.86,0.75,291,179,52,21,125,53,294,98,1.26,0.75,9.3
True,False,0.0,0.0,224995,0,0,0,0,0,3,0.0,0.0,0,Luis,0.0,91,False,Has joined Cruzeiro on loan for the rest of the season.,2025-08-26T13:43:19.913048Z,50,224995.jpg,0.0,False,Sinisterra Lucumí,0.0,False,,u,4,91,0,396,0,3467,8,0.0,0.0,Sinisterra,48.0,2024-06-14,1999-06-17,False,p224995,0,0,0,0,0,0,0,0,0,0,0,0,0,0.0,0.0,0.0,0.0,0,0,0,0,0,0.00,0.00,0.00,0.00,684,291,685,293,668,288,685,292,,,,,,,0.0,0.0,0.0,0.0,0.0,0.0,265,162,676,288,688,295,676,288,0.0,0.0,0.0
True,False,0.0,0.0,441240,0,0,0,0,0,3,0.0,0.0,0,Romain,0.0,92,False,has joined Al Taawoun permanently.,2025-09-11T13:43:59.477111Z,45,441240.jpg,0.0,False,Faivre,0.1,False,,u,4,91,0,3740,0,14261,101,0.0,0.0,Faivre,73.0,2023-07-13,1998-07-14,False,p441240,0,0,0,0,0,0,0,0,0,0,0,0,0,0.0,0.0,0.0,0.0,0,0,0,0,0,0.00,0.00,0.00,0.00,593,225,584,227,558,217,595,226,,,,,,,0.0,0.0,0.0,0.0,0.0,0.0,426,250,582,221,602,235,468,156,0.0,0.0,0.0
True,False,0.0,0.0,424044,0,0,0,0,0,3,0.0,0.0,0,Hamed,0.0,93,False,has joined Marseille on loan for the rest of the season.,2025-09-02T12:54:34.582455Z,45,424044.jpg,4.0,False,Traorè,0.6,False,,u,4,91,4,114900,0,129068,942,0.0,0.9,H.Traorè,54.0,2023-07-01,2000-02-16,False,p424044,16,0,1,0,2,0,0,0,0,0,0,0,12,21.2,10.0,0.0,3.1,1,2,1,4,0,0.00,0.00,0.00,0.40,284,129,283,160,555,214,336,164,,,,,,,0.0,0.0,0.0,0.0,2.25,11.25,421,247,579,218,80,29,226,78,0.0,0.0,22.5
True,False,0.0,0.0,550596,0,0,0,0,0,3,0.0,0.0,0,Dominic,0.0,94,False,has joined Novi Pazar on loan for the rest of the season.,2025-09-22T21:51:49.974133Z,45,550596.jpg,0.0,False,Sadi,0.1,False,,u,4,91,0,3895,0,5015,125,0.0,0.0,Sadi,,,,False,p550596,0,0,0,0,0,0,0,0,0,0,0,0,0,0.0,0.0,0.0,0.0,0,0,0,0,0,0.00,0.00,0.00,0.00,617,247,611,249,586,239,619,248,,,,,,,0.0,0.0,0.0,0.0,0.0,0.0,464,274,607,243,627,257,558,206,0.0,0.0,0.0
True,False,0.0,0.0,530121,0,0,-1,1,0,3,0.0,0.0,0,Zain,0.0,95,False,has joined Olympiakos permanently.,2025-09-22T21:51:49.994072Z,44,530121.jpg,0.0,False,Silcott-Duberry,0.1,False,,u,4,91,0,15405,0,11414,361,0.0,0.0,Silcott-Duberry,241.0,2025-01-17,2005-07-09,False,p530121,0,0,0,0,0,0,0,0,0,0,0,0,0,0.0,0.0,0.0,0.0,0,0,0,0,0,0.00,0.00,0.00,0.00,555,204,541,206,511,195,557,205,,,,,,,0.0,0.0,0.0,0.0,0.0,0.0,571,314,542,199,564,214,416,138,0.0,0.0,0.0
True,False,0.0,0.0,606775,0,0,0,0,0,3,0.0,0.0,0,Ben,0.0,96,False,has joined Barnet on loan for the rest of the season.,2025-09-02T12:54:34.599400Z,45,606775.jpg,1.0,False,Winterburn,0.1,False,,u,4,91,1,2964,0,7608,48,0.0,0.2,Winterburn,241.0,2024-11-29,2004-09-04,False,p606775,6,0,0,0,2,0,0,0,0,0,0,0,3,0.0,0.0,0.0,0.0,0,0,0,0,0,0.00,0.00,0.00,0.31,642,263,636,265,610,255,643,264,,,,,,,0.0,0.0,0.0,0.0,4.65,30.0,493,291,632,259,347,160,570,214,0.0,0.0,0.0
True,True,,,444102,0,0,0,0,0,4,4.2,4.7,2,Francisco Evanilson,4.2,97,False,,,70,444102.jpg,3.3,False,de Lima Barbosa,3.5,False,,a,4,91,20,424199,2684,264686,4576,0.6,2.9,Evanilson,30.0,2024-08-16,1999-10-06,False,p444102,527,1,1,3,7,0,0,0,1,0,0,2,79,55.0,81.6,133.0,26.8,6,19,1,26,6,1.10,0.25,1.35,5.20,151,13,48,3,9,5,25,6,,,,,2.0,,0.19,0.0,0.04,0.23,0.89,1.2,39,16,44,6,130,13,97,14,1.02,0.51,4.44
True,True,0.0,0.0,168636,0,0,0,0,0,4,0.0,0.0,0,Enes,0.0,98,False,Knee injury - Unknown return date,2025-07-21T10:00:04.802496Z,55,168636.jpg,0.0,False,Ünal,0.0,False,,i,4,91,0,435,4,957,10,0.0,0.0,Enes Ünal,219.0,2024-07-01,1997-05-10,False,p168636,0,0,0,0,0,0,0,0,0,0,0,0,0,0.0,0.0,0.0,0.0,0,0,0,0,0,0.00,0.00,0.00,0.00,717,75,718,75,714,74,718,75,,,2.0,,,,0.0,0.0,0.0,0.0,0.0,0.0,141,33,711,73,718,75,692,81,0.0,0.0,0.0
True,False,0.0,0.0,590760,0,0,-1,1,0,4,0.0,0.0,0,Daniel,0.0,99,False,has joined HNK Rijeka permanently.,2025-09-22T21:19:25.247985Z,44,590760.jpg,0.0,False,Adu-Adjei,0.3,False,,u,4,91,0,22144,0,27395,477,0.0,0.0,Adu-Adjei,241.0,2022-12-19,2005-06-21,False,p590760,0,0,0,0,0,0,0,0,0,0,0,0,0,0.0,0.0,0.0,0.0,0,0,0,0,0,0.00,0.00,0.00,0.00,570,55,556,55,527,53,572,56,,,,,,,0.0,0.0,0.0,0.0,0.0,0.0,588,78,557,53,579,57,314,52,0.0,0.0,0.0
True,True,,,560262,0,0,0,0,0,4,1.2,1.7,4,Eli Junior,1.2,100,False,,,45,560262.jpg,1.8,False,Kroupi,1.5,False,,a,4,91,7,179609,3048,130830,1423,0.3,1.6,Kroupi.Jr,73.0,2025-02-02,2006-06-23,False,p560262,21,1,0,0,1,0,0,0,1,0,0,0,36,0.0,0.0,2.0,0.2,0,2,0,2,0,0.23,0.00,0.23,0.30,622,60,616,60,323,40,397,42,,,,,,,0.99,0.0,0.0,0.99,1.29,4.29,471,61,231,22,263,25,151,23,0.0,0.0,8.57
True,True,,,496208,0,0,0,0,0,3,0.2,0.7,1,Ben,0.2,391,False,,,50,496208.jpg,1.0,False,Gannon-Doak,0.0,False,,a,4,91,1,3514,18,4705,30,0.0,0.2,Gannon-Doak,243.0,2025-08-18,2005-11-11,False,p496208,17,0,0,0,0,0,0,0,0,0,0,0,0,0.0,0.0,0.0,0.0,1,0,0,1,0,0.18,0.01,0.19,0.20,694,299,695,301,679,296,695,300,,,,,,,0.95,0.0,0.05,1.0,1.06,0.0,288,176,369,177,368,176,581,224,0.0,0.0,5.29
True,True,100.0,100.0,242882,0,0,0,0,1,2,3.5,4.0,3,Bafodé,3.5,685,False,,2025-09-13T21:30:08.472990Z,45,242882.jpg,4.8,False,Diakité,0.5,False,,a,4,91,24,64266,432,35492,136,0.8,5.3,Diakité,73.0,2025-08-13,2001-01-06,False,p242882,450,0,0,3,6,0,0,0,1,0,0,2,94,71.0,23.8,6.0,10.1,39,20,8,47,5,0.00,0.06,0.06,4.70,120,54,187,51,283,93,187,63,,,,,,,0.0,0.0,0.01,0.01,0.94,1.2,419,89,73,29,51,24,248,93,1.0,0.6,9.4
True,True,,,606774,0,0,0,0,0,3,0.0,0.5,0,Remy,0.0,687,False,,,45,606774.jpg,0.0,False,Rees-Dottin,0.1,False,,a,4,91,0,6372,29,7083,55,0.0,0.0,Rees-Dottin,241.0,2024-12-28,2006-03-06,False,p606774,0,0,0,0,0,0,0,0,0,0,0,0,0,0.0,0.0,0.0,0.0,0,0,0,0,0,0.00,0.00,0.00,0.00,641,262,635,264,609,254,642,263,,,,,,,0.0,0.0,0.0,0.0,0.0,0.0,492,290,631,258,651,272,454,151,0.0,0.0,0.0
True,True,,,489888,0,0,0,0,0,3,1.0,1.5,1,Amine,1.0,697,False,,,55,489888.jpg,1.0,False,Adli,0.0,False,,a,4,91,5,3346,52,2294,27,0.2,0.9,Adli,145.0,2025-08-21,2000-05-10,False,p489888,147,0,0,0,2,0,0,0,0,0,0,0,34,32.0,27.1,9.0,6.8,7,14,10,31,1,0.10,0.09,0.19,1.52,236,108,170,113,260,141,255,129,,,,,,,0.06,0.0,0.06,0.12,0.93,1.22,162,100,270,132,386,189,617,252,0.61,0.0,18.98
True,True,,,551483,0,0,0,0,0,2,0.0,0.5,0,Álex,0.0,713,False,,,45,551483.jpg,0.0,False,Jiménez Sánchez,0.0,False,,a,4,91,0,1279,22,472,14,0.0,0.0,A.Jimenez,200.0,2025-09-01,2005-05-08,False,p551483,120,0,0,0,2,0,0,0,3,0,0,0,7,4.4,1.9,9.0,1.5,3,7,7,10,2,0.05,0.03,0.08,1.64,364,134,342,122,257,83,364,128,,,,,,,0.04,0.0,0.02,0.06,1.23,1.5,467,104,609,228,629,230,677,230,1.5,0.0,7.5
True,True,,,620487,0,0,0,0,0,2,1.3,1.8,0,Veljko,1.3,721,False,,,45,620487.jpg,4.0,False,Milosavljevic,0.0,False,,a,4,91,4,3618,20,1028,52,0.3,0.9,Milosavljević,190.0,2025-09-01,2007-06-28,False,p620487,90,0,0,0,1,0,0,0,0,0,0,0,15,23.4,11.3,6.0,4.1,10,3,1,11,1,0.00,0.18,0.18,0.62,276,108,271,91,285,95,309,106,,,,,,,0.0,0.0,0.18,0.18,0.62,1.0,499,109,224,82,83,37,619,212,1.0,0.0,11.0
True,True,75.0,75.0,200641,0,0,-1,1,0,3,-0.4,0.0,0,Reiss,0.0,27,False,Illness - 75% chance of playing,2025-09-26T15:00:07.964360Z,49,200641.jpg,0.0,False,Nelson,0.1,False,,d,5,94,0,6160,7,10678,153,0.0,0.0,Nelson,241.0,2025-09-01,1999-12-10,False,p200641,0,0,0,0,0,0,0,0,0,0,0,0,0,0.0,0.0,0.0,0.0,0,0,0,0,0,0.00,0.00,0.00,0.00,659,274,653,275,631,269,660,275,,,,,,,0.0,0.0,0.0,0.0,0.0,0.0,319,200,651,272,665,280,452,149,0.0,0.0,0.0
True,True,100.0,100.0,533463,0,0,0,0,1,3,1.0,1.5,2,Dango,1.5,83,False,,2025-08-14T16:00:05.815568Z,60,533463.jpg,3.8,False,Ouattara,0.6,False,,a,5,94,19,165710,201,117969,1372,0.2,3.2,O.Dango,35.0,2025-08-16,2002-02-11,False,p533463,289,1,0,1,4,0,0,0,0,0,0,3,45,58.6,5.1,90.0,15.1,11,11,4,26,3,1.39,0.28,1.67,4.10,142,52,315,170,28,14,111,62,,,,,,,0.43,0.0,0.09,0.52,1.28,1.25,92,61,219,99,100,39,220,74,0.93,0.31,8.1
True,True,100.0,100.0,200720,0,0,0,0,1,1,2.5,3.0,8,Caoimhín,3.0,101,False,,2025-08-09T14:00:04.798673Z,45,200720.jpg,3.0,False,Kelleher,8.3,False,,a,5,94,18,181364,2227,407553,2445,0.7,4.0,Kelleher,104.0,2025-06-03,1998-11-23,False,p200720,540,0,0,1,11,0,1,0,1,0,16,0,65,85.2,0.0,0.0,8.6,8,47,1,0,6,0.00,0.01,0.01,8.88,88,12,573,69,546,63,212,13,,,,,,,0.0,2.67,0.0,0.0,1.48,1.83,407,24,90,6,145,16,47,8,1.0,0.17,0.0
True,True,,,235448,0,0,0,0,0,1,-0.5,0.0,0,Ellery,0.0,102,False,,,40,235448.jpg,0.0,False,Balcombe,0.3,False,,a,5,94,0,7808,47,10035,84,0.0,0.0,Balcombe,241.0,2016-11-02,1999-10-15,False,p235448,0,0,0,0,0,0,0,0,0,0,0,0,0,0.0,0.0,0.0,0.0,0,0,0,0,0,0.00,0.00,0.00,0.00,457,48,440,31,402,24,459,48,,,,,,,0.0,0.0,0.0,0.0,0.0,0.0,639,59,437,47,467,48,306,44,0.0,0.0,0.0
True,True,,,503300,0,0,0,0,0,1,-0.5,0.0,0,Matthew,0.0,103,False,,,40,503300.jpg,0.0,False,Cox,0.1,False,,a,5,94,0,3073,22,4366,48,0.0,0.0,Cox,241.0,2021-10-26,2003-05-02,False,p503300,0,0,0,0,0,0,0,0,0,0,0,0,0,0.0,0.0,0.0,0.0,0,0,0,0,0,0.00,0.00,0.00,0.00,487,65,470,48,433,41,489,65,,,,,,,0.0,0.0,0.0,0.0,0.0,0.0,677,76,468,64,497,65,406,61,0.0,0.0,0.0
True,True,,,535017,0,0,0,0,0,1,-0.5,0.0,0,Julian,0.0,104,False,,,40,535017.jpg,0.0,False,Eyestone,0.1,False,,a,5,94,0,1079,24,2403,28,0.0,0.0,Eyestone,229.0,2024-08-08,2006-04-21,False,p535017,0,0,0,0,0,0,0,0,0,0,0,0,0,0.0,0.0,0.0,0.0,0,0,0,0,0,0.00,0.00,0.00,0.00,494,67,477,50,441,43,496,67,,,,,,,0.0,0.0,0.0,0.0,0.0,0.0,687,78,476,66,504,67,520,78,0.0,0.0,0.0
True,True,,,507433,0,0,0,0,0,1,-0.5,0.0,0,Hákon Rafn,0.0,105,False,,,40,507433.jpg,0.0,False,Valdimarsson,0.7,False,,a,5,94,0,5331,14,30453,212,0.0,0.0,Valdimarsson,99.0,2024-01-26,2001-10-13,False,p507433,0,0,0,0,0,0,0,0,0,0,0,0,0,0.0,0.0,0.0,0.0,0,0,0,0,0,0.00,0.00,0.00,0.00,488,66,471,49,434,42,490,66,,,,,,,0.0,0.0,0.0,0.0,0.0,0.0,678,77,469,65,498,66,206,27,0.0,0.0,0.0
True,True,,,432830,0,0,0,0,0,2,1.3,1.8,1,Nathan,1.8,106,False,,,50,432830.jpg,2.7,False,Collins,1.3,False,,a,5,94,16,45940,181,81696,906,0.4,3.2,Collins,104.0,2023-07-04,2001-04-30,False,p432830,540,0,0,1,11,0,0,0,3,0,0,1,47,102.8,11.6,50.0,16.5,52,21,4,56,6,0.17,0.06,0.23,8.88,58,25,267,89,76,10,99,32,,,,,,,0.03,0.0,0.01,0.04,1.48,1.83,273,44,193,76,190,72,162,59,1.0,0.17,9.33
True,True,,,249231,0,0,0,0,0,2,1.7,2.2,1,Keane,2.2,107,False,,,50,249231.jpg,2.7,False,Lewis-Potter,0.4,False,,a,5,94,16,15287,80,21064,308,0.4,3.2,Lewis-Potter,241.0,2022-07-12,2001-02-22,False,p249231,398,0,0,2,8,0,0,0,0,0,0,0,41,27.2,25.4,15.0,6.8,12,16,7,19,5,0.12,0.06,0.18,6.76,259,100,180,48,219,60,253,84,,,4.0,,,,0.03,0.0,0.01,0.04,1.53,1.81,270,43,142,57,189,71,271,98,1.13,0.45,4.3
True,True,,,191866,0,0,-1,1,0,2,0.7,1.2,0,Kristoffer,1.2,108,False,,,44,191866.jpg,2.0,False,Ajer,0.2,False,,a,5,94,6,5156,54,9581,106,0.3,1.4,Ajer,161.0,2021-07-21,1998-04-17,False,p191866,28,0,1,0,1,0,0,0,0,0,0,0,20,24.8,10.7,23.0,6.0,2,1,1,3,0,0.09,0.41,0.50,0.26,270,105,275,94,175,42,270,89,,,,,,,0.29,0.0,1.32,1.61,0.84,3.21,520,123,228,84,231,84,392,144,0.0,0.0,9.64
True,True,,,194010,0,0,-1,1,0,2,0.0,0.5,1,Rico,0.5,109,False,,,44,194010.jpg,0.7,False,Henry,0.1,False,,a,5,94,4,3412,26,8367,65,0.1,0.9,Henry,241.0,2016-08-31,1997-07-08,False,p194010,168,0,0,0,6,0,0,0,1,0,0,0,4,11.0,12.1,12.0,3.3,6,10,4,10,1,0.13,0.06,0.19,4.57,325,126,262,86,235,70,329,115,,,,,,,0.07,0.0,0.03,0.1,2.45,3.21,522,125,311,106,403,134,443,169,0.54,0.0,5.36
True,True,,,607464,0,0,0,0,0,2,1.0,1.5,2,Michael,1.5,110,False,,,45,607464.jpg,2.8,False,Kayode,0.4,False,,a,5,94,17,42694,183,27583,216,0.3,3.8,Kayode,106.0,2025-07-01,2004-07-10,False,p607464,526,0,0,1,10,0,0,0,0,0,0,2,55,87.6,47.4,6.0,14.1,25,22,13,38,6,0.00,0.17,0.17,8.64,80,36,96,21,284,94,126,41,,,,,,,0.0,0.0,0.03,0.03,1.48,1.71,494,108,211,81,169,67,285,104,1.03,0.17,6.5
True,True,100.0,100.0,231065,0,0,-1,1,0,2,-0.5,0.0,0,Ethan,0.0,111,False,,2025-08-18T08:00:05.393517Z,44,231065.jpg,0.0,False,Pinnock,0.1,False,,a,5,94,0,3848,33,13537,109,0.0,0.0,Pinnock,107.0,2019-07-02,1993-05-29,False,p231065,155,0,0,0,4,1,0,0,1,0,0,0,1,31.8,0.8,10.0,4.3,13,4,2,15,2,0.00,0.04,0.04,2.11,237,89,356,129,247,77,304,103,,,,,,,0.0,0.0,0.02,0.02,1.23,2.32,531,131,518,214,542,217,417,157,1.16,0.0,8.71
True,False,0.0,0.0,226956,0,0,0,0,0,2,0.0,0.0,0,Mads,0.0,112,False,Has joined Southampton permanently.,2025-08-22T14:17:15.662878Z,45,226956.jpg,0.0,False,Roerslev Rasmussen,0.0,False,,u,5,94,0,211,0,3373,5,0.0,0.0,Roerslev,58.0,2019-10-27,1999-06-24,False,p226956,0,0,0,0,0,0,0,0,0,0,0,0,0,0.0,0.0,0.0,0.0,0,0,0,0,0,0.00,0.00,0.00,0.00,589,229,579,228,552,220,591,229,,,,,,,0.0,0.0,0.0,0.0,0.0,0.0,415,86,577,224,598,226,657,221,0.0,0.0,0.0
True,True,,,444765,0,0,0,0,0,2,1.3,1.8,2,Sepp,1.8,113,False,,,45,444765.jpg,3.0,False,van den Berg,0.7,False,,a,5,94,18,63042,143,42001,402,0.4,4.0,Van den Berg,152.0,2024-08-22,2001-12-20,False,p444765,540,0,0,1,11,0,0,0,0,0,0,0,59,108.6,2.2,26.0,13.7,51,17,3,54,6,0.87,0.03,0.90,8.88,48,20,339,121,161,38,133,44,,,,,,,0.14,0.0,0.0,0.14,1.48,1.83,427,93,186,72,146,57,209,77,1.0,0.17,9.0
True,True,,,622536,0,0,0,0,0,2,-0.5,0.0,0,Benjamin,0.0,114,False,,,40,622536.jpg,0.0,False,Arthur,0.3,False,,a,5,94,0,6109,54,13561,121,0.0,0.0,Arthur,241.0,2024-03-08,2005-10-09,False,p622536,0,0,0,0,0,0,0,0,0,0,0,0,0,0.0,0.0,0.0,0.0,0,0,0,0,0,0.00,0.00,0.00,0.00,514,208,497,206,461,191,516,208,,,,,,,0.0,0.0,0.0,0.0,0.0,0.0,708,215,496,199,523,205,326,117,0.0,0.0,0.0
True,False,0.0,0.0,612534,0,0,0,0,0,2,0.0,0.0,0,Benjamin,0.0,115,False,has joined Dender on loan for the rest of the season.,2025-09-22T21:16:59.169077Z,40,612534.jpg,0.0,False,Fredrick,0.1,False,,u,5,94,0,2020,0,8172,182,0.0,0.0,Fredrick,,,,False,p612534,0,0,0,0,0,0,0,0,0,0,0,0,0,0.0,0.0,0.0,0.0,0,0,0,0,0,0.00,0.00,0.00,0.00,513,207,496,205,460,190,515,207,,,,,,,0.0,0.0,0.0,0.0,0.0,0.0,707,214,495,198,522,204,434,166,0.0,0.0,0.0
True,True,,,472713,0,0,0,0,0,2,0.3,0.8,2,Aaron,0.8,116,False,,,40,472713.jpg,1.0,False,Hickey,0.4,False,,a,5,94,4,10523,280,19433,117,0.2,1.0,Hickey,243.0,2022-07-09,2002-06-10,False,p472713,94,0,0,0,2,0,0,0,1,0,0,0,8,6.2,0.4,0.0,0.7,2,5,3,5,1,0.00,0.38,0.38,1.37,350,131,366,134,419,164,378,132,,,,,,,0.0,0.0,0.36,0.36,1.31,1.91,660,182,277,95,327,114,274,99,0.96,0.0,4.79
True,False,0.0,0.0,570241,0,0,-1,1,0,2,0.0,0.0,0,Kim,0.0,117,False,has joined Kaiserslautern on loan for the rest of the season.,2025-09-22T21:16:59.154227Z,39,570241.jpg,0.0,False,Ji-soo,0.1,False,,u,5,94,0,4108,0,8784,178,0.0,0.0,Ji-soo,114.0,2023-07-20,2004-12-24,False,p570241,0,0,0,0,0,0,0,0,0,0,0,0,0,0.0,0.0,0.0,0.0,0,0,0,0,0,0.00,0.00,0.00,0.00,425,163,403,158,363,139,427,163,,,,,,,0.0,0.0,0.0,0.0,0.0,0.0,733,238,404,151,435,161,411,154,0.0,0.0,0.0
True,False,0.0,0.0,499717,0,0,0,0,0,2,0.0,0.0,0,Jayden,0.0,118,False,Has joined Rangers on loan for the rest of the season.,2025-08-19T13:37:28.261506Z,40,499717.jpg,0.0,False,Meghoma,0.1,False,,u,5,94,0,279,0,8688,23,0.0,0.0,Meghoma,241.0,2024-08-30,2006-06-28,False,p499717,0,0,0,0,0,0,0,0,0,0,0,0,0,0.0,0.0,0.0,0.0,0,0,0,0,0,0.00,0.00,0.00,0.00,486,188,469,186,432,170,488,188,,,,,,,0.0,0.0,0.0,0.0,0.0,0.0,676,191,467,178,496,186,540,195,0.0,0.0,0.0
True,True,100.0,100.0,513418,0,0,0,0,0,3,2.7,3.2,4,Kevin,3.2,120,False,,2025-08-09T14:00:04.851048Z,70,513418.jpg,2.8,False,Schade,0.4,False,,a,5,94,17,43888,823,32241,440,0.5,2.4,Schade,80.0,2023-07-01,2001-11-27,False,p513418,482,1,1,1,7,0,0,1,1,0,0,0,55,69.0,31.8,100.0,20.1,8,17,11,36,5,1.76,0.36,2.12,7.02,123,41,154,103,21,10,67,40,,,,,,,0.33,0.0,0.07,0.4,1.31,1.31,40,24,88,37,182,79,255,86,0.93,0.19,6.72
True,True,,,440089,0,0,-1,1,0,3,2.5,3.0,2,Mikkel,3.0,121,False,,,59,440089.jpg,4.2,False,Damsgaard,0.7,False,,a,5,94,17,30645,257,71690,439,0.5,2.9,Damsgaard,58.0,2022-08-10,2000-07-03,False,p440089,346,1,0,1,6,0,0,0,0,0,0,1,62,81.6,89.7,40.0,21.2,7,12,8,27,4,0.25,0.79,1.04,5.50,100,32,41,34,105,65,58,36,2.0,,3.0,,,,0.07,0.0,0.21,0.28,1.43,1.56,105,72,97,40,73,25,213,71,1.04,0.26,7.02
True,True,,,543295,0,0,-2,2,0,3,-0.5,0.0,0,Antoni,0.0,122,False,,,53,543295.jpg,1.0,False,Milambo,0.0,False,,a,5,94,1,1436,16,4343,28,0.0,0.2,Milambo,152.0,2025-07-03,2005-04-03,False,p543295,45,0,0,0,3,0,0,0,0,0,0,0,5,4.0,1.8,0.0,0.6,0,2,2,4,1,0.00,0.01,0.01,1.49,370,177,344,180,698,305,387,186,,,,,,,0.0,0.0,0.02,0.02,2.98,6.0,227,142,699,302,377,184,585,226,2.0,0.0,8.0
True,True,,,244858,0,0,-1,1,0,3,1.7,2.2,0,Fábio,2.2,123,False,,,49,244858.jpg,2.8,False,Freitas Gouveia Carvalho,0.3,False,,a,5,94,11,23218,143,26365,389,0.4,2.2,Carvalho,173.0,2024-08-12,2002-08-30,False,p244858,95,1,0,0,4,0,0,0,0,0,0,1,36,38.8,6.2,36.0,8.0,0,5,3,8,1,0.70,0.03,0.73,2.08,208,87,307,166,122,75,227,113,4.0,,,,,,0.66,0.0,0.03,0.69,1.97,3.79,337,208,139,57,172,71,317,105,0.95,0.0,7.58
True,True,,,56979,0,0,0,0,0,3,3.5,4.0,5,Jordan,4.0,124,False,,,50,56979.jpg,3.3,False,Henderson,0.4,False,,a,5,94,20,24395,1233,19905,210,0.8,4.0,Henderson,241.0,2025-07-15,1990-06-17,False,p56979,402,0,2,2,6,0,0,0,0,0,0,1,81,48.8,32.2,5.0,8.6,12,18,6,36,5,0.03,0.32,0.35,5.38,172,68,147,99,295,159,213,106,,,,,,,0.01,0.0,0.07,0.08,1.2,1.34,240,149,49,19,123,52,289,97,1.12,0.45,8.06
True,True,100.0,100.0,204580,0,0,-1,1,0,3,0.0,0.5,1,Vitaly,0.5,125,False,,2025-08-09T14:00:04.867824Z,49,204580.jpg,1.0,False,Janelt,0.0,False,,a,5,94,2,336,7,1270,8,0.1,0.4,Janelt,80.0,2020-10-03,1998-05-10,False,p204580,25,0,0,0,0,0,0,0,0,0,0,0,7,0.0,0.1,0.0,0.0,0,1,1,2,0,0.00,0.02,0.02,0.27,661,275,375,192,633,270,662,276,,,,,,,0.0,0.0,0.07,0.07,0.97,0.0,321,201,321,155,357,170,690,297,0.0,0.0,7.2
True,True,,,207283,0,0,-1,1,0,3,1.5,2.0,6,Mathias,2.0,126,False,,,49,207283.jpg,2.8,False,Jensen,0.1,False,,a,5,94,11,1999,149,5540,32,0.4,2.2,Jensen,58.0,2019-07-10,1996-01-01,False,p207283,152,1,0,0,4,0,0,0,0,0,0,0,54,26.8,48.0,10.0,8.5,7,5,6,18,2,0.22,0.10,0.32,2.99,262,118,92,64,249,136,218,108,3.0,,,,,,0.13,0.0,0.06,0.19,1.77,2.37,323,202,164,69,170,70,534,193,1.18,0.0,10.66
True,True,25.0,25.0,626464,0,0,-1,1,0,3,-0.1,0.0,0,Gustavo,0.0,127,False,Lack of match fitness - 25% chance of playing,2025-08-09T14:00:04.884092Z,49,626464.jpg,0.0,False,Nunes Fernandes Gomes,0.0,False,,d,5,94,0,115,1,770,3,0.0,0.0,Nunes,30.0,2024-08-28,2005-11-20,False,p626464,0,0,0,0,0,0,0,0,0,0,0,0,0,0.0,0.0,0.0,0.0,0,0,0,0,0,0.00,0.00,0.00,0.00,680,288,676,290,656,284,681,289,,,,,,,0.0,0.0,0.0,0.0,0.0,0.0,367,231,671,285,684,292,712,310,0.0,0.0,0.0
True,True,,,428580,0,0,0,0,0,3,0.7,1.2,1,Frank,1.2,128,False,,,50,428580.jpg,2.5,False,Onyeka,0.1,False,,a,5,94,10,3925,21,4648,39,0.2,2.0,Onyeka,157.0,2021-07-20,1998-01-01,False,p428580,70,0,2,0,2,0,0,0,0,0,0,0,35,23.4,12.3,4.0,3.9,2,4,1,7,0,0.00,0.36,0.36,1.64,278,125,261,151,310,163,317,159,,,,,,,0.0,0.0,0.46,0.46,2.11,2.57,272,167,235,106,196,87,551,202,0.0,0.0,9.0
True,True,,,508395,0,0,0,0,0,3,3.0,3.5,7,Yehor,3.5,129,False,,,50,508395.jpg,3.5,False,Yarmoliuk,0.1,False,,a,5,94,21,5526,233,4467,41,0.7,4.2,Yarmoliuk,225.0,2022-10-28,2004-03-01,False,p508395,528,0,1,1,11,0,0,0,1,0,0,0,88,65.0,44.2,17.0,12.6,16,34,12,62,6,0.21,0.17,0.38,8.64,128,42,109,76,211,121,150,79,,,,,,,0.04,0.0,0.03,0.07,1.47,1.88,293,181,75,30,113,45,524,186,1.02,0.17,10.57
True,True,,,606689,0,0,0,0,0,3,-0.5,0.0,0,Romelle,0.0,130,False,,,45,606689.jpg,0.0,False,Donovan,0.1,False,,a,5,94,0,5088,115,7202,57,0.0,0.0,Donovan,241.0,2025-07-01,2006-11-30,False,p606689,0,0,0,0,0,0,0,0,0,0,0,0,0,0.0,0.0,0.0,0.0,0,0,0,0,0,0.00,0.00,0.00,0.00,640,261,634,263,608,253,641,262,,,,,,,0.0,0.0,0.0,0.0,0.0,0.0,491,289,630,257,650,271,471,157,0.0,0.0,0.0
True,True,,,628204,0,0,-1,1,0,3,-0.5,0.0,0,Yunus Emre,0.0,131,False,,,44,628204.jpg,0.0,False,Konak,0.2,False,,a,5,94,0,17138,178,13951,162,0.0,0.0,Konak,219.0,2024-01-11,2006-01-10,False,p628204,0,0,0,0,0,0,0,0,0,0,0,0,0,0.0,0.0,0.0,0.0,0,0,0,0,0,0.00,0.00,0.00,0.00,579,217,565,219,536,208,581,218,,,,,,,0.0,0.0,0.0,0.0,0.0,0.0,598,328,566,212,588,227,347,117,0.0,0.0,0.0
True,True,0.0,0.0,220695,0,0,0,0,0,3,0.0,0.0,0,Paris,0.0,132,False,Lack of match fitness - Expected back 20 Oct,2025-08-14T16:00:05.924672Z,45,220695.jpg,0.0,False,Maghoma,0.0,False,,i,5,94,0,215,3,1858,10,0.0,0.0,Maghoma,241.0,2020-08-01,2001-05-08,False,p220695,0,0,0,0,0,0,0,0,0,0,0,0,0,0.0,0.0,0.0,0.0,0,0,0,0,0,0.00,0.00,0.00,0.00,587,221,577,223,550,212,589,222,,,,,,,0.0,0.0,0.0,0.0,0.0,0.0,411,245,575,216,596,231,678,289,0.0,0.0,0.0
True,True,,,450539,0,0,0,0,0,3,-0.5,0.0,0,Myles,0.0,133,False,,,45,450539.jpg,0.0,False,Peart-Harris,0.0,False,,a,5,94,0,1421,21,2589,22,0.0,0.0,Peart-Harris,241.0,2021-07-23,2002-09-18,False,p450539,0,0,0,0,0,0,0,0,0,0,0,0,0,0.0,0.0,0.0,0.0,0,0,0,0,0,0.00,0.00,0.00,0.00,595,227,586,229,560,219,597,228,,,,,,,0.0,0.0,0.0,0.0,0.0,0.0,429,252,584,223,604,237,606,243,0.0,0.0,0.0
True,False,0.0,0.0,591357,0,0,0,0,0,3,0.0,0.0,0,Ryan,0.0,134,False,Has joined Wigan on loan for the rest of the season,2025-08-11T01:07:54.335986Z,45,591357.jpg,0.0,False,Trevitt,0.0,False,,u,5,94,0,0,0,748,6,0.0,0.0,Trevitt,241.0,2024-01-08,2003-03-12,False,p591357,0,0,0,0,0,0,0,0,0,0,0,0,0,0.0,0.0,0.0,0.0,0,0,0,0,0,0.00,0.00,0.00,0.00,638,260,632,262,606,252,639,261,,,,,,,0.0,0.0,0.0,0.0,0.0,0.0,488,288,628,256,648,270,715,312,0.0,0.0,0.0
True,True,,,502500,0,0,0,0,1,4,4.3,4.8,10,Igor Thiago,4.8,136,False,,,60,502500.jpg,4.5,False,Nascimento Rodrigues,1.8,False,,a,5,94,27,230197,15919,147974,1423,0.8,4.5,Thiago,30.0,2024-07-01,2001-06-26,False,p502500,494,4,0,1,10,0,0,0,2,0,0,1,124,97.8,60.5,75.0,23.4,15,6,7,28,6,1.99,0.16,2.15,8.28,70,9,76,4,45,16,47,10,,,,,2.0,,0.36,0.0,0.03,0.39,1.51,1.82,91,27,33,5,64,8,140,21,1.09,0.18,5.1
True,True,,,533710,0,0,-1,1,0,4,-0.5,0.0,0,Iwan,0.0,137,False,,,44,533710.jpg,0.0,False,Morgan,0.5,False,,a,5,94,0,27388,525,33203,394,0.0,0.0,Morgan,,,,False,p533710,0,0,0,0,0,0,0,0,0,0,0,0,0,0.0,0.0,0.0,0.0,0,0,0,0,0,0.00,0.00,0.00,0.00,557,51,543,51,513,49,559,52,,,,,,,0.0,0.0,0.0,0.0,0.0,0.0,573,74,544,49,566,53,254,40,0.0,0.0,0.0
True,True,,,49262,0,0,-1,1,0,1,0.0,-0.5,0,Jason,0.0,138,False,,,44,49262.jpg,0.0,False,Steele,0.3,False,,a,6,36,0,4182,58,22112,119,0.0,0.0,Steele,241.0,2018-07-01,1990-08-18,False,p49262,0,0,0,0,0,0,0,0,0,0,0,0,0,0.0,0.0,0.0,0.0,0,0,0,0,0,0.00,0.00,0.00,0.00,521,75,505,59,470,52,523,75,,,,,,,0.0,0.0,0.0,0.0,0.0,0.0,506,30,504,74,530,75,297,42,0.0,0.0,0.0
True,True,,,489639,0,0,0,0,0,1,1.8,1.3,2,Bart,1.8,139,False,,,45,489639.jpg,1.7,False,Verbruggen,4.8,False,,a,6,36,10,75605,592,346597,2024,0.4,2.2,Verbruggen,152.0,2023-07-03,2002-08-18,False,p489639,540,0,0,0,9,0,0,0,0,0,11,0,54,90.2,10.0,0.0,9.9,4,58,0,0,6,0.00,0.01,0.01,8.57,77,9,284,2,569,67,194,9,,,,,,,0.0,1.83,0.0,0.0,1.43,1.5,440,28,187,17,277,23,75,13,1.0,0.0,0.0
True,True,,,209288,0,0,0,0,0,1,0.0,-0.5,0,Tom,0.0,140,False,,,40,209288.jpg,0.0,False,McGill,0.4,False,,a,6,36,0,8212,51,11719,89,0.0,0.0,McGill,39.0,2021-02-02,2000-03-25,False,p209288,0,0,0,0,0,0,0,0,0,0,0,0,0,0.0,0.0,0.0,0.0,0,0,0,0,0,0.00,0.00,0.00,0.00,451,44,433,27,395,20,453,44,,,,,,,0.0,0.0,0.0,0.0,0.0,0.0,631,55,431,43,461,44,284,39,0.0,0.0,0.0
True,False,0.0,0.0,472739,0,0,0,0,0,1,0.0,0.0,0,Carl,0.0,141,False,Has joined Coventry City on loan for the rest of the season.,2025-07-25T14:54:18.206318Z,40,472739.jpg,0.0,False,Rushworth,0.0,False,,u,6,36,0,0,0,161,1,0.0,0.0,Rushworth,241.0,2023-07-01,2001-07-02,False,p472739,0,0,0,0,0,0,0,0,0,0,0,0,0,0.0,0.0,0.0,0.0,0,0,0,0,0,0.00,0.00,0.00,0.00,474,58,457,41,420,34,476,58,,,,,,,0.0,0.0,0.0,0.0,0.0,0.0,661,69,455,57,484,58,732,84,0.0,0.0,0.0
True,False,0.0,0.0,240514,0,0,0,0,0,1,0.0,0.0,0,Kjell,0.0,142,False,Has joined Union SG permanently,2025-07-25T14:53:26.961790Z,40,240514.jpg,0.0,False,Scherpen,0.0,False,,u,6,36,0,0,0,147,0,0.0,0.0,Scherpen,152.0,2021-07-16,2000-01-23,False,p240514,0,0,0,0,0,0,0,0,0,0,0,0,0,0.0,0.0,0.0,0.0,0,0,0,0,0,0.00,0.00,0.00,0.00,458,49,441,32,403,25,460,49,,,,,,,0.0,0.0,0.0,0.0,0.0,0.0,640,60,438,48,468,49,733,85,0.0,0.0,0.0
True,True,,,204120,0,0,-1,1,0,2,0.0,-0.5,0,Olivier,0.0,143,False,,,44,204120.jpg,0.0,False,Boscagli,0.1,False,,a,6,36,0,1818,18,6934,41,0.0,0.0,Boscagli,73.0,2025-07-02,1997-11-18,False,p204120,0,0,0,0,0,0,0,0,0,0,0,0,0,0.0,0.0,0.0,0.0,0,0,0,0,0,0.00,0.00,0.00,0.00,529,218,514,217,480,204,531,218,,,,,,,0.0,0.0,0.0,0.0,0.0,0.0,523,126,513,211,538,215,492,181,0.0,0.0,0.0
True,True,,,550090,0,0,-1,1,0,2,0.5,0.0,0,Diego,0.5,144,False,,,44,550090.jpg,1.0,False,Coppola,0.1,False,,a,6,36,2,840,7,4023,21,0.1,0.5,Coppola,106.0,2025-06-17,2003-12-28,False,p550090,16,0,0,0,1,0,0,0,0,0,0,0,3,5.4,0.1,0.0,0.6,3,1,0,3,0,0.00,0.00,0.00,0.13,357,133,373,137,520,214,386,135,,,,,,,0.0,0.0,0.0,0.0,0.73,5.62,581,152,314,108,342,124,567,205,0.0,0.0,16.88
True,True,100.0,100.0,465730,0,0,-1,1,0,2,2.5,2.0,7,Maxim,2.5,145,False,,2025-09-13T21:30:07.998380Z,44,465730.jpg,2.4,False,De Cuyper,2.6,False,,a,6,36,12,48004,834,414016,1180,0.6,2.7,De Cuyper,21.0,2025-07-05,2000-12-22,False,p465730,274,1,0,0,5,0,0,0,1,0,0,0,44,28.4,37.7,12.0,7.9,10,15,6,16,4,0.64,0.47,1.11,4.20,253,97,129,32,236,71,230,77,,,,,,,0.21,0.0,0.15,0.36,1.38,1.64,549,143,119,47,201,76,112,42,1.31,0.0,5.26
True,True,,,83299,0,0,0,0,0,2,2.8,2.3,1,Lewis,2.8,146,False,,,45,83299.jpg,2.3,False,Dunk,1.2,False,,a,6,36,14,42164,570,57428,369,0.6,3.1,Dunk,241.0,2009-07-01,1991-11-21,False,p83299,540,0,1,0,9,0,0,0,2,0,0,0,65,86.4,14.6,28.0,13.0,44,21,6,50,6,0.27,0.03,0.30,8.57,85,40,245,79,152,32,142,48,,,,,,,0.04,0.0,0.0,0.04,1.43,1.5,392,71,103,40,211,79,172,66,1.0,0.0,8.33
True,False,0.0,0.0,204214,0,0,0,0,0,2,0.0,0.0,0,Pervis,0.0,147,False,Has joined AC Milan permanently,2025-07-24T10:14:09.955203Z,45,204214.jpg,0.0,False,Estupiñán Tenorio,0.0,False,,u,6,36,0,0,0,1770,3,0.0,0.0,Estupiñan,62.0,2022-07-16,1998-01-21,False,p204214,0,0,0,0,0,0,0,0,0,0,0,0,0,0.0,0.0,0.0,0.0,0,0,0,0,0,0.00,0.00,0.00,0.00,585,226,575,225,548,217,587,226,,,4.0,,,,0.0,0.0,0.0,0.0,0.0,0.0,409,81,573,221,594,223,689,232,0.0,0.0,0.0
True,True,,,231416,0,0,-1,1,0,2,1.8,1.3,2,Ferdi,1.8,148,False,,,44,231416.jpg,1.4,False,Kadıoğlu,0.1,False,,a,6,36,7,4401,97,11778,51,0.4,1.6,F.Kadıoğlu,219.0,2024-08-27,1999-10-07,False,p231416,284,0,0,0,5,0,0,0,2,0,0,0,25,31.8,21.2,4.0,5.7,15,16,8,23,2,0.07,0.19,0.26,4.96,238,90,202,59,300,102,276,92,,,,,,,0.02,0.0,0.06,0.08,1.57,1.58,532,132,183,69,302,105,412,155,0.63,0.0,7.29
True,False,0.0,0.0,232792,0,0,-1,1,0,2,0.0,0.0,0,Tariq,0.0,150,False,has joined Fiorentina permanently.,2025-09-02T12:06:29.254107Z,44,232792.jpg,0.0,False,Lamptey,0.1,False,,u,6,36,0,2778,0,31499,135,0.0,0.0,Lamptey,81.0,2020-01-31,2000-09-30,False,p232792,0,0,0,0,0,0,0,0,0,0,0,0,0,0.0,0.0,0.0,0.0,0,0,0,0,0,0.00,0.00,0.00,0.00,534,220,519,219,486,206,536,220,,,,,,,0.0,0.0,0.0,0.0,0.0,0.0,535,134,520,215,544,218,404,152,0.0,0.0,0.0
True,True,,,469142,0,0,-1,1,0,2,2.0,1.5,3,Jan Paul,2.0,151,False,,,44,469142.jpg,1.8,False,van Hecke,0.8,False,,a,6,36,11,19781,378,54457,280,0.5,2.5,Van Hecke,152.0,2020-09-10,2000-06-08,False,p469142,540,0,0,0,9,1,0,0,2,0,0,0,46,103.0,3.7,39.0,14.7,49,19,7,56,6,0.35,0.20,0.55,8.57,57,24,323,112,109,17,114,37,,,,,,,0.06,0.0,0.03,0.09,1.43,1.5,551,144,159,62,262,95,188,70,1.0,0.0,9.33
True,True,,,111478,0,0,-1,1,0,2,1.8,1.3,0,Joël,1.8,152,False,,,44,111478.jpg,1.8,False,Veltman,0.2,False,,a,6,36,7,6541,67,13272,75,0.4,1.6,Veltman,152.0,2020-07-29,1992-01-15,False,p111478,324,0,0,0,6,0,0,0,2,0,0,0,29,57.6,19.8,6.0,8.4,22,12,15,37,4,0.00,0.01,0.01,5.77,145,61,208,61,281,92,219,75,,,,,,,0.0,0.0,0.0,0.0,1.6,1.67,514,118,182,68,259,92,373,135,1.11,0.0,10.28
True,True,0.0,0.0,110735,0,0,-1,1,0,2,0.0,0.0,0,Adam,0.0,153,False,Knee injury - Unknown return date,2025-08-08T14:30:04.202011Z,44,110735.jpg,0.0,False,Webster,0.0,False,,i,6,36,0,273,1,986,2,0.0,0.0,Webster,241.0,2019-08-03,1995-01-04,False,p110735,0,0,0,0,0,0,0,0,0,0,0,0,0,0.0,0.0,0.0,0.0,0,0,0,0,0,0.00,0.00,0.00,0.00,524,214,509,213,475,200,526,214,,,,,,,0.0,0.0,0.0,0.0,0.0,0.0,513,117,507,206,533,211,707,237,0.0,0.0,0.0
True,False,0.0,0.0,439135,0,0,0,0,0,2,0.0,0.0,0,Eiran,0.0,154,False,Has joined Birmingham on loan for the rest of the season.,2025-07-28T11:50:54.390347Z,40,439135.jpg,0.0,False,Cashin,0.0,False,,u,6,36,0,0,0,583,0,0.0,0.0,Cashin,104.0,2025-01-31,2001-11-09,False,p439135,0,0,0,0,0,0,0,0,0,0,0,0,0,0.0,0.0,0.0,0.0,0,0,0,0,0,0.00,0.00,0.00,0.00,462,178,445,176,407,159,464,178,,,,,,,0.0,0.0,0.0,0.0,0.0,0.0,646,175,442,167,472,176,710,239,0.0,0.0,0.0
True,False,0.0,0.0,589100,0,0,0,0,0,2,0.0,0.0,0,Jacob,0.0,155,False,has joined Harrogate Town on loan until January.,2025-09-22T21:52:58.462370Z,40,589100.jpg,0.0,False,Slater,0.2,False,,u,6,36,0,3175,0,9668,179,0.0,0.0,Slater,,,,False,p589100,0,0,0,0,0,0,0,0,0,0,0,0,0,0.0,0.0,0.0,0.0,0,0,0,0,0,0.00,0.00,0.00,0.00,511,205,494,203,458,188,513,205,,,,,,,0.0,0.0,0.0,0.0,0.0,0.0,705,212,493,196,520,202,395,147,0.0,0.0,0.0
True,True,,,547720,0,0,0,0,0,2,0.0,-0.5,0,Charlie,0.0,156,False,,,40,547720.jpg,0.0,False,Tasker,0.1,False,,a,6,36,0,2683,38,6851,45,0.0,0.0,Tasker,241.0,2025-03-28,2006-02-24,False,p547720,0,0,0,0,0,0,0,0,0,0,0,0,0,0.0,0.0,0.0,0.0,0,0,0,0,0,0.00,0.00,0.00,0.00,496,195,479,193,443,178,498,195,,,,,,,0.0,0.0,0.0,0.0,0.0,0.0,689,201,478,186,506,193,415,156,0.0,0.0,0.0
True,True,,,451340,0,0,-1,1,0,3,4.0,3.5,2,Mitoma,4.0,157,False,,,64,451340.jpg,3.3,False,Kaoru,4.5,False,,a,6,36,20,143285,1824,414837,2753,0.6,3.1,Mitoma,108.0,2021-08-09,1997-05-20,False,p451340,508,1,1,1,8,0,0,0,1,0,0,0,63,86.2,94.3,84.0,26.1,6,13,3,22,6,0.76,0.29,1.05,7.94,87,27,35,29,31,16,30,18,,,,,,,0.13,0.0,0.05,0.18,1.41,1.42,69,48,57,24,129,54,81,25,1.06,0.18,3.9
True,True,100.0,100.0,463067,0,0,-2,2,0,3,2.2,1.7,2,Georginio,2.2,158,False,,2025-08-25T07:30:07.559102Z,58,463067.jpg,3.0,False,Rutter,0.5,False,,a,6,36,15,32350,178,134576,433,0.4,2.6,Georginio,73.0,2024-08-19,2002-04-20,False,p463067,322,0,2,1,4,0,0,0,1,0,0,0,51,46.0,47.3,46.0,13.9,9,8,4,21,4,0.14,0.24,0.38,4.40,179,73,97,68,85,52,131,70,,,,,,,0.04,0.0,0.07,0.11,1.23,1.12,117,79,149,63,160,66,250,85,1.12,0.28,5.87
True,True,0.0,0.0,109345,0,0,-2,2,0,3,0.0,0.0,0,Solly,0.0,159,False,Knee injury - Unknown return date,2025-08-10T18:00:05.450301Z,58,109345.jpg,0.0,False,March,0.0,False,,i,6,36,0,227,3,1896,6,0.0,0.0,March,241.0,2012-07-01,1994-07-20,False,p109345,0,0,0,0,0,0,0,0,0,0,0,0,0,0.0,0.0,0.0,0.0,0,0,0,0,0,0.00,0.00,0.00,0.00,726,319,726,319,725,319,726,319,4.0,,,,,,0.0,0.0,0.0,0.0,0.0,0.0,113,77,720,317,725,319,704,305,0.0,0.0,0.0
True,True,,,592031,0,0,-1,1,0,3,6.0,5.5,5,Yankuba,6.0,160,False,,,59,592031.jpg,4.8,False,Minteh,1.5,False,,a,6,36,29,137047,13201,101435,640,1.0,4.9,Minteh,78.0,2024-07-01,2004-07-22,False,p592031,503,1,2,1,7,0,0,0,0,0,0,3,117,98.2,86.3,146.0,33.1,7,24,10,41,6,1.50,0.99,2.49,8.21,68,22,43,36,6,3,15,10,,,,,,,0.27,0.0,0.18,0.45,1.47,1.25,111,75,11,4,54,20,152,52,1.07,0.18,7.34
True,False,0.0,0.0,474120,0,0,-1,1,0,3,0.0,0.0,0,Julio,0.0,161,False,has joined Strasbourg permanently.,2025-08-10T18:00:05.470138Z,54,474120.jpg,0.0,False,Enciso Espínola,0.0,False,,u,6,36,0,105,0,2689,7,0.0,0.0,Enciso,168.0,2022-06-17,2004-01-23,False,p474120,0,0,0,0,0,0,0,0,0,0,0,0,0,0.0,0.0,0.0,0.0,0,0,0,0,0,0.00,0.00,0.00,0.00,712,309,713,311,705,310,713,310,,,,,,,0.0,0.0,0.0,0.0,0.0,0.0,194,121,707,307,715,312,687,295,0.0,0.0,0.0
True,True,,,513433,0,0,-1,1,0,3,3.8,3.3,4,Brajan,3.8,162,False,,,54,513433.jpg,2.8,False,Gruda,0.1,False,,a,6,36,17,9915,134,7433,63,0.7,3.1,Gruda,80.0,2024-08-14,2004-05-31,False,p513433,149,1,1,0,2,0,0,0,0,0,0,2,50,42.4,23.2,48.0,11.3,1,10,3,14,1,1.24,0.15,1.39,2.34,195,81,190,123,82,50,164,86,2.0,,6.0,,,,0.75,0.0,0.09,0.84,1.41,1.21,200,124,65,28,177,75,498,169,0.6,0.0,8.46
True,True,0.0,0.0,532529,0,0,-3,3,0,3,0.0,0.0,0,Jack,0.8,163,False,Ankle injury - Unknown return date,2025-09-13T21:30:08.019508Z,52,532529.jpg,1.3,False,Hinshelwood,0.0,False,,i,6,36,4,1006,0,8734,43,0.2,0.8,Hinshelwood,241.0,2022-12-30,2005-04-11,False,p532529,107,0,0,0,2,0,0,0,0,0,0,0,22,9.4,2.0,0.0,1.2,2,6,3,11,2,0.00,0.01,0.01,2.32,334,159,341,179,689,302,370,179,,,,,,,0.0,0.0,0.01,0.01,1.95,1.68,234,147,289,142,306,146,589,230,1.68,0.0,9.25
True,False,0.0,0.0,219249,0,0,0,0,1,3,0.0,0.0,0,Matt,0.0,164,False,has joined Marseille on loan for the rest of the season.,2025-09-02T12:06:29.272628Z,55,219249.jpg,6.0,False,O'Riley,0.5,False,,u,6,36,12,130744,0,178788,701,0.0,2.2,O'Riley,58.0,2024-08-26,2000-11-21,False,p219249,177,1,0,1,2,0,0,0,0,0,0,2,36,60.8,66.6,63.0,19.0,3,2,4,9,2,1.21,0.17,1.38,2.12,135,48,69,51,56,33,74,44,1.0,,2.0,,2.0,,0.62,0.0,0.09,0.71,1.08,1.02,150,94,715,314,20,6,239,83,1.02,0.51,4.58
True,False,0.0,0.0,516211,0,0,-1,1,0,3,0.0,0.0,0,Abdallah,0.0,165,False,has joined Lens permanently.,2025-09-02T12:06:29.290672Z,54,516211.jpg,0.0,False,Sima,0.0,False,,u,6,36,0,247,0,1864,7,0.0,0.0,Sima,189.0,2021-08-30,2001-06-17,False,p516211,0,0,0,0,0,0,0,0,0,0,0,0,0,0.0,0.0,0.0,0.0,0,0,0,0,0,0.00,0.00,0.00,0.00,713,310,714,312,706,311,714,311,,,,,,,0.0,0.0,0.0,0.0,0.0,0.0,201,125,709,309,716,313,672,285,0.0,0.0,0.0
True,True,,,509416,0,0,-1,1,0,3,3.2,2.7,2,Yasin,3.2,166,False,,,49,509416.jpg,3.0,False,Ayari,0.3,False,,a,6,36,18,25505,790,16379,177,0.7,3.7,Ayari,206.0,2023-01-30,2003-10-06,False,p509416,452,1,0,0,8,0,0,0,0,0,0,2,91,74.8,46.0,42.0,16.4,13,24,12,49,4,0.43,0.38,0.81,6.52,111,37,101,69,97,59,101,55,3.0,,5.0,,,,0.09,0.0,0.08,0.17,1.3,1.59,359,223,81,32,152,63,311,104,0.8,0.0,9.76
True,True,,,535301,0,0,-2,2,0,3,1.0,0.5,2,Carlos,1.0,167,False,,,48,535301.jpg,1.3,False,Baleba,2.6,False,,a,6,36,8,78141,1061,306035,1635,0.2,1.7,Baleba,38.0,2023-08-29,2004-01-03,False,p535301,307,0,0,1,4,0,0,0,1,0,0,0,27,11.0,26.7,2.0,4.0,12,22,4,38,5,0.05,0.02,0.07,5.58,327,153,171,114,325,171,312,155,,,,,,,0.01,0.0,0.01,0.02,1.64,1.17,379,238,253,117,305,145,113,41,1.47,0.29,11.14
True,True,,,514254,0,0,-1,1,0,3,1.0,0.5,2,Diego,1.0,169,False,,,49,514254.jpg,1.0,False,Gómez Amarilla,0.1,False,,a,6,36,5,7723,208,4368,60,0.2,1.0,Gomez,168.0,2025-01-01,2003-03-27,False,p514254,233,0,0,0,4,0,0,0,2,0,0,0,37,25.4,28.2,11.0,6.5,5,11,11,27,2,0.15,0.11,0.26,3.95,268,121,164,109,242,133,259,132,,,3.0,,,,0.06,0.0,0.04,0.1,1.53,1.55,360,224,257,120,361,172,463,154,0.77,0.0,10.43
True,True,,,15157,0,0,0,0,0,3,2.0,1.5,0,James,2.0,170,False,,,50,15157.jpg,2.2,False,Milner,0.1,False,,a,6,36,9,10689,136,9347,141,0.4,1.8,Milner,241.0,2023-07-01,1986-01-04,False,p15157,124,1,0,0,4,0,0,0,1,0,0,0,35,48.8,16.8,17.0,8.3,3,6,3,12,1,0.79,0.06,0.85,1.92,171,67,233,142,210,120,224,111,,,,,,,0.57,0.0,0.04,0.61,1.39,2.9,239,148,165,70,222,102,400,132,0.73,0.0,8.71
True,False,0.0,0.0,441192,0,0,-1,1,0,3,0.0,0.0,0,Jeremy,0.0,171,False,has joined Cremonese on loan for the rest of the season.,2025-09-02T12:06:29.308383Z,49,441192.jpg,0.0,False,Sarmiento Morante,0.0,False,,u,6,36,0,196,0,2448,11,0.0,0.0,Sarmiento,62.0,2021-09-21,2002-06-16,False,p441192,0,0,0,0,0,0,0,0,0,0,0,0,0,0.0,0.0,0.0,0.0,0,0,0,0,0,0.00,0.00,0.00,0.00,672,283,667,284,647,279,673,284,,,,,,,0.0,0.0,0.0,0.0,0.0,0.0,345,215,663,280,677,288,656,277,0.0,0.0,0.0
True,True,100.0,100.0,549074,0,0,-1,1,0,3,0.0,-0.5,0,Tom,0.0,172,False,,2025-08-10T18:00:05.491553Z,49,549074.jpg,0.0,False,Watson,0.0,False,,a,6,36,0,641,13,1626,16,0.0,0.0,Watson,241.0,2025-06-01,2006-04-08,False,p549074,0,0,0,0,0,0,0,0,0,0,0,0,0,0.0,0.0,0.0,0.0,0,0,0,0,0,0.00,0.00,0.00,0.00,678,286,673,287,654,282,679,287,,,,,,,0.0,0.0,0.0,0.0,0.0,0.0,363,227,669,283,682,290,631,261,0.0,0.0,0.0
True,True,100.0,100.0,467779,0,0,-1,1,0,3,1.0,0.5,3,Mats,1.0,173,False,,2025-09-01T10:30:07.953121Z,49,467779.jpg,2.8,False,Wieffer,0.1,False,,a,6,36,11,3223,20,5092,13,0.2,2.2,Wieffer,152.0,2024-07-06,1999-11-16,False,p467779,214,0,1,0,3,0,0,0,2,0,0,0,46,47.0,6.0,21.0,7.4,11,11,15,37,2,0.02,0.38,0.40,2.43,175,71,309,168,183,107,243,120,,,,,,,0.01,0.0,0.16,0.17,1.02,1.26,350,218,255,118,173,72,569,213,0.84,0.0,15.56
True,False,0.0,0.0,611695,0,0,0,0,0,3,0.0,0.0,0,Malick,0.0,174,False,Has joined Swansea City on loan for the rest of the season.,2025-08-15T12:03:00.771795Z,50,611695.jpg,0.0,False,Yalcouyé,0.0,False,,u,6,36,0,0,0,1153,0,0.0,0.0,Yalcouye,54.0,2024-07-12,2005-11-18,False,p611695,0,0,0,0,0,0,0,0,0,0,0,0,0,0.0,0.0,0.0,0.0,0,0,0,0,0,0.00,0.00,0.00,0.00,698,302,699,304,684,300,699,303,,,,,,,0.0,0.0,0.0,0.0,0.0,0.0,301,187,689,298,701,305,711,309,0.0,0.0,0.0
True,True,,,567121,0,0,0,0,0,3,0.0,-0.5,0,Joe,0.0,175,False,,,45,567121.jpg,0.0,False,Knight,0.1,False,,a,6,36,0,4238,95,5481,58,0.0,0.0,Knight,,,,False,p567121,0,0,0,0,0,0,0,0,0,0,0,0,0,0.0,0.0,0.0,0.0,0,0,0,0,0,0.00,0.00,0.00,0.00,624,251,618,253,592,243,625,252,,,,,,,0.0,0.0,0.0,0.0,0.0,0.0,473,278,614,247,634,261,495,168,0.0,0.0,0.0
True,False,0.0,0.0,550141,0,0,0,0,0,3,0.0,0.0,0,Adrian,0.0,176,False,has joined Dinamo Bucharest permanently.,2025-09-22T21:46:15.598017Z,45,550141.jpg,0.0,False,Mazilu,0.0,False,,u,6,36,0,1435,0,2941,39,0.0,0.0,Mazilu,,,,False,p550141,0,0,0,0,0,0,0,0,0,0,0,0,0,0.0,0.0,0.0,0.0,0,0,0,0,0,0.00,0.00,0.00,0.00,616,246,610,248,585,238,618,247,,,,,,,0.0,0.0,0.0,0.0,0.0,0.0,463,273,606,242,626,256,610,247,0.0,0.0,0.0
True,False,0.0,0.0,513834,0,0,0,0,0,3,0.0,0.0,0,Andrew,0.0,177,False,Has joined Los Angeles FC on loan for the rest of the season.,2025-08-22T14:16:38.542849Z,45,513834.jpg,0.0,False,Moran,0.0,False,,u,6,36,0,490,0,4184,18,0.0,0.0,Moran,104.0,2021-08-23,2003-10-15,False,p513834,0,0,0,0,0,0,0,0,0,0,0,0,0,0.0,0.0,0.0,0.0,0,0,0,0,0,0.00,0.00,0.00,0.00,609,239,603,241,578,231,611,240,,,,,,,0.0,0.0,0.0,0.0,0.0,0.0,453,265,599,235,619,249,643,267,0.0,0.0,0.0
True,True,,,50175,0,0,-2,2,1,4,3.2,2.7,8,Danny,3.2,178,False,,,63,50175.jpg,2.3,False,Welbeck,1.8,False,,a,6,36,14,69998,4014,360940,1300,0.5,2.2,Welbeck,241.0,2020-10-18,1990-11-26,False,p50175,275,2,0,0,7,0,0,1,1,0,0,0,58,5.6,24.4,48.0,7.6,1,5,3,9,3,2.46,0.35,2.81,5.14,356,30,185,16,83,23,238,25,,,1.0,,1.0,,0.81,0.0,0.11,0.92,1.68,2.29,71,22,86,11,216,19,138,20,0.98,0.0,2.95
True,False,0.0,0.0,487117,0,0,0,0,0,4,0.0,0.0,0,Evan,0.0,179,False,Has joined AS Roma on loan for the rest of the season,2025-07-24T10:13:22.396984Z,55,487117.jpg,0.0,False,Ferguson,0.0,False,,u,6,36,0,0,0,1427,6,0.0,0.0,Ferguson,104.0,2021-08-23,2004-10-19,False,p487117,0,0,0,0,0,0,0,0,0,0,0,0,0,0.0,0.0,0.0,0.0,0,0,0,0,0,0.00,0.00,0.00,0.00,723,76,724,76,721,76,724,76,,,,,,,0.0,0.0,0.0,0.0,0.0,0.0,160,38,718,74,724,76,695,82,0.0,0.0,0.0
True,True,,,608181,0,0,-1,1,0,4,0.5,0.0,1,Stefanos,0.5,180,False,,,54,608181.jpg,1.0,False,Tzimas,0.1,False,,a,6,36,2,5419,38,11059,76,0.1,0.4,Tzimas,83.0,2025-02-03,2006-01-06,False,p608181,28,0,0,0,0,0,0,0,0,0,0,0,4,0.0,0.1,0.0,0.0,0,2,1,3,0,0.08,0.00,0.08,0.61,715,74,378,43,710,73,716,74,,,,,,,0.26,0.0,0.0,0.26,1.96,0.0,206,46,332,35,383,39,472,65,0.0,0.0,9.64
True,True,,,647850,0,0,-1,1,0,4,0.0,-0.5,0,Charalampos,0.0,181,False,,,49,647850.jpg,0.0,False,Kostoulas,0.3,False,,a,6,36,0,14733,180,33302,240,0.0,0.0,Kostoulas,83.0,2025-07-01,2007-05-30,False,p647850,0,0,0,0,0,0,0,0,0,0,0,0,0,0.0,0.0,0.0,0.0,0,0,0,0,0,0.00,0.00,0.00,0.00,683,71,679,71,659,68,684,71,,,,,,,0.0,0.0,0.0,0.0,0.0,0.0,370,59,674,68,687,72,302,50,0.0,0.0,0.0
True,True,100.0,0.0,536916,0,0,-2,2,0,3,-0.3,0.0,0,Facundo,0.2,168,False,,2025-09-21T22:30:05.997985Z,48,536916.jpg,1.0,False,Buonanotte,0.1,False,,a,7,8,1,5830,49,16476,117,0.0,0.2,Buonanotte,10.0,2025-09-01,2004-12-23,False,p536916,45,0,0,0,1,0,0,0,0,0,0,0,4,5.6,25.1,8.0,3.9,0,2,1,3,1,0.00,0.09,0.09,0.55,355,168,181,118,264,143,316,158,,,,,,,0.0,0.0,0.18,0.18,1.1,2.0,380,239,360,172,353,166,461,153,2.0,0.0,6.0
True,True,,,215059,0,0,-1,1,0,1,1.0,2.0,1,Robert,1.5,220,False,,,49,215059.jpg,2.8,False,Lynch Sánchez,17.0,False,,a,7,8,17,475496,786,1296360,15394,0.3,3.5,Sánchez,200.0,2023-08-05,1997-11-18,False,p215059,454,0,0,2,8,0,0,0,0,1,12,1,60,81.4,0.0,0.0,8.1,3,39,0,0,6,0.00,0.00,0.00,5.90,101,14,656,77,635,72,225,16,,,,,,,0.0,2.38,0.0,0.0,1.17,1.59,325,16,213,20,171,18,22,3,1.19,0.4,0.0
True,True,,,508479,0,0,-1,1,0,1,-0.3,0.7,0,Filip,0.2,221,False,,,44,508479.jpg,1.0,False,Jörgensen,0.2,False,,a,7,8,1,8380,74,11646,260,0.0,0.2,Jörgensen,58.0,2024-07-30,2002-04-16,False,p508479,84,0,0,0,2,0,0,0,0,0,1,0,4,9.4,0.0,0.0,0.9,2,5,0,0,0,0.00,0.00,0.00,1.79,333,26,538,63,508,56,376,26,,,,,,,0.0,1.07,0.0,0.0,1.92,2.14,567,34,356,25,341,26,354,55,0.0,0.0,0.0
True,False,0.0,0.0,549939,0,0,0,0,0,1,0.0,0.0,0,Mike,0.0,222,False,Has joined RC Strasbourg on loan for the rest of the season.,2025-07-28T11:48:06.001822Z,40,549939.jpg,0.0,False,Penders,0.0,False,,u,7,8,0,0,0,262,2,0.0,0.0,Penders,21.0,2024-08-27,2005-07-31,False,p549939,0,0,0,0,0,0,0,0,0,0,0,0,0,0.0,0.0,0.0,0.0,0,0,0,0,0,0.00,0.00,0.00,0.00,498,68,481,51,445,44,500,68,,,,,,,0.0,0.0,0.0,0.0,0.0,0.0,691,79,480,67,508,68,728,83,0.0,0.0,0.0
True,True,,,471798,0,0,0,0,0,1,-0.5,0.5,0,Gabriel,0.0,223,False,,,40,471798.jpg,0.0,False,Słonina,0.1,False,,a,7,8,0,2535,19,4724,29,0.0,0.0,Slonina,229.0,2022-08-02,2004-05-15,False,p471798,0,0,0,0,0,0,0,0,0,0,0,0,0,0.0,0.0,0.0,0.0,0,0,0,0,0,0.00,0.00,0.00,0.00,473,57,456,40,418,33,475,57,,,,,,,0.0,0.0,0.0,0.0,0.0,0.0,659,68,454,56,483,57,469,74,0.0,0.0,0.0
True,True,,,179268,0,0,2,-2,0,2,1.3,2.3,0,Marc,1.8,224,False,,,62,179268.jpg,3.3,False,Cucurella Saseta,24.7,False,,a,7,8,20,1375453,2420,949286,32975,0.3,3.2,Cucurella,200.0,2022-08-05,1998-07-22,False,p179268,446,0,1,2,7,0,0,0,2,0,0,2,91,84.2,80.6,40.0,20.5,19,20,12,31,5,0.24,0.48,0.72,6.30,92,41,49,9,106,15,63,14,,,,,,,0.05,0.0,0.1,0.15,1.27,1.41,80,1,200,77,128,50,13,4,1.01,0.4,6.26
True,True,,,225796,0,0,-1,1,0,2,1.7,2.7,3,Reece,2.2,225,False,,,54,225796.jpg,2.5,False,James,4.4,False,,a,7,8,15,186432,1516,360479,1603,0.4,2.8,James,241.0,2019-05-15,1999-12-08,False,p225796,333,0,2,1,6,0,0,0,2,0,0,0,75,57.0,98.5,13.0,16.9,17,16,5,22,3,0.13,0.80,0.93,6.45,147,63,33,6,234,69,93,29,3.0,,2.0,,,,0.04,0.0,0.22,0.26,1.74,1.62,183,23,143,58,199,75,83,32,0.81,0.27,5.95
True,True,,,180736,0,0,2,-2,1,2,4.7,5.7,-3,Trevoh,5.2,226,True,,,52,180736.jpg,5.8,False,Chalobah,10.8,False,,a,7,8,35,1258831,5968,279959,29619,1.0,6.7,Chalobah,241.0,2018-02-16,1999-07-05,False,p180736,480,2,1,2,8,0,0,0,1,1,0,2,117,180.4,34.3,76.0,29.1,42,17,10,52,6,0.75,0.55,1.30,5.35,2,1,138,34,42,3,22,2,,,,,,,0.14,0.0,0.1,0.24,1.0,1.5,229,33,24,12,22,10,41,14,1.12,0.38,9.75
True,True,0.0,0.0,460028,0,0,-2,2,0,2,0.0,0.0,0,Levi,0.0,227,False,Anterior cruciate ligament - Unknown return date,2025-08-08T14:30:04.255160Z,48,460028.jpg,0.0,False,Samuels Colwill,0.1,False,,i,7,8,0,491,4,27194,55,0.0,0.0,Colwill,241.0,2022-07-01,2003-02-26,False,p460028,0,0,0,0,0,0,0,0,0,0,0,0,0,0.0,0.0,0.0,0.0,0,0,0,0,0,0.00,0.00,0.00,0.00,653,236,647,236,622,228,654,236,,,,,,,0.0,0.0,0.0,0.0,0.0,0.0,377,64,642,233,659,235,431,163,0.0,0.0,0.0
True,True,,,482609,0,0,-1,1,0,2,1.3,2.3,0,Malo,1.8,228,False,,,49,482609.jpg,2.0,False,Gusto,1.3,False,,a,7,8,10,46938,232,107483,1252,0.4,2.0,Gusto,73.0,2023-01-28,2003-05-19,False,p482609,222,0,0,1,4,0,0,0,0,0,0,0,34,23.4,21.3,9.0,5.3,6,13,6,12,2,0.02,0.08,0.10,3.55,277,109,200,57,259,84,286,95,,,,,,,0.01,0.0,0.03,0.04,1.44,1.62,353,61,190,74,238,89,164,61,0.81,0.41,4.86
True,True,75.0,75.0,242880,0,0,-1,1,0,2,-0.5,0.2,-1,Benoît,-0.2,229,False,Lack of match fitness - 75% chance of playing,2025-08-10T22:00:04.583805Z,44,242880.jpg,-1.0,False,Badiashile Mukinayi,0.0,False,,d,7,8,-1,156,11,1328,7,0.0,-0.2,B.Badiashile,73.0,2023-01-05,2001-03-26,False,p242880,11,0,0,0,2,0,0,0,1,0,0,0,-8,0.0,0.0,0.0,0.0,1,2,0,1,0,0.00,0.00,0.00,1.12,535,221,520,220,487,207,537,221,,,,,,,0.0,0.0,0.0,0.0,9.16,16.36,537,136,741,245,741,245,697,234,0.0,0.0,8.18
True,True,0.0,0.0,444463,0,0,-1,1,0,2,0.0,0.0,0,Wesley,0.5,230,False,Head injury - Expected back 18 Oct,2025-09-26T11:30:06.513349Z,44,444463.jpg,1.0,False,Fofana,0.2,False,,i,7,8,3,8363,9,16542,489,0.1,0.7,Fofana,73.0,2022-08-31,2000-12-17,False,p444463,129,0,0,0,3,0,0,0,0,0,0,0,18,27.2,4.3,0.0,3.2,10,2,3,13,2,0.00,0.01,0.01,2.44,258,99,318,109,492,209,332,117,,,,,,,0.0,0.0,0.01,0.01,1.7,2.09,545,141,313,107,338,122,377,138,1.4,0.0,9.07
True,False,0.0,0.0,574458,0,0,0,0,0,2,0.0,0.0,0,Mamadou,0.0,231,False,Has joined RC Strasbourg on loan for the rest of the season.,2025-08-11T01:09:37.642396Z,45,574458.jpg,0.0,False,Sarr,0.0,False,,u,7,8,0,0,0,1741,4,0.0,0.0,M.Sarr,73.0,2025-06-09,2005-08-29,False,p574458,0,0,0,0,0,0,0,0,0,0,0,0,0,0.0,0.0,0.0,0.0,0,0,0,0,0,0.00,0.00,0.00,0.00,628,233,622,233,596,225,629,233,,,,,,,0.0,0.0,0.0,0.0,0.0,0.0,477,106,618,230,638,232,700,236,0.0,0.0,0.0
True,True,0.0,0.0,109646,0,0,0,0,0,2,0.0,0.0,0,Tosin,2.2,232,False,Calf injury - Expected back 18 Oct,2025-09-26T11:30:06.530261Z,45,109646.jpg,2.8,False,Adarabioyo,0.8,False,,i,7,8,11,83524,10,133437,2946,0.5,2.4,Tosin,241.0,2024-07-01,1997-09-24,False,p109646,353,0,0,1,5,0,0,0,1,0,0,0,53,99.0,6.4,11.0,11.7,32,13,5,37,3,0.05,0.07,0.11,4.97,65,28,305,102,240,73,160,54,,,,,,,0.01,0.0,0.02,0.03,1.27,1.27,397,75,134,53,168,66,196,75,0.76,0.25,9.43
True,True,75.0,75.0,577016,0,0,0,0,0,2,-0.4,0.4,0,Josh,0.0,233,False,Illness - 75% chance of playing,2025-09-24T11:30:08.237944Z,40,577016.jpg,4.5,False,Acheampong,1.3,False,,d,7,8,9,264526,68,214866,1838,0.0,2.2,Acheampong,241.0,2024-03-10,2006-05-05,False,p577016,126,0,0,1,3,0,0,0,0,0,0,3,22,16.2,2.3,10.0,2.9,9,5,2,11,1,0.09,0.01,0.10,2.56,300,118,335,120,245,75,341,121,,,,,,,0.06,0.0,0.01,0.07,1.83,2.14,701,209,489,193,60,27,163,60,0.71,0.71,7.86
True,False,0.0,0.0,622758,0,0,0,0,0,2,0.0,0.0,0,Aarón,0.0,234,False,has joined Borussia Dortmund on loan for the rest of the season.,2025-09-02T11:35:16.308555Z,40,622758.jpg,0.0,False,Anselmino,0.1,False,,u,7,8,0,1030,0,8033,53,0.0,0.0,Anselmino,10.0,2024-08-08,2005-04-29,False,p622758,0,0,0,0,0,0,0,0,0,0,0,0,0,0.0,0.0,0.0,0.0,0,0,0,0,0,0.00,0.00,0.00,0.00,515,209,498,207,462,192,517,209,,,,,,,0.0,0.0,0.0,0.0,0.0,0.0,709,216,497,200,524,206,517,189,0.0,0.0,0.0
True,True,0.0,0.0,244851,0,0,-1,1,0,3,0.0,0.0,0,Cole,2.0,235,False,Groin Injury - Expected back 18 Oct,2025-09-20T23:30:06.610468Z,104,244851.jpg,3.7,False,Palmer,14.5,False,,i,7,8,11,668647,289,5685275,39216,0.2,1.1,Palmer,241.0,2023-09-01,2002-05-06,False,p244851,144,1,0,1,2,0,0,0,0,0,0,1,36,44.4,19.2,65.0,12.9,1,4,2,7,2,0.80,0.12,0.92,2.54,184,75,214,133,53,31,146,77,5.0,,1.0,,1.0,,0.5,0.0,0.08,0.58,1.59,1.25,4,2,180,80,108,43,27,9,1.25,0.62,4.38
True,True,,,247632,0,0,0,0,0,3,1.5,2.5,2,Pedro,2.0,236,False,,,70,247632.jpg,3.0,False,Lomba Neto,4.5,False,,a,7,8,18,386935,1111,370870,5023,0.3,2.6,Neto,173.0,2024-08-11,2000-03-09,False,p247632,434,1,0,2,4,0,0,0,0,0,0,0,84,71.6,123.6,64.0,25.9,5,12,4,21,6,0.60,0.94,1.54,4.11,118,38,15,12,55,32,32,20,1.0,,,,,,0.12,0.0,0.19,0.31,0.85,0.83,36,22,178,78,162,68,80,24,1.24,0.41,4.35
True,True,,,448047,0,0,2,-2,1,3,5.5,6.5,7,Enzo,6.0,237,True,,,67,448047.jpg,6.2,False,Fernández,12.9,False,,a,7,8,37,1430203,19495,515917,6009,0.9,5.5,Enzo,10.0,2023-01-31,2001-01-17,False,p448047,528,3,2,2,8,0,0,0,1,0,0,1,140,131.8,105.8,84.0,32.2,7,17,10,34,6,3.37,0.48,3.85,7.64,23,10,27,23,32,17,17,12,4.0,,3.0,,4.0,,0.57,0.0,0.08,0.65,1.3,1.36,49,32,12,5,14,5,29,10,1.02,0.34,5.8
True,True,,,624773,0,0,0,0,0,3,1.3,2.3,3,Estêvão,1.8,238,False,,,65,624773.jpg,2.4,False,Almeida de Oliveira Gonçalves,1.9,False,,a,7,8,12,212046,759,221426,1947,0.3,1.8,Estêvão,30.0,2025-07-14,2007-04-24,False,p624773,247,0,1,2,1,0,0,0,1,0,0,0,36,37.0,37.6,62.0,13.7,3,9,6,18,4,1.12,1.05,2.17,1.01,220,97,130,87,58,35,135,73,2.0,,,,,,0.41,0.0,0.38,0.79,0.37,0.36,60,41,202,89,208,94,134,47,1.46,0.73,6.56
True,True,,,463936,0,0,-3,3,0,3,0.0,1.0,0,Jamie,0.5,239,False,,,62,463936.jpg,1.0,False,Bynoe-Gittens,0.1,False,,a,7,8,4,5578,77,26087,108,0.1,0.6,Gittens,241.0,2025-07-05,2004-08-08,False,p463936,143,0,0,0,1,0,0,0,0,0,0,0,13,12.2,40.0,32.0,8.4,1,3,2,6,2,0.11,0.11,0.22,2.22,321,151,121,81,138,86,221,109,,,,,,,0.07,0.0,0.07,0.14,1.4,0.63,82,56,335,164,396,195,444,145,1.26,0.0,3.78
True,False,0.0,0.0,213198,0,0,-1,1,0,3,0.0,0.0,0,Christopher,0.0,240,False,has joined AC Milan permanently.,2025-09-02T11:35:16.323578Z,59,213198.jpg,0.0,False,Nkunku,0.1,False,,u,7,8,0,2668,0,21767,47,0.0,0.0,Nkunku,73.0,2023-07-01,1997-11-14,False,p213198,0,0,0,0,0,0,0,0,0,0,0,0,0,0.0,0.0,0.0,0.0,0,0,0,0,0,0.00,0.00,0.00,0.00,728,321,728,321,728,321,728,321,,,,,2.0,,0.0,0.0,0.0,0.0,0.0,0.0,102,70,722,319,727,321,477,160,0.0,0.0,0.0
True,True,,,486672,0,0,1,-1,1,3,5.0,6.0,2,Moisés,5.5,241,True,,,56,486672.jpg,5.8,False,Caicedo Corozo,12.1,False,,a,7,8,35,1010494,10436,339266,8296,1.0,6.2,Caicedo,62.0,2023-08-14,2001-11-02,False,p486672,540,2,0,2,8,0,0,0,1,0,0,4,153,179.0,48.5,33.0,26.0,28,33,24,85,6,0.46,0.22,0.68,7.69,3,1,90,63,133,82,31,19,,,,,,,0.08,0.0,0.04,0.12,1.28,1.33,132,85,17,6,24,7,36,12,1.0,0.33,14.17
True,True,,,550615,0,0,-1,1,0,3,0.3,1.3,0,Tyrique,0.8,243,False,,,49,550615.jpg,1.0,False,George,0.1,False,,a,7,8,3,2892,53,4116,43,0.2,0.6,George,241.0,2024-04-15,2006-02-04,False,p550615,137,0,0,1,1,0,0,0,2,0,0,0,-2,8.2,7.0,52.0,6.7,0,1,1,2,0,0.25,0.08,0.33,1.53,340,162,303,165,74,45,256,130,,,,,,,0.16,0.0,0.05,0.21,1.01,0.66,364,228,287,141,363,174,554,205,0.0,0.66,1.31
True,True,75.0,75.0,514356,0,0,-1,1,0,3,-0.2,0.5,1,Roméo,0.2,244,False,Lack of match fitness - 75% chance of playing,2025-08-10T22:00:04.594276Z,49,514356.jpg,1.0,False,Lavia,0.0,False,,d,7,8,1,169,2,1896,6,0.0,0.2,Lavia,21.0,2023-08-18,2004-01-06,False,p514356,11,0,0,0,2,0,0,0,0,0,0,0,4,0.0,0.0,0.0,0.0,2,1,0,3,0,0.00,0.01,0.01,1.12,677,285,672,286,653,281,678,286,,,,,,,0.0,0.0,0.08,0.08,9.16,16.36,361,225,365,175,362,173,686,294,0.0,0.0,24.55
True,True,0.0,0.0,465920,0,0,0,0,0,3,0.0,0.0,0,Mykhailo,0.0,245,False,Suspended - unknown return date,2025-07-21T10:00:04.824210Z,50,465920.jpg,0.0,False,Mudryk,0.0,False,,s,7,8,0,343,1,622,5,0.0,0.0,Mudryk,225.0,2023-01-15,2001-01-05,False,p465920,0,0,0,0,0,0,0,0,0,0,0,0,0,0.0,0.0,0.0,0.0,0,0,0,0,0,0.00,0.00,0.00,0.00,689,295,690,297,674,292,690,296,,,,,,,0.0,0.0,0.0,0.0,0.0,0.0,279,170,681,292,693,299,706,307,0.0,0.0,0.0
True,True,,,532605,0,0,0,0,0,3,0.3,1.3,1,Andrey,0.8,246,False,,,45,532605.jpg,1.0,False,Nascimento dos Santos,0.4,False,,a,7,8,5,29686,556,28614,264,0.2,1.1,Andrey Santos,30.0,2023-01-07,2004-05-03,False,p532605,170,0,0,0,1,0,0,0,1,0,0,0,30,15.2,32.4,32.0,8.0,2,10,4,16,1,0.41,0.07,0.48,2.21,304,140,145,97,137,85,226,112,,,,,,,0.22,0.0,0.04,0.26,1.17,0.53,459,269,284,138,346,159,287,96,0.53,0.0,8.47
True,True,0.0,0.0,491007,0,0,-1,1,0,3,0.0,0.0,0,Dário,0.0,247,False,Thigh injury - Unknown return date,2025-09-11T07:00:06.794916Z,44,491007.jpg,0.0,False,Luís Essugo,0.0,False,,i,7,8,0,2806,4,5169,44,0.0,0.0,D.Essugo,173.0,2025-06-02,2005-03-14,False,p491007,0,0,0,0,0,0,0,0,0,0,0,0,0,0.0,0.0,0.0,0.0,0,0,0,0,0,0.00,0.00,0.00,0.00,545,197,530,199,500,188,547,198,,,,,,,0.0,0.0,0.0,0.0,0.0,0.0,558,307,532,192,554,207,587,228,0.0,0.0,0.0
True,False,0.0,0.0,611134,0,0,0,0,0,3,0.0,0.0,0,Kendry,0.0,248,False,Has joined RC Strasbourg on loan for the rest of the season.,2025-08-11T01:09:37.664358Z,45,611134.jpg,0.0,False,Páez Andrade,0.0,False,,u,7,8,0,0,0,822,2,0.0,0.0,Paez,,,,False,p611134,0,0,0,0,0,0,0,0,0,0,0,0,0,0.0,0.0,0.0,0.0,0,0,0,0,0,0.00,0.00,0.00,0.00,644,265,638,267,612,257,645,266,,,,,,,0.0,0.0,0.0,0.0,0.0,0.0,496,293,634,261,652,273,714,311,0.0,0.0,0.0
True,True,,,475168,0,0,3,-3,2,4,4.5,5.5,2,João Pedro,5.0,249,True,,,78,475168.jpg,6.2,False,Junqueira de Jesus,67.8,False,,a,7,8,37,2664111,9651,1064808,42364,0.6,4.7,João Pedro,30.0,2025-07-02,2001-09-26,False,p475168,510,2,3,2,7,0,0,0,0,0,0,8,147,154.6,83.2,128.0,36.3,11,12,5,28,6,1.50,0.24,1.74,6.91,8,2,46,2,12,7,9,3,,,,,,,0.26,0.0,0.04,0.3,1.22,1.24,18,6,30,4,15,3,1,1,1.06,0.35,4.94
True,True,0.0,0.0,463034,0,0,-3,3,0,4,0.0,0.0,0,Liam,0.2,250,False,Hamstring injury - Expected back 22 Nov,2025-08-31T01:30:07.879411Z,62,463034.jpg,1.3,False,Delap,1.1,False,,i,7,8,4,38489,17,370773,873,0.0,0.6,Delap,241.0,2025-06-04,2003-02-08,False,p463034,91,0,0,0,1,0,0,0,0,0,0,0,12,8.0,3.5,43.0,5.0,1,3,0,4,2,0.23,0.03,0.26,0.31,343,26,325,35,95,26,294,29,,,,,,,0.23,0.0,0.03,0.26,0.31,0.99,81,25,378,41,308,31,176,28,1.98,0.0,3.96
True,False,0.0,0.0,517052,0,0,0,0,0,4,0.0,0.0,0,Nicolas,0.0,251,False,has joined Bayern Munich on loan for the rest of the season.,2025-09-02T11:35:16.339917Z,65,517052.jpg,0.0,False,Jackson,0.1,False,,u,7,8,0,4962,0,13682,43,0.0,0.0,N.Jackson,189.0,2023-07-01,2001-06-20,False,p517052,0,0,0,0,0,0,0,0,0,0,0,0,0,0.0,0.0,0.0,0.0,0,0,0,0,0,0.00,0.00,0.00,0.00,735,80,735,80,735,80,735,80,,,,,,,0.0,0.0,0.0,0.0,0.0,0.0,59,19,731,78,734,80,486,66,0.0,0.0,0.0
True,True,75.0,75.0,499309,0,0,-2,2,0,4,-0.2,0.5,0,Marc,0.2,252,False,Muscle injury - 75% chance of playing,2025-09-24T11:30:08.351112Z,43,499309.jpg,1.0,False,Guiu Paz,8.4,False,,d,7,8,2,353061,3464,1531728,8924,0.0,0.5,Marc Guiu,200.0,2024-07-01,2006-01-04,False,p499309,13,0,0,0,1,0,0,0,0,0,0,0,5,1.0,1.6,6.0,0.7,1,0,0,1,0,0.02,0.01,0.03,0.66,394,42,346,37,280,38,380,38,,,,,,,0.14,0.0,0.07,0.21,4.57,6.92,604,82,349,38,333,34,46,10,0.0,0.0,6.92
True,True,,,493105,0,0,-1,1,0,3,-0.3,0.7,0,Alejandro,0.2,453,False,,,64,493105.jpg,1.0,False,Garnacho Ferreyra,0.3,False,,a,7,8,1,27671,85,25504,520,0.0,0.2,Garnacho,10.0,2025-08-30,2004-07-01,False,p493105,11,0,0,0,1,0,0,0,0,0,0,0,4,2.0,10.5,6.0,1.9,0,1,0,1,0,0.00,0.05,0.05,0.71,388,182,278,159,292,157,359,171,,,,,,,0.0,0.0,0.41,0.41,5.81,8.18,70,49,380,183,397,196,307,103,0.0,0.0,8.18
True,True,,,551210,0,0,-2,2,0,2,0.0,1.0,2,Jorrel,0.5,672,False,,,48,551210.jpg,0.7,False,Hato,0.2,False,,a,7,8,2,6259,78,25221,122,0.1,0.4,Hato,152.0,2025-08-03,2006-03-07,False,p551210,144,0,0,0,2,0,0,0,2,0,0,0,-1,1.2,2.5,2.0,0.5,3,5,1,4,2,0.00,0.01,0.01,1.88,393,141,332,117,326,115,390,136,,,,,,,0.0,0.0,0.01,0.01,1.18,1.25,381,65,319,110,405,136,367,131,1.25,0.0,2.5
True,True,,,172649,0,0,0,0,0,1,4.2,3.2,3,Dean,4.2,253,False,,,50,172649.jpg,4.2,False,Henderson,7.7,False,,a,8,31,25,300256,3923,239736,1642,0.8,5.0,Henderson,241.0,2023-08-31,1997-03-12,False,p172649,540,0,0,3,3,0,0,0,1,0,11,0,108,81.2,10.0,0.0,9.0,6,40,0,0,6,0.00,0.03,0.03,6.93,102,15,285,3,665,78,203,10,,,,,,,0.0,1.83,0.0,0.0,1.16,0.5,253,11,42,4,72,6,52,9,1.0,0.5,0.0
True,True,0.0,0.0,121709,0,0,0,0,0,1,0.0,0.0,0,Walter,0.0,254,False,Hand injury - Expected back 05 Oct,2025-09-19T14:49:12.216385Z,40,121709.jpg,0.0,False,Benítez,0.4,False,,i,8,31,0,6258,4,15087,178,0.0,0.0,Benitez,10.0,2025-07-01,1993-01-19,False,p121709,0,0,0,0,0,0,0,0,0,0,0,0,0,0.0,0.0,0.0,0.0,0,0,0,0,0,0.00,0.00,0.00,0.00,444,40,425,23,387,16,446,40,,,,,,,0.0,0.0,0.0,0.0,0.0,0.0,621,51,424,39,454,40,290,40,0.0,0.0,0.0
True,True,,,169593,0,0,0,0,0,1,0.0,-1.0,0,Remi,0.0,255,False,,,40,169593.jpg,0.0,False,Matthews,0.1,False,,a,8,31,0,2115,24,3197,36,0.0,0.0,Matthews,241.0,2021-07-13,1994-02-10,False,p169593,0,0,0,0,0,0,0,0,0,0,0,0,0,0.0,0.0,0.0,0.0,0,0,0,0,0,0.00,0.00,0.00,0.00,450,43,431,26,393,19,452,43,,,,,,,0.0,0.0,0.0,0.0,0.0,0.0,627,54,430,42,460,43,462,71,0.0,0.0,0.0
True,True,,,247348,0,0,1,-1,0,2,4.5,3.5,2,Daniel,4.5,256,False,,,56,247348.jpg,4.7,False,Muñoz Mejía,12.5,False,,a,8,31,28,968429,5546,491978,5587,0.8,5.0,Muñoz,48.0,2024-01-30,1996-05-26,False,p247348,540,0,1,3,3,0,0,0,2,0,0,1,113,81.8,65.5,72.0,21.8,25,24,11,36,6,0.64,1.15,1.79,6.93,98,45,70,16,46,4,54,9,,,,,,,0.11,0.0,0.19,0.3,1.16,0.5,128,12,38,16,57,25,31,11,1.0,0.5,6.0
True,True,,,437499,0,0,1,-1,1,2,5.8,4.8,4,Maxence,5.8,257,False,,,51,437499.jpg,5.7,False,Lacroix,3.9,False,,a,8,31,34,477789,4922,192132,1731,1.1,6.7,Lacroix,73.0,2024-08-30,2000-04-06,False,p437499,540,0,1,3,3,0,0,0,1,0,0,2,127,118.8,15.6,34.0,16.8,48,16,14,62,6,0.30,0.15,0.45,6.93,38,14,241,78,128,23,95,30,,,,,,,0.05,0.0,0.02,0.07,1.16,0.5,237,35,13,6,29,15,89,35,1.0,0.5,10.33
True,True,,,244723,0,0,0,0,0,2,6.0,5.0,4,Tyrick,6.0,258,False,,,50,244723.jpg,5.7,False,Mitchell,2.0,False,,a,8,31,34,142817,5109,75573,491,1.2,6.8,Mitchell,241.0,2019-12-15,1999-09-01,False,p244723,540,1,0,3,3,0,0,0,2,0,0,2,141,134.2,107.3,37.0,27.9,27,27,25,52,6,0.28,0.51,0.79,6.93,20,6,25,4,119,21,24,3,,,,,,,0.05,0.0,0.08,0.13,1.16,0.5,269,42,10,5,28,14,130,50,1.0,0.5,8.67
True,True,,,218364,0,0,-1,1,0,2,0.0,-1.0,0,Borna,0.0,259,False,,,49,218364.jpg,0.0,False,Sosa,0.1,False,,a,8,31,0,3525,50,8494,67,0.0,0.0,Sosa,97.0,2025-07-11,1998-01-21,False,p218364,0,0,0,0,0,0,0,0,0,0,0,0,0,0.0,0.0,0.0,0.0,0,0,0,0,0,0.00,0.00,0.00,0.00,664,237,658,237,637,229,665,237,4.0,,,,,,0.0,0.0,0.0,0.0,0.0,0.0,328,54,655,234,669,236,448,170,0.0,0.0,0.0
True,True,,,209036,0,0,2,-2,1,2,8.8,7.8,7,Marc,8.8,260,True,,,47,209036.jpg,7.2,False,Guéhi,25.9,False,,a,8,31,43,1943663,43155,411069,1277,1.9,9.1,Guéhi,241.0,2021-07-18,2000-07-13,False,p209036,540,1,2,3,3,0,0,0,0,0,0,3,147,118.2,26.5,35.0,18.0,34,19,13,47,6,0.39,0.08,0.47,6.93,39,15,174,45,124,22,83,24,,,,,,,0.06,0.0,0.01,0.07,1.16,0.5,384,66,2,1,3,1,10,3,1.0,0.5,7.83
True,True,,,427623,0,0,0,0,0,2,5.5,4.5,4,Chris,5.5,261,False,,,45,427623.jpg,5.0,False,Richards,2.7,False,,a,8,31,30,292961,3811,142764,846,1.2,6.7,Richards,229.0,2022-07-27,2000-03-28,False,p427623,540,0,0,3,3,0,0,0,0,0,0,0,119,122.6,21.5,18.0,16.3,48,7,15,63,6,0.27,0.08,0.35,6.93,33,12,196,55,206,52,102,33,,,,,,,0.04,0.0,0.01,0.05,1.16,0.5,422,91,15,8,42,20,109,41,1.0,0.5,10.5
True,True,0.0,0.0,515621,0,0,0,0,0,2,0.0,0.0,0,Chadi,0.0,262,False,Knee injury - Expected back 18 Oct,2025-07-21T10:00:04.863209Z,40,515621.jpg,0.0,False,Riad Dnanou,0.0,False,,i,8,31,0,309,1,527,6,0.0,0.0,Chadi Riad,145.0,2024-07-02,2003-06-17,False,p515621,0,0,0,0,0,0,0,0,0,0,0,0,0,0.0,0.0,0.0,0.0,0,0,0,0,0,0.00,0.00,0.00,0.00,490,190,473,188,436,172,492,190,,,,,,,0.0,0.0,0.0,0.0,0.0,0.0,681,194,471,180,500,188,708,238,0.0,0.0,0.0
True,True,,,57328,0,0,0,0,0,2,0.2,-0.8,0,Nathaniel,0.2,263,False,,,40,57328.jpg,1.0,False,Clyne,0.5,False,,a,8,31,1,9328,84,28477,206,0.0,0.2,Clyne,241.0,2020-10-14,1991-04-05,False,p57328,4,0,0,0,0,0,0,0,0,0,0,0,5,3.4,0.5,0.0,0.4,1,0,1,2,0,0.00,0.00,0.00,0.00,372,137,361,131,374,147,391,137,,,,,,,0.0,0.0,0.0,0.0,0.0,0.0,608,158,343,115,323,110,245,91,0.0,0.0,45.0
True,False,0.0,0.0,156074,0,0,0,0,0,2,0.0,0.0,0,Rob,0.0,264,False,Has joined Colorado Rapids permanently.,2025-08-11T01:12:01.613357Z,40,156074.jpg,0.0,False,Holding,0.0,False,,u,8,31,0,0,0,3040,10,0.0,0.0,Holding,241.0,2023-09-01,1995-09-20,False,p156074,0,0,0,0,0,0,0,0,0,0,0,0,0,0.0,0.0,0.0,0.0,0,0,0,0,0,0.00,0.00,0.00,0.00,447,171,428,167,390,150,449,171,,,,,,,0.0,0.0,0.0,0.0,0.0,0.0,624,161,427,160,457,169,641,218,0.0,0.0,0.0
True,True,0.0,0.0,590012,0,0,0,0,0,2,0.0,0.0,0,Caleb,0.0,265,False,Back injury - Unknown return date,2025-08-10T22:30:04.775923Z,40,590012.jpg,0.0,False,Kporha,0.0,False,,i,8,31,0,273,0,1459,5,0.0,0.0,Kporha,241.0,2024-07-30,2006-07-15,False,p590012,0,0,0,0,0,0,0,0,0,0,0,0,0,0.0,0.0,0.0,0.0,0,0,0,0,0,0.00,0.00,0.00,0.00,512,206,495,204,459,189,514,206,,,,,,,0.0,0.0,0.0,0.0,0.0,0.0,706,213,494,197,521,203,670,227,0.0,0.0,0.0
True,True,100.0,100.0,232185,0,0,-1,1,1,3,3.8,2.8,8,Ismaïla,3.8,267,False,,2025-09-01T10:30:08.125928Z,64,232185.jpg,6.5,False,Sarr,2.6,False,,a,8,31,26,477913,22745,737393,661,0.6,4.1,Sarr,189.0,2024-08-01,1998-02-25,False,p232185,344,3,0,3,1,0,0,0,1,0,0,1,81,83.4,20.6,57.0,16.2,6,13,3,22,4,2.70,0.20,2.90,5.20,95,30,206,130,68,42,105,57,,,,,,,0.71,0.0,0.05,0.76,1.36,0.26,65,45,66,29,8,3,111,40,1.05,0.78,5.76
True,True,0.0,0.0,438464,0,0,-1,1,0,3,0.0,0.0,0,Cheick,0.0,268,False,Knee injury - Unknown return date,2025-07-21T10:00:04.882113Z,49,438464.jpg,0.0,False,Doucouré,0.0,False,,i,8,31,0,172,2,356,4,0.0,0.0,Doucouré,132.0,2022-07-11,2000-01-08,False,p438464,0,0,0,0,0,0,0,0,0,0,0,0,0,0.0,0.0,0.0,0.0,0,0,0,0,0,0.00,0.00,0.00,0.00,671,282,666,283,646,278,672,283,,,,,,,0.0,0.0,0.0,0.0,0.0,0.0,344,214,662,279,676,287,729,320,0.0,0.0,0.0
True,True,,,606921,0,0,-2,2,0,3,0.0,-1.0,0,Romain,0.0,269,False,,,48,606921.jpg,1.0,False,Esse,0.2,False,,a,8,31,1,6407,73,16925,107,0.0,0.2,Esse,241.0,2025-01-18,2005-05-13,False,p606921,24,0,0,0,0,0,0,0,0,0,0,0,6,4.6,0.4,2.0,0.7,0,0,2,2,0,0.00,0.01,0.01,0.27,363,173,367,189,327,172,382,184,,,,,,,0.0,0.0,0.04,0.04,1.01,0.0,383,241,643,266,355,168,391,131,0.0,0.0,7.5
True,True,100.0,100.0,108413,0,0,-1,1,0,3,2.0,1.0,1,Will,2.0,270,False,,2025-08-28T17:00:07.807114Z,49,108413.jpg,1.8,False,Hughes,0.1,False,,a,8,31,11,8538,89,9535,91,0.4,2.2,Hughes,241.0,2021-08-28,1995-04-17,False,p108413,411,0,0,3,3,0,0,0,3,0,0,0,44,50.8,73.6,14.0,13.9,19,14,5,38,5,0.15,0.58,0.73,4.89,167,64,60,46,227,127,129,69,2.0,,,,,,0.03,0.0,0.13,0.16,1.07,0.66,307,189,163,68,265,123,451,148,1.09,0.66,8.32
True,True,100.0,100.0,209400,0,0,0,0,0,3,4.0,3.0,5,Daichi,4.0,271,False,,2025-08-10T22:30:04.831701Z,50,209400.jpg,4.0,False,Kamada,0.1,False,,a,8,31,16,21325,513,12650,107,0.8,3.2,Kamada,108.0,2024-07-01,1996-08-05,False,p209400,355,0,2,2,2,0,0,0,0,0,0,0,77,44.0,66.8,33.0,14.4,6,10,10,26,4,0.32,0.65,0.97,4.40,186,76,68,50,131,80,119,66,5.0,,,,,,0.08,0.0,0.16,0.24,1.12,0.51,260,157,50,20,85,30,456,152,1.01,0.51,6.59
True,True,,,152551,0,0,-1,1,0,3,1.2,0.2,1,Jefferson,1.2,272,False,,,49,152551.jpg,1.2,False,Lerma Solís,0.1,False,,a,8,31,7,1752,19,3923,25,0.2,1.4,Lerma,48.0,2023-07-01,1994-10-25,False,p152551,171,0,0,1,1,0,0,0,1,0,0,0,23,18.2,18.7,40.0,7.7,9,10,3,22,1,0.50,0.03,0.53,2.30,294,135,220,138,102,62,235,117,,,,,,,0.26,0.0,0.02,0.28,1.21,0.53,309,191,232,104,312,150,553,204,0.53,0.53,11.58
True,True,100.0,100.0,496221,0,0,0,0,0,3,2.8,1.8,3,Adam,2.8,273,False,,2025-09-01T10:30:08.180122Z,50,496221.jpg,3.2,False,Wharton,0.4,False,,a,8,31,16,22270,478,45151,151,0.6,3.2,Wharton,241.0,2024-02-01,2004-02-06,False,p496221,361,0,1,2,2,0,0,0,0,0,0,2,93,37.2,91.4,2.0,13.0,9,21,3,33,5,0.09,1.00,1.09,4.69,217,95,39,32,334,178,144,76,3.0,,,,,,0.02,0.0,0.25,0.27,1.17,0.5,289,177,106,43,133,56,264,91,1.25,0.5,8.23
True,True,,,579075,0,0,0,0,0,3,0.0,-1.0,0,Asher,0.0,274,False,,,45,579075.jpg,0.0,False,Agbinone,0.1,False,,a,8,31,0,1877,44,3446,31,0.0,0.0,Agbinone,241.0,2024-07-30,2005-09-28,False,p579075,0,0,0,0,0,0,0,0,0,0,0,0,0,0.0,0.0,0.0,0.0,0,0,0,0,0,0.00,0.00,0.00,0.00,634,257,628,259,602,249,635,258,,,,,,,0.0,0.0,0.0,0.0,0.0,0.0,484,285,624,253,644,267,573,216,0.0,0.0,0.0
True,True,,,466117,0,0,-1,1,0,3,0.0,-1.0,0,Naouirou,0.0,275,False,,,44,466117.jpg,0.0,False,Ahamada,0.0,False,,a,8,31,0,2003,71,2692,23,0.0,0.0,Ahamada,73.0,2023-01-31,2002-03-29,False,p466117,0,0,0,0,0,0,0,0,0,0,0,0,0,0.0,0.0,0.0,0.0,0,0,0,0,0,0.00,0.00,0.00,0.00,542,195,527,197,496,186,544,196,,,,,,,0.0,0.0,0.0,0.0,0.0,0.0,550,304,528,189,551,205,591,232,0.0,0.0,0.0
True,True,,,489706,0,0,0,0,0,3,1.0,0.0,1,Justin,1.0,276,False,,,45,489706.jpg,1.2,False,Devenny,1.4,False,,a,8,31,7,63625,687,104713,867,0.2,1.6,Devenny,242.0,2024-03-13,2003-10-11,False,p489706,143,0,0,0,2,0,0,0,0,0,0,0,31,15.0,31.3,36.0,8.3,1,11,7,19,1,0.13,0.18,0.31,1.51,305,141,155,104,121,74,223,110,,,2.0,,,,0.08,0.0,0.11,0.19,0.95,1.26,441,258,248,114,311,149,161,56,0.63,0.0,11.96
True,False,0.0,0.0,450535,0,0,0,0,0,3,0.0,0.0,0,Malcolm,0.0,277,False,Has joined Blackpool permanently.,2025-08-11T01:12:01.633662Z,45,450535.jpg,0.0,False,Ebiowei,0.0,False,,u,8,31,0,0,0,630,1,0.0,0.0,Ebiowei,241.0,2022-07-01,2003-09-04,False,p450535,0,0,0,0,0,0,0,0,0,0,0,0,0,0.0,0.0,0.0,0.0,0,0,0,0,0,0.00,0.00,0.00,0.00,594,226,585,228,559,218,596,227,,,,,,,0.0,0.0,0.0,0.0,0.0,0.0,428,251,583,222,603,236,726,318,0.0,0.0,0.0
True,False,0.0,0.0,450542,0,0,-1,1,0,3,0.0,0.0,0,Jesurun,0.0,278,False,has joined Caykur Rizespor on loan for the rest of the season.,2025-09-22T09:16:14.064898Z,44,450542.jpg,0.0,False,Rak-Sakyi,0.1,False,,u,8,31,0,4176,0,5646,141,0.0,0.0,J.Rak-Sakyi,241.0,2021-04-09,2002-10-05,False,p450542,0,0,0,0,0,0,0,0,0,0,0,0,0,0.0,0.0,0.0,0.0,0,0,0,0,0,0.00,0.00,0.00,0.00,541,194,526,196,494,185,543,195,,,,,,,0.0,0.0,0.0,0.0,0.0,0.0,547,303,526,188,550,204,547,199,0.0,0.0,0.0
True,False,0.0,0.0,536694,0,0,0,0,0,3,0.0,0.0,0,Matheus,0.0,279,False,Has joined CR Vasco da Gama on loan for the rest of the season.,2025-08-10T22:30:04.849181Z,45,536694.jpg,0.0,False,França de Oliveira,0.0,False,,u,8,31,0,95,0,1321,5,0.0,0.0,M.França,30.0,2023-08-05,2004-04-01,False,p536694,0,0,0,0,0,0,0,0,0,0,0,0,0,0.0,0.0,0.0,0.0,0,0,0,0,0,0.00,0.00,0.00,0.00,614,244,608,246,583,236,616,245,,,,,,,0.0,0.0,0.0,0.0,0.0,0.0,461,271,604,240,624,254,696,300,0.0,0.0,0.0
True,False,0.0,0.0,531989,0,0,0,0,0,3,0.0,0.0,0,David,0.0,280,False,Has joined Derby County on loan for the rest of the season.,2025-07-30T14:07:45.618291Z,45,531989.jpg,0.0,False,Ozoh,0.0,False,,u,8,31,0,0,0,153,1,0.0,0.0,Ozoh,241.0,2022-07-11,2005-05-06,False,p531989,0,0,0,0,0,0,0,0,0,0,0,0,0,0.0,0.0,0.0,0.0,0,0,0,0,0,0.00,0.00,0.00,0.00,612,242,606,244,581,234,614,243,,,,,,,0.0,0.0,0.0,0.0,0.0,0.0,458,268,602,238,622,252,736,324,0.0,0.0,0.0
True,True,,,530318,0,0,0,0,0,3,0.0,-1.0,0,Kaden,0.0,281,False,,,45,530318.jpg,0.0,False,Rodney,0.0,False,,a,8,31,0,1531,23,2518,26,0.0,0.0,Rodney,241.0,2022-07-08,2004-10-07,False,p530318,0,0,0,0,0,0,0,0,0,0,0,0,0,0.0,0.0,0.0,0.0,0,0,0,0,0,0.00,0.00,0.00,0.00,611,241,605,243,580,233,613,242,,,,,,,0.0,0.0,0.0,0.0,0.0,0.0,457,267,601,237,621,251,588,229,0.0,0.0,0.0
True,False,0.0,0.0,574398,0,0,0,0,0,3,0.0,0.0,0,Franco,0.0,282,False,has joined Portsmouth permanently.,2025-09-22T21:43:58.439788Z,45,574398.jpg,0.0,False,Umeh-Chibueze,0.0,False,,u,8,31,0,860,0,1919,26,0.0,0.0,Umeh,104.0,2024-02-18,2005-01-26,False,p574398,0,0,0,0,0,0,0,0,0,0,0,0,0,0.0,0.0,0.0,0.0,0,0,0,0,0,0.00,0.00,0.00,0.00,627,254,621,256,595,246,628,255,,,,,,,0.0,0.0,0.0,0.0,0.0,0.0,476,281,617,250,637,264,638,265,0.0,0.0,0.0
True,True,,,231747,0,0,1,-1,0,4,3.8,2.8,2,Jean-Philippe,3.8,283,False,,,76,231747.jpg,3.0,False,Mateta,9.8,False,,a,8,31,18,990699,8588,899231,8314,0.5,2.4,Mateta,73.0,2022-01-31,1997-06-28,False,p231747,531,2,0,3,3,0,0,0,2,0,0,0,70,102.6,9.6,150.0,26.3,18,15,1,34,6,3.18,0.46,3.64,6.66,59,8,288,28,5,3,29,8,,,,,2.0,,0.54,0.0,0.08,0.62,1.13,0.51,21,8,67,9,163,16,44,9,1.02,0.51,5.76
True,True,100.0,100.0,205533,0,0,-1,1,0,4,1.2,0.2,4,Eddie,1.2,284,False,,2025-08-10T22:30:04.865817Z,54,205533.jpg,2.5,False,Nketiah,0.2,False,,a,8,31,5,7333,854,27962,155,0.2,0.9,Nketiah,241.0,2024-08-30,1999-05-30,False,p205533,30,1,0,0,1,0,0,0,1,0,0,0,28,3.4,10.4,7.0,2.1,1,1,0,2,0,0.70,0.00,0.70,0.86,373,32,279,26,271,36,356,36,,,,,,,2.1,0.0,0.0,2.1,2.58,3.0,180,43,237,24,198,17,365,57,0.0,0.0,6.0
True,False,0.0,0.0,199670,0,0,0,0,0,4,0.0,0.0,0,Odsonne,0.0,285,False,has joined RC Lens permanently.,2025-08-28T17:00:07.862344Z,50,199670.jpg,1.0,False,Édouard,0.3,False,,u,8,31,1,9044,0,75910,351,0.0,0.2,Édouard,73.0,2021-08-31,1998-01-16,False,p199670,2,0,0,0,0,0,0,0,0,0,0,0,6,2.0,0.0,0.0,0.2,0,0,1,1,0,0.00,0.00,0.00,0.27,385,38,684,72,666,69,400,43,,,,,,,0.0,0.0,0.0,0.0,12.15,0.0,255,51,675,69,367,36,296,48,0.0,0.0,45.0
True,True,,,576980,0,0,0,0,0,4,0.0,-1.0,0,Zach,0.0,286,False,,,45,576980.jpg,0.0,False,Marsh,0.3,False,,a,8,31,0,18478,380,20809,270,0.0,0.0,Marsh,241.0,2023-07-18,2005-10-06,False,p576980,0,0,0,0,0,0,0,0,0,0,0,0,0,0.0,0.0,0.0,0.0,0,0,0,0,0,0.00,0.00,0.00,0.00,632,63,626,63,600,60,633,63,,,,,,,0.0,0.0,0.0,0.0,0.0,0.0,481,64,622,60,642,64,309,51,0.0,0.0,0.0
True,True,,,590014,0,0,-1,1,0,3,0.0,-1.0,0,Rio,0.0,690,False,,,44,590014.jpg,0.0,False,Cardines,0.2,False,,a,8,31,0,19795,1961,13638,243,0.0,0.0,Cardines,217.0,2025-07-24,2006-07-01,False,p590014,0,0,0,0,0,0,0,0,0,0,0,0,0,0.0,0.0,0.0,0.0,0,0,0,0,0,0.00,0.00,0.00,0.00,569,211,555,213,526,202,571,212,,,,,,,0.0,0.0,0.0,0.0,0.0,0.0,587,322,556,206,578,221,345,116,0.0,0.0,0.0
True,True,100.0,100.0,488024,0,0,0,0,0,3,2.0,1.0,3,Yéremy,2.0,712,False,,2025-09-20T23:30:07.351615Z,60,488024.jpg,2.0,False,Pino Santos,0.1,False,,a,8,31,8,34937,166,21704,196,0.3,1.3,Yeremy,200.0,2025-08-29,2002-10-20,False,p488024,220,0,0,2,0,0,0,0,0,0,0,0,25,8.8,41.0,23.0,7.0,2,12,3,17,3,1.08,0.38,1.46,2.40,337,161,117,79,177,103,248,125,,,,,,,0.44,0.0,0.16,0.6,0.98,0.0,90,60,175,75,252,118,445,146,1.23,0.82,6.95
True,True,,,651426,0,0,0,0,0,2,0.0,-1.0,0,Jaydee,0.0,723,False,,,45,651426.jpg,0.0,False,Canvot,0.0,False,,a,8,31,0,414,7,208,5,0.0,0.0,Canvot,73.0,2025-09-01,2006-07-29,False,p651426,0,0,0,0,0,0,0,0,0,0,0,0,0,0.0,0.0,0.0,0.0,0,0,0,0,0,0.00,0.00,0.00,0.00,649,234,642,234,617,226,650,234,,,,,,,0.0,0.0,0.0,0.0,0.0,0.0,504,110,638,231,656,233,713,240,0.0,0.0,0.0
True,True,,,660392,0,0,0,0,0,4,0.3,-0.7,0,Christantus,0.3,732,False,,,55,660392.jpg,1.0,False,Uche,0.0,False,,a,8,31,1,3400,53,1529,51,0.1,0.2,Uche,157.0,2025-09-01,2003-05-19,False,p660392,6,0,0,0,0,0,0,0,0,0,0,0,6,3.4,0.8,19.0,2.3,0,1,0,1,0,0.01,0.00,0.01,0.00,374,33,358,38,201,35,354,35,,,,,,,0.15,0.0,0.0,0.15,0.0,0.0,169,42,341,37,389,41,640,79,0.0,0.0,15.0
True,True,,,215413,0,0,0,0,1,3,3.8,3.8,0,Kiernan,3.8,242,False,,,50,215413.jpg,3.8,False,Dewsbury-Hall,4.9,False,,a,9,11,19,421940,2061,358771,2821,0.8,3.8,Dewsbury-Hall,241.0,2025-08-06,1998-09-06,False,p215413,450,1,1,2,5,0,0,0,4,0,0,3,94,92.6,183.6,45.0,32.2,4,16,8,28,5,0.31,1.33,1.64,7.05,75,24,2,2,87,54,16,11,2.0,,,,,,0.06,0.0,0.27,0.33,1.41,1.0,263,160,63,26,97,38,73,21,1.0,0.4,5.6
True,True,,,111234,0,0,0,0,1,1,2.0,2.0,0,Jordan,2.0,287,False,,,55,111234.jpg,5.0,False,Pickford,11.1,False,,a,9,11,25,343755,971,383034,3133,0.4,4.5,Pickford,241.0,2017-07-01,1994-03-07,False,p111234,450,0,0,2,5,0,1,0,0,0,10,3,84,108.0,0.0,0.0,10.8,10,42,0,0,5,0.00,0.04,0.04,7.05,49,7,717,85,712,83,172,7,,,,,,,0.0,2.0,0.01,0.01,1.41,1.0,137,3,172,16,47,5,40,6,1.0,0.4,0.0
True,True,,,229600,0,0,-1,1,0,1,0.0,0.0,0,Mark,0.0,288,False,,,44,229600.jpg,0.0,False,Travers,0.1,False,,a,9,11,0,1938,15,5894,30,0.0,0.0,Travers,104.0,2025-07-15,1999-05-18,False,p229600,0,0,0,0,0,0,0,0,0,0,0,0,0,0.0,0.0,0.0,0.0,0,0,0,0,0,0.00,0.00,0.00,0.00,532,76,517,60,484,53,534,76,,,,,,,0.0,0.0,0.0,0.0,0.0,0.0,530,31,517,75,541,76,438,67,0.0,0.0,0.0
True,True,,,447325,0,0,0,0,0,1,0.0,0.0,0,Harry,0.0,289,False,,,40,447325.jpg,0.0,False,Tyrer,0.1,False,,a,9,11,0,1931,12,4020,22,0.0,0.0,Tyrer,241.0,2021-02-09,2001-12-06,False,p447325,0,0,0,0,0,0,0,0,0,0,0,0,0,0.0,0.0,0.0,0.0,0,0,0,0,0,0.00,0.00,0.00,0.00,464,52,447,35,409,28,466,52,,,,,,,0.0,0.0,0.0,0.0,0.0,0.0,649,63,445,51,474,52,450,70,0.0,0.0,0.0
True,True,0.0,0.0,480455,0,0,-2,2,0,2,0.0,0.0,0,Jarrad,0.0,290,False,Hamstring injury - Unknown return date,2025-08-14T16:00:06.147468Z,53,480455.jpg,0.0,False,Branthwaite,0.2,False,,i,9,11,0,859,2,59306,117,0.0,0.0,Branthwaite,241.0,2020-06-20,2002-06-27,False,p480455,0,0,0,0,0,0,0,0,0,0,0,0,0,0.0,0.0,0.0,0.0,0,0,0,0,0,0.00,0.00,0.00,0.00,706,242,707,242,696,238,707,242,,,,,,,0.0,0.0,0.0,0.0,0.0,0.0,221,31,698,239,709,241,357,128,0.0,0.0,0.0
True,True,,,17761,0,0,0,0,0,2,3.5,3.5,0,James,3.5,291,False,,,55,17761.jpg,5.2,False,Tarkowski,8.2,False,,a,9,11,26,484115,3014,314038,2255,0.6,4.7,Tarkowski,241.0,2022-07-01,1992-11-19,False,p17761,450,0,0,2,5,0,0,0,0,0,0,0,78,131.2,21.3,17.0,17.0,51,15,10,61,5,0.20,0.07,0.27,7.05,24,8,201,58,212,56,91,27,,,,,,,0.04,0.0,0.01,0.05,1.41,1.0,133,14,77,32,39,19,48,16,1.0,0.4,12.2
True,True,100.0,100.0,224967,0,0,-1,1,0,2,0.5,0.5,0,Vitalii,0.5,292,False,,2025-09-05T10:00:06.495475Z,49,224967.jpg,1.0,False,Mykolenko,0.4,False,,a,9,11,2,11740,153,64486,157,0.1,0.4,Mykolenko,225.0,2022-01-01,1999-05-29,False,p224967,175,0,0,0,4,0,0,0,0,0,0,0,3,19.2,16.7,6.0,4.2,11,7,2,13,2,0.00,0.24,0.24,2.01,292,114,234,74,286,96,307,104,,,,,,,0.0,0.0,0.12,0.12,1.03,2.06,332,57,322,111,359,128,278,102,1.03,0.0,6.69
True,True,,,512462,0,0,0,0,0,2,2.0,2.0,0,Jake,2.0,293,False,,,50,512462.jpg,3.2,False,O'Brien,0.5,False,,a,9,11,16,23987,112,31715,214,0.4,3.2,O'Brien,104.0,2024-07-30,2001-05-15,False,p512462,450,0,0,2,5,0,0,0,0,0,0,0,44,53.2,36.0,20.0,11.0,16,12,7,23,5,0.29,0.11,0.40,7.05,160,69,135,33,194,48,168,57,,,,,,,0.06,0.0,0.02,0.08,1.41,1.0,294,48,169,65,134,52,242,88,1.0,0.4,4.6
True,True,,,59949,0,0,-1,1,0,2,0.2,0.2,0,Séamus,0.2,294,False,,,44,59949.jpg,1.0,False,Coleman,0.1,False,,a,9,11,1,3217,35,9199,54,0.0,0.2,Coleman,104.0,2009-02-02,1988-10-11,False,p59949,1,0,0,0,0,0,0,0,0,0,0,0,3,0.0,0.0,0.0,0.0,0,0,0,0,0,0.00,0.00,0.00,0.00,522,212,506,210,471,196,524,212,,,,,,,0.0,0.0,0.0,0.0,0.0,0.0,508,112,351,121,334,119,432,164,0.0,0.0,0.0
True,True,,,106611,0,0,0,0,0,2,2.5,2.5,0,Michael,2.5,295,False,,,45,106611.jpg,4.0,False,Keane,0.8,False,,a,9,11,20,83795,281,39581,325,0.6,4.4,Keane,241.0,2017-07-03,1993-01-11,False,p106611,450,0,0,2,5,0,0,0,0,0,0,0,68,94.8,12.4,40.0,14.7,42,16,5,47,5,0.55,0.06,0.61,7.05,72,33,258,84,101,14,115,38,,,,,,,0.11,0.0,0.01,0.12,1.41,1.0,395,73,120,48,78,35,191,72,1.0,0.4,9.4
True,True,100.0,100.0,243571,0,0,-1,1,0,2,0.0,0.0,0,Nathan,0.0,296,False,,2025-08-10T22:30:04.898823Z,44,243571.jpg,0.0,False,Patterson,0.0,False,,a,9,11,0,430,9,2029,8,0.0,0.0,Patterson,243.0,2022-01-04,2001-10-16,False,p243571,0,0,0,0,0,0,0,0,0,0,0,0,0,0.0,0.0,0.0,0.0,0,0,0,0,0,0.00,0.00,0.00,0.00,536,222,521,221,488,208,538,222,,,,,,,0.0,0.0,0.0,0.0,0.0,0.0,538,137,521,216,545,219,660,222,0.0,0.0,0.0
True,True,,,496178,0,0,0,0,0,2,0.0,0.0,0,Roman,0.0,297,False,,,40,496178.jpg,0.0,False,Dixon,0.2,False,,a,9,11,0,4006,52,10206,66,0.0,0.0,Dixon,,,,False,p496178,0,0,0,0,0,0,0,0,0,0,0,0,0,0.0,0.0,0.0,0.0,0,0,0,0,0,0.00,0.00,0.00,0.00,485,187,468,185,431,169,487,187,,,,,,,0.0,0.0,0.0,0.0,0.0,0.0,675,190,466,177,495,185,368,132,0.0,0.0,0.0
True,True,,,474907,0,0,-1,1,0,2,0.0,0.0,0,Reece,0.0,298,False,,,39,474907.jpg,0.0,False,Welch,0.2,False,,a,9,11,0,3510,87,7011,44,0.0,0.0,Welch,,,,False,p474907,0,0,0,0,0,0,0,0,0,0,0,0,0,0.0,0.0,0.0,0.0,0,0,0,0,0,0.00,0.00,0.00,0.00,415,154,393,149,353,130,417,154,,,,,,,0.0,0.0,0.0,0.0,0.0,0.0,723,229,394,142,425,152,399,150,0.0,0.0,0.0
True,True,100.0,100.0,440993,0,0,0,0,0,3,4.5,4.5,0,Iliman,4.5,299,False,,2025-09-12T16:00:08.836455Z,65,440993.jpg,5.6,False,Ndiaye,11.3,False,,a,9,11,28,745317,7398,663859,3274,0.7,4.3,Ndiaye,189.0,2024-07-03,2000-03-06,False,p440993,418,2,1,2,5,0,0,0,1,0,0,0,108,142.0,91.1,81.0,31.5,5,34,12,51,5,1.31,0.42,1.73,6.10,15,6,40,33,37,21,19,14,,,,,1.0,,0.28,0.0,0.09,0.37,1.31,1.08,57,40,39,15,31,8,39,14,1.08,0.43,10.98
True,True,,,433154,0,0,-3,3,0,3,0.0,0.0,0,Dwight,0.0,300,False,,,57,433154.jpg,1.0,False,McNeil,0.1,False,,a,9,11,1,4577,45,33971,97,0.0,0.2,McNeil,241.0,2022-07-28,1999-11-22,False,p433154,19,0,0,0,0,0,0,0,0,0,0,0,2,0.0,11.3,8.0,1.8,0,0,0,0,0,0.24,0.00,0.24,0.95,725,318,273,156,269,148,362,174,1.0,,,,,,1.14,0.0,0.0,1.14,4.5,0.0,124,82,719,316,391,193,401,133,0.0,0.0,0.0
True,True,,,502697,0,0,-2,2,0,3,0.5,0.5,0,Carlos,0.5,301,False,,,53,502697.jpg,1.0,False,Alcaraz Durán,0.1,False,,a,9,11,4,3311,33,12271,52,0.1,0.8,Alcaraz,10.0,2025-07-01,2002-11-30,False,p502697,117,0,0,0,1,0,0,0,1,0,0,0,21,14.6,4.8,21.0,4.0,1,7,4,12,1,0.03,0.01,0.04,2.94,310,143,317,171,186,110,313,156,,,1.0,,,,0.02,0.0,0.01,0.03,2.26,0.77,225,140,330,161,376,183,480,161,0.77,0.0,9.23
True,True,,,80801,0,0,-1,1,0,3,3.8,3.8,0,Idrissa Gana,3.8,302,False,,,54,80801.jpg,4.0,False,Gueye,0.1,False,,a,9,11,20,9254,225,7717,85,0.7,3.7,Gana,189.0,2022-09-01,1989-09-26,False,p80801,435,1,0,2,4,0,0,0,0,0,0,1,95,82.0,47.9,58.0,18.8,8,25,10,43,5,0.72,0.21,0.93,6.59,97,31,93,65,64,39,75,45,,,,,,,0.15,0.0,0.04,0.19,1.36,0.83,170,105,64,27,86,31,426,140,1.03,0.41,8.9
True,True,,,232928,0,0,0,0,0,3,3.2,3.2,0,James,3.2,303,False,,,50,232928.jpg,5.0,False,Garner,0.7,False,,a,9,11,25,93983,713,30922,489,0.6,5.0,Garner,241.0,2022-09-01,2001-03-13,False,p232928,450,1,0,2,5,0,0,0,1,0,0,3,116,129.8,93.0,15.0,23.8,26,23,15,64,5,0.19,0.43,0.62,7.05,26,11,36,30,218,124,46,31,3.0,,3.0,,,,0.04,0.0,0.09,0.13,1.41,1.0,267,164,83,34,46,15,203,68,1.0,0.4,12.8
True,True,,,490094,0,0,-1,1,0,3,0.8,0.8,0,Tim,0.8,304,False,,,49,490094.jpg,1.8,False,Iroegbunam,0.0,False,,a,9,11,7,686,9,1662,7,0.2,1.4,Iroegbunam,241.0,2024-06-22,2003-06-30,False,p490094,219,0,0,3,1,0,0,0,3,0,0,0,20,32.4,5.1,5.0,4.3,12,13,3,28,3,0.15,0.00,0.15,3.41,235,107,314,169,294,158,305,153,,,,,,,0.06,0.0,0.0,0.06,1.4,0.41,356,222,286,140,268,126,618,253,1.23,1.23,11.51
True,False,0.0,0.0,609873,0,0,0,0,0,3,0.0,0.0,0,Harrison,0.0,305,False,has joined Preston North End on loan for the rest of the season.,2025-09-02T11:36:28.006606Z,45,609873.jpg,1.0,False,Armstrong,0.1,False,,u,9,11,1,3524,0,11334,73,0.0,0.2,Armstrong,241.0,2024-08-09,2007-01-19,False,p609873,1,0,0,0,0,0,0,0,0,0,0,0,3,0.0,0.0,0.0,0.0,0,0,0,0,0,0.00,0.00,0.00,0.00,643,264,637,266,611,256,644,265,,,,,,,0.0,0.0,0.0,0.0,0.0,0.0,495,292,633,260,348,161,512,179,0.0,0.0,0.0
True,True,,,547801,0,0,0,0,0,3,0.0,0.0,0,Callum,0.0,306,False,,,45,547801.jpg,0.0,False,Bates,0.1,False,,a,9,11,0,3359,73,5541,46,0.0,0.0,Bates,,,,False,p547801,0,0,0,0,0,0,0,0,0,0,0,0,0,0.0,0.0,0.0,0.0,0,0,0,0,0,0.00,0.00,0.00,0.00,615,245,609,247,584,237,617,246,,,,,,,0.0,0.0,0.0,0.0,0.0,0.0,462,272,605,241,625,255,515,181,0.0,0.0,0.0
True,True,,,504296,0,0,0,0,0,3,0.0,0.0,0,Coby,0.0,307,False,,,45,504296.jpg,0.0,False,Ebere,0.0,False,,a,9,11,0,1520,26,2598,26,0.0,0.0,Ebere,,,,False,p504296,0,0,0,0,0,0,0,0,0,0,0,0,0,0.0,0.0,0.0,0.0,0,0,0,0,0,0.00,0.00,0.00,0.00,608,238,602,240,577,230,610,239,,,,,,,0.0,0.0,0.0,0.0,0.0,0.0,452,264,598,234,618,248,597,237,0.0,0.0,0.0
True,False,0.0,0.0,496279,0,0,0,0,0,3,0.0,0.0,0,Isaac,0.0,308,False,has joined Accrington on loan for the rest of the season.,2025-09-02T12:26:54.658601Z,45,496279.jpg,0.0,False,Heath,0.0,False,,u,9,11,0,458,0,2890,10,0.0,0.0,Heath,241.0,2025-02-07,2004-10-28,False,p496279,0,0,0,0,0,0,0,0,0,0,0,0,0,0.0,0.0,0.0,0.0,0,0,0,0,0,0.00,0.00,0.00,0.00,607,237,600,239,575,229,609,238,,,,,,,0.0,0.0,0.0,0.0,0.0,0.0,448,263,596,233,616,247,645,269,0.0,0.0,0.0
True,False,0.0,0.0,491557,0,0,0,0,0,3,0.0,0.0,0,Jenson,0.0,309,False,Has joined Bradford City permanently.,2025-07-25T14:54:45.196473Z,45,491557.jpg,0.0,False,Metcalfe,0.0,False,,u,9,11,0,0,0,91,0,0.0,0.0,Metcalfe,,,,False,p491557,0,0,0,0,0,0,0,0,0,0,0,0,0,0.0,0.0,0.0,0.0,0,0,0,0,0,0.00,0.00,0.00,0.00,604,235,597,237,572,227,606,236,,,,,,,0.0,0.0,0.0,0.0,0.0,0.0,444,261,593,231,613,245,739,327,0.0,0.0,0.0
True,True,,,586309,0,0,-2,2,0,4,0.8,0.8,0,Thierno,0.8,310,False,,,58,586309.jpg,1.2,False,Barry,0.4,False,,a,9,11,6,18738,131,59394,327,0.1,1.0,Barry,73.0,2025-07-09,2002-10-21,False,p586309,141,0,0,1,1,0,0,0,0,0,0,0,9,6.6,8.6,29.0,3.7,2,1,0,3,1,0.46,0.02,0.48,2.35,349,28,291,29,147,30,322,32,,,,,,,0.29,0.0,0.01,0.3,1.5,0.64,120,31,297,29,319,32,272,44,0.64,0.64,1.91
True,True,,,486385,0,0,-1,1,0,4,2.5,2.5,0,Norberto Bercique,2.5,311,False,,,54,486385.jpg,2.4,False,Gomes Betuncal,4.8,False,,a,9,11,12,249105,1651,620721,4869,0.5,2.2,Beto,90.0,2023-08-29,1998-01-31,False,p486385,310,1,0,1,4,0,0,0,1,0,0,1,35,42.4,18.4,91.0,14.1,4,3,1,8,4,2.00,0.09,2.09,4.90,194,17,222,17,27,13,127,16,,,,,2.0,,0.58,0.0,0.03,0.61,1.42,1.16,195,45,125,14,206,18,74,12,1.16,0.29,2.32
True,False,0.0,0.0,491012,0,0,-1,1,0,4,0.0,0.0,0,Youssef,0.0,312,False,has joined Rangers permanently.,2025-09-02T12:26:54.689038Z,49,491012.jpg,0.0,False,Ramalho Chermiti,0.1,False,,u,9,11,0,2418,0,12160,64,0.0,0.0,Y.Chermiti,173.0,2023-08-11,2004-05-24,False,p491012,0,0,0,0,0,0,0,0,0,0,0,0,0,0.0,0.0,0.0,0.0,0,0,0,0,0,0.00,0.00,0.00,0.00,675,69,670,69,651,66,676,69,,,,,,,0.0,0.0,0.0,0.0,0.0,0.0,357,57,667,66,680,70,489,67,0.0,0.0,0.0
True,False,0.0,0.0,536241,0,0,-1,1,0,4,0.0,0.0,0,Martin,0.0,313,False,has joined Rotherham United on loan for the rest of the season.,2025-09-22T21:18:55.519763Z,44,536241.jpg,0.0,False,Sherif,0.2,False,,u,9,11,0,8006,0,16704,271,0.0,0.0,Sherif,,,,False,p536241,0,0,0,0,0,0,0,0,0,0,0,0,0,0.0,0.0,0.0,0.0,0,0,0,0,0,0.00,0.00,0.00,0.00,560,52,546,52,516,50,562,53,,,,,,,0.0,0.0,0.0,0.0,0.0,0.0,576,75,547,50,569,54,369,58,0.0,0.0,0.0
True,True,,,114283,0,0,4,-4,2,3,3.2,3.2,0,Jack,3.2,419,False,,,69,114283.jpg,5.0,False,Grealish,23.4,False,,a,9,11,25,2814090,11513,643500,11419,0.5,3.6,Grealish,241.0,2025-08-12,1995-09-10,False,p114283,376,0,4,2,5,0,0,0,2,0,0,4,122,148.6,178.0,121.0,44.8,8,21,9,38,4,0.41,1.69,2.10,6.00,10,5,4,4,14,6,3,2,,,,,,,0.1,0.0,0.4,0.5,1.44,1.2,41,25,87,36,50,17,15,5,0.96,0.48,9.1
True,True,,,138001,0,0,0,0,0,1,0.0,0.0,0,Tom,0.0,630,False,,,40,138001.jpg,0.0,False,King,1.3,False,,a,9,11,0,11550,40,38129,314,0.0,0.0,King,244.0,2025-08-15,1995-03-09,False,p138001,0,0,0,0,0,0,0,0,0,0,0,0,0,0.0,0.0,0.0,0.0,0,0,0,0,0,0.00,0.00,0.00,0.00,446,42,427,25,389,18,448,42,,,,,,,0.0,0.0,0.0,0.0,0.0,0.0,623,53,426,41,456,42,166,23,0.0,0.0,0.0
True,True,100.0,100.0,499300,0,0,-1,1,0,2,0.0,0.0,0,Adam,0.0,667,False,,2025-08-29T10:30:08.715230Z,44,499300.jpg,0.0,False,Aznou,0.1,False,,a,9,11,0,1164,8,8728,23,0.0,0.0,Aznou,145.0,2025-07-29,2006-06-02,False,p499300,0,0,0,0,0,0,0,0,0,0,0,0,0,0.0,0.0,0.0,0.0,0,0,0,0,0,0.00,0.00,0.00,0.00,549,223,534,222,504,212,551,223,,,,,,,0.0,0.0,0.0,0.0,0.0,0.0,562,148,536,218,558,220,546,199,0.0,0.0,0.0
True,False,0.0,0.0,461446,0,0,0,0,0,3,0.0,0.0,0,Tyler,0.0,704,False,has joined Stockport County on loan for the rest of the season.,2025-09-02T12:26:54.674165Z,45,461446.jpg,0.0,False,Onyango,0.1,False,,u,9,11,0,8420,0,7348,59,0.0,0.0,Onyango,241.0,2025-07-25,2003-03-04,False,p461446,0,0,0,0,0,0,0,0,0,0,0,0,0,0.0,0.0,0.0,0.0,0,0,0,0,0,0.00,0.00,0.00,0.00,598,229,590,231,564,221,600,230,,,,,,,0.0,0.0,0.0,0.0,0.0,0.0,433,254,587,225,607,239,508,176,0.0,0.0,0.0
True,True,,,491745,0,0,0,0,0,2,0.0,0.0,0,Elijah,0.0,705,False,,,40,491745.jpg,0.0,False,Campbell,0.2,False,,a,9,11,0,12744,51,6175,73,0.0,0.0,Campbell,241.0,2023-12-15,2004-08-02,False,p491745,0,0,0,0,0,0,0,0,0,0,0,0,0,0.0,0.0,0.0,0.0,0,0,0,0,0,0.00,0.00,0.00,0.00,481,184,464,182,427,166,483,184,,,,,,,0.0,0.0,0.0,0.0,0.0,0.0,670,186,462,174,491,182,389,143,0.0,0.0,0.0
True,True,,,496661,0,0,0,0,0,3,0.2,0.2,0,Tyler,0.2,707,False,,,55,496661.jpg,1.0,False,Dibling,0.0,False,,a,9,11,1,3306,22,1956,22,0.0,0.2,Dibling,241.0,2025-08-25,2006-02-17,False,p496661,4,0,0,0,0,0,0,0,0,0,0,0,2,0.0,0.5,0.0,0.0,0,0,0,0,0,0.00,0.00,0.00,0.00,724,317,365,188,722,318,725,318,,,,,,,0.0,0.0,0.0,0.0,0.0,0.0,163,101,374,180,387,190,648,272,0.0,0.0,0.0
True,True,0.0,0.0,513466,0,0,0,0,0,3,0.0,0.0,0,Merlin,0.3,728,False,Hip injury - Unknown return date,2025-09-21T00:00:06.971652Z,50,513466.jpg,1.0,False,Röhl,0.0,False,,i,9,11,1,310,1,255,12,0.1,0.2,Röhl,80.0,2025-09-01,2002-07-05,False,p513466,24,0,0,0,0,0,0,0,0,0,0,0,5,3.0,10.7,1.0,1.5,0,1,2,3,0,0.03,0.00,0.03,0.00,376,179,277,158,339,180,366,176,,,,,,,0.11,0.0,0.0,0.11,0.0,0.0,295,182,338,166,369,177,721,315,0.0,0.0,11.25
True,True,,,80201,0,0,0,0,0,1,2.8,2.8,0,Bernd,2.8,314,False,,,50,80201.jpg,3.4,False,Leno,1.6,False,,a,10,54,17,47760,218,63996,433,0.6,3.4,Leno,80.0,2022-08-02,1992-03-04,False,p80201,450,0,0,1,5,0,0,0,1,0,15,1,77,119.4,0.0,0.0,11.9,5,43,1,0,5,0.00,0.00,0.00,6.85,37,5,680,79,660,74,157,6,,,,,,,0.0,3.0,0.0,0.0,1.37,1.0,243,7,105,9,120,12,148,19,1.0,0.2,0.0
True,False,0.0,0.0,428971,0,0,0,0,0,1,0.0,0.0,0,Steven,0.0,315,False,Has joined Millwall on loan for the rest of the season.,2025-07-28T11:48:41.553663Z,40,428971.jpg,0.0,False,Benda,0.0,False,,u,10,54,0,0,0,317,3,0.0,0.0,Benda,80.0,2023-08-30,1998-10-01,False,p428971,0,0,0,0,0,0,0,0,0,0,0,0,0,0.0,0.0,0.0,0.0,0,0,0,0,0,0.00,0.00,0.00,0.00,460,50,443,33,405,26,462,50,,,,,,,0.0,0.0,0.0,0.0,0.0,0.0,643,61,440,49,470,50,717,82,0.0,0.0,0.0
True,True,100.0,100.0,169528,0,0,0,0,0,2,0.2,0.2,0,Antonee,0.2,316,False,,2025-08-22T14:00:07.747640Z,50,169528.jpg,1.0,False,Robinson,0.8,False,,a,10,54,2,47747,328,70375,378,0.0,0.4,Robinson,229.0,2020-08-20,1997-08-08,False,p169528,51,0,0,0,0,0,0,0,0,0,0,0,9,11.8,21.5,4.0,3.8,2,1,0,2,0,0.00,0.06,0.06,0.23,322,124,198,56,309,109,320,109,,,,,,,0.0,0.0,0.11,0.11,0.41,0.0,250,39,367,127,365,129,195,74,0.0,0.0,3.53
True,True,,,174874,0,0,0,0,1,2,4.2,4.2,0,Joachim,4.2,317,False,,,45,174874.jpg,4.6,False,Andersen,4.2,False,,a,10,54,23,326495,1945,160007,1024,0.9,5.1,Andersen,58.0,2024-08-23,1996-05-31,False,p174874,450,0,0,1,5,0,0,0,0,0,0,2,88,123.2,27.4,29.0,17.9,44,17,12,56,5,0.43,0.73,1.16,6.85,32,11,168,42,144,27,84,25,,,,,,,0.09,0.0,0.15,0.24,1.37,1.0,404,78,40,17,59,26,87,34,1.0,0.2,11.2
True,True,,,232892,0,0,0,0,0,2,3.5,3.5,0,Calvin,3.5,318,False,,,45,232892.jpg,3.4,False,Bassey,0.6,False,,a,10,54,17,30382,235,22867,142,0.8,3.8,Bassey,157.0,2023-07-28,1999-12-31,False,p232892,450,0,0,1,5,0,0,0,1,0,0,3,65,80.8,7.5,9.0,9.8,24,24,7,31,5,0.16,0.05,0.21,6.85,104,47,298,99,255,81,195,68,,,,,,,0.03,0.0,0.01,0.04,1.37,1.0,417,88,72,28,119,47,233,84,1.0,0.2,6.2
True,True,,,166477,0,0,-1,1,0,2,0.0,0.0,0,Timothy,0.0,319,False,,,44,166477.jpg,1.0,False,Castagne,0.1,False,,a,10,54,3,3911,17,8106,50,0.0,0.7,Castagne,21.0,2023-08-29,1995-12-05,False,p166477,126,0,0,0,3,0,0,0,0,0,0,0,3,14.8,19.1,28.0,6.2,3,3,3,6,2,0.38,0.07,0.45,4.11,306,120,215,66,150,30,265,87,,,,,,,0.27,0.0,0.05,0.32,2.94,2.14,519,122,511,209,336,121,459,174,1.43,0.0,4.29
True,True,,,219924,0,0,-1,1,0,2,0.0,0.0,0,Issa,0.0,320,False,,,44,219924.jpg,0.0,False,Diop,0.1,False,,a,10,54,0,1511,18,4454,20,0.0,0.0,Diop,73.0,2022-08-10,1997-01-09,False,p219924,0,0,0,0,0,0,0,0,0,0,0,0,0,0.0,0.0,0.0,0.0,0,0,0,0,0,0.00,0.00,0.00,0.00,530,219,515,218,481,205,532,219,,,,,,,0.0,0.0,0.0,0.0,0.0,0.0,527,130,515,213,539,216,525,191,0.0,0.0,0.0
True,True,,,246301,0,0,-1,1,0,2,0.2,0.2,0,Jorge,0.2,321,False,,,44,246301.jpg,1.5,False,Cuenca Barreno,0.0,False,,a,10,54,3,570,5,2014,11,0.0,0.7,J.Cuenca,200.0,2024-08-03,1999-11-17,False,p246301,87,0,0,0,1,0,0,0,0,0,0,0,16,14.6,1.2,4.0,2.0,5,4,2,7,1,0.00,0.01,0.01,1.12,308,121,353,127,301,103,357,127,,,,,,,0.0,0.0,0.01,0.01,1.16,1.03,540,139,354,124,289,101,605,210,1.03,0.0,7.24
True,True,,,167074,0,0,0,0,0,2,2.8,2.8,0,Kenny,2.8,322,False,,,45,167074.jpg,3.0,False,Tete,0.2,False,,a,10,54,15,14279,54,10932,63,0.6,3.3,Tete,152.0,2020-09-10,1995-10-09,False,p167074,450,0,0,1,5,0,0,0,0,0,0,0,76,86.8,40.5,14.0,14.2,20,16,16,36,5,0.07,0.43,0.50,6.85,84,39,119,28,224,63,124,40,,,,,,,0.01,0.0,0.09,0.1,1.37,1.0,402,77,104,41,143,55,352,126,1.0,0.2,7.2
True,True,,,591385,0,0,-1,1,0,2,0.0,0.0,0,Samuel,0.0,323,False,,,39,591385.jpg,0.0,False,Amissah,0.1,False,,a,10,54,0,2909,43,7591,50,0.0,0.0,Amissah,,,,False,p591385,0,0,0,0,0,0,0,0,0,0,0,0,0,0.0,0.0,0.0,0.0,0,0,0,0,0,0.00,0.00,0.00,0.00,429,166,407,161,367,142,431,166,,,,,,,0.0,0.0,0.0,0.0,0.0,0.0,737,241,408,154,439,164,403,151,0.0,0.0,0.0
True,True,,,153133,0,0,0,0,1,3,4.2,4.2,0,Alex,4.2,324,False,,,65,153133.jpg,5.2,False,Iwobi,1.8,False,,a,10,54,26,129839,1934,104843,868,0.6,4.0,Iwobi,157.0,2023-09-01,1996-05-03,False,p153133,392,1,2,1,5,0,0,0,1,0,0,5,90,100.6,113.8,38.0,25.3,3,17,4,24,5,0.29,0.80,1.09,6.27,61,21,18,15,117,72,36,23,,,,,,,0.07,0.0,0.18,0.25,1.44,1.15,51,34,43,16,41,13,141,49,1.15,0.23,5.51
True,True,,,209289,0,0,-2,2,0,3,0.8,0.8,0,Emile,0.8,325,False,,,58,209289.jpg,2.0,False,Smith Rowe,0.6,False,,a,10,54,10,34614,150,76921,429,0.1,1.7,Smith Rowe,241.0,2024-08-02,2000-07-28,False,p209289,95,1,0,0,0,0,0,0,0,0,0,0,33,40.0,23.0,40.0,10.3,0,2,1,3,0,0.79,0.05,0.84,0.76,204,85,191,124,104,64,182,94,,,,,,,0.75,0.0,0.05,0.8,0.72,0.0,115,78,295,145,247,115,221,75,0.0,0.0,2.84
True,True,,,159533,0,0,-2,2,0,3,0.5,0.5,0,Adama,0.5,326,False,,,53,159533.jpg,1.0,False,Traoré Diarra,0.2,False,,a,10,54,3,4155,48,20415,100,0.1,0.6,Adama,200.0,2023-08-12,1996-01-25,False,p159533,60,0,0,0,0,0,0,0,0,0,0,0,6,4.2,16.1,12.0,2.9,0,2,0,2,0,0.04,0.08,0.12,0.52,368,176,237,143,238,132,344,166,,,,,,,0.06,0.0,0.12,0.18,0.78,0.0,211,131,327,159,371,179,386,128,0.0,0.0,3.0
True,False,0.0,0.0,156689,0,0,-2,2,0,3,0.0,0.0,0,Andreas,0.0,327,False,has joined Palmeiras permanently.,2025-09-02T13:24:11.133813Z,53,156689.jpg,0.0,False,Hoelgebaum Pereira,0.1,False,,u,10,54,0,2438,0,31955,90,0.0,0.0,Andreas,30.0,2022-07-11,1996-01-01,False,p156689,0,0,0,0,0,0,0,0,0,0,0,0,0,0.0,0.0,0.0,0.0,0,0,0,0,0,0.00,0.00,0.00,0.00,704,305,705,307,692,304,705,306,1.0,,1.0,,2.0,,0.0,0.0,0.0,0.0,0.0,0.0,210,130,696,301,707,308,483,164,0.0,0.0,0.0
True,True,100.0,100.0,184349,0,0,-1,1,0,3,2.5,2.5,0,Ryan,2.5,328,False,,2025-08-22T14:00:07.804630Z,54,184349.jpg,3.0,False,Sessegnon,0.0,False,,a,10,54,12,3397,36,3201,31,0.5,2.2,Sessegnon,241.0,2024-07-26,2000-05-18,False,p184349,307,0,1,1,4,0,0,0,0,0,0,0,54,59.6,45.2,39.0,14.3,16,6,12,34,4,0.05,0.39,0.44,5.14,138,50,103,71,112,67,121,67,,,,,,,0.01,0.0,0.11,0.12,1.51,1.17,177,111,124,53,154,64,598,238,1.17,0.29,9.97
True,True,100.0,100.0,153682,0,0,-1,1,0,3,2.8,2.8,0,Harry,2.8,329,False,,2025-08-28T17:30:07.780586Z,54,153682.jpg,3.4,False,Wilson,0.4,False,,a,10,54,17,18638,170,81364,225,0.5,3.1,Wilson,244.0,2021-07-24,1997-03-22,False,p153682,292,1,1,0,2,0,0,0,0,0,0,2,70,63.2,51.4,65.0,17.9,2,7,8,17,3,0.48,0.23,0.71,3.04,129,43,87,60,52,30,85,47,3.0,,3.0,,,,0.15,0.0,0.07,0.22,0.94,0.62,174,108,108,45,121,51,262,89,0.92,0.0,5.24
True,True,,,207189,0,0,0,0,0,3,2.0,2.0,0,Sander,2.0,330,False,,,50,207189.jpg,2.4,False,Berge,0.1,False,,a,10,54,12,2103,25,3513,23,0.4,2.4,Berge,161.0,2024-08-22,1998-02-14,False,p207189,418,0,0,1,5,0,0,0,1,0,0,0,58,55.2,37.9,13.0,10.6,14,19,7,40,5,0.41,0.22,0.63,6.42,150,56,127,85,231,129,175,91,,,,,,,0.09,0.0,0.05,0.14,1.38,1.08,258,156,167,71,203,90,532,191,1.08,0.22,8.61
True,True,,,76357,0,0,-1,1,0,3,0.5,0.5,0,Tom,0.5,331,False,,,49,76357.jpg,0.7,False,Cairney,0.0,False,,a,10,54,2,600,7,2032,10,0.1,0.4,Cairney,243.0,2015-07-07,1991-01-20,False,p76357,34,0,0,0,0,0,0,0,1,0,0,0,4,0.4,1.3,0.0,0.2,0,3,0,3,0,0.00,0.00,0.00,0.48,401,189,350,182,623,263,398,189,,,2.0,,,,0.0,0.0,0.0,0.0,1.27,0.0,304,188,320,154,406,198,621,255,0.0,0.0,7.94
True,True,,,212314,0,0,0,0,0,3,2.0,2.0,0,Saša,2.0,332,False,,,50,212314.jpg,2.6,False,Lukić,0.1,False,,a,10,54,13,4954,33,4804,62,0.4,2.6,Lukić,190.0,2023-01-31,1996-08-13,False,p212314,445,0,1,1,5,0,0,0,3,0,0,0,67,50.0,160.3,22.0,23.2,12,15,12,39,5,0.59,0.82,1.41,6.80,170,66,8,8,178,104,49,33,4.0,,,,,,0.12,0.0,0.17,0.29,1.38,1.01,262,159,168,72,191,84,502,173,1.01,0.2,7.89
True,False,0.0,0.0,573062,0,0,0,0,0,3,0.0,0.0,0,Martial,0.0,333,False,has joined Strasbourg permanently.,2025-09-02T13:30:29.210428Z,45,573062.jpg,0.0,False,Godo,0.0,False,,u,10,54,0,898,0,5015,27,0.0,0.0,Godo,54.0,2022-08-22,2003-03-14,False,p573062,0,0,0,0,0,0,0,0,0,0,0,0,0,0.0,0.0,0.0,0.0,0,0,0,0,0,0.00,0.00,0.00,0.00,626,253,620,255,594,245,627,254,,,,,,,0.0,0.0,0.0,0.0,0.0,0.0,475,280,616,249,636,263,603,241,0.0,0.0,0.0
True,False,0.0,0.0,515024,0,0,0,0,0,3,0.0,0.0,0,Luke,0.0,334,False,Has joined Oxford United on loan for the rest of the season.,2025-07-28T11:48:41.571901Z,45,515024.jpg,0.0,False,Harris,0.0,False,,u,10,54,0,0,0,247,0,0.0,0.0,Harris,244.0,2022-08-05,2005-03-04,False,p515024,0,0,0,0,0,0,0,0,0,0,0,0,0,0.0,0.0,0.0,0.0,0,0,0,0,0,0.00,0.00,0.00,0.00,610,240,604,242,579,232,612,241,,,,,,,0.0,0.0,0.0,0.0,0.0,0.0,454,266,600,236,620,250,735,323,0.0,0.0,0.0
True,True,,,577725,0,0,0,0,0,3,1.0,1.0,0,Josh,1.0,335,False,,,45,577725.jpg,1.6,False,King,3.9,False,,a,10,54,8,557419,3560,208951,2668,0.2,1.8,King,241.0,2024-02-02,2007-01-03,False,p577725,337,0,0,0,5,0,0,0,1,0,0,0,30,28.4,32.2,69.0,12.3,2,17,6,25,5,0.48,0.25,0.73,5.99,254,114,146,98,47,27,154,80,,,,,,,0.13,0.0,0.07,0.2,1.6,1.34,482,283,251,115,282,134,91,30,1.34,0.0,6.68
True,True,,,153366,0,0,-1,1,0,3,0.0,0.0,0,Harrison,0.0,336,False,,,44,153366.jpg,0.0,False,Reed,0.3,False,,a,10,54,0,21104,172,20915,176,0.0,0.0,Reed,241.0,2020-08-30,1995-01-27,False,p153366,0,0,0,0,0,0,0,0,0,0,0,0,0,0.0,0.0,0.0,0.0,0,0,0,0,0,0.00,0.00,0.00,0.00,527,191,512,193,478,181,529,192,,,,,,,0.0,0.0,0.0,0.0,0.0,0.0,517,299,510,185,536,201,320,107,0.0,0.0,0.0
True,True,,,102057,0,0,-2,2,0,4,0.8,0.8,0,Raúl,0.8,337,False,,,63,102057.jpg,1.2,False,Jiménez Rodríguez,1.0,False,,a,10,54,6,35553,227,165217,947,0.1,1.0,Raúl,139.0,2023-07-25,1991-05-05,False,p102057,131,0,0,0,1,0,0,0,0,0,0,0,4,5.2,7.9,20.0,2.6,3,1,3,7,1,0.40,0.00,0.40,1.40,360,31,294,31,198,34,351,34,,,4.0,,1.0,,0.27,0.0,0.0,0.27,0.96,0.69,73,23,304,32,320,33,182,30,0.69,0.0,4.81
True,True,,,244042,0,0,0,0,0,4,2.0,2.0,0,Rodrigo,2.0,338,False,,,55,244042.jpg,3.0,False,Muniz Carvalho,2.5,False,,a,10,54,15,243310,1264,211946,2332,0.4,2.7,Muniz,30.0,2021-08-20,2001-05-04,False,p244042,314,1,1,1,4,1,0,0,1,0,0,3,38,58.8,41.7,103.0,20.0,8,6,3,17,4,0.86,0.01,0.87,5.45,140,12,115,11,19,10,68,12,,,,,,,0.25,0.0,0.0,0.25,1.56,1.15,151,35,174,18,157,15,119,17,1.15,0.29,4.87
True,True,,,86873,0,0,0,0,0,1,0.0,0.0,0,Benjamin,0.0,664,False,,,40,86873.jpg,0.0,False,Lecomte,0.7,False,,a,10,54,0,7256,32,19220,127,0.0,0.0,Lecomte,73.0,2025-07-26,1991-04-26,False,p86873,0,0,0,0,0,0,0,0,0,0,0,0,0,0.0,0.0,0.0,0.0,0,0,0,0,0,0.00,0.00,0.00,0.00,439,36,420,19,381,12,441,36,,,,,,,0.0,0.0,0.0,0.0,0.0,0.0,615,47,419,35,449,36,204,26,0.0,0.0,0.0
True,True,,,218328,0,0,0,0,0,3,0.0,0.0,0,Samuel,0.0,727,False,,,55,218328.jpg,0.0,False,Chukwueze,0.0,False,,a,10,54,0,4058,46,2487,30,0.0,0.0,Chukwueze,157.0,2025-09-01,1999-05-22,False,p218328,0,0,0,0,0,0,0,0,0,0,0,0,0,0.0,0.0,0.0,0.0,0,0,0,0,0,0.00,0.00,0.00,0.00,720,315,721,317,717,316,721,316,,,,,,,0.0,0.0,0.0,0.0,0.0,0.0,149,93,714,313,721,317,647,271,0.0,0.0,0.0
True,True,75.0,75.0,560552,0,0,0,0,0,3,0.2,0.2,0,Kevin,0.3,731,False,Shoulder injury - 75% chance of playing,2025-09-24T06:30:08.624024Z,60,560552.jpg,0.5,False,Santos Lopes de Macedo,0.1,False,,d,10,54,1,19008,46,8273,226,0.0,0.2,Kevin,30.0,2025-09-01,2003-01-04,False,p560552,37,0,0,0,0,0,0,0,1,0,0,0,8,13.6,19.8,7.0,4.0,1,2,0,3,0,0.01,0.07,0.08,0.20,315,147,210,132,276,151,315,157,,,,,,,0.02,0.0,0.17,0.19,0.49,0.0,93,62,342,168,412,199,482,163,0.0,0.0,7.3
True,True,,,631786,0,0,0,0,0,4,0.0,0.0,0,Jonah,0.0,737,False,,,45,631786.jpg,0.0,False,Kusi-Asare,0.0,False,,a,10,54,0,4809,97,1634,49,0.0,0.0,Kusi-Asare,206.0,2025-09-01,2007-07-04,False,p631786,0,0,0,0,0,0,0,0,0,0,0,0,0,0.0,0.0,0.0,0.0,0,0,0,0,0,0.00,0.00,0.00,0.00,646,66,640,66,614,63,647,66,,,,,,,0.0,0.0,0.0,0.0,0.0,0.0,501,67,636,63,654,67,599,74,0.0,0.0,0.0
True,True,,,437495,0,0,-1,1,0,1,-0.5,-0.5,0,Illan,0.0,339,False,,,44,437495.jpg,0.0,False,Meslier,0.5,False,,a,11,2,0,5872,43,37493,225,0.0,0.0,Meslier,73.0,2020-07-27,2000-03-02,False,p437495,0,0,0,0,0,0,0,0,0,0,0,0,0,0.0,0.0,0.0,0.0,0,0,0,0,0,0.00,0.00,0.00,0.00,537,78,522,62,489,55,539,78,,,,,,,0.0,0.0,0.0,0.0,0.0,0.0,541,33,522,77,546,78,246,33,0.0,0.0,0.0
True,True,,,97846,0,0,0,0,0,1,-0.5,-0.5,0,Alex,0.0,340,False,,,40,97846.jpg,0.0,False,Cairns,0.2,False,,a,11,2,0,3166,26,6051,41,0.0,0.0,Cairns,241.0,2024-07-08,1993-01-04,False,p97846,0,0,0,0,0,0,0,0,0,0,0,0,0,0.0,0.0,0.0,0.0,0,0,0,0,0,0.00,0.00,0.00,0.00,440,37,421,20,382,13,442,37,,,,,,,0.0,0.0,0.0,0.0,0.0,0.0,616,48,420,36,450,37,381,58,0.0,0.0,0.0
True,True,,,59735,0,0,0,0,0,1,1.5,1.5,2,Karl,2.0,341,False,,,40,59735.jpg,2.7,False,Darlow,2.5,False,,a,11,2,8,57956,814,99949,575,0.5,2.0,Darlow,244.0,2023-07-29,1990-10-08,False,p59735,270,0,0,0,4,0,0,0,0,0,11,0,49,58.6,0.0,0.0,5.9,4,38,0,0,3,0.00,0.00,0.00,3.59,141,18,414,13,375,6,271,18,,,,,,,0.0,3.67,0.0,0.0,1.2,1.33,609,41,156,13,183,19,118,15,1.0,0.0,0.0
True,True,100.0,100.0,226182,0,0,0,0,0,2,3.3,3.3,3,Jayden,3.8,342,False,,2025-09-20T23:30:06.793765Z,45,226182.jpg,3.3,False,Bogle,0.2,False,,a,11,2,20,6922,102,8933,57,0.8,4.4,Bogle,241.0,2024-07-20,2000-07-27,False,p226182,524,0,1,2,8,0,0,0,2,0,0,0,61,53.4,16.9,29.0,9.9,25,32,16,41,6,0.14,0.08,0.22,6.42,159,68,232,73,145,28,192,66,,,,,,,0.02,0.0,0.01,0.03,1.1,1.37,414,85,60,22,122,48,375,136,1.03,0.34,7.04
True,True,,,222694,0,0,0,0,0,2,3.3,3.3,3,Pascal,3.8,343,False,,,45,222694.jpg,3.8,False,Struijk,0.4,False,,a,11,2,23,20217,185,20973,172,0.8,5.1,Struijk,152.0,2018-04-12,1999-08-11,False,p222694,540,0,0,2,9,0,0,0,0,0,0,2,86,98.6,14.3,26.0,14.0,48,18,4,52,6,0.34,0.05,0.39,7.48,67,30,246,80,159,36,128,42,,,,,3.0,,0.06,0.0,0.01,0.07,1.25,1.5,412,83,59,21,94,40,276,101,1.0,0.33,8.67
True,True,100.0,100.0,434752,0,0,-1,1,0,2,-0.5,-0.5,0,Jaka,0.0,344,False,,2025-07-21T10:00:04.901206Z,39,434752.jpg,0.0,False,Bijol,0.1,False,,a,11,2,0,5777,77,11411,120,0.0,0.0,Bijol,195.0,2025-06-23,1999-02-05,False,p434752,0,0,0,0,0,0,0,0,0,0,0,0,0,0.0,0.0,0.0,0.0,0,0,0,0,0,0.00,0.00,0.00,0.00,411,150,389,145,349,126,413,150,,,,,,,0.0,0.0,0.0,0.0,0.0,0.0,719,225,390,138,421,148,424,162,0.0,0.0,0.0
True,True,100.0,100.0,437738,0,0,-1,1,0,2,-0.5,-0.5,0,Sebastiaan,0.0,345,False,,2025-08-10T23:00:06.493026Z,39,437738.jpg,0.0,False,Bornauw,0.1,False,,a,11,2,0,3413,27,3621,33,0.0,0.0,Bornauw,21.0,2025-07-01,1999-03-22,False,p437738,0,0,0,0,0,0,0,0,0,0,0,0,0,0.0,0.0,0.0,0.0,0,0,0,0,0,0.00,0.00,0.00,0.00,412,151,390,146,350,127,414,151,,,,,,,0.0,0.0,0.0,0.0,0.0,0.0,720,226,391,139,422,149,505,186,0.0,0.0,0.0
True,True,,,113564,0,0,-1,1,0,2,-0.5,-0.5,0,Sam,0.0,346,False,,,39,113564.jpg,1.0,False,Byram,0.3,False,,a,11,2,1,14160,376,12993,133,0.0,0.3,Byram,241.0,2023-08-05,1993-09-16,False,p113564,7,0,0,0,1,0,0,0,0,0,0,0,-2,0.0,0.0,0.0,0.0,0,0,0,0,0,0.00,0.00,0.00,0.79,404,144,382,139,342,120,406,144,,,,,,,0.0,0.0,0.0,0.0,10.16,12.86,712,219,383,132,321,108,322,114,0.0,0.0,0.0
True,True,100.0,100.0,243526,0,0,0,0,0,2,3.0,3.0,1,Gabriel,3.5,347,False,,2025-08-31T01:00:08.219642Z,40,243526.jpg,3.7,False,Gudmundsson,5.8,False,,a,11,2,22,542765,2889,191818,1691,0.9,5.5,Gudmundsson,206.0,2025-07-08,1999-04-29,False,p243526,529,0,0,2,9,1,0,0,1,0,0,6,61,83.6,74.1,27.0,18.5,29,20,12,41,6,0.17,0.36,0.53,7.45,94,43,58,11,155,33,76,19,,,,,,,0.03,0.0,0.06,0.09,1.27,1.53,642,172,69,25,101,44,65,25,1.02,0.34,6.98
True,True,100.0,100.0,214225,0,0,0,0,1,2,5.0,5.0,9,Joe,5.5,348,False,,2025-09-05T10:00:06.564684Z,40,214225.jpg,5.2,False,Rodon,4.6,False,,a,11,2,31,437253,12420,148292,737,1.4,7.8,Rodon,244.0,2024-07-02,1997-10-22,False,p214225,540,1,0,2,9,0,0,0,0,0,0,2,98,97.8,2.8,4.0,10.5,52,13,5,57,6,0.32,0.01,0.33,7.48,69,31,329,115,298,100,176,59,,,,,,,0.05,0.0,0.0,0.05,1.25,1.5,632,167,14,7,35,17,76,30,1.0,0.33,9.5
True,False,0.0,0.0,492368,0,0,0,0,0,2,0.0,0.0,0,Isaac,0.0,349,False,has joined Werder Bremen on loan for the rest of the season.,2025-09-02T12:00:32.361624Z,40,492368.jpg,0.0,False,Schmidt,0.1,False,,u,11,2,0,788,0,11549,66,0.0,0.0,Schmidt,207.0,2024-08-30,1999-12-07,False,p492368,0,0,0,0,0,0,0,0,0,0,0,0,0,0.0,0.0,0.0,0.0,0,0,0,0,0,0.00,0.00,0.00,0.00,483,186,466,184,429,168,485,186,,,,,,,0.0,0.0,0.0,0.0,0.0,0.0,672,188,464,176,493,184,473,176,0.0,0.0,0.0
True,True,,,427637,0,0,-1,1,0,3,2.5,2.5,4,Brenden,3.0,350,False,,,54,427637.jpg,2.3,False,Aaronson,0.1,False,,a,11,2,14,2297,68,4797,44,0.6,2.6,Aaronson,229.0,2022-07-01,2000-10-22,False,p427637,329,0,1,1,3,0,0,0,1,0,0,0,67,38.6,45.1,30.0,11.4,6,16,12,34,3,0.75,0.80,1.55,4.11,211,90,105,73,143,88,162,85,,,2.0,,,,0.21,0.0,0.22,0.43,1.12,0.82,186,115,93,38,213,96,568,212,0.82,0.27,9.3
True,True,0.0,0.0,492859,0,0,-2,2,0,3,0.0,0.0,0,Wilfried,0.2,351,False,Calf injury - Unknown return date,2025-09-18T14:30:08.147956Z,53,492859.jpg,1.5,False,Gnonto,0.1,False,,i,11,2,6,5235,4,29849,219,0.0,1.1,Gnonto,106.0,2022-09-01,2003-11-05,False,p492859,191,0,0,1,5,0,0,0,1,0,0,0,27,15.8,21.4,16.0,5.3,2,6,9,17,3,0.18,0.06,0.24,2.49,302,139,199,127,215,123,288,146,,,,,,,0.08,0.0,0.03,0.11,1.17,2.36,222,138,371,179,296,142,428,142,1.41,0.47,8.01
True,True,,,221399,0,0,-2,2,0,3,0.5,0.5,1,Jack,1.0,352,False,,,53,221399.jpg,1.0,False,Harrison,0.1,False,,a,11,2,5,1656,32,10606,56,0.2,0.9,Harrison,241.0,2021-07-02,1996-11-20,False,p221399,107,0,0,0,2,0,0,0,0,0,0,0,25,10.6,7.6,4.0,2.3,3,6,3,12,0,0.07,0.03,0.10,2.08,329,155,297,162,311,164,353,169,3.0,,,,,,0.06,0.0,0.03,0.09,1.75,1.68,215,134,262,125,372,180,526,187,0.0,0.0,10.09
True,True,75.0,75.0,200617,0,0,-2,2,0,3,0.0,0.0,0,Daniel,0.5,353,False,Abdominal injury - 75% chance of playing,2025-09-13T21:30:08.163056Z,53,200617.jpg,1.8,False,James,0.2,False,,d,11,2,7,4560,11,38878,178,0.1,1.3,James,244.0,2021-08-31,1997-11-10,False,p200617,212,0,0,1,4,0,0,0,0,0,0,0,23,11.8,31.1,29.0,7.2,1,7,1,9,3,0.43,0.17,0.60,3.22,323,152,156,105,146,89,245,122,,,,,,,0.18,0.0,0.07,0.25,1.37,1.7,213,133,328,160,272,128,378,125,1.27,0.42,3.82
True,True,100.0,100.0,199598,0,0,-1,1,0,3,1.7,1.7,1,Ethan,2.2,354,False,,2025-08-21T13:57:30.981880Z,49,199598.jpg,3.0,False,Ampadu,0.1,False,,a,11,2,12,4139,77,6942,49,0.4,2.4,Ampadu,244.0,2023-07-19,2000-09-14,False,p199598,347,0,0,1,4,0,0,0,1,0,0,0,53,41.6,12.4,3.0,5.7,14,20,10,44,4,0.02,0.06,0.08,3.87,201,82,259,150,318,168,277,140,,,,,,,0.01,0.0,0.02,0.03,1.0,1.04,318,199,137,56,147,60,531,190,1.04,0.26,11.41
True,False,0.0,0.0,248937,0,0,-1,1,0,3,0.0,0.0,0,Sam,0.0,355,False,has joined Pogon Szczecin permanently.,2025-09-02T12:00:32.393623Z,49,248937.jpg,0.0,False,Greenwood,0.0,False,,u,11,2,0,1234,0,8645,43,0.0,0.0,Greenwood,241.0,2021-01-09,2002-01-26,False,p248937,0,0,0,0,0,0,0,0,0,0,0,0,0,0.0,0.0,0.0,0.0,0,0,0,0,0,0.00,0.00,0.00,0.00,667,278,662,279,642,274,668,279,,,,,,,0.0,0.0,0.0,0.0,0.0,0.0,339,210,658,275,672,283,580,223,0.0,0.0,0.0
True,True,,,486520,0,0,-1,1,0,3,0.5,0.5,0,Ilia,1.0,356,False,,,49,486520.jpg,1.8,False,Gruev,0.0,False,,a,11,2,7,867,12,2564,13,0.2,1.4,Gruev,34.0,2023-08-31,2000-05-06,False,p486520,193,0,0,1,5,0,0,0,0,0,0,0,40,24.6,8.6,2.0,3.5,6,5,4,15,2,0.00,0.01,0.01,3.64,273,123,290,161,331,175,327,162,2.0,,1.0,,,,0.0,0.0,0.0,0.0,1.7,2.33,355,221,256,119,267,125,600,239,0.93,0.47,6.99
True,False,0.0,0.0,433952,0,0,-1,1,0,3,0.0,0.0,0,Largie,0.0,357,False,has joined Valencia on loan for the rest of the season.,2025-09-02T12:00:32.377624Z,49,433952.jpg,0.0,False,Ramazani,0.0,False,,u,11,2,0,203,0,3723,5,0.0,0.0,Ramazani,21.0,2024-08-22,2001-02-27,False,p433952,0,0,0,0,0,0,0,0,0,0,0,0,0,0.0,0.0,0.0,0.0,0,0,0,0,0,0.00,0.00,0.00,0.00,669,280,664,281,644,276,670,281,,,,,,,0.0,0.0,0.0,0.0,0.0,0.0,342,212,660,277,674,285,655,276,0.0,0.0,0.0
True,True,100.0,100.0,248056,0,0,-1,1,0,3,0.0,0.0,1,Tanaka,0.5,358,False,,2025-08-24T01:30:06.493361Z,49,248056.jpg,1.5,False,Ao,0.1,False,,a,11,2,6,4835,31,19025,87,0.1,1.2,Tanaka,108.0,2024-08-30,1998-09-10,False,p248056,157,0,0,1,5,0,0,0,0,0,0,0,22,4.2,27.6,9.0,4.1,3,9,1,13,2,0.09,0.03,0.12,3.01,367,175,167,111,258,140,310,154,,,,,,,0.05,0.0,0.02,0.07,1.73,2.87,338,209,323,156,294,141,430,143,1.15,0.57,7.45
True,False,0.0,0.0,536119,0,0,0,0,0,3,0.0,0.0,0,Charlie,0.0,359,False,Has joined Doncaster Rovers on loan for the rest of the season.,2025-08-11T01:12:36.647868Z,45,536119.jpg,0.0,False,Crew,0.0,False,,u,11,2,0,0,0,791,2,0.0,0.0,Crew,244.0,2024-03-28,2006-06-15,False,p536119,0,0,0,0,0,0,0,0,0,0,0,0,0,0.0,0.0,0.0,0.0,0,0,0,0,0,0.00,0.00,0.00,0.00,613,243,607,245,582,235,615,244,,,,,,,0.0,0.0,0.0,0.0,0.0,0.0,460,270,603,239,623,253,719,314,0.0,0.0,0.0
True,False,0.0,0.0,462635,0,0,0,0,0,3,0.0,0.0,0,Joe,0.0,360,False,Has joined Hull City on loan for the rest of the season.,2025-08-11T11:07:52.207439Z,45,462635.jpg,0.0,False,Gelhardt,0.0,False,,u,11,2,0,0,0,2396,9,0.0,0.0,Gelhardt,241.0,2021-02-07,2002-05-04,False,p462635,0,0,0,0,0,0,0,0,0,0,0,0,0,0.0,0.0,0.0,0.0,0,0,0,0,0,0.00,0.00,0.00,0.00,600,231,592,233,566,223,602,232,,,,,,,0.0,0.0,0.0,0.0,0.0,0.0,435,256,589,227,609,241,684,292,0.0,0.0,0.0
True,False,0.0,0.0,470294,0,0,0,0,0,3,0.0,0.0,0,Darko,0.0,361,False,has joined Hull City permanently.,2025-09-02T13:38:58.066167Z,45,470294.jpg,0.0,False,Gyabi,0.0,False,,u,11,2,0,1165,0,6397,35,0.0,0.0,Gyabi,241.0,2022-07-04,2004-02-18,False,p470294,0,0,0,0,0,0,0,0,0,0,0,0,0,0.0,0.0,0.0,0.0,0,0,0,0,0,0.00,0.00,0.00,0.00,601,232,594,234,568,224,603,233,,,,,,,0.0,0.0,0.0,0.0,0.0,0.0,437,257,590,228,610,242,592,233,0.0,0.0,0.0
True,True,100.0,100.0,235826,0,0,-3,3,0,4,-0.5,-0.5,0,Joël,0.0,362,False,,2025-09-11T17:30:06.758854Z,52,235826.jpg,1.5,False,Piroe,0.6,False,,a,11,2,3,19130,163,169160,705,0.0,0.6,Piroe,152.0,2023-08-24,1999-08-02,False,p235826,134,0,0,1,4,0,0,0,0,0,0,0,7,2.0,6.9,44.0,5.3,0,5,0,5,2,0.28,0.04,0.32,2.13,386,39,304,33,92,25,287,28,,,3.0,,2.0,,0.19,0.0,0.03,0.22,1.43,2.69,233,49,693,71,295,28,229,38,1.34,0.67,3.36
True,False,0.0,0.0,106617,0,0,-1,1,0,4,0.0,0.0,0,Patrick,0.0,363,False,has departed the club as a free agent.,2025-09-02T12:00:32.408955Z,49,106617.jpg,0.0,False,Bamford,0.6,False,,u,11,2,0,16144,0,174118,762,0.0,0.0,Bamford,241.0,2018-07-31,1993-09-05,False,p106617,0,0,0,0,0,0,0,0,0,0,0,0,0,0.0,0.0,0.0,0.0,0,0,0,0,0,0.00,0.00,0.00,0.00,655,67,649,67,625,64,656,67,,,,,,,0.0,0.0,0.0,0.0,0.0,0.0,306,54,645,64,661,68,227,37,0.0,0.0,0.0
True,False,0.0,0.0,565297,0,0,0,0,0,4,0.0,0.0,0,Mateo,0.0,364,False,Has joined RCD Mallorca on loan for the rest of the season.,2025-08-11T11:07:32.622877Z,50,565297.jpg,0.0,False,Joseph Fernández-Regatillo,0.0,False,,u,11,2,0,0,0,2175,9,0.0,0.0,Mateo Joseph,200.0,2022-11-04,2003-10-19,False,p565297,0,0,0,0,0,0,0,0,0,0,0,0,0,0.0,0.0,0.0,0.0,0,0,0,0,0,0.00,0.00,0.00,0.00,696,72,697,73,682,70,697,72,,,,,,,0.0,0.0,0.0,0.0,0.0,0.0,298,53,687,70,699,73,682,80,0.0,0.0,0.0
True,True,100.0,100.0,174594,0,0,0,0,0,4,0.7,0.7,1,Lukas,1.2,365,False,,2025-09-11T17:30:06.775545Z,50,174594.jpg,1.8,False,Nmecha,0.8,False,,a,11,2,11,97248,666,74076,1014,0.2,2.2,Nmecha,80.0,2025-07-01,1998-12-14,False,p174594,136,1,0,1,3,0,0,0,0,0,0,0,38,45.6,8.1,33.0,8.6,7,6,0,13,1,0.95,0.03,0.98,2.78,182,16,293,30,130,27,214,22,,,,,1.0,,0.63,0.0,0.02,0.65,1.84,1.99,254,50,233,23,270,26,192,31,0.66,0.66,8.6
True,True,,,180135,0,0,-1,1,1,3,4.7,4.7,12,Sean,5.2,493,False,,,49,180135.jpg,3.8,False,Longstaff,0.2,False,,a,11,2,23,14804,2409,13260,136,1.1,4.7,Longstaff,241.0,2025-07-18,1997-10-30,False,p180135,385,1,1,1,5,0,0,0,0,0,0,0,114,42.6,19.0,12.0,7.4,11,17,19,47,4,0.25,0.28,0.53,4.81,191,78,216,134,237,131,242,119,,,,,,,0.06,0.0,0.07,0.13,1.12,1.17,316,197,20,8,96,37,361,123,0.94,0.23,10.99
True,True,,,466525,0,0,0,0,1,3,4.7,4.7,2,Anton,5.2,660,False,,,50,466525.jpg,5.2,False,Stach,2.8,False,,a,11,2,31,373650,7908,79453,1305,1.0,6.2,Stach,80.0,2025-07-22,1998-11-15,False,p466525,540,1,2,2,9,0,0,0,1,0,0,3,106,111.6,167.1,59.0,33.8,17,21,12,50,6,0.61,0.56,1.17,7.48,46,16,7,7,62,37,14,9,1.0,,4.0,,,,0.1,0.0,0.09,0.19,1.25,1.5,280,171,23,10,38,12,106,39,1.0,0.33,8.33
True,True,0.0,0.0,201595,0,0,0,0,0,1,0.0,0.0,0,Lucas Estella,1.5,665,False,Thigh injury - Expected back 18 Oct,2025-09-11T17:30:07.176029Z,45,201595.jpg,4.0,False,Perri,0.3,False,,i,11,2,12,14978,10,27376,223,0.3,2.7,Perri,30.0,2025-07-26,1997-12-10,False,p201595,270,0,0,2,5,0,0,0,0,0,3,0,36,29.2,0.0,0.0,2.9,3,20,0,0,3,0.00,0.00,0.00,3.89,251,23,574,70,547,64,343,23,,,,,,,0.0,1.0,0.0,0.0,1.3,1.67,408,25,209,19,79,7,315,47,1.0,0.67,0.0
True,True,100.0,100.0,177815,0,0,0,0,1,4,3.5,3.5,2,Dominic,4.0,691,False,,2025-08-22T12:30:07.420235Z,55,177815.jpg,4.0,False,Calvert-Lewin,0.8,False,,a,11,2,16,105099,2271,24994,835,0.7,2.9,Calvert-Lewin,241.0,2025-08-15,1997-03-16,False,p177815,268,1,1,1,2,0,0,0,0,0,0,2,52,41.8,32.2,60.0,13.5,2,6,2,10,3,0.94,0.11,1.05,2.59,199,18,148,13,60,18,138,17,,,,,,,0.32,0.0,0.04,0.36,0.87,0.67,143,34,55,8,89,10,197,33,1.01,0.34,3.36
True,True,100.0,100.0,435997,0,0,0,0,0,3,2.5,2.5,2,Noah,3.0,698,False,,2025-08-28T17:00:08.222534Z,55,435997.jpg,3.2,False,Okafor,0.1,False,,a,11,2,13,9762,243,2911,90,0.5,2.4,Okafor,207.0,2025-08-21,2000-05-24,False,p435997,226,1,0,1,3,0,0,0,1,0,0,1,44,47.4,20.4,40.0,10.8,4,15,5,24,3,0.38,0.31,0.69,2.73,173,69,207,131,103,63,173,89,,,,,,,0.15,0.0,0.12,0.27,1.09,1.19,152,95,94,39,136,58,518,183,1.19,0.4,9.56
True,True,,,220627,0,0,0,0,0,2,0.0,0.0,0,James,0.5,706,False,,,40,220627.jpg,1.0,False,Justin,0.2,False,,a,11,2,2,25141,103,8835,130,0.1,0.5,Justin,241.0,2025-08-25,1998-02-23,False,p220627,17,0,0,0,0,0,0,0,0,0,0,0,7,4.0,0.0,0.0,0.4,2,0,0,2,0,0.00,0.00,0.00,0.31,369,136,435,171,397,154,392,138,,,,,,,0.0,0.0,0.0,0.0,1.64,0.0,634,168,310,105,325,112,335,120,0.0,0.0,10.59
True,True,,,600882,0,0,0,0,0,4,-0.5,-0.5,0,Harry,0.0,741,False,,,45,600882.jpg,0.0,False,Gray,0.1,False,,a,11,2,0,6769,382,1045,93,0.0,0.0,Gray,241.0,2025-04-20,2008-10-08,False,p600882,0,0,0,0,0,0,0,0,0,0,0,0,0,0.0,0.0,0.0,0.0,0,0,0,0,0,0.00,0.00,0.00,0.00,639,65,633,65,607,62,640,65,,,,,,,0.0,0.0,0.0,0.0,0.0,0.0,490,66,629,62,649,66,560,73,0.0,0.0,0.0
True,True,,,116535,0,0,0,0,1,1,5.0,5.5,2,Alisson,4.5,366,False,,,55,116535.jpg,3.3,False,Becker,10.6,False,,a,12,14,20,264897,1878,427253,4020,0.8,3.6,A.Becker,30.0,2018-07-19,1992-10-02,False,p116535,540,0,0,2,7,0,0,0,0,0,9,2,95,60.6,0.1,0.0,6.1,12,51,0,0,6,0.00,0.01,0.01,6.40,136,17,379,7,713,84,269,17,,,,,,,0.0,1.5,0.0,0.0,1.07,1.17,138,4,37,3,126,13,42,7,1.0,0.33,0.0
True,True,,,449027,0,0,-2,2,0,1,0.5,1.0,0,Giorgi,0.0,367,False,,,43,449027.jpg,0.0,False,Mamardashvili,0.3,False,,a,12,14,0,5525,83,27149,184,0.0,0.0,Mamardashvili,79.0,2024-08-27,2000-09-29,False,p449027,0,0,0,0,0,0,0,0,0,0,0,0,0,0.0,0.0,0.0,0.0,0,0,0,0,0,0.00,0.00,0.00,0.00,518,74,502,58,467,51,520,74,,,,,,,0.0,0.0,0.0,0.0,0.0,0.0,603,38,501,73,527,74,292,41,0.0,0.0,0.0
True,True,,,586268,0,0,-1,1,0,1,0.5,1.0,0,Ármin,0.0,368,False,,,39,586268.jpg,0.0,False,Pécsi,0.3,False,,a,12,14,0,30922,493,7326,179,0.0,0.0,Pécsi,98.0,2025-06-07,2005-02-24,False,p586268,0,0,0,0,0,0,0,0,0,0,0,0,0,0.0,0.0,0.0,0.0,0,0,0,0,0,0.00,0.00,0.00,0.00,427,29,405,10,365,3,429,29,,,,,,,0.0,0.0,0.0,0.0,0.0,0.0,735,86,406,28,437,29,299,43,0.0,0.0,0.0
True,True,,,155503,0,0,-1,1,0,1,0.5,1.0,0,Freddie,0.0,369,False,,,39,155503.jpg,0.0,False,Woodman,0.1,False,,a,12,14,0,3264,423,3761,39,0.0,0.0,Woodman,241.0,2025-07-01,1997-03-04,False,p155503,0,0,0,0,0,0,0,0,0,0,0,0,0,0.0,0.0,0.0,0.0,0,0,0,0,0,0.00,0.00,0.00,0.00,405,27,383,8,343,1,407,27,,,,,,,0.0,0.0,0.0,0.0,0.0,0.0,713,84,384,26,415,27,470,75,0.0,0.0,0.0
True,True,100.0,100.0,216094,0,0,-1,1,0,2,1.7,2.2,1,Jeremie,1.2,370,False,,2025-08-21T13:57:30.994073Z,59,216094.jpg,2.0,False,Frimpong,8.2,False,,a,12,14,6,160350,1168,2502306,6291,0.2,1.0,Frimpong,152.0,2025-06-01,2000-12-10,False,p216094,78,0,1,0,1,0,0,0,0,0,0,0,20,8.4,1.9,21.0,3.2,4,4,2,6,1,0.09,0.03,0.12,1.57,338,128,343,123,189,44,334,119,,,,,,,0.1,0.0,0.03,0.13,1.81,1.15,103,5,240,88,250,90,49,17,1.15,0.0,6.92
True,True,,,544877,0,0,-1,1,0,2,3.3,3.8,1,Milos,2.8,371,False,,,59,544877.jpg,2.0,False,Kerkez,4.9,False,,a,12,14,12,198471,674,427132,3549,0.5,2.0,Kerkez,98.0,2025-06-26,2003-11-07,False,p544877,456,0,0,1,5,0,0,0,2,0,0,0,57,72.2,38.5,12.0,12.4,28,19,9,37,6,0.10,0.10,0.20,5.50,117,53,125,31,239,72,153,52,,,,,,,0.02,0.0,0.02,0.04,1.09,0.99,110,7,113,45,251,91,71,28,1.18,0.2,7.3
True,True,,,122798,0,0,-2,2,0,2,0.7,1.2,0,Andrew,0.2,372,False,,,58,122798.jpg,0.5,False,Robertson,1.0,False,,a,12,14,1,16063,105,74317,483,0.0,0.2,Robertson,243.0,2017-07-21,1994-03-11,False,p122798,82,0,0,0,2,0,0,0,0,0,0,0,17,30.0,72.1,25.0,12.8,2,2,0,2,0,0.10,0.41,0.51,0.90,248,93,63,13,167,41,149,51,4.0,,,,,,0.11,0.0,0.45,0.56,0.99,2.2,114,8,376,130,411,141,183,67,0.0,0.0,2.2
True,True,,,97032,0,0,1,-1,0,2,5.5,6.0,0,Virgil,5.0,373,False,,,61,97032.jpg,4.3,False,van Dijk,29.7,False,,a,12,14,26,1169666,7199,692693,13589,0.8,4.3,Virgil,152.0,2018-01-01,1991-07-08,False,p97032,540,0,0,2,7,0,0,0,1,0,0,4,98,166.6,22.4,29.0,21.8,65,13,3,68,6,0.18,0.12,0.30,6.40,6,2,193,53,149,29,55,10,,,3.0,,,,0.03,0.0,0.02,0.05,1.07,1.17,83,2,28,13,68,32,9,2,1.0,0.33,11.33
True,True,,,204716,0,0,0,0,0,2,6.0,6.5,3,Ibrahima,5.5,374,False,,,55,204716.jpg,3.8,False,Konaté,3.5,False,,a,12,14,23,184638,2230,169104,1862,1.0,4.2,Konaté,73.0,2021-07-01,1999-05-25,False,p204716,507,0,0,2,6,0,0,0,2,0,0,3,86,99.0,29.8,14.0,14.3,40,16,9,49,6,0.65,0.10,0.75,5.55,66,29,159,38,229,66,122,39,,,,,,,0.12,0.0,0.02,0.14,0.99,1.07,146,18,16,9,99,43,95,37,1.07,0.36,8.7
True,True,100.0,100.0,492777,0,0,0,0,0,2,1.3,1.8,1,Conor,0.8,375,False,,2025-08-10T23:00:06.506922Z,50,492777.jpg,0.8,False,Bradley,0.1,False,,a,12,14,3,9040,122,12439,104,0.2,0.6,Bradley,242.0,2023-09-25,2003-07-09,False,p492777,190,0,0,0,3,0,0,0,2,0,0,0,11,17.2,13.5,18.0,4.8,9,5,3,12,2,0.06,0.14,0.20,2.47,299,117,250,83,207,53,299,99,,,,,,,0.03,0.0,0.07,0.1,1.17,1.42,287,47,288,101,402,133,423,161,0.95,0.0,5.68
True,True,100.0,100.0,171287,0,0,0,0,0,2,0.7,1.2,0,Joe,0.2,376,False,,2025-08-10T23:00:06.519894Z,50,171287.jpg,1.0,False,Gomez,0.1,False,,a,12,14,2,5176,50,7527,78,0.0,0.4,Gomez,241.0,2015-06-20,1997-05-23,False,p171287,29,0,0,0,1,0,0,0,0,0,0,0,5,14.6,0.5,0.0,1.5,8,1,0,8,0,0.00,0.00,0.00,0.30,309,122,363,133,664,233,365,129,,,,,,,0.0,0.0,0.0,0.0,0.93,3.1,251,40,368,128,366,130,422,160,0.0,0.0,24.83
True,False,0.0,0.0,214285,0,0,-2,2,0,2,0.0,0.0,0,Konstantinos,0.0,377,False,has joined AS Roma on loan for the rest of the season.,2025-09-22T09:16:54.545563Z,48,214285.jpg,0.0,False,Tsimikas,0.1,False,,u,12,14,0,1669,0,9225,130,0.0,0.0,Tsimikas,83.0,2020-08-10,1996-05-12,False,p214285,0,0,0,0,0,0,0,0,0,0,0,0,0,0.0,0.0,0.0,0.0,0,0,0,0,0,0.00,0.00,0.00,0.00,652,235,645,235,620,227,653,235,3.0,,,,,,0.0,0.0,0.0,0.0,0.0,0.0,374,62,641,232,658,234,510,188,0.0,0.0,0.0
True,True,,,611926,0,0,-1,1,0,2,0.5,1.0,0,Amara,0.0,378,False,,,39,611926.jpg,0.0,False,Nallo,0.2,False,,a,12,14,0,11520,19,9955,82,0.0,0.0,Nallo,241.0,2024-02-27,2006-11-18,False,p611926,0,0,0,0,0,0,0,0,0,0,0,0,0,0.0,0.0,0.0,0.0,0,0,0,0,0,0.00,0.00,0.00,0.00,432,169,411,165,371,146,434,169,,,,,,,0.0,0.0,0.0,0.0,0.0,0.0,741,245,412,158,442,167,396,148,0.0,0.0,0.0
True,True,,,219937,0,0,-1,1,0,2,0.5,1.0,0,Rhys,0.0,379,False,,,39,219937.jpg,0.0,False,Williams,0.2,False,,a,12,14,0,10488,49,12035,79,0.0,0.0,R.Williams,241.0,2020-09-23,2001-02-03,False,p219937,0,0,0,0,0,0,0,0,0,0,0,0,0,0.0,0.0,0.0,0.0,0,0,0,0,0,0.00,0.00,0.00,0.00,407,146,385,141,345,122,409,146,,,,,,,0.0,0.0,0.0,0.0,0.0,0.0,715,221,386,134,417,144,366,130,0.0,0.0,0.0
True,True,,,489580,0,0,-1,1,0,2,0.5,1.0,0,Calvin,0.0,380,False,,,39,489580.jpg,0.0,False,Ramsay,0.2,False,,a,12,14,0,11732,60,12107,101,0.0,0.0,Ramsay,243.0,2022-06-19,2003-07-31,False,p489580,0,0,0,0,0,0,0,0,0,0,0,0,0,0.0,0.0,0.0,0.0,0,0,0,0,0,0.00,0.00,0.00,0.00,417,155,395,150,355,131,419,155,,,,,,,0.0,0.0,0.0,0.0,0.0,0.0,725,230,396,143,427,153,349,125,0.0,0.0,0.0
True,True,,,118748,0,0,0,0,0,3,5.3,5.8,2,Mohamed,4.8,381,False,,,145,118748.jpg,5.3,False,Salah,47.5,False,,a,12,14,32,1061752,4683,1621194,58965,0.3,2.2,M.Salah,63.0,2017-07-01,1992-06-15,False,p118748,540,2,2,2,7,0,0,0,0,0,0,2,106,127.0,106.2,128.0,36.1,4,20,0,24,6,1.71,0.73,2.44,6.40,27,12,26,22,13,5,11,8,,,4.0,,1.0,,0.28,0.0,0.12,0.4,1.07,1.17,1,1,34,14,34,10,4,2,1.0,0.33,4.0
True,True,,,494595,0,0,-3,3,0,3,2.5,3.0,2,Florian,2.0,382,False,,,82,494595.jpg,2.0,False,Wirtz,11.4,False,,a,12,14,12,350277,1517,2656299,15244,0.2,1.5,Wirtz,80.0,2025-06-20,2003-05-03,False,p494595,436,0,0,2,4,0,0,0,1,0,0,0,56,39.2,138.1,80.0,25.7,4,19,6,29,5,1.18,0.77,1.94,4.74,206,86,10,9,39,23,35,22,1.0,,,,,,0.24,0.0,0.16,0.4,0.98,0.83,12,7,179,79,257,122,38,13,1.03,0.41,5.99
True,False,0.0,0.0,244731,0,0,0,0,0,3,0.0,0.0,0,Luis,0.0,383,False,Has joined Bayern Munch permanently.,2025-07-30T14:05:01.491481Z,80,244731.jpg,0.0,False,Díaz Marulanda,0.1,False,,u,12,14,0,0,0,6784,7,0.0,0.0,Luis Díaz,48.0,2022-01-30,1997-01-13,False,p244731,0,0,0,0,0,0,0,0,0,0,0,0,0,0.0,0.0,0.0,0.0,0,0,0,0,0,0.00,0.00,0.00,0.00,740,327,740,327,740,327,740,327,,,,,,,0.0,0.0,0.0,0.0,0.0,0.0,15,10,739,327,739,327,574,217,0.0,0.0,0.0
True,True,,,243298,0,0,1,-1,0,3,2.7,3.2,1,Cody,2.2,384,False,,,76,243298.jpg,4.3,False,Gakpo,14.8,False,,a,12,14,26,1851753,3602,1099170,34725,0.3,3.4,Gakpo,152.0,2023-01-01,1999-05-07,False,p243298,465,1,2,2,6,0,0,0,0,0,0,2,99,112.4,137.4,118.0,36.8,10,14,6,30,5,0.71,0.96,1.67,4.77,44,15,11,10,16,7,8,6,,,,,2.0,,0.14,0.0,0.19,0.33,0.92,1.16,22,14,154,67,70,24,25,8,0.97,0.39,5.81
True,True,,,223541,0,0,-1,1,0,3,2.3,2.8,5,Federico,1.8,385,False,,,64,223541.jpg,2.8,False,Chiesa,0.3,False,,a,12,14,14,19333,1125,23991,214,0.3,2.2,Chiesa,106.0,2024-08-29,1997-10-25,False,p223541,63,2,0,0,2,0,0,0,1,0,0,0,48,36.6,1.3,27.0,6.4,2,0,1,3,0,0.65,0.03,0.68,1.02,222,98,351,183,158,93,263,136,,,,,,,0.93,0.0,0.04,0.97,1.46,2.86,64,44,201,88,181,78,305,102,0.0,0.0,4.29
True,True,100.0,100.0,243016,0,0,-1,1,0,3,2.5,3.0,2,Alexis,2.0,386,False,,2025-08-28T17:30:07.822110Z,64,243016.jpg,2.6,False,Mac Allister,1.4,False,,a,12,14,13,55672,346,134245,796,0.3,2.0,Mac Allister,10.0,2023-06-14,1998-12-24,False,p243016,300,0,1,1,3,0,0,0,0,0,0,0,71,41.6,45.2,21.0,10.8,6,18,5,29,5,0.22,0.19,0.41,4.18,202,83,104,72,191,113,174,90,2.0,,5.0,,3.0,,0.07,0.0,0.06,0.13,1.25,0.9,66,46,176,76,192,85,160,55,1.5,0.3,8.7
True,True,,,424876,0,0,0,0,1,3,5.7,6.2,4,Dominik,5.2,387,False,,,65,424876.jpg,4.2,False,Szoboszlai,3.9,False,,a,12,14,25,361223,4198,208609,2904,0.8,3.8,Szoboszlai,98.0,2023-07-02,2000-10-25,False,p424876,540,1,0,2,7,0,0,0,1,0,0,3,127,103.6,83.5,69.0,25.7,24,36,9,69,6,0.48,0.65,1.13,6.40,56,19,45,37,49,28,34,21,5.0,,2.0,,,,0.08,0.0,0.11,0.19,1.07,1.17,56,39,26,11,74,26,92,31,1.0,0.33,11.5
True,True,100.0,100.0,206915,0,0,-1,1,0,3,2.0,2.5,1,Curtis,1.5,388,False,,2025-09-12T10:00:06.921049Z,54,206915.jpg,1.8,False,Jones,0.1,False,,a,12,14,9,3224,32,9959,45,0.3,1.7,C.Jones,241.0,2018-04-06,2001-01-30,False,p206915,191,0,1,0,4,0,0,0,0,0,0,0,55,30.4,35.0,0.0,6.5,3,13,6,22,1,0.03,0.42,0.45,2.22,243,110,137,92,700,307,260,133,,,,,,,0.01,0.0,0.2,0.21,1.05,1.88,181,113,217,97,273,129,511,178,0.47,0.0,10.37
True,True,100.0,100.0,441266,0,0,1,-1,1,3,6.7,7.2,5,Ryan,6.2,390,False,,2025-07-21T10:00:04.921035Z,56,441266.jpg,6.4,False,Gravenberch,3.7,False,,a,12,14,32,440120,14611,67971,2072,1.1,5.7,Gravenberch,152.0,2023-09-01,2002-05-16,False,p441266,450,2,2,2,5,0,0,0,2,0,0,4,137,135.4,91.9,37.0,26.5,15,24,9,48,5,0.36,0.36,0.72,4.70,19,8,38,31,120,73,28,17,,,,,,,0.07,0.0,0.07,0.14,0.94,1.0,130,83,7,2,11,4,94,32,1.0,0.4,9.6
True,True,,,158983,0,0,-1,1,0,3,0.5,1.0,0,Endo,0.0,392,False,,,49,158983.jpg,1.7,False,Wataru,0.1,False,,a,12,14,5,4333,54,8388,77,0.0,1.0,Endo,108.0,2023-08-18,1993-02-09,False,p158983,32,0,1,0,2,0,0,0,1,0,0,0,16,24.6,10.7,0.0,3.5,2,0,2,4,0,0.00,0.00,0.00,0.98,272,122,276,157,629,267,326,161,,,,,,,0.0,0.0,0.0,0.0,2.76,5.62,312,194,648,269,278,131,467,155,0.0,0.0,11.25
True,True,0.0,0.0,535928,0,0,-1,1,0,3,0.0,0.0,0,Stefan,0.0,393,False,Hamstring injury - Unknown return date,2025-09-12T10:00:06.938334Z,44,535928.jpg,0.0,False,Bajčetić Maquieira,0.0,False,,i,12,14,0,4401,2,5794,48,0.0,0.0,Bajcetic,200.0,2022-07-11,2004-10-22,False,p535928,0,0,0,0,0,0,0,0,0,0,0,0,0,0.0,0.0,0.0,0.0,0,0,0,0,0,0.00,0.00,0.00,0.00,558,205,544,207,514,196,560,206,,,,,,,0.0,0.0,0.0,0.0,0.0,0.0,574,315,545,200,567,215,577,220,0.0,0.0,0.0
True,False,0.0,0.0,491501,0,0,-1,1,0,3,0.0,0.0,0,James,0.0,394,False,has joined Ajax on loan for the rest of the season.,2025-09-22T21:23:24.738341Z,44,491501.jpg,0.0,False,McConnell,0.0,False,,u,12,14,0,1737,0,2750,57,0.0,0.0,McConnell,,,,False,p491501,0,0,0,0,0,0,0,0,0,0,0,0,0,0.0,0.0,0.0,0.0,0,0,0,0,0,0.00,0.00,0.00,0.00,546,198,531,200,501,189,548,199,,,,,,,0.0,0.0,0.0,0.0,0.0,0.0,559,308,533,193,555,208,612,248,0.0,0.0,0.0
True,False,0.0,0.0,440148,0,0,0,0,0,3,0.0,0.0,0,Tyler,0.0,395,False,Has joined Lyon permanently.,2025-08-11T01:13:11.403187Z,45,440148.jpg,0.0,False,Morton,0.0,False,,u,12,14,0,0,0,298,0,0.0,0.0,Morton,241.0,2021-07-22,2002-10-31,False,p440148,0,0,0,0,0,0,0,0,0,0,0,0,0,0.0,0.0,0.0,0.0,0,0,0,0,0,0.00,0.00,0.00,0.00,592,224,583,226,557,216,594,225,,,,,,,0.0,0.0,0.0,0.0,0.0,0.0,425,249,581,220,601,234,731,322,0.0,0.0,0.0
True,True,,,591386,0,0,-1,1,0,3,0.5,1.0,0,Trey,0.0,396,False,,,44,591386.jpg,0.0,False,Nyoni,0.2,False,,a,12,14,0,26081,75,18730,149,0.0,0.0,Nyoni,241.0,2023-11-11,2007-06-30,False,p591386,0,0,0,0,0,0,0,0,0,0,0,0,0,0.0,0.0,0.0,0.0,0,0,0,0,0,0.00,0.00,0.00,0.00,571,212,557,214,528,203,573,213,,,,,,,0.0,0.0,0.0,0.0,0.0,0.0,589,323,558,207,580,222,360,122,0.0,0.0,0.0
True,False,0.0,0.0,447203,0,0,0,0,0,4,0.0,0.0,0,Darwin,0.0,397,False,Has joined Al-Hilal permanently.,2025-08-11T11:06:59.061616Z,65,447203.jpg,0.0,False,Núñez Ribeiro,0.1,False,,u,12,14,0,0,0,15064,11,0.0,0.0,Darwin,230.0,2022-06-14,1999-06-24,False,p447203,0,0,0,0,0,0,0,0,0,0,0,0,0,0.0,0.0,0.0,0.0,0,0,0,0,0,0.00,0.00,0.00,0.00,734,79,734,79,734,79,734,79,,,,,,,0.0,0.0,0.0,0.0,0.0,0.0,58,18,730,77,733,79,513,69,0.0,0.0,0.0
True,True,,,500058,0,0,-1,1,0,4,0.5,1.0,0,Jayden,0.0,398,False,,,44,500058.jpg,0.0,False,Danns,0.1,False,,a,12,14,0,5742,101,10766,84,0.0,0.0,Danns,241.0,2024-02-20,2006-01-16,False,p500058,0,0,0,0,0,0,0,0,0,0,0,0,0,0.0,0.0,0.0,0.0,0,0,0,0,0,0.00,0.00,0.00,0.00,551,49,536,49,506,47,553,50,,,,,,,0.0,0.0,0.0,0.0,0.0,0.0,564,72,538,47,560,51,410,60,0.0,0.0,0.0
True,True,100.0,100.0,219168,0,0,0,0,0,4,1.3,1.8,2,Alexander,0.8,499,False,,2025-08-15T11:30:07.344023Z,105,219168.jpg,1.5,False,Isak,12.3,False,,a,12,14,3,1493523,11611,1038773,20625,0.1,0.3,Isak,206.0,2025-09-01,1999-09-21,False,p219168,106,0,0,0,1,0,0,0,0,0,0,0,0,2.4,0.3,4.0,0.7,0,6,1,7,1,0.36,0.01,0.37,1.89,379,36,371,41,315,39,385,40,,,3.0,,2.0,,0.31,0.0,0.01,0.32,1.6,0.85,3,2,307,33,301,30,35,7,0.85,0.0,5.94
True,True,100.0,0.0,510663,0,0,2,-2,0,4,3.5,0.0,0,Hugo,3.0,661,False,,2025-09-23T22:00:06.475293Z,87,510663.jpg,6.4,False,Ekitiké,20.2,False,,a,12,14,32,2330148,8503,2134232,45892,0.3,3.7,Ekitiké,73.0,2025-07-23,2002-06-20,False,p510663,365,3,1,2,3,0,0,0,0,0,0,7,120,147.8,51.8,95.0,29.4,10,10,3,23,5,1.77,0.20,1.97,3.45,11,3,86,7,25,12,21,5,,,,,,,0.44,0.0,0.05,0.49,0.85,0.74,9,5,101,13,12,2,18,4,1.23,0.49,5.67
True,True,,,611922,0,0,0,0,0,3,1.0,1.5,1,Rio,0.5,686,False,,,45,611922.jpg,2.7,False,Ngumoha,0.6,False,,a,12,14,8,100756,871,45642,739,0.1,1.8,Ngumoha,241.0,2024-12-17,2008-08-29,False,p611922,10,1,0,0,1,0,0,0,0,0,0,0,35,36.2,11.4,23.0,7.1,0,0,1,1,0,0.37,0.10,0.47,0.61,223,99,270,155,176,102,247,124,,,,,,,3.33,0.0,0.9,4.23,5.49,9.0,497,294,316,153,185,80,218,73,0.0,0.0,9.0
True,True,0.0,0.0,647681,0,0,0,0,0,2,0.0,0.0,0,Giovanni,0.0,692,False,Knee injury - Expected back 01 Sep,2025-09-24T06:00:06.281394Z,50,647681.jpg,0.0,False,Leoni,0.0,False,,i,12,14,0,1380,2,1562,25,0.0,0.0,Leoni,106.0,2025-08-15,2006-12-21,False,p647681,0,0,0,0,0,0,0,0,0,0,0,0,0,0.0,0.0,0.0,0.0,0,0,0,0,0,0.00,0.00,0.00,0.00,700,241,701,241,686,236,701,241,,,,,,,0.0,0.0,0.0,0.0,0.0,0.0,303,50,691,238,703,240,663,224,0.0,0.0,0.0
True,True,,,432720,0,0,-2,2,0,1,1.0,1.5,0,James,0.5,182,False,,,48,432720.jpg,3.7,False,Trafford,1.5,False,,a,13,43,11,94598,81,200491,1641,0.1,2.3,Trafford,241.0,2025-07-29,2002-10-10,False,p432720,270,0,0,1,4,0,0,0,0,0,11,0,62,100.2,0.0,0.0,10.1,6,33,2,0,3,0.00,0.00,0.00,3.97,62,8,646,74,621,69,188,8,,,,,,,0.0,3.67,0.0,0.0,1.32,1.33,376,18,318,23,102,9,153,20,1.0,0.33,0.0
True,False,0.0,0.0,121160,0,0,-2,2,0,1,0.0,0.0,0,Ederson,0.0,399,False,has joined Fenerbache permanently.,2025-09-02T13:32:35.715838Z,53,121160.jpg,0.0,False,Santana de Moraes,1.2,False,,u,13,43,0,15200,0,237798,802,0.0,0.0,Ederson M.,30.0,2017-07-01,1993-08-17,False,p121160,0,0,0,0,0,0,0,0,0,0,0,0,0,0.0,0.0,0.0,0.0,0,0,0,0,0,0.00,0.00,0.00,0.00,702,86,703,84,690,82,703,86,,,,,,,0.0,0.0,0.0,0.0,0.0,0.0,208,5,694,86,705,86,173,24,0.0,0.0,0.0
True,True,,,88248,0,0,-1,1,0,1,0.5,1.0,0,Stefan,0.0,400,False,,,49,88248.jpg,0.0,False,Ortega Moreno,0.2,False,,a,13,43,0,1603,19,12902,81,0.0,0.0,Ortega Moreno,80.0,2022-07-01,1992-11-06,False,p88248,0,0,0,0,0,0,0,0,0,0,0,0,0,0.0,0.0,0.0,0.0,0,0,0,0,0,0.00,0.00,0.00,0.00,654,82,648,75,624,70,655,82,,,,,,,0.0,0.0,0.0,0.0,0.0,0.0,305,14,644,82,660,82,374,57,0.0,0.0,0.0
True,True,100.0,100.0,122074,0,0,0,0,0,1,0.5,1.0,0,Marcus,0.0,401,False,,2025-08-22T12:00:07.134628Z,40,122074.jpg,0.0,False,Bettinelli,0.1,False,,a,13,43,0,1635,10,7677,41,0.0,0.0,Bettinelli,241.0,2025-06-10,1992-05-24,False,p122074,0,0,0,0,0,0,0,0,0,0,0,0,0,0.0,0.0,0.0,0.0,0,0,0,0,0,0.00,0.00,0.00,0.00,445,41,426,24,388,17,447,41,,,,,,,0.0,0.0,0.0,0.0,0.0,0.0,622,52,425,40,455,41,446,68,0.0,0.0,0.0
True,True,0.0,0.0,448514,0,0,-1,1,0,2,0.0,0.0,0,Rayan,0.0,402,False,Ankle injury - Expected back 18 Oct,2025-09-12T13:00:10.032262Z,59,448514.jpg,3.3,False,Aït-Nouri,7.1,False,,i,13,43,10,480202,24,1977287,12760,0.0,1.7,Aït-Nouri,3.0,2025-06-09,2001-06-06,False,p448514,202,0,0,1,2,0,0,0,1,0,0,1,34,43.0,26.7,7.0,7.6,14,8,9,23,3,0.04,0.48,0.52,2.94,189,76,172,43,275,88,237,80,,,,,,,0.02,0.0,0.21,0.23,1.31,0.89,106,6,723,244,127,49,55,20,1.34,0.45,10.25
True,True,100.0,100.0,477424,0,0,-2,2,0,2,3.5,4.0,2,Joško,3.0,403,False,,2025-08-15T14:00:07.606174Z,58,477424.jpg,4.0,False,Gvardiol,4.9,False,,a,13,43,12,268532,3723,824818,1847,0.5,2.1,Gvardiol,97.0,2023-08-05,2002-01-23,False,p477424,249,0,0,1,2,0,0,0,0,0,0,0,52,39.2,1.5,0.0,4.0,21,9,2,23,3,0.03,0.18,0.21,2.87,205,82,348,125,726,245,314,107,,,,,,,0.01,0.0,0.07,0.08,1.04,0.72,118,10,96,38,91,39,72,29,1.08,0.36,8.31
True,False,0.0,0.0,211975,0,0,-1,1,0,2,0.0,0.0,0,Manuel,0.0,404,False,has joined Inter Milan on loan for the rest of the season.,2025-09-02T13:32:35.738667Z,54,211975.jpg,0.0,False,Akanji,0.4,False,,u,13,43,0,9281,0,75870,269,0.0,0.0,Akanji,207.0,2022-09-01,1995-07-19,False,p211975,0,0,0,0,0,0,0,0,0,0,0,0,0,0.0,0.0,0.0,0.0,0,0,0,0,0,0.00,0.00,0.00,0.00,708,243,709,243,701,240,709,243,,,,,,,0.0,0.0,0.0,0.0,0.0,0.0,182,22,703,241,711,242,288,106,0.0,0.0,0.0
True,True,,,126184,0,0,-1,1,0,2,1.3,1.8,1,Nathan,0.8,405,False,,,54,126184.jpg,1.0,False,Aké,0.7,False,,a,13,43,4,18139,134,41948,305,0.1,0.7,Aké,152.0,2020-08-05,1995-02-18,False,p126184,111,0,0,0,3,0,0,0,0,0,0,0,16,18.2,10.3,5.0,3.4,6,2,1,7,0,0.19,0.15,0.34,1.35,296,115,280,95,297,99,328,114,,,,,,,0.15,0.0,0.12,0.27,1.09,2.43,173,20,292,102,379,131,211,79,0.0,0.0,5.68
True,True,0.0,0.0,578153,0,0,-1,1,0,2,0.0,0.0,0,Abdukodir,2.5,406,False,Ankle injury - Expected back 18 Oct,2025-09-21T22:30:06.201489Z,54,578153.jpg,2.8,False,Khusanov,0.4,False,,i,13,43,11,23264,20,35751,1217,0.5,2.0,Khusanov,231.0,2025-01-20,2004-02-29,False,p578153,227,0,0,1,1,0,0,0,1,0,0,0,46,42.4,5.2,0.0,4.8,15,9,7,22,3,0.00,0.02,0.02,3.13,196,78,312,106,709,243,300,100,,,,,,,0.0,0.0,0.01,0.01,1.24,0.4,205,29,127,50,178,69,275,100,1.19,0.4,8.72
True,True,,,465351,0,0,-2,2,1,2,4.0,4.5,11,Matheus,3.5,407,False,,,53,465351.jpg,3.8,False,Nunes,0.3,False,,a,13,43,15,11480,1518,34075,116,0.7,2.8,Matheus N.,173.0,2023-09-01,1998-08-27,False,p465351,243,1,1,0,3,0,0,0,0,0,0,0,50,26.0,7.3,0.0,3.3,19,12,2,21,2,0.18,0.07,0.25,2.41,264,103,300,101,695,237,330,116,,,,,4.0,,0.07,0.0,0.03,0.1,0.89,1.11,220,30,76,31,98,42,308,111,0.74,0.0,7.78
True,True,,,171314,0,0,0,0,0,2,3.3,3.8,2,Rúben,2.8,408,False,,,55,171314.jpg,3.0,False,dos Santos Gato Alves Dias,4.3,False,,a,13,43,18,210686,1473,175049,1700,0.5,3.3,Rúben,173.0,2020-09-29,1997-05-14,False,p171314,455,0,0,2,5,0,0,0,0,0,0,0,73,68.4,5.0,2.0,7.6,28,12,3,31,5,0.00,0.13,0.13,5.65,125,57,316,108,337,117,236,79,,,,,,,0.0,0.0,0.03,0.03,1.12,0.99,142,17,109,42,156,62,85,33,0.99,0.4,6.13
True,True,100.0,100.0,97299,0,0,0,0,0,2,1.0,1.5,0,John,0.5,409,False,,2025-09-12T13:00:10.101362Z,55,97299.jpg,2.2,False,Stones,0.8,False,,a,13,43,9,37743,154,64816,323,0.1,1.6,Stones,241.0,2016-08-09,1994-05-28,False,p97299,264,0,0,1,5,0,0,0,0,0,0,0,43,53.8,5.8,2.0,6.2,14,13,0,14,3,0.00,0.04,0.04,4.04,156,67,310,104,336,116,268,88,,,,,,,0.0,0.0,0.01,0.01,1.38,1.7,135,15,333,113,226,82,194,73,1.02,0.34,4.77
True,True,100.0,100.0,477064,0,0,0,0,1,2,1.0,1.5,1,Rico,0.5,410,False,,2025-09-05T10:00:06.653551Z,50,477064.jpg,3.5,False,Lewis,2.4,False,,a,13,43,14,344238,166,293781,3520,0.1,2.8,Lewis,241.0,2022-07-16,2004-11-21,False,p477064,167,0,1,1,3,0,0,0,0,0,0,2,47,46.4,28.2,13.0,8.7,9,4,3,12,2,0.02,0.67,0.69,2.57,176,72,165,41,233,68,209,71,,,,,,,0.01,0.0,0.36,0.37,1.39,1.62,282,45,325,112,112,46,120,46,1.08,0.54,6.47
True,True,100.0,100.0,472769,0,0,-1,1,0,2,4.3,4.8,2,Nico,3.8,411,False,,2025-09-05T10:00:06.671127Z,49,472769.jpg,3.0,False,O'Reilly,0.6,False,,a,13,43,15,61315,1216,16950,379,0.8,3.1,O’Reilly,241.0,2022-12-16,2005-03-21,False,p472769,300,0,0,2,2,0,0,0,1,0,0,0,52,42.8,9.0,3.0,5.4,16,12,13,29,3,0.08,0.19,0.27,4.15,190,77,289,96,319,112,285,94,,,,,,,0.02,0.0,0.06,0.08,1.24,0.6,352,60,62,24,151,59,231,83,0.9,0.6,8.7
True,False,0.0,0.0,616222,0,0,0,0,0,2,0.0,0.0,0,Vitor,0.0,412,False,Has joined Girona on loan for the rest of the season.,2025-08-11T01:23:23.836966Z,50,616222.jpg,0.0,False,de Oliveira Nunes dos Reis,0.0,False,,u,13,43,0,0,0,782,5,0.0,0.0,Vitor Reis,30.0,2025-01-21,2006-01-12,False,p616222,0,0,0,0,0,0,0,0,0,0,0,0,0,0.0,0.0,0.0,0.0,0,0,0,0,0,0.00,0.00,0.00,0.00,699,240,700,240,685,235,700,240,,,,,,,0.0,0.0,0.0,0.0,0.0,0.0,302,49,690,237,702,239,718,241,0.0,0.0,0.0
True,True,0.0,0.0,438234,0,0,-2,2,0,3,0.0,0.0,0,Omar,1.8,413,False,Knee injury - Expected back 18 Oct,2025-09-11T02:00:06.864844Z,83,438234.jpg,3.0,False,Marmoush,3.0,False,,i,13,43,9,162417,38,1102927,3498,0.2,1.1,Marmoush,63.0,2025-01-23,1999-02-07,False,p438234,148,0,1,0,3,0,0,0,0,0,0,2,37,38.2,36.1,58.0,13.3,3,7,3,13,2,0.82,0.45,1.27,1.90,212,91,134,90,66,41,140,75,2.0,,1.0,,2.0,,0.5,0.0,0.27,0.77,1.16,1.82,11,6,206,92,164,69,102,36,1.22,0.0,7.91
True,True,100.0,100.0,209244,0,0,1,-1,1,3,4.5,5.0,1,Phil,4.0,414,False,,2025-08-10T23:00:06.538510Z,81,209244.jpg,4.2,False,Foden,5.9,False,,a,13,43,17,615733,12387,154720,5551,0.5,2.1,Foden,241.0,2016-12-05,2000-05-28,False,p209244,262,1,0,2,1,0,0,0,1,0,0,2,66,52.2,32.6,35.0,12.0,6,21,3,30,3,0.46,0.23,0.69,2.99,162,62,144,96,126,78,156,81,3.0,,3.0,,,,0.16,0.0,0.08,0.24,1.03,0.34,13,8,58,25,75,27,62,16,1.03,0.69,10.31
True,True,100.0,100.0,510281,0,0,-1,1,0,3,1.5,2.0,2,Sávio,1.0,415,False,,2025-08-15T14:00:07.649098Z,69,510281.jpg,1.3,False,Moreira de Oliveira,0.4,False,,a,13,43,4,6220,266,77149,152,0.1,0.6,Savinho,30.0,2024-07-18,2004-04-10,False,p510281,77,0,0,0,2,0,0,0,0,0,0,0,12,5.2,1.3,33.0,3.9,2,2,0,4,1,0.07,0.08,0.15,1.93,361,171,352,184,135,84,319,160,,,,,,,0.08,0.0,0.09,0.17,2.26,2.34,47,31,274,135,309,148,260,88,1.17,0.0,4.68
True,True,,,165809,0,0,-1,1,0,3,3.0,3.5,1,Bernardo,2.5,416,False,,,64,165809.jpg,2.3,False,Mota Veiga de Carvalho e Silva,0.6,False,,a,13,43,14,30382,242,58106,617,0.4,2.2,Bernardo,173.0,2017-07-01,1994-08-10,False,p165809,356,0,1,2,2,0,0,0,1,0,0,0,64,61.2,116.2,20.0,19.7,9,19,7,35,4,0.10,1.06,1.16,4.29,134,47,17,14,199,117,70,41,1.0,,,,,,0.03,0.0,0.27,0.3,1.08,0.51,61,42,129,54,217,99,216,72,1.01,0.51,8.85
True,True,0.0,0.0,466052,0,0,-2,2,0,3,0.0,0.0,0,Rayan,0.0,417,False,Thigh injury - Expected back 18 Oct,2025-09-01T10:30:08.352331Z,63,466052.jpg,3.5,False,Cherki,2.3,False,,i,13,43,7,175447,19,880563,2405,0.0,1.1,Cherki,73.0,2025-06-10,2003-08-17,False,p466052,70,1,0,0,2,0,0,0,0,0,0,0,32,50.2,28.3,15.0,9.4,2,3,4,9,1,0.06,0.47,0.53,0.83,169,65,163,108,221,125,199,100,,,,,,,0.08,0.0,0.6,0.68,1.07,2.57,75,52,726,322,114,46,124,43,1.29,0.0,11.57
True,True,,,248875,0,0,0,0,1,3,6.0,6.5,8,Jérémy,5.5,418,False,,,65,248875.jpg,4.3,False,Doku,4.1,False,,a,13,43,26,442622,23324,120091,1223,0.8,4.0,Doku,21.0,2023-08-24,2002-05-27,False,p248875,371,0,4,3,2,0,0,0,0,0,0,1,96,61.4,112.4,35.0,20.8,1,12,5,18,4,0.66,1.29,1.95,3.41,133,46,19,16,125,77,60,37,,,,,3.0,,0.16,0.0,0.31,0.47,0.83,0.49,55,38,18,7,69,23,88,28,0.97,0.73,4.37
True,False,0.0,0.0,59859,0,0,-2,2,0,3,0.0,0.0,0,İlkay,0.0,420,False,has joined Galatasaray permanently.,2025-09-05T08:55:41.702765Z,63,59859.jpg,0.0,False,Gündoğan,0.1,False,,u,13,43,0,1928,0,17968,50,0.0,0.0,Gündoğan,80.0,2024-08-23,1990-10-24,False,p59859,0,0,0,0,0,0,0,0,0,0,0,0,0,0.0,0.0,0.0,0.0,0,0,0,0,0,0.00,0.00,0.00,0.00,730,323,730,323,730,323,730,323,4.0,,4.0,,,,0.0,0.0,0.0,0.0,0.0,0.0,72,50,725,321,729,323,504,174,0.0,0.0,0.0
True,True,100.0,100.0,220566,0,0,-1,1,0,3,2.7,3.2,0,Rodrigo 'Rodri',2.2,421,False,,2025-08-10T23:00:06.551720Z,64,220566.jpg,2.5,False,Hernandez Cascante,0.7,False,,a,13,43,10,36860,304,47381,904,0.3,1.6,Rodrigo,200.0,2019-07-04,1996-06-22,False,p220566,270,0,0,1,3,0,0,0,0,0,0,0,51,47.4,37.8,19.0,10.4,12,20,6,38,3,0.14,0.21,0.35,3.76,174,70,128,86,203,119,180,93,,,,,,,0.05,0.0,0.07,0.12,1.25,1.0,63,43,153,66,200,89,202,67,1.0,0.33,12.67
True,True,50.0,50.0,91651,0,0,-1,1,0,3,0.2,0.5,0,Mateo,0.0,422,False,Lack of match fitness - 50% chance of playing,2025-07-21T10:00:04.940328Z,59,91651.jpg,0.0,False,Kovačić,0.0,False,,d,13,43,0,285,3,822,8,0.0,0.0,Kovačić,97.0,2023-06-27,1994-05-06,False,p91651,0,0,0,0,0,0,0,0,0,0,0,0,0,0.0,0.0,0.0,0.0,0,0,0,0,0,0.00,0.00,0.00,0.00,727,320,727,320,727,320,727,320,,,,,,,0.0,0.0,0.0,0.0,0.0,0.0,95,63,721,318,726,320,699,301,0.0,0.0,0.0
True,True,,,465694,0,0,-1,1,0,3,1.5,2.0,2,Nico,1.0,423,False,,,59,465694.jpg,1.6,False,González Iglesias,0.1,False,,a,13,43,8,6185,74,8315,40,0.2,1.4,N.Gonzalez,200.0,2025-02-03,2002-01-03,False,p465694,282,0,0,1,4,0,0,0,1,0,0,0,73,46.2,12.9,6.0,6.4,13,14,7,34,3,0.10,0.30,0.40,3.26,178,72,255,148,290,156,262,135,,,,,,,0.03,0.0,0.1,0.13,1.04,1.28,108,73,272,133,284,136,488,165,0.96,0.32,10.85
True,True,,,477555,0,0,0,0,0,3,1.5,2.0,1,Oscar,1.0,424,False,,,55,477555.jpg,2.4,False,Bobb,0.4,False,,a,13,43,12,73280,112,61646,669,0.2,2.2,Bobb,161.0,2022-01-06,2003-07-12,False,p477555,285,0,1,1,4,0,0,0,0,0,0,0,49,42.6,76.8,42.0,16.2,1,12,4,17,3,0.30,0.60,0.90,3.70,192,79,54,41,98,60,104,56,,,,,,,0.09,0.0,0.19,0.28,1.17,1.26,158,98,269,131,207,93,277,95,0.95,0.32,5.37
True,False,0.0,0.0,575204,0,0,-1,1,0,3,0.0,0.0,0,Claudio,0.0,425,False,Has joined Bayer Leverkusen on loan for the rest of the season.,2025-08-21T14:03:07.217793Z,54,575204.jpg,0.0,False,Echeverri,0.0,False,,u,13,43,0,194,0,3000,6,0.0,0.0,Echeverri,10.0,2024-01-25,2006-01-02,False,p575204,0,0,0,0,0,0,0,0,0,0,0,0,0,0.0,0.0,0.0,0.0,0,0,0,0,0,0.00,0.00,0.00,0.00,714,311,715,313,707,312,715,312,,,2.0,,,,0.0,0.0,0.0,0.0,0.0,0.0,203,127,710,310,717,314,685,293,0.0,0.0,0.0
True,True,,,433036,0,0,2,-2,1,3,4.5,5.0,2,Tijjani,4.0,427,False,,,57,433036.jpg,4.7,False,Reijnders,34.5,False,,a,13,43,28,2753966,13875,1167384,15320,0.7,4.9,Reijnders,152.0,2025-06-10,1998-07-29,False,p433036,532,1,2,2,6,0,0,0,1,0,0,2,111,106.2,102.2,75.0,28.4,12,20,5,37,6,0.81,0.42,1.23,6.84,53,18,31,26,43,25,23,16,,,,,,,0.14,0.0,0.07,0.21,1.16,1.02,123,81,56,23,58,22,5,3,1.02,0.34,6.26
True,False,0.0,0.0,566164,0,0,0,0,0,3,0.0,0.0,0,Sverre,0.0,428,False,Has joined Middlesbrough on loan for the rest of the season.,2025-08-19T13:38:08.307876Z,50,566164.jpg,0.0,False,Nypan,0.0,False,,u,13,43,0,73,0,2228,7,0.0,0.0,Nypan,161.0,2025-07-17,2006-12-19,False,p566164,0,0,0,0,0,0,0,0,0,0,0,0,0,0.0,0.0,0.0,0.0,0,0,0,0,0,0.00,0.00,0.00,0.00,697,301,698,303,683,299,698,302,,,,,,,0.0,0.0,0.0,0.0,0.0,0.0,299,185,688,297,700,304,674,286,0.0,0.0,0.0
True,True,,,155405,0,0,-1,1,0,3,0.5,1.0,0,Kalvin,0.0,429,False,,,49,155405.jpg,0.0,False,Phillips,0.1,False,,a,13,43,0,1837,26,4344,42,0.0,0.0,Phillips,241.0,2022-07-04,1995-12-02,False,p155405,0,0,0,0,0,0,0,0,0,0,0,0,0,0.0,0.0,0.0,0.0,0,0,0,0,0,0.00,0.00,0.00,0.00,657,272,651,273,627,265,658,273,,,,,,,0.0,0.0,0.0,0.0,0.0,0.0,310,192,647,268,663,278,538,196,0.0,0.0,0.0
True,True,100.0,100.0,223094,0,0,3,-3,3,4,11.5,12.0,13,Erling,11.0,430,True,,2025-09-24T06:00:06.159318Z,143,223094.jpg,9.8,False,Haaland,50.1,False,,a,13,43,59,3317961,99702,613187,801,0.8,4.1,Haaland,161.0,2022-07-01,2000-07-21,False,p223094,503,8,1,3,5,0,0,0,0,0,0,12,247,204.0,30.9,286.0,52.2,11,12,1,24,6,7.35,0.57,7.92,6.35,1,1,158,15,1,1,1,1,,,5.0,,1.0,,1.32,0.0,0.1,1.42,1.14,0.89,2,1,1,1,1,1,3,2,1.07,0.54,4.29
True,True,,,204936,0,0,1,-1,0,1,3.5,4.0,2,Gianluigi,3.0,736,False,,,56,204936.jpg,3.0,False,Donnarumma,7.5,False,,a,13,43,9,844140,12102,87047,3057,0.5,1.6,Donnarumma,106.0,2025-09-01,1999-02-25,False,p204936,270,0,0,1,2,0,0,0,1,0,5,0,38,30.0,0.0,0.0,3.0,7,13,0,0,3,0.00,0.00,0.00,2.87,247,22,725,86,724,86,340,22,,,,,,,0.0,1.67,0.0,0.0,0.96,0.67,127,2,95,8,159,17,53,10,1.0,0.33,0.0
True,True,,,590039,0,0,0,0,0,3,0.5,1.0,0,Divine,0.0,739,False,,,45,590039.jpg,0.0,False,Mukasa,0.0,False,,a,13,43,0,1291,56,388,18,0.0,0.0,Mukasa,241.0,2025-08-07,2007-08-22,False,p590039,0,0,0,0,0,0,0,0,0,0,0,0,0,0.0,0.0,0.0,0.0,0,0,0,0,0,0.00,0.00,0.00,0.00,637,259,631,261,605,251,638,260,,,,,,,0.0,0.0,0.0,0.0,0.0,0.0,487,287,627,255,647,269,679,290,0.0,0.0,0.0
True,True,,,566213,0,0,0,0,0,2,0.5,1.0,0,Stephen,0.0,740,False,,,40,566213.jpg,0.0,False,Mfuni,0.0,False,,a,13,43,0,932,29,264,17,0.0,0.0,Mfuni,241.0,2024-07-23,2008-02-12,False,p566213,0,0,0,0,0,0,0,0,0,0,0,0,0,0.0,0.0,0.0,0.0,0,0,0,0,0,0.00,0.00,0.00,0.00,504,200,487,198,451,183,506,200,,,,,,,0.0,0.0,0.0,0.0,0.0,0.0,697,206,486,191,514,198,673,229,0.0,0.0,0.0
True,True,,,446008,0,0,1,-1,0,3,4.7,4.2,2,Bryan,4.2,119,False,,,81,446008.jpg,3.5,False,Mbeumo,15.4,False,,a,14,1,21,1136142,5993,938680,20523,0.5,2.6,Mbeumo,38.0,2025-07-21,1999-08-07,False,p446008,519,1,0,1,10,0,0,0,0,0,0,3,82,70.0,170.1,170.0,41.0,2,11,2,15,6,1.85,1.34,3.19,8.91,122,40,6,6,3,1,5,4,2.0,,2.0,,,,0.32,0.0,0.23,0.55,1.55,1.73,14,9,45,17,118,50,23,7,1.04,0.17,2.6
True,True,,,451302,0,0,0,0,0,1,2.3,1.8,2,Altay,1.8,431,False,,,50,451302.jpg,1.8,False,Bayındır,0.4,False,,a,14,1,11,24273,203,30225,246,0.4,2.2,Bayindir,219.0,2023-09-01,1998-04-14,False,p451302,540,0,0,0,11,0,0,0,0,0,13,0,49,74.0,10.0,0.0,8.4,7,39,0,0,6,0.00,0.05,0.05,9.21,115,16,286,4,671,79,220,15,,,,,,,0.0,2.17,0.01,0.01,1.54,1.83,275,12,194,18,271,22,256,34,1.0,0.0,0.0
True,False,0.0,0.0,202641,0,0,-1,1,0,1,0.0,0.0,0,André,0.0,432,False,has joined Trabzonspor on loan for the rest of the season.,2025-09-12T15:53:11.993916Z,49,202641.jpg,0.0,False,Onana,0.2,False,,u,14,1,0,5156,0,21655,121,0.0,0.0,Onana,38.0,2023-07-20,1996-04-02,False,p202641,0,0,0,0,0,0,0,0,0,0,0,0,0,0.0,0.0,0.0,0.0,0,0,0,0,0,0.00,0.00,0.00,0.00,660,83,654,76,632,71,661,83,,,,,,,0.0,0.0,0.0,0.0,0.0,0.0,320,15,652,83,666,83,370,56,0.0,0.0,0.0
True,False,0.0,0.0,588555,0,0,0,0,0,1,0.0,0.0,0,Elyh,0.0,433,False,On loan to Shrewsbury Town,2025-07-23T18:48:43.383466Z,40,588555.jpg,0.0,False,Harrison,0.0,False,,u,14,1,0,0,0,191,0,0.0,0.0,Harrison,,,,False,p588555,0,0,0,0,0,0,0,0,0,0,0,0,0,0.0,0.0,0.0,0.0,0,0,0,0,0,0.00,0.00,0.00,0.00,510,72,493,55,457,48,512,72,,,,,,,0.0,0.0,0.0,0.0,0.0,0.0,704,83,492,71,519,72,734,86,0.0,0.0,0.0
True,True,,,21205,0,0,0,0,0,1,0.5,0.0,0,Tom,0.0,434,False,,,40,21205.jpg,0.0,False,Heaton,0.3,False,,a,14,1,0,4790,27,9181,85,0.0,0.0,Heaton,241.0,2021-07-02,1986-04-15,False,p21205,0,0,0,0,0,0,0,0,0,0,0,0,0,0.0,0.0,0.0,0.0,0,0,0,0,0,0.00,0.00,0.00,0.00,433,30,412,11,372,4,435,30,,,,,,,0.0,0.0,0.0,0.0,0.0,0.0,606,39,413,29,443,30,316,48,0.0,0.0,0.0
True,True,,,461537,0,0,0,0,0,1,0.5,0.0,0,Dermot,0.0,435,False,,,40,461537.jpg,0.0,False,Mee,0.1,False,,a,14,1,0,1494,10,3319,26,0.0,0.0,Mee,242.0,2023-07-24,2002-11-20,False,p461537,0,0,0,0,0,0,0,0,0,0,0,0,0,0.0,0.0,0.0,0.0,0,0,0,0,0,0.00,0.00,0.00,0.00,468,53,451,36,413,29,470,53,,,,,,,0.0,0.0,0.0,0.0,0.0,0.0,653,64,449,52,478,53,465,73,0.0,0.0,0.0
True,True,,,209365,0,0,0,0,0,2,2.3,1.8,3,Matthijs,1.8,436,False,,,50,209365.jpg,3.0,False,de Ligt,2.8,False,,a,14,1,18,181135,845,164126,1566,0.4,3.6,De Ligt,152.0,2024-08-13,1999-08-12,False,p209365,540,0,0,0,11,0,0,0,0,0,0,3,79,114.4,40.5,31.0,18.5,40,22,13,53,6,0.46,0.45,0.91,9.21,42,17,120,29,139,26,78,21,,,,,,,0.08,0.0,0.08,0.16,1.54,1.83,259,41,191,75,153,60,107,40,1.0,0.0,8.83
True,True,0.0,0.0,221820,0,0,-1,1,0,2,0.0,0.0,0,Lisandro,0.0,437,False,Knee injury - Unknown return date,2025-08-10T23:00:06.577034Z,49,221820.jpg,0.0,False,Martínez,0.1,False,,i,14,1,0,536,2,12306,39,0.0,0.0,Martinez,10.0,2022-07-17,1998-01-18,False,p221820,0,0,0,0,0,0,0,0,0,0,0,0,0,0.0,0.0,0.0,0.0,0,0,0,0,0,0.00,0.00,0.00,0.00,665,238,659,238,639,231,666,238,,,,,,,0.0,0.0,0.0,0.0,0.0,0.0,330,56,656,235,670,237,503,185,0.0,0.0,0.0
True,True,0.0,0.0,230001,0,0,-1,1,0,2,0.0,0.0,0,Noussair,2.2,438,False,Knock - Expected back 19 Oct,2025-09-26T15:00:08.532805Z,49,230001.jpg,3.0,False,Mazraoui,0.2,False,,i,14,1,9,13021,11,25152,809,0.4,1.8,Mazraoui,145.0,2024-08-13,1997-11-14,False,p230001,130,0,0,1,2,0,0,0,0,0,0,1,40,31.2,14.2,4.0,4.9,4,11,8,12,2,0.00,0.13,0.13,1.59,240,91,247,81,306,107,295,98,,,,,,,0.0,0.0,0.09,0.09,1.1,1.38,335,58,138,56,149,58,337,122,1.38,0.69,8.31
True,True,,,661712,0,0,-2,2,0,2,0.5,0.0,0,Diego,0.0,439,False,,,43,661712.jpg,0.0,False,León Blanco,0.1,False,,a,14,1,0,1439,56,4686,44,0.0,0.0,D.Leon,168.0,2025-07-05,2007-04-03,False,p661712,0,0,0,0,0,0,0,0,0,0,0,0,0,0.0,0.0,0.0,0.0,0,0,0,0,0,0.00,0.00,0.00,0.00,519,211,503,209,468,195,521,211,,,,,,,0.0,0.0,0.0,0.0,0.0,0.0,605,157,502,203,528,208,557,202,0.0,0.0,0.0
True,True,100.0,100.0,216051,0,0,-1,1,0,2,1.7,1.2,1,Diogo,1.2,440,False,,2025-09-05T10:00:06.729240Z,44,216051.jpg,1.8,False,Dalot Teixeira,1.0,False,,a,14,1,7,23142,256,156433,345,0.3,1.6,Dalot,173.0,2018-06-08,1999-03-18,False,p216051,272,0,1,0,7,0,0,0,0,0,0,0,19,43.6,52.0,18.0,11.3,9,7,4,13,3,0.01,0.74,0.75,5.08,187,75,85,20,205,51,163,55,,,,,,,0.0,0.0,0.24,0.24,1.68,2.32,526,129,229,85,261,94,184,68,0.99,0.0,4.3
True,True,,,596777,0,0,0,0,0,2,2.0,1.5,0,Patrick,1.5,441,False,,,45,596777.jpg,1.8,False,Dorgu,5.1,False,,a,14,1,9,387444,772,521418,5100,0.3,2.0,Dorgu,58.0,2025-02-02,2004-10-26,False,p596777,444,0,1,0,8,0,0,0,2,0,0,0,38,70.2,83.0,52.0,20.5,15,15,14,29,5,0.24,0.56,0.80,7.89,121,55,47,8,73,9,62,13,,,,,,,0.05,0.0,0.11,0.16,1.6,1.62,489,107,210,80,264,96,70,27,1.01,0.0,5.88
True,True,,,95658,0,0,-1,1,1,2,3.7,3.2,1,Harry,3.2,442,False,,,44,95658.jpg,3.0,False,Maguire,0.7,False,,a,14,1,15,30824,442,41789,505,0.7,3.4,Maguire,241.0,2019-08-05,1993-03-05,False,p95658,175,0,1,1,3,0,0,0,0,0,0,2,37,24.6,11.6,10.0,4.6,12,7,1,13,2,0.23,0.01,0.24,3.18,271,106,266,88,246,76,301,101,,,,,,,0.12,0.0,0.01,0.13,1.64,1.54,510,114,80,34,140,53,199,76,1.03,0.51,6.69
True,True,,,106760,0,0,0,0,0,2,1.7,1.2,1,Luke,1.2,443,False,,,45,106760.jpg,1.5,False,Shaw,0.3,False,,a,14,1,9,19252,119,17895,187,0.3,2.0,Shaw,241.0,2014-07-01,1995-07-12,False,p106760,515,0,0,0,10,0,0,0,0,0,0,0,30,56.6,25.0,5.0,8.6,15,24,12,27,6,0.08,0.12,0.20,8.85,148,64,182,49,293,98,211,73,3.0,,,,,,0.01,0.0,0.02,0.03,1.55,1.75,396,74,230,86,292,103,301,110,1.05,0.0,4.72
True,True,,,550864,0,0,0,0,0,2,1.5,1.0,1,Leny,1.0,444,False,,,45,550864.jpg,2.3,False,Yoro,2.1,False,,a,14,1,14,153066,236,138317,2124,0.2,3.1,Yoro,73.0,2024-07-19,2005-11-13,False,p550864,365,0,1,0,8,0,0,0,0,0,0,1,30,41.6,19.3,15.0,7.5,24,14,5,29,4,0.27,0.04,0.31,6.24,200,81,213,65,216,58,239,81,,,,,,,0.07,0.0,0.01,0.08,1.54,1.97,465,103,250,92,212,80,126,48,0.99,0.0,7.15
True,False,0.0,0.0,577974,0,0,0,0,0,2,0.0,0.0,0,Harry,0.0,445,False,has joined Sheffield Wednesday on loan for the rest of the season.,2025-09-02T13:39:58.762783Z,40,577974.jpg,0.0,False,Amass,0.1,False,,u,14,1,0,1160,0,10585,62,0.0,0.0,Amass,241.0,2024-04-06,2007-03-16,False,p577974,0,0,0,0,0,0,0,0,0,0,0,0,0,0.0,0.0,0.0,0.0,0,0,0,0,0,0.00,0.00,0.00,0.00,508,203,491,201,455,186,510,203,,,,,,,0.0,0.0,0.0,0.0,0.0,0.0,702,210,490,194,517,200,466,175,0.0,0.0,0.0
True,True,,,547676,0,0,-1,1,0,2,0.5,0.0,0,Tyler,0.0,446,False,,,39,547676.jpg,0.0,False,Fredricson,0.1,False,,a,14,1,0,4738,38,5899,70,0.0,0.0,Fredricson,241.0,2022-09-07,2005-02-23,False,p547676,0,0,0,0,0,0,0,0,0,0,0,0,0,0.0,0.0,0.0,0.0,0,0,0,0,0,0.00,0.00,0.00,0.00,422,160,400,155,360,136,424,160,,,,,,,0.0,0.0,0.0,0.0,0.0,0.0,730,235,401,148,432,158,433,165,0.0,0.0,0.0
True,True,,,606745,0,0,-1,1,0,2,0.5,0.0,0,Ayden,0.0,447,False,,,39,606745.jpg,1.0,False,Heaven,1.2,False,,a,14,1,1,37680,524,73093,605,0.0,0.3,Heaven,241.0,2025-02-01,2006-09-22,False,p606745,3,0,0,0,0,0,0,0,0,0,0,0,3,2.0,0.0,0.0,0.2,1,0,0,1,0,0.00,0.00,0.00,0.03,382,139,408,162,368,143,395,140,,,,,,,0.0,0.0,0.0,0.0,0.9,0.0,738,242,409,155,322,109,171,65,0.0,0.0,30.0
True,True,,,222690,0,0,-1,1,0,2,0.5,0.0,0,Tyrell,0.0,448,False,,,39,222690.jpg,0.0,False,Malacia,0.4,False,,a,14,1,0,20031,118,18848,250,0.0,0.0,Malacia,152.0,2022-07-05,1999-08-17,False,p222690,0,0,0,0,0,0,0,0,0,0,0,0,0,0.0,0.0,0.0,0.0,0,0,0,0,0,0.00,0.00,0.00,0.00,408,147,386,142,346,123,410,147,,,,,,,0.0,0.0,0.0,0.0,0.0,0.0,716,222,387,135,418,145,281,103,0.0,0.0,0.0
True,True,,,141746,0,0,0,0,1,3,5.7,5.2,-1,Bruno,5.2,449,False,,,90,141746.jpg,4.2,False,Borges Fernandes,21.0,False,,a,14,1,25,1182683,9114,1274676,32052,0.6,2.8,B.Fernandes,173.0,2020-01-30,1994-09-08,False,p141746,536,2,0,0,11,0,0,2,2,0,0,5,126,164.0,219.8,96.0,48.1,13,39,13,65,6,3.52,1.00,4.52,9.10,7,4,1,1,23,11,2,1,1.0,,1.0,,1.0,,0.59,0.0,0.17,0.76,1.53,1.85,6,4,27,12,76,28,17,6,1.01,0.0,10.91
True,True,100.0,100.0,430871,0,0,0,0,0,3,1.5,1.0,2,Matheus,1.0,450,False,,2025-08-31T01:00:08.314117Z,80,430871.jpg,1.6,False,Santos Carneiro da Cunha,4.3,False,,a,14,1,8,765884,1869,1251039,3103,0.1,1.0,Cunha,30.0,2025-06-01,1999-05-27,False,p430871,326,0,0,0,6,0,0,0,0,0,0,0,42,37.4,47.6,83.0,16.9,3,13,4,20,4,0.93,0.59,1.52,5.36,216,94,94,66,33,18,94,51,,,,,,,0.26,0.0,0.16,0.42,1.48,1.66,16,11,276,137,286,138,84,26,1.1,0.0,5.52
True,False,0.0,0.0,176297,0,0,0,0,0,3,0.0,0.0,0,Marcus,0.0,451,False,Has joined Barcelona on loan for the rest of the season,2025-07-24T10:12:59.455702Z,70,176297.jpg,0.0,False,Rashford,0.0,False,,u,14,1,0,0,0,1815,3,0.0,0.0,Rashford,241.0,2015-07-01,1997-10-31,False,p176297,0,0,0,0,0,0,0,0,0,0,0,0,0,0.0,0.0,0.0,0.0,0,0,0,0,0,0.00,0.00,0.00,0.00,737,326,737,326,737,326,737,326,,,,,,,0.0,0.0,0.0,0.0,0.0,0.0,33,19,733,325,736,326,658,278,0.0,0.0,0.0
True,True,75.0,0.0,493250,0,0,-2,2,0,3,2.0,0.0,0,Amad,2.2,452,False,Personal Reasons - 75% chance of playing,2025-09-26T15:00:08.569110Z,63,493250.jpg,2.2,False,Diallo,1.4,False,,d,14,1,11,46227,54,221238,3159,0.3,1.7,Amad,54.0,2021-01-07,2002-07-11,False,p493250,356,0,1,0,6,0,0,0,0,0,0,0,68,59.8,77.9,95.0,23.3,8,19,10,37,4,1.25,0.74,1.99,5.32,137,49,53,40,24,12,48,32,4.0,,,,,,0.32,0.0,0.19,0.51,1.34,1.52,77,54,152,65,229,107,158,53,1.01,0.0,9.35
True,False,0.0,0.0,467169,0,0,-1,1,0,3,0.0,0.0,0,Antony,0.0,454,False,has joined Real Betis permanently.,2025-09-02T13:30:59.559397Z,59,467169.jpg,0.0,False,dos Santos,0.1,False,,u,14,1,0,1511,0,9474,42,0.0,0.0,Antony,30.0,2022-09-01,2000-02-24,False,p467169,0,0,0,0,0,0,0,0,0,0,0,0,0,0.0,0.0,0.0,0.0,0,0,0,0,0,0.00,0.00,0.00,0.00,729,322,729,322,729,322,729,322,,,,,,,0.0,0.0,0.0,0.0,0.0,0.0,109,74,724,320,728,322,522,184,0.0,0.0,0.0
True,True,100.0,100.0,184341,0,0,-1,1,0,3,1.3,0.8,1,Mason,0.8,455,False,,2025-08-31T01:00:08.331663Z,59,184341.jpg,1.6,False,Mount,0.2,False,,a,14,1,8,17704,100,33140,163,0.1,1.4,Mount,241.0,2023-07-05,1999-01-10,False,p184341,207,0,0,1,3,0,0,0,0,0,0,0,32,19.0,69.0,31.0,11.9,0,9,6,15,3,0.18,0.46,0.64,2.78,293,134,65,48,141,87,158,82,,,,,,,0.08,0.0,0.2,0.28,1.21,1.3,98,66,300,148,283,135,359,121,1.3,0.43,6.52
True,True,100.0,0.0,61256,0,0,0,0,0,3,2.7,0.0,0,Carlos Henrique,2.2,457,False,,2025-09-20T23:30:06.919179Z,55,61256.jpg,2.2,False,Casimiro,0.2,False,,a,14,1,11,9417,90,19023,194,0.4,2.0,Casemiro,30.0,2022-08-22,1992-02-23,False,p61256,246,1,1,0,4,0,0,0,1,1,0,0,54,53.6,33.6,50.0,13.7,4,13,6,23,4,0.97,0.07,1.04,3.41,158,60,141,94,78,46,134,72,,,,,,,0.35,0.0,0.03,0.38,1.25,1.46,134,86,146,61,225,105,364,124,1.46,0.0,8.41
True,True,,,516895,0,0,-2,2,0,3,1.5,1.0,1,Kobbie,1.0,458,False,,,48,516895.jpg,1.0,False,Mainoo,0.5,False,,a,14,1,4,21340,448,52537,431,0.2,0.8,Mainoo,241.0,2022-10-15,2005-04-19,False,p516895,100,0,0,0,4,0,0,0,0,0,0,0,18,16.0,39.5,3.0,5.8,1,7,4,12,0,0.07,0.11,0.18,2.40,301,138,123,83,317,167,274,139,,,,,,,0.06,0.0,0.1,0.16,2.16,3.6,378,237,252,116,352,165,241,84,0.0,0.0,10.8
True,True,,,232112,0,0,-1,1,0,3,2.3,1.8,2,Manuel,1.8,459,False,,,49,232112.jpg,1.8,False,Ugarte Ribeiro,0.1,False,,a,14,1,9,7701,130,14094,126,0.4,1.8,Ugarte,230.0,2024-08-30,2001-04-11,False,p232112,235,0,0,0,7,0,0,0,0,0,0,0,45,27.8,21.5,2.0,5.1,9,13,12,34,2,0.05,0.03,0.08,5.34,256,116,197,126,329,174,292,147,,,,,,,0.02,0.0,0.01,0.03,2.05,2.68,336,207,188,81,266,124,405,134,0.77,0.0,13.02
True,False,0.0,0.0,490881,0,0,0,0,0,3,0.0,0.0,0,Toby,0.0,460,False,Has joined West Bromwich Albion on loan for the rest of the season.,2025-08-19T13:36:56.708077Z,45,490881.jpg,0.0,False,Collyer,0.0,False,,u,14,1,0,423,0,7806,32,0.0,0.0,Collyer,241.0,2023-07-01,2004-01-03,False,p490881,0,0,0,0,0,0,0,0,0,0,0,0,0,0.0,0.0,0.0,0.0,0,0,0,0,0,0.00,0.00,0.00,0.00,602,233,595,235,570,225,604,234,,,,,,,0.0,0.0,0.0,0.0,0.0,0.0,442,259,591,229,611,243,593,234,0.0,0.0,0.0
True,True,,,556639,0,0,-1,1,0,3,0.5,0.0,0,Jayce,0.0,461,False,,,44,556639.jpg,0.0,False,Fitzgerald,0.0,False,,a,14,1,0,1109,17,2089,21,0.0,0.0,Fitzgerald,,,,False,p556639,0,0,0,0,0,0,0,0,0,0,0,0,0,0.0,0.0,0.0,0.0,0,0,0,0,0,0.00,0.00,0.00,0.00,565,209,551,211,522,200,567,210,,,,,,,0.0,0.0,0.0,0.0,0.0,0.0,583,320,552,204,574,219,604,242,0.0,0.0,0.0
True,True,,,547037,0,0,-1,1,0,3,0.5,0.0,0,Jack,0.0,462,False,,,44,547037.jpg,0.0,False,Fletcher,0.1,False,,a,14,1,0,2844,18,2995,37,0.0,0.0,J.Fletcher,241.0,2024-07-12,2007-03-19,False,p547037,0,0,0,0,0,0,0,0,0,0,0,0,0,0.0,0.0,0.0,0.0,0,0,0,0,0,0.00,0.00,0.00,0.00,562,207,548,209,518,198,564,208,,,,,,,0.0,0.0,0.0,0.0,0.0,0.0,578,317,549,202,571,217,565,210,0.0,0.0,0.0
True,True,,,618873,0,0,-1,1,0,3,0.5,0.0,0,Sékou,0.0,463,False,,,44,618873.jpg,0.0,False,Koné,0.1,False,,a,14,1,0,3657,52,5283,66,0.0,0.0,Kone,132.0,2025-02-15,2006-02-03,False,p618873,0,0,0,0,0,0,0,0,0,0,0,0,0,0.0,0.0,0.0,0.0,0,0,0,0,0,0.00,0.00,0.00,0.00,577,215,563,217,534,206,579,216,,,,,,,0.0,0.0,0.0,0.0,0.0,0.0,596,326,564,210,586,225,494,167,0.0,0.0,0.0
True,False,0.0,0.0,559684,0,0,0,0,0,3,0.0,0.0,0,Jack,0.0,464,False,has joined Leyton Orient on loan for the rest of the season.,2025-09-22T21:21:54.592776Z,45,559684.jpg,0.0,False,Moorhouse,0.0,False,,u,14,1,0,723,0,1880,36,0.0,0.0,Moorhouse,,,,False,p559684,0,0,0,0,0,0,0,0,0,0,0,0,0,0.0,0.0,0.0,0.0,0,0,0,0,0,0.00,0.00,0.00,0.00,620,249,614,251,589,241,622,250,,,,,,,0.0,0.0,0.0,0.0,0.0,0.0,469,276,611,245,631,259,635,263,0.0,0.0,0.0
True,False,0.0,0.0,497894,0,0,-2,2,0,4,0.0,0.0,0,Rasmus,0.0,465,False,has joined Napoli on loan for the rest of the season.,2025-09-02T13:30:59.575548Z,63,497894.jpg,0.0,False,Højlund,0.3,False,,u,14,1,0,5437,0,50998,180,0.0,0.0,Højlund,58.0,2023-08-05,2003-02-04,False,p497894,0,0,0,0,0,0,0,0,0,0,0,0,0,0.0,0.0,0.0,0.0,0,0,0,0,0,0.00,0.00,0.00,0.00,731,77,731,77,731,77,731,77,,,,,,,0.0,0.0,0.0,0.0,0.0,0.0,78,24,727,75,730,77,300,49,0.0,0.0,0.0
True,True,100.0,100.0,458249,0,0,-1,1,0,4,1.3,0.8,1,Joshua,0.8,466,False,,2025-08-10T23:00:06.602693Z,59,458249.jpg,1.0,False,Zirkzee,0.4,False,,a,14,1,3,18147,184,34284,389,0.1,0.5,Zirkzee,152.0,2024-07-17,2001-05-22,False,p458249,74,0,0,0,3,0,0,0,0,0,0,0,4,8.4,15.7,54.0,7.9,2,2,0,4,0,0.79,0.03,0.82,1.50,339,24,240,20,70,19,233,24,,,,,,,0.96,0.0,0.04,1.0,1.82,3.65,107,29,301,30,394,43,273,45,0.0,0.0,4.86
True,True,,,596047,0,0,-1,1,0,4,0.5,0.0,0,Chido,0.0,467,False,,,44,596047.jpg,0.0,False,Obi,1.4,False,,a,14,1,0,37019,316,131992,1128,0.0,0.0,Obi,58.0,2025-02-15,2007-11-29,False,p596047,0,0,0,0,0,0,0,0,0,0,0,0,0,0.0,0.0,0.0,0.0,0,0,0,0,0,0.00,0.00,0.00,0.00,573,56,559,56,530,54,575,57,,,,,,,0.0,0.0,0.0,0.0,0.0,0.0,591,79,560,54,582,58,157,25,0.0,0.0,0.0
True,False,0.0,0.0,575034,0,0,0,0,0,4,0.0,0.0,0,Ethan,0.0,468,False,has joined Northampton Town on loan for the rest of the season.,2025-09-22T21:18:26.096577Z,45,575034.jpg,0.0,False,Wheatley,0.1,False,,u,14,1,0,3886,0,9514,161,0.0,0.0,Wheatley,241.0,2024-04-12,2006-01-20,False,p575034,0,0,0,0,0,0,0,0,0,0,0,0,0,0.0,0.0,0.0,0.0,0,0,0,0,0,0.00,0.00,0.00,0.00,629,61,623,61,597,58,630,61,,,,,,,0.0,0.0,0.0,0.0,0.0,0.0,478,62,619,58,639,62,442,63,0.0,0.0,0.0
True,True,,,485711,0,0,-2,2,0,4,3.0,2.5,6,Benjamin,2.5,681,False,,,73,485711.jpg,2.0,False,Sesko,4.6,False,,a,14,1,12,244802,4204,740040,2115,0.3,1.6,Šeško,195.0,2025-08-09,2003-05-31,False,p485711,294,1,0,0,7,0,0,0,0,0,0,0,43,1.6,32.0,31.0,5.9,3,4,0,7,3,1.25,0.12,1.37,5.48,390,41,152,14,142,29,273,27,,,,,,,0.38,0.0,0.04,0.42,1.68,2.14,29,12,130,15,255,23,79,13,0.92,0.0,2.14
True,True,,,465247,0,0,0,0,0,1,0.5,0.0,0,Senne,0.0,733,False,,,50,465247.jpg,0.0,False,Lammens,0.1,False,,a,14,1,0,12653,74,5114,226,0.0,0.0,Lammens,21.0,2025-09-01,2002-07-07,False,p465247,0,0,0,0,0,0,0,0,0,0,0,0,0,0.0,0.0,0.0,0.0,0,0,0,0,0,0.00,0.00,0.00,0.00,688,85,689,83,673,80,689,85,,,,,,,0.0,0.0,0.0,0.0,0.0,0.0,277,13,680,85,692,85,437,66,0.0,0.0,0.0
True,True,0.0,0.0,232653,0,0,-2,2,0,3,0.0,0.0,0,Jacob,0.2,52,False,Ankle injury - Expected back 18 Oct,2025-08-31T01:30:07.565346Z,53,232653.jpg,1.0,False,Ramsey,0.2,False,,i,15,4,2,12590,4,57881,208,0.0,0.4,J.Ramsey,241.0,2025-08-17,2001-05-28,False,p232653,59,0,0,0,1,0,0,0,0,0,0,0,13,13.4,41.8,7.0,6.2,0,5,1,6,1,0.03,0.12,0.15,0.91,316,148,114,77,270,149,267,138,,,,,,,0.05,0.0,0.18,0.23,1.39,1.53,217,136,370,178,373,181,342,114,1.53,0.0,9.15
True,True,0.0,0.0,216646,0,0,-1,1,0,4,0.0,0.0,0,Yoane,0.0,135,False,Knee injury - Expected back 18 Oct,2025-09-12T10:00:06.619832Z,74,216646.jpg,0.0,False,Wissa,0.7,False,,i,15,4,0,84624,24,290688,619,0.0,0.0,Wissa,50.0,2025-09-01,1996-09-03,False,p216646,0,0,0,0,0,0,0,0,0,0,0,0,0,0.0,0.0,0.0,0.0,0,0,0,0,0,0.00,0.00,0.00,0.00,739,82,739,82,739,82,739,82,,,,,1.0,,0.0,0.0,0.0,0.0,0.0,0.0,26,10,737,82,738,82,214,36,0.0,0.0,0.0
True,True,,,98747,0,0,0,0,1,1,5.3,4.8,0,Nick,4.8,469,False,,,50,98747.jpg,6.4,False,Pope,6.9,False,,a,15,4,32,495913,12437,194938,1208,1.0,6.4,Pope,241.0,2022-06-23,1992-04-19,False,p98747,450,0,1,4,3,0,0,0,1,0,10,3,115,88.4,0.0,0.0,8.8,4,49,0,0,5,0.00,0.00,0.00,2.65,79,11,682,81,662,76,208,12,,,,,,,0.0,2.0,0.0,0.0,0.53,0.6,246,9,31,2,10,1,56,11,1.0,0.8,0.0
True,True,,,81441,0,0,0,0,0,1,0.5,0.0,0,Mark,0.0,471,False,,,40,81441.jpg,0.0,False,Gillespie,0.1,False,,a,15,4,0,2559,15,4492,31,0.0,0.0,Gillespie,241.0,2020-07-27,1992-03-27,False,p81441,0,0,0,0,0,0,0,0,0,0,0,0,0,0.0,0.0,0.0,0.0,0,0,0,0,0,0.00,0.00,0.00,0.00,437,34,418,17,379,10,439,34,,,,,,,0.0,0.0,0.0,0.0,0.0,0.0,613,45,417,33,447,34,409,62,0.0,0.0,0.0
True,False,0.0,0.0,111452,0,0,0,0,0,1,0.0,0.0,0,Odysseas,0.0,472,False,Has joined Sevilla on loan for the rest of the season.,2025-08-13T15:41:50.078613Z,40,111452.jpg,0.0,False,Vlachodimos,0.0,False,,u,15,4,0,0,0,1708,8,0.0,0.0,Odysseas,83.0,2024-07-01,1994-04-26,False,p111452,0,0,0,0,0,0,0,0,0,0,0,0,0,0.0,0.0,0.0,0.0,0,0,0,0,0,0.00,0.00,0.00,0.00,443,39,424,22,386,15,445,39,,,,,,,0.0,0.0,0.0,0.0,0.0,0.0,620,50,423,38,453,39,652,79,0.0,0.0,0.0
True,True,,,487838,0,0,-1,1,0,2,2.5,2.0,0,Lewis,2.0,473,False,,,54,487838.jpg,3.0,False,Hall,1.3,False,,a,15,4,9,47318,555,133030,484,0.4,1.7,Hall,241.0,2024-07-01,2004-09-08,False,p487838,133,0,0,1,1,0,0,0,0,0,0,1,31,27.4,4.0,7.0,3.9,6,8,6,12,1,0.04,0.05,0.09,1.00,257,98,321,110,273,87,318,108,2.0,,,,,,0.03,0.0,0.03,0.06,0.68,0.68,196,26,171,66,155,61,165,62,0.68,0.68,8.12
True,True,25.0,25.0,119471,0,0,0,0,0,2,1.0,0.9,0,Fabian,3.5,474,False,Head injury - 25% chance of playing,2025-09-19T11:30:08.392759Z,55,119471.jpg,5.8,False,Schär,2.1,False,,d,15,4,23,144062,21,227098,3330,0.6,4.2,Schär,207.0,2018-07-26,1991-12-20,False,p119471,350,0,0,3,2,0,0,0,0,0,0,0,82,80.0,25.0,15.0,12.1,31,13,4,35,4,0.08,0.07,0.15,1.72,107,48,183,50,220,61,155,53,,,2.0,,4.0,,0.02,0.0,0.02,0.04,0.44,0.51,139,16,78,33,23,11,127,49,1.03,0.77,9.0
True,True,,,220237,0,0,-1,1,0,2,4.7,4.2,0,Sven,4.2,475,False,,,49,220237.jpg,5.7,False,Botman,0.5,False,,a,15,4,17,19602,405,29165,142,0.9,3.5,Botman,152.0,2022-06-28,2000-01-12,False,p220237,158,0,0,2,0,0,0,0,0,0,0,4,60,44.6,0.6,0.0,4.5,16,12,2,18,2,0.00,0.00,0.00,1.18,183,74,360,130,638,230,302,102,,,,,,,0.0,0.0,0.0,0.0,0.67,0.0,329,55,41,18,27,13,251,94,1.14,1.14,10.25
True,True,,,78916,0,0,0,0,0,2,5.7,5.2,0,Dan,5.2,476,False,,,50,78916.jpg,6.4,False,Burn,6.1,False,,a,15,4,32,406377,7019,173599,1209,1.0,6.4,Burn,241.0,2022-01-31,1992-05-09,False,p78916,450,0,0,4,3,0,0,0,1,0,0,2,103,92.2,18.5,25.0,13.6,39,19,6,45,5,0.05,0.12,0.17,2.65,76,35,221,67,165,40,137,46,,,,,,,0.01,0.0,0.02,0.03,0.53,0.6,242,38,21,11,9,5,60,23,1.0,0.8,9.0
True,True,,,441191,0,0,1,-1,0,2,5.0,4.5,0,Tino,4.5,477,False,,,51,441191.jpg,6.2,False,Livramento,9.5,False,,a,15,4,31,888322,5789,255939,1915,0.9,6.1,Livramento,241.0,2023-08-08,2002-11-12,False,p441191,450,0,1,4,3,0,0,0,0,0,0,3,114,68.2,55.2,16.0,13.9,9,22,6,15,5,0.00,0.32,0.32,2.65,126,58,81,18,214,57,130,43,,,,,,,0.0,0.0,0.06,0.06,0.53,0.6,238,36,36,15,13,6,45,15,1.0,0.8,3.0
True,True,100.0,100.0,77794,0,0,0,0,0,2,4.0,3.5,0,Kieran,3.5,478,False,,2025-09-19T11:30:08.407420Z,50,77794.jpg,5.2,False,Trippier,2.5,False,,a,15,4,21,132258,777,112118,646,0.7,4.2,Trippier,241.0,2022-01-07,1990-09-19,False,p77794,316,0,0,3,2,0,0,0,0,0,0,2,77,36.8,129.5,4.0,16.9,6,19,2,8,4,0.00,0.35,0.35,1.65,221,84,14,3,308,108,92,28,1.0,,1.0,,,,0.0,0.0,0.1,0.1,0.47,0.57,241,37,74,30,36,18,117,45,1.14,0.85,2.28
True,True,,,111773,0,0,-1,1,0,2,0.5,0.0,0,Emil,0.0,479,False,,,44,111773.jpg,0.0,False,Krafth,0.0,False,,a,15,4,0,852,11,2718,16,0.0,0.0,Krafth,206.0,2019-08-08,1994-08-02,False,p111773,0,0,0,0,0,0,0,0,0,0,0,0,0,0.0,0.0,0.0,0.0,0,0,0,0,0,0.00,0.00,0.00,0.00,525,215,510,214,476,201,527,215,,,,,,,0.0,0.0,0.0,0.0,0.0,0.0,515,119,508,207,534,212,582,207,0.0,0.0,0.0
True,True,,,101148,0,0,-1,1,0,2,0.7,0.2,0,Jamaal,0.2,480,False,,,44,101148.jpg,1.0,False,Lascelles,0.1,False,,a,15,4,1,1154,9,4416,19,0.0,0.2,Lascelles,241.0,2014-08-04,1993-11-11,False,p101148,6,0,0,0,0,0,0,0,0,0,0,0,4,3.0,0.0,0.0,0.3,2,0,0,2,0,0.00,0.00,0.00,0.13,375,138,507,211,473,198,393,139,,,,,,,0.0,0.0,0.0,0.0,1.95,0.0,511,115,352,122,335,120,535,193,0.0,0.0,30.0
True,True,,,545477,0,0,-1,1,0,2,0.5,0.0,0,Alex,0.0,481,False,,,39,545477.jpg,0.0,False,Murphy,0.7,False,,a,15,4,0,19842,339,39965,260,0.0,0.0,A.Murphy,104.0,2023-07-19,2004-06-25,False,p545477,0,0,0,0,0,0,0,0,0,0,0,0,0,0.0,0.0,0.0,0.0,0,0,0,0,0,0.00,0.00,0.00,0.00,421,159,399,154,359,135,423,159,,,,,,,0.0,0.0,0.0,0.0,0.0,0.0,729,234,400,147,431,157,210,78,0.0,0.0,0.0
True,True,,,441024,0,0,-1,1,0,2,0.5,0.0,0,Harrison,0.0,482,False,,,39,441024.jpg,0.0,False,Ashby,0.2,False,,a,15,4,0,6800,42,6983,49,0.0,0.0,Ashby,243.0,2023-01-31,2001-11-14,False,p441024,0,0,0,0,0,0,0,0,0,0,0,0,0,0.0,0.0,0.0,0.0,0,0,0,0,0,0.00,0.00,0.00,0.00,413,152,391,147,351,128,415,152,,,,,,,0.0,0.0,0.0,0.0,0.0,0.0,721,227,392,140,423,150,388,142,0.0,0.0,0.0
True,True,,,578512,0,0,-1,1,0,2,0.5,0.0,0,Miodrag,0.0,483,False,,,39,578512.jpg,0.0,False,Pivaš,0.2,False,,a,15,4,0,16581,44,8941,124,0.0,0.0,Pivas,,,,False,p578512,0,0,0,0,0,0,0,0,0,0,0,0,0,0.0,0.0,0.0,0.0,0,0,0,0,0,0.00,0.00,0.00,0.00,426,164,404,159,364,140,428,164,,,,,,,0.0,0.0,0.0,0.0,0.0,0.0,734,239,405,152,436,162,338,123,0.0,0.0,0.0
True,False,0.0,0.0,169359,0,0,0,0,0,2,0.0,0.0,0,Matt,0.0,484,False,has joined Middlesbrough on loan for the rest of the season.,2025-09-02T12:49:12.555659Z,40,169359.jpg,0.0,False,Targett,0.3,False,,u,15,4,0,3759,0,32023,216,0.0,0.0,Targett,241.0,2022-07-01,1995-09-18,False,p169359,0,0,0,0,0,0,0,0,0,0,0,0,0,0.0,0.0,0.0,0.0,0,0,0,0,0,0.00,0.00,0.00,0.00,449,173,430,169,392,152,451,173,,,,,,,0.0,0.0,0.0,0.0,0.0,0.0,626,163,429,162,459,171,323,115,0.0,0.0,0.0
True,True,100.0,100.0,232826,0,0,-1,1,0,3,0.5,0.0,0,Anthony,0.0,485,False,,2025-08-25T23:00:08.176199Z,74,232826.jpg,0.5,False,Gordon,1.1,False,,a,15,4,1,145600,2967,245872,405,0.0,0.1,Gordon,241.0,2023-01-29,2001-02-24,False,p232826,137,0,0,1,3,0,0,0,0,1,0,0,-2,5.4,24.2,86.0,11.3,0,7,0,7,2,1.03,0.05,1.08,0.27,359,170,186,120,30,15,166,87,3.0,,,,3.0,,0.68,0.0,0.03,0.71,0.18,1.97,27,17,738,326,413,200,180,61,1.31,0.66,4.6
True,True,,,449434,0,0,-1,1,0,3,1.3,0.8,0,Anthony,0.8,486,False,,,69,449434.jpg,1.6,False,Elanga,5.3,False,,a,15,4,8,484306,823,792960,3765,0.1,1.2,Elanga,206.0,2025-07-11,2002-04-27,False,p449434,233,0,0,1,3,0,0,0,0,0,0,0,29,22.6,47.5,39.0,10.9,3,4,1,8,2,0.57,0.13,0.70,1.16,281,127,95,67,115,70,171,88,,,,,,,0.22,0.0,0.05,0.27,0.45,1.16,46,30,305,149,285,137,67,19,0.77,0.39,3.09
True,True,,,201666,0,0,0,0,0,3,1.7,1.2,0,Harvey,1.2,487,False,,,65,201666.jpg,2.0,False,Barnes,0.6,False,,a,15,4,10,124968,106,125029,661,0.2,1.5,Barnes,241.0,2023-07-23,1997-12-09,False,p201666,293,0,0,2,2,0,0,0,0,0,0,0,32,20.2,78.5,49.0,14.6,2,9,2,13,3,0.37,0.80,1.17,1.14,289,133,51,39,80,48,117,64,,,,,,,0.11,0.0,0.25,0.36,0.35,0.61,52,35,243,111,253,119,228,79,0.92,0.61,3.99
True,True,,,208706,0,0,0,0,0,3,1.7,1.2,0,Bruno,1.2,488,False,,,65,208706.jpg,3.5,False,Guimarães Rodriguez Moura,2.1,False,,a,15,4,14,159533,534,152175,1134,0.2,2.2,Bruno G.,30.0,2022-01-30,1997-11-16,False,p208706,360,1,0,3,3,0,0,0,2,0,0,0,56,59.4,72.8,25.0,15.7,2,29,8,39,4,0.25,0.22,0.47,2.09,139,51,61,47,169,97,106,58,,,,,,,0.06,0.0,0.06,0.12,0.52,0.75,54,37,244,112,115,47,128,45,1.0,0.75,9.75
True,True,,,114243,0,0,-2,2,0,3,3.5,3.0,0,Jacob,3.0,489,False,,,63,114243.jpg,3.2,False,Murphy,1.1,False,,a,15,4,13,30121,424,159682,645,0.5,2.1,J.Murphy,241.0,2017-07-19,1995-02-24,False,p114243,224,0,1,3,0,0,0,0,0,0,0,0,34,37.2,27.7,102.0,16.6,3,4,0,7,3,0.98,0.35,1.33,1.58,218,96,166,110,20,9,98,53,,,,,,,0.39,0.0,0.14,0.53,0.63,0.0,74,51,98,41,138,59,179,60,1.21,1.21,2.81
True,True,100.0,100.0,180974,0,0,-1,1,0,3,1.3,0.8,0,Joelinton Cássio,0.8,490,False,,2025-08-25T23:00:08.192388Z,59,180974.jpg,2.3,False,Apolinário de Lira,0.3,False,,a,15,4,7,14314,272,39279,137,0.1,1.2,Joelinton,30.0,2019-07-24,1996-08-14,False,p180974,221,0,0,2,2,0,0,0,1,0,0,0,25,14.2,21.2,21.0,5.7,5,9,4,18,3,0.03,0.33,0.36,0.91,311,144,203,128,188,112,278,141,,,,,,,0.01,0.0,0.13,0.14,0.37,0.81,97,65,299,147,215,98,318,106,1.22,0.81,7.33
True,True,100.0,100.0,432422,0,0,-1,1,0,3,2.7,2.2,0,Sandro,2.2,491,False,,2025-08-25T23:00:08.207841Z,54,432422.jpg,2.8,False,Tonali,1.2,False,,a,15,4,14,54046,664,131834,603,0.4,2.6,Tonali,106.0,2023-07-03,2000-05-08,False,p432422,425,0,0,4,2,0,0,0,0,0,0,0,81,54.8,104.1,48.0,20.7,6,21,6,33,5,0.29,0.43,0.72,2.28,152,57,29,25,81,49,61,38,4.0,,5.0,,,,0.06,0.0,0.09,0.15,0.48,0.42,188,116,144,59,175,74,167,57,1.06,0.85,6.99
True,False,0.0,0.0,640108,0,0,-1,1,0,3,0.0,0.0,0,Antoñito,0.0,492,False,has joined KVC Westerlo on loan for the rest of the season.,2025-09-22T21:20:47.006379Z,49,640108.jpg,0.0,False,Cordero Campillo,0.0,False,,u,15,4,0,655,0,2561,40,0.0,0.0,Antoñito C.,200.0,2025-07-01,2006-11-14,False,p640108,0,0,0,0,0,0,0,0,0,0,0,0,0,0.0,0.0,0.0,0.0,0,0,0,0,0,0.00,0.00,0.00,0.00,682,290,678,292,658,286,683,291,,,,,,,0.0,0.0,0.0,0.0,0.0,0.0,369,233,673,287,686,294,620,254,0.0,0.0,0.0
True,True,100.0,100.0,200089,0,0,0,0,0,3,1.5,1.0,0,Joe,1.0,494,False,,2025-08-10T23:30:07.136690Z,50,200089.jpg,2.0,False,Willock,0.1,False,,a,15,4,4,3254,104,3468,40,0.2,0.8,Willock,241.0,2021-08-13,1999-08-20,False,p200089,86,0,0,1,0,0,0,0,0,0,0,0,16,10.6,2.2,6.0,1.8,2,5,4,11,1,0.09,0.01,0.10,0.52,328,154,340,178,287,153,361,173,,,,,,,0.09,0.0,0.01,0.1,0.54,0.0,256,154,258,121,241,111,561,208,1.05,1.05,11.51
True,False,0.0,0.0,153127,0,0,0,0,0,3,0.0,0.0,0,Isaac,0.0,495,False,Has departed the club as a free agent.,2025-08-11T01:17:33.103826Z,45,153127.jpg,0.0,False,Hayden,0.0,False,,u,15,4,0,0,0,1319,4,0.0,0.0,Hayden,107.0,2016-07-11,1995-03-22,False,p153127,0,0,0,0,0,0,0,0,0,0,0,0,0,0.0,0.0,0.0,0.0,0,0,0,0,0,0.00,0.00,0.00,0.00,583,219,571,221,543,210,585,220,,,,,,,0.0,0.0,0.0,0.0,0.0,0.0,401,243,571,214,592,229,701,302,0.0,0.0,0.0
True,False,0.0,0.0,564510,0,0,-1,1,0,3,0.0,0.0,0,Garang,0.0,496,False,has joined Sparta Prague permanently.,2025-09-22T21:20:47.021681Z,44,564510.jpg,0.0,False,Kuol,0.1,False,,u,15,4,0,2219,0,4609,88,0.0,0.0,Kuol,13.0,2023-01-01,2004-09-15,False,p564510,0,0,0,0,0,0,0,0,0,0,0,0,0,0.0,0.0,0.0,0.0,0,0,0,0,0,0.00,0.00,0.00,0.00,566,210,552,212,523,201,568,211,,,,,,,0.0,0.0,0.0,0.0,0.0,0.0,584,321,553,205,575,220,559,207,0.0,0.0,0.0
True,True,,,547719,0,0,-1,1,0,3,1.5,1.0,0,Lewis,1.0,497,False,,,44,547719.jpg,1.5,False,Miley,2.1,False,,a,15,4,6,110092,2530,145540,1074,0.2,1.4,L.Miley,241.0,2023-02-01,2006-05-01,False,p547719,166,0,0,1,1,0,0,0,0,0,0,0,29,20.8,27.2,6.0,5.5,4,10,3,17,1,0.03,0.04,0.07,1.11,285,130,169,112,282,152,282,144,,,,,,,0.02,0.0,0.02,0.04,0.6,0.54,580,319,246,113,291,139,125,44,0.54,0.54,9.22
True,False,0.0,0.0,461484,0,0,0,0,0,3,0.0,0.0,0,Joe,0.0,498,False,Has joined Leyton Orient on loan for the rest of the season.,2025-07-30T14:07:15.215025Z,45,461484.jpg,0.0,False,White,0.0,False,,u,15,4,0,0,0,952,6,0.0,0.0,White,241.0,2024-01-29,2002-10-01,False,p461484,0,0,0,0,0,0,0,0,0,0,0,0,0,0.0,0.0,0.0,0.0,0,0,0,0,0,0.00,0.00,0.00,0.00,599,230,591,232,565,222,601,231,,,,,,,0.0,0.0,0.0,0.0,0.0,0.0,434,255,588,226,608,240,709,308,0.0,0.0,0.0
True,True,,,538207,0,0,0,0,0,4,1.5,1.0,0,William,1.0,500,False,,,55,538207.jpg,2.0,False,Osula,0.4,False,,a,15,4,10,57439,299,51423,432,0.2,1.8,Osula,58.0,2024-08-08,2003-08-04,False,p538207,136,1,0,1,1,0,0,0,0,0,0,0,38,37.0,13.5,31.0,7.9,1,4,1,6,1,0.40,0.02,0.42,1.28,219,20,251,22,140,28,232,23,,,,,,,0.26,0.0,0.01,0.27,0.85,0.66,165,40,271,25,246,22,283,47,0.66,0.66,3.97
True,True,,,599303,0,0,-1,1,0,4,0.5,0.0,0,Sean,0.0,501,False,,,44,599303.jpg,0.0,False,Neave,0.2,False,,a,15,4,0,9683,137,16062,144,0.0,0.0,Neave,241.0,2025-02-07,2007-05-27,False,p599303,0,0,0,0,0,0,0,0,0,0,0,0,0,0.0,0.0,0.0,0.0,0,0,0,0,0,0.00,0.00,0.00,0.00,575,57,561,57,532,55,577,58,,,,,,,0.0,0.0,0.0,0.0,0.0,0.0,593,80,562,55,584,59,340,54,0.0,0.0,0.0
True,True,,,225321,0,0,-1,1,0,1,0.5,0.0,0,Aaron,0.0,674,False,,,49,225321.jpg,0.0,False,Ramsdale,0.7,False,,a,15,4,0,9347,105,46204,220,0.0,0.0,Ramsdale,241.0,2025-08-02,1998-05-14,False,p225321,0,0,0,0,0,0,0,0,0,0,0,0,0,0.0,0.0,0.0,0.0,0,0,0,0,0,0.00,0.00,0.00,0.00,666,84,661,78,641,73,667,84,,,,,,,0.0,0.0,0.0,0.0,0.0,0.0,333,17,657,84,671,84,215,29,0.0,0.0,0.0
True,True,,,465642,0,0,-1,1,0,2,2.3,1.8,0,Malick,1.8,684,False,,,49,465642.jpg,4.0,False,Thiaw,0.1,False,,a,15,4,8,5753,63,11928,51,0.4,1.6,Thiaw,80.0,2025-08-12,2001-08-08,False,p465642,92,0,0,1,1,0,0,0,1,0,0,0,21,26.2,1.4,0.0,2.8,13,2,2,15,1,0.00,0.02,0.02,0.80,263,102,349,126,650,232,346,123,,,,,,,0.0,0.0,0.02,0.02,0.78,0.98,349,59,189,73,84,38,407,153,0.98,0.98,14.67
True,True,,,623110,0,0,-1,1,0,3,0.5,0.0,0,Seung-Soo,0.0,689,False,,,44,623110.jpg,0.0,False,Park,0.2,False,,a,15,4,0,17359,668,11590,163,0.0,0.0,Seung soo,114.0,2025-07-26,2007-03-17,False,p623110,0,0,0,0,0,0,0,0,0,0,0,0,0,0.0,0.0,0.0,0.0,0,0,0,0,0,0.00,0.00,0.00,0.00,578,216,564,218,535,207,580,217,,,,,,,0.0,0.0,0.0,0.0,0.0,0.0,597,327,565,211,587,226,353,119,0.0,0.0,0.0
True,True,,,470313,0,0,1,-1,0,4,4.2,3.7,0,Nick,3.7,714,False,,,71,470313.jpg,5.5,False,Woltemade,3.2,False,,a,15,4,11,510096,4517,160141,4694,0.5,1.5,Woltemade,80.0,2025-08-30,2002-02-14,False,p470313,147,1,0,2,0,0,0,0,0,0,0,3,41,38.0,17.2,54.0,11.0,1,4,3,8,2,0.27,0.03,0.30,0.84,214,19,230,18,71,20,169,19,,,,,,,0.17,0.0,0.02,0.19,0.51,0.0,31,14,68,10,32,5,101,15,1.22,1.22,4.9
True,True,100.0,100.0,206325,0,0,-1,1,0,2,0.5,1.5,2,Oleksandr,1.0,12,False,,2025-09-11T02:00:06.341907Z,49,206325.jpg,2.0,False,Zinchenko,0.4,False,,a,16,17,4,18528,208,26355,164,0.2,0.8,Zinchenko,225.0,2025-09-01,1996-12-15,False,p206325,170,0,0,0,2,0,0,0,0,0,0,0,29,29.6,18.0,15.0,6.3,7,8,4,11,2,0.04,0.11,0.15,1.60,250,95,228,71,217,59,264,86,,,,,,,0.02,0.0,0.06,0.08,0.85,1.06,322,52,254,93,236,88,286,105,1.06,0.0,5.82
True,True,,,432714,0,0,-2,2,0,3,0.3,1.3,1,James,0.8,426,False,,,53,432714.jpg,1.0,False,McAtee,0.1,False,,a,16,17,4,7708,89,15671,118,0.2,0.8,McAtee,241.0,2025-08-16,2002-10-18,False,p432714,126,0,0,0,5,0,0,0,0,0,0,0,20,9.6,35.7,4.0,5.0,1,6,2,9,1,0.01,0.17,0.18,2.72,332,158,136,91,312,165,293,148,,,,,,,0.01,0.0,0.12,0.13,1.94,3.57,218,137,291,144,374,182,449,147,0.71,0.0,6.43
True,True,,,85633,0,0,0,0,0,1,1.5,2.5,2,Matz,2.0,502,False,,,50,85633.jpg,2.0,False,Sels,12.7,False,,a,16,17,12,245327,383,940635,11649,0.4,2.4,Sels,21.0,2024-02-01,1992-02-26,False,p85633,530,0,0,0,10,0,0,0,1,0,17,0,51,123.8,0.0,0.0,12.5,6,34,0,0,6,0.00,0.00,0.00,8.46,30,4,681,80,661,75,152,5,,,,,,,0.0,2.89,0.0,0.0,1.44,1.7,245,8,166,15,240,21,30,4,1.02,0.0,0.0
True,False,0.0,0.0,475123,0,0,0,0,0,1,0.0,0.0,0,Carlos Miguel,0.0,503,False,Has joined Palmeiras permanently.,2025-08-20T13:32:34.630338Z,40,475123.jpg,0.0,False,dos Santos Pereira,0.1,False,,u,16,17,0,448,0,10896,54,0.0,0.0,C.Miguel,30.0,2024-07-09,1998-10-09,False,p475123,0,0,0,0,0,0,0,0,0,0,0,0,0,0.0,0.0,0.0,0.0,0,0,0,0,0,0.00,0.00,0.00,0.00,475,59,458,42,421,35,477,59,,,,,,,0.0,0.0,0.0,0.0,0.0,0.0,662,70,456,58,485,59,464,72,0.0,0.0,0.0
True,False,0.0,0.0,224068,0,0,0,0,0,1,0.0,0.0,0,Matt,0.0,504,False,Has joined Lyon permanently.,2025-08-11T01:18:09.881299Z,40,224068.jpg,0.0,False,Turner,0.1,False,,u,16,17,0,0,0,10893,48,0.0,0.0,Turner,229.0,2023-08-09,1994-06-24,False,p224068,0,0,0,0,0,0,0,0,0,0,0,0,0,0.0,0.0,0.0,0.0,0,0,0,0,0,0.00,0.00,0.00,0.00,456,47,439,30,401,23,458,47,,,,,,,0.0,0.0,0.0,0.0,0.0,0.0,638,58,436,46,466,47,447,69,0.0,0.0,0.0
True,True,,,227444,0,0,-1,1,0,2,0.7,1.7,1,Nikola,1.2,505,False,,,54,227444.jpg,1.5,False,Milenković,6.5,False,,a,16,17,9,188386,405,513329,6193,0.2,1.7,Milenković,190.0,2024-07-18,1997-10-12,False,p227444,530,0,0,0,10,0,0,0,1,0,0,0,42,73.0,18.3,10.0,10.2,35,15,2,37,6,0.05,0.18,0.23,8.46,116,52,225,69,252,79,183,62,,,,,,,0.01,0.0,0.03,0.04,1.44,1.7,184,24,238,87,297,104,57,21,1.02,0.0,6.28
True,True,50.0,50.0,575476,0,0,-1,1,0,2,0.2,0.8,0,Murillo,1.0,506,False,Knock - 50% chance of playing,2025-09-13T21:30:08.280182Z,54,575476.jpg,1.8,False,Costa dos Santos,3.0,False,,d,16,17,7,64203,16,470913,4428,0.2,1.3,Murillo,30.0,2023-08-31,2002-07-04,False,p575476,306,0,0,0,6,0,0,0,1,0,0,0,23,54.0,11.9,0.0,6.6,22,21,3,25,4,0.00,0.20,0.20,5.97,153,65,264,87,708,242,258,85,,,3.0,,,,0.0,0.0,0.06,0.06,1.76,1.76,204,28,268,94,275,97,103,39,1.18,0.0,7.35
True,True,0.0,0.0,159506,0,0,-1,1,0,2,0.0,0.0,0,Ola,0.2,507,False,Hamstring injury - Expected back 13 Dec,2025-09-11T06:30:07.556962Z,49,159506.jpg,2.0,False,Aina,4.4,False,,i,16,17,6,230890,12,1291499,9238,0.0,1.2,Aina,157.0,2023-07-22,1996-10-08,False,p159506,270,0,0,0,5,0,0,0,1,0,0,0,20,53.8,33.3,11.0,9.8,16,20,6,22,3,0.04,0.32,0.36,5.02,155,66,142,36,241,74,196,69,,,,,,,0.01,0.0,0.11,0.12,1.67,1.67,313,51,362,126,234,87,82,31,1.0,0.0,7.33
True,True,,,215136,0,0,-1,1,1,2,2.5,3.5,1,Neco,3.0,508,False,,,49,215136.jpg,2.5,False,Williams,6.0,False,,a,16,17,15,157083,572,552730,5458,0.6,3.1,N.Williams,244.0,2022-07-11,2001-04-13,False,p215136,530,1,0,0,10,0,0,0,3,0,0,2,68,103.6,47.1,60.0,21.1,15,22,13,28,6,0.19,0.38,0.57,8.46,55,23,98,22,59,7,59,12,,,,,,,0.03,0.0,0.06,0.09,1.44,1.7,326,53,91,37,195,74,61,24,1.02,0.0,4.75
True,False,0.0,0.0,451432,0,0,0,0,0,2,0.0,0.0,0,David,0.0,509,False,has joined Real Oviedo on loan for the rest of the season.,2025-09-02T13:08:17.187888Z,45,451432.jpg,0.0,False,Mota Veiga Teixeira do Carmo,0.0,False,,u,16,17,0,427,0,3553,18,0.0,0.0,David Carmo,6.0,2024-08-25,1999-07-19,False,p451432,0,0,0,0,0,0,0,0,0,0,0,0,0,0.0,0.0,0.0,0.0,0,0,0,0,0,0.00,0.00,0.00,0.00,596,230,587,230,561,222,598,230,,,,,,,0.0,0.0,0.0,0.0,0.0,0.0,430,94,585,225,605,227,628,215,0.0,0.0,0.0
True,True,,,575458,0,0,-1,1,0,2,-0.5,0.5,0,Jair,0.0,510,False,,,44,575458.jpg,0.0,False,Paula da Cunha Filho,0.1,False,,a,16,17,0,1045,16,4417,26,0.0,0.0,Jair Cunha,30.0,2025-07-11,2005-03-07,False,p575458,0,0,0,0,0,0,0,0,0,0,0,0,0,0.0,0.0,0.0,0.0,0,0,0,0,0,0.00,0.00,0.00,0.00,568,225,554,224,525,215,570,225,,,,,,,0.0,0.0,0.0,0.0,0.0,0.0,586,153,555,220,577,222,545,198,0.0,0.0,0.0
True,True,,,485047,0,0,-1,1,0,2,0.5,1.5,2,Felipe,1.0,511,False,,,44,485047.jpg,1.3,False,Rodrigues da Silva,0.1,False,,a,16,17,4,2956,22,5097,29,0.2,0.9,Morato,30.0,2024-08-30,2001-06-30,False,p485047,260,0,0,0,5,0,0,0,1,0,0,0,20,29.6,2.7,0.0,3.2,13,13,5,18,3,0.00,0.02,0.02,3.44,249,94,331,116,498,211,333,118,,,,,,,0.0,0.0,0.01,0.01,1.19,1.73,553,145,245,89,304,107,493,182,1.04,0.0,6.23
True,False,0.0,0.0,204822,0,0,0,0,0,2,0.0,0.0,0,Omar,0.0,512,False,has joined Rio Ave on loan for the rest of the season.,2025-09-02T12:23:02.662537Z,45,204822.jpg,0.0,False,Richards,0.0,False,,u,16,17,0,345,0,3325,15,0.0,0.0,O.Richards,241.0,2022-07-10,1998-02-15,False,p204822,0,0,0,0,0,0,0,0,0,0,0,0,0,0.0,0.0,0.0,0.0,0,0,0,0,0,0.00,0.00,0.00,0.00,586,227,576,226,549,218,588,227,,,,,,,0.0,0.0,0.0,0.0,0.0,0.0,410,82,574,222,595,224,633,217,0.0,0.0,0.0
True,True,,,549067,0,0,-1,1,0,2,-0.5,0.5,0,Zach,0.0,513,False,,,39,549067.jpg,0.0,False,Abbott,0.2,False,,a,16,17,0,4271,94,8867,59,0.0,0.0,Abbott,241.0,2022-08-22,2006-05-13,False,p549067,0,0,0,0,0,0,0,0,0,0,0,0,0,0.0,0.0,0.0,0.0,0,0,0,0,0,0.00,0.00,0.00,0.00,423,161,401,156,361,137,425,161,,,,,,,0.0,0.0,0.0,0.0,0.0,0.0,731,236,402,149,433,159,371,133,0.0,0.0,0.0
True,True,,,90585,0,0,-1,1,0,2,-0.5,0.5,0,Willy,0.0,514,False,,,39,90585.jpg,0.0,False,Boly,0.5,False,,a,16,17,0,17799,380,23340,211,0.0,0.0,Boly,54.0,2022-09-01,1991-02-03,False,p90585,0,0,0,0,0,0,0,0,0,0,0,0,0,0.0,0.0,0.0,0.0,0,0,0,0,0,0.00,0.00,0.00,0.00,403,143,381,138,341,119,405,143,,,,,,,0.0,0.0,0.0,0.0,0.0,0.0,711,218,382,131,414,142,247,92,0.0,0.0,0.0
True,True,,,222531,0,0,0,0,0,3,1.3,2.3,1,Morgan,1.8,515,False,,,75,222531.jpg,2.3,False,Gibbs-White,4.6,False,,a,16,17,14,333441,670,413345,5386,0.2,1.9,Gibbs-White,241.0,2022-08-19,2000-01-27,False,p222531,451,0,1,0,8,0,0,0,0,0,0,0,69,51.4,119.0,81.0,24.9,5,15,2,22,5,0.83,0.56,1.39,7.92,166,63,16,13,38,22,39,25,,,2.0,,2.0,,0.17,0.0,0.11,0.28,1.58,1.6,24,15,205,91,219,101,78,23,1.0,0.0,4.39
True,True,,,209046,0,0,0,0,0,3,0.7,1.7,1,Callum,1.2,516,False,,,60,209046.jpg,2.8,False,Hudson-Odoi,1.4,False,,a,16,17,17,144454,366,131682,2000,0.2,2.8,Hudson-Odoi,241.0,2023-09-01,2000-11-07,False,p209046,359,1,0,0,6,0,0,0,0,0,0,3,69,62.8,105.5,62.0,23.1,2,5,1,8,4,0.38,0.41,0.79,6.20,131,45,28,24,57,34,50,34,4.0,,,,,,0.1,0.0,0.1,0.2,1.55,1.5,86,58,241,109,180,77,159,54,1.0,0.0,2.01
True,True,,,215379,0,0,0,0,0,3,3.0,4.0,4,Elliot,3.5,517,False,,,55,215379.jpg,3.7,False,Anderson,4.6,False,,a,16,17,22,218158,611,386022,3208,0.6,4.0,Anderson,241.0,2024-07-01,2002-11-06,False,p215379,530,0,1,0,10,0,0,0,0,0,0,1,118,122.0,136.5,39.0,29.8,12,46,18,76,6,0.62,0.74,1.36,8.46,34,13,12,11,114,69,20,15,3.0,,,,,,0.11,0.0,0.13,0.24,1.44,1.7,147,91,79,31,104,40,77,22,1.02,0.0,12.91
True,False,0.0,0.0,510500,0,0,-1,1,0,3,0.0,0.0,0,João Pedro,0.0,518,False,has joined Besiktas on loan for the rest of the season.,2025-09-12T15:53:40.376767Z,54,510500.jpg,1.0,False,Ferreira da Silva,0.1,False,,u,16,17,1,1029,0,7486,54,0.0,0.2,Jota,173.0,2024-08-01,1999-08-01,False,p510500,11,0,0,0,0,0,0,0,0,0,0,0,6,5.0,0.5,4.0,1.0,1,0,2,3,0,0.00,0.00,0.00,0.00,362,172,364,187,314,166,375,183,,,,,,,0.0,0.0,0.0,0.0,0.0,0.0,199,123,708,308,382,187,566,211,0.0,0.0,24.55
True,True,100.0,100.0,250199,0,0,0,0,0,3,-0.5,0.5,0,Nicolás,0.0,519,False,,2025-07-21T10:00:04.988497Z,50,250199.jpg,0.0,False,Domínguez,0.0,False,,a,16,17,0,199,15,185,5,0.0,0.0,Dominguez,10.0,2023-09-01,1998-06-28,False,p250199,45,0,0,0,1,0,0,0,1,0,0,0,3,0.0,0.0,0.0,0.0,1,0,2,3,1,0.00,0.01,0.01,0.44,686,293,687,295,670,290,687,294,,,,,,,0.0,0.0,0.02,0.02,0.88,2.0,271,166,678,290,690,297,730,321,2.0,0.0,6.0
True,False,0.0,0.0,243345,0,0,0,0,0,3,0.0,0.0,0,Lewis,0.0,520,False,Has joined Wrexham permanently.,2025-07-25T14:55:12.030109Z,50,243345.jpg,0.0,False,O'Brien,0.0,False,,u,16,17,0,0,0,102,1,0.0,0.0,O'Brien,241.0,2022-07-20,1998-10-14,False,p243345,0,0,0,0,0,0,0,0,0,0,0,0,0,0.0,0.0,0.0,0.0,0,0,0,0,0,0.00,0.00,0.00,0.00,685,292,686,294,669,289,686,293,,,,,,,0.0,0.0,0.0,0.0,0.0,0.0,268,165,677,289,689,296,738,326,0.0,0.0,0.0
True,True,,,210462,0,0,0,0,0,3,1.3,2.3,0,Ibrahim,1.8,521,False,,,50,210462.jpg,2.2,False,Sangaré,0.1,False,,a,16,17,11,3818,28,4294,41,0.4,2.2,Sangaré,54.0,2023-09-01,1997-12-02,False,p210462,351,0,0,0,6,0,0,0,0,0,0,0,53,33.2,19.0,2.0,5.5,19,15,7,41,4,0.03,0.08,0.11,5.98,232,104,217,135,333,177,284,145,,,,,,,0.01,0.0,0.02,0.03,1.53,1.54,261,158,192,82,223,103,527,188,1.03,0.0,10.51
True,True,,,204968,0,0,-2,2,0,3,-0.3,0.7,0,Ryan,0.2,522,False,,,48,204968.jpg,1.0,False,Yates,0.1,False,,a,16,17,3,2299,41,7749,49,0.0,0.6,Yates,241.0,2018-08-01,1997-11-21,False,p204968,25,0,0,0,1,0,0,0,0,0,0,0,11,7.2,4.0,2.0,1.2,4,3,0,7,0,0.00,0.01,0.01,0.08,345,164,320,172,324,170,369,178,,,,,,,0.0,0.0,0.04,0.04,0.29,3.6,373,236,359,171,351,164,490,166,0.0,0.0,25.2
True,False,0.0,0.0,569014,0,0,0,0,0,3,0.0,0.0,0,Eric,0.0,523,False,has joined Rio Ave on loan for the rest of the season.,2025-09-02T12:23:02.683095Z,45,569014.jpg,0.0,False,da Silva Moreira,0.1,False,,u,16,17,0,1896,0,12970,84,0.0,0.0,Da Silva Moreira,80.0,2024-07-01,2006-05-03,False,p569014,0,0,0,0,0,0,0,0,0,0,0,0,0,0.0,0.0,0.0,0.0,0,0,0,0,0,0.00,0.00,0.00,0.00,625,252,619,254,593,244,626,253,,,,,,,0.0,0.0,0.0,0.0,0.0,0.0,474,279,615,248,635,262,499,170,0.0,0.0,0.0
True,False,0.0,0.0,495161,0,0,0,0,0,3,0.0,0.0,0,Marko,0.0,524,False,Has joined Swansea City permanently.,2025-08-20T13:32:34.645399Z,45,495161.jpg,0.0,False,Stamenić,0.0,False,,u,16,17,0,245,0,4777,10,0.0,0.0,Stamenic,154.0,2024-06-27,2002-02-19,False,p495161,0,0,0,0,0,0,0,0,0,0,0,0,0,0.0,0.0,0.0,0.0,0,0,0,0,0,0.00,0.00,0.00,0.00,606,236,599,238,574,228,608,237,,,,,,,0.0,0.0,0.0,0.0,0.0,0.0,447,262,595,232,615,246,637,264,0.0,0.0,0.0
True,True,,,60689,0,0,0,0,1,4,1.3,2.3,2,Chris,1.8,525,False,,,75,60689.jpg,3.7,False,Wood,17.6,False,,a,16,17,22,2100529,2105,1813632,34641,0.2,2.9,Wood,154.0,2023-07-01,1991-12-07,False,p60689,450,2,0,1,6,0,0,0,0,0,0,3,80,75.6,46.3,133.0,25.1,5,6,0,11,6,2.33,0.11,2.44,6.37,110,11,99,9,10,6,37,9,,,,,1.0,,0.47,0.0,0.02,0.49,1.27,1.2,23,9,204,19,107,11,20,5,1.2,0.2,2.2
True,True,,,482973,0,0,-2,2,0,4,0.3,1.3,1,Igor Jesus,0.8,526,False,,,58,482973.jpg,1.0,False,Maciel da Cruz,0.8,False,,a,16,17,5,58741,1508,64095,662,0.1,0.9,Igor Jesus,30.0,2025-07-05,2001-02-25,False,p482973,65,0,0,0,3,0,0,0,0,0,0,0,18,7.2,12.7,25.0,4.3,1,3,1,5,0,0.30,0.03,0.33,2.05,346,27,256,25,168,31,306,30,,,,,,,0.42,0.0,0.04,0.46,2.84,4.15,119,30,296,28,392,42,193,32,0.0,0.0,6.92
True,True,,,210156,0,0,-2,2,0,4,-0.5,0.5,0,Taiwo,0.0,527,False,,,53,210156.jpg,0.0,False,Awoniyi,0.4,False,,a,16,17,0,16258,196,56591,408,0.0,0.0,Awoniyi,157.0,2022-06-25,1997-08-12,False,p210156,0,0,0,0,0,0,0,0,0,0,0,0,0,0.0,0.0,0.0,0.0,0,0,0,0,0,0.00,0.00,0.00,0.00,705,73,706,74,693,71,706,73,,,,,,,0.0,0.0,0.0,0.0,0.0,0.0,214,47,697,72,708,74,259,42,0.0,0.0,0.0
True,True,,,456512,0,0,1,-1,0,3,1.0,2.0,1,Dan,1.5,669,False,,,61,456512.jpg,3.7,False,Ndoye,2.9,False,,a,16,17,22,516189,503,285585,5650,0.2,3.6,Ndoye,207.0,2025-07-31,2000-10-25,False,p456512,429,1,1,0,7,0,0,0,0,0,0,4,80,84.6,75.0,55.0,21.5,6,16,5,27,6,0.15,0.58,0.73,6.28,91,29,55,42,69,43,57,35,,,,,,,0.03,0.0,0.12,0.15,1.32,1.47,85,57,220,100,106,42,105,38,1.26,0.0,5.66
True,True,,,107265,0,0,0,0,0,1,-0.5,0.5,0,Angus,0.0,675,False,,,40,107265.jpg,0.0,False,Gunn,1.6,False,,a,16,17,0,23148,97,40837,288,0.0,0.0,Gunn,243.0,2025-08-06,1996-01-22,False,p107265,0,0,0,0,0,0,0,0,0,0,0,0,0,0.0,0.0,0.0,0.0,0,0,0,0,0,0.00,0.00,0.00,0.00,442,38,423,21,385,14,444,38,,,,,,,0.0,0.0,0.0,0.0,0.0,0.0,619,49,422,37,452,38,143,18,0.0,0.0,0.0
True,True,,,503301,0,0,0,0,0,3,0.0,1.0,1,Omari,0.5,693,False,,,55,503301.jpg,1.0,False,Hutchinson,0.0,False,,a,16,17,3,2857,20,2092,22,0.1,0.5,Hutchinson,241.0,2025-08-16,2003-10-30,False,p503301,17,0,0,0,1,0,0,0,0,0,0,0,12,0.2,0.9,8.0,0.6,0,1,1,2,0,0.40,0.28,0.68,0.96,402,190,354,185,267,146,388,187,,,,,,,2.12,0.0,1.48,3.6,5.08,5.29,164,102,334,163,388,191,634,262,0.0,0.0,10.59
True,True,,,465680,0,0,0,0,0,4,0.3,1.3,0,Arnaud,0.8,696,False,,,60,465680.jpg,1.0,False,Kalimuendo,0.1,False,,a,16,17,4,6418,65,4638,106,0.1,0.7,Kalimuendo,73.0,2025-08-18,2002-01-20,False,p465680,64,0,0,0,2,0,0,0,0,0,0,0,8,2.8,16.1,22.0,4.1,1,2,0,3,0,0.35,0.02,0.37,1.21,377,34,238,19,180,33,311,31,,,,,,,0.49,0.0,0.03,0.52,1.7,2.81,88,26,303,31,395,44,491,68,0.0,0.0,4.22
True,True,0.0,0.0,230046,0,0,0,0,0,3,0.0,0.0,0,Douglas Luiz,1.2,699,False,Hamstring injury - Expected back 18 Oct,2025-09-24T22:30:08.479417Z,50,230046.jpg,5.0,False,Soares de Paulo,0.1,False,,i,16,17,5,10723,4,7146,247,0.2,1.0,Douglas Luiz,30.0,2025-08-21,1998-05-09,False,p230046,75,0,1,0,1,0,0,0,0,0,0,0,23,4.4,18.1,8.0,3.1,0,2,1,3,1,0.02,0.02,0.04,0.68,365,174,227,140,265,144,337,165,,,,,,,0.02,0.0,0.02,0.04,0.82,1.2,266,163,234,105,45,14,533,192,1.2,0.0,3.6
True,True,,,221389,0,0,0,0,0,1,-0.5,0.5,0,John Victor,0.0,715,False,,,40,221389.jpg,0.0,False,Maciel Furtado,0.4,False,,a,16,17,0,33236,164,7078,213,0.0,0.0,John,30.0,2025-08-31,1996-02-13,False,p221389,0,0,0,0,0,0,0,0,0,0,0,0,0,0.0,0.0,0.0,0.0,0,0,0,0,0,0.00,0.00,0.00,0.00,454,46,437,29,399,22,456,46,,,,,,,0.0,0.0,0.0,0.0,0.0,0.0,636,57,434,45,464,46,280,37,0.0,0.0,0.0
True,True,,,500151,0,0,0,0,0,2,-0.5,0.5,0,Nicolò,0.0,716,False,,,45,500151.jpg,0.0,False,Savona,0.0,False,,a,16,17,0,1097,7,565,9,0.0,0.0,Savona,106.0,2025-08-30,2003-03-19,False,p500151,53,0,0,0,2,0,0,0,0,0,0,0,4,11.0,11.1,4.0,2.6,2,0,3,5,0,0.00,0.00,0.00,0.88,326,127,274,93,304,106,349,125,,,,,,,0.0,0.0,0.0,0.0,1.49,3.4,451,100,597,227,617,229,693,233,0.0,0.0,8.49
True,False,0.0,0.0,560441,0,0,0,0,0,2,0.0,0.0,0,Luis Eduardo,0.0,729,False,has joined Botafogo on loan for the rest of the season.,2025-09-05T08:56:15.818633Z,45,560441.jpg,0.0,False,Soares da Silva,0.0,False,,u,16,17,0,25,0,29,3,0.0,0.0,Cuiabano,30.0,2025-09-01,2003-02-16,False,p560441,0,0,0,0,0,0,0,0,0,0,0,0,0,0.0,0.0,0.0,0.0,0,0,0,0,0,0.00,0.00,0.00,0.00,623,232,617,232,591,224,624,232,,,,,,,0.0,0.0,0.0,0.0,0.0,0.0,472,105,613,229,633,231,740,245,0.0,0.0,0.0
True,True,,,476887,0,0,0,0,0,3,0.8,1.8,2,Dilane,1.3,734,False,,,60,476887.jpg,1.3,False,Bakwa,0.0,False,,a,16,17,4,1886,26,756,17,0.2,0.7,Bakwa,73.0,2025-09-01,2002-08-26,False,p476887,159,0,0,0,3,0,0,0,0,0,0,0,23,13.6,15.2,28.0,5.7,2,11,0,13,2,0.15,0.24,0.39,1.34,314,146,243,145,154,92,279,142,,,,,,,0.08,0.0,0.14,0.22,0.76,1.7,89,59,226,103,307,147,667,283,1.13,0.0,7.36
True,True,,,232571,0,0,-1,1,0,1,-0.5,-0.5,0,Anthony,0.0,528,False,,,44,232571.jpg,0.0,False,Patterson,0.2,False,,a,17,56,0,4888,25,19385,96,0.0,0.0,Patterson,241.0,2018-10-09,2000-05-10,False,p232571,0,0,0,0,0,0,0,0,0,0,0,0,0,0.0,0.0,0.0,0.0,0,0,0,0,0,0.00,0.00,0.00,0.00,533,77,518,61,485,54,535,77,,,,,,,0.0,0.0,0.0,0.0,0.0,0.0,534,32,519,76,543,77,346,53,0.0,0.0,0.0
True,True,,,74854,0,0,0,0,0,1,-0.5,-0.5,0,Simon,0.0,529,False,,,40,74854.jpg,0.0,False,Moore,0.4,False,,a,17,56,0,6344,30,14504,121,0.0,0.0,Moore,241.0,2024-07-01,1990-05-19,False,p74854,0,0,0,0,0,0,0,0,0,0,0,0,0,0.0,0.0,0.0,0.0,0,0,0,0,0,0.00,0.00,0.00,0.00,435,32,416,15,377,8,437,32,,,,,,,0.0,0.0,0.0,0.0,0.0,0.0,611,43,415,31,445,32,261,35,0.0,0.0,0.0
True,True,,,490000,0,0,0,0,0,1,-0.5,-0.5,0,Blondy,0.0,530,False,,,40,490000.jpg,0.0,False,Nna Noukeu,0.1,False,,a,17,56,0,1546,13,4284,40,0.0,0.0,Nna Noukeu,38.0,2024-08-02,2001-05-31,False,p490000,0,0,0,0,0,0,0,0,0,0,0,0,0,0.0,0.0,0.0,0.0,0,0,0,0,0,0.00,0.00,0.00,0.00,480,63,463,46,426,39,482,63,,,,,,,0.0,0.0,0.0,0.0,0.0,0.0,669,74,461,62,490,63,425,63,0.0,0.0,0.0
True,True,100.0,100.0,223827,0,0,1,-1,1,2,0.0,0.0,1,Daniel,0.5,531,False,,2025-08-23T22:30:06.243330Z,46,223827.jpg,5.0,False,Ballard,2.5,False,,a,17,56,20,591626,308,531139,1379,0.1,4.3,Ballard,242.0,2022-07-01,1999-09-22,False,p223827,156,1,0,1,1,0,0,0,0,0,0,3,66,87.4,20.9,67.0,17.6,21,4,2,23,2,0.19,0.18,0.37,1.28,81,37,204,60,51,5,86,26,,,,,,,0.11,0.0,0.1,0.21,0.74,0.58,387,69,317,109,44,22,115,43,1.15,0.58,13.27
True,True,,,487676,0,0,0,0,0,2,4.0,4.0,6,Trai,4.5,532,False,,,45,487676.jpg,4.2,False,Hume,0.3,False,,a,17,56,25,21081,105,18792,99,1.0,5.6,Hume,242.0,2022-01-04,2002-03-18,False,p487676,530,0,0,3,4,0,0,0,0,0,0,0,97,83.8,72.0,10.0,16.6,26,18,14,40,6,0.09,0.23,0.32,6.33,93,42,64,14,248,78,96,31,,,4.0,,,,0.02,0.0,0.04,0.06,1.07,0.68,439,96,35,14,71,33,327,118,1.02,0.51,6.79
True,True,25.0,25.0,220684,0,0,0,0,0,2,-0.1,-0.1,0,Aji,0.0,533,False,Shoulder injury - 25% chance of playing,2025-07-21T10:00:05.007315Z,40,220684.jpg,0.0,False,Alese,0.0,False,,d,17,56,0,198,2,350,0,0.0,0.0,Alese,241.0,2022-07-15,2001-01-17,False,p220684,0,0,0,0,0,0,0,0,0,0,0,0,0,0.0,0.0,0.0,0.0,0,0,0,0,0,0.00,0.00,0.00,0.00,453,174,436,172,398,155,455,174,,,,,,,0.0,0.0,0.0,0.0,0.0,0.0,635,169,433,163,463,172,725,244,0.0,0.0,0.0
True,True,,,232820,0,0,-1,1,0,2,-0.5,-0.5,0,Joe,0.0,534,False,,,39,232820.jpg,0.0,False,Anderson,0.5,False,,a,17,56,0,19314,348,24690,230,0.0,0.0,Anderson,241.0,2023-01-31,2001-02-06,False,p232820,0,0,0,0,0,0,0,0,0,0,0,0,0,0.0,0.0,0.0,0.0,0,0,0,0,0,0.00,0.00,0.00,0.00,409,148,387,143,347,124,411,148,,,,,,,0.0,0.0,0.0,0.0,0.0,0.0,717,223,388,136,419,146,253,96,0.0,0.0,0.0
True,True,0.0,0.0,461195,0,0,0,0,0,2,0.0,0.0,0,Dennis,0.0,535,False,Wrist Injury - Unknown return date,2025-07-21T10:00:05.027113Z,40,461195.jpg,0.0,False,Cirkin,0.0,False,,i,17,56,0,219,4,1607,9,0.0,0.0,Cirkin,241.0,2021-08-11,2002-04-06,False,p461195,0,0,0,0,0,0,0,0,0,0,0,0,0,0.0,0.0,0.0,0.0,0,0,0,0,0,0.00,0.00,0.00,0.00,467,181,450,179,412,162,469,181,,,,,,,0.0,0.0,0.0,0.0,0.0,0.0,652,179,448,171,477,179,671,228,0.0,0.0,0.0
True,True,0.0,0.0,477547,0,0,0,0,0,2,0.0,0.0,0,Leo Fuhr,0.0,536,False,Achilles injury - Unknown return date,2025-07-21T10:00:05.047173Z,40,477547.jpg,0.0,False,Hjelde,0.0,False,,i,17,56,0,211,2,317,1,0.0,0.0,Hjelde,161.0,2024-01-30,2003-08-26,False,p477547,0,0,0,0,0,0,0,0,0,0,0,0,0,0.0,0.0,0.0,0.0,0,0,0,0,0,0.00,0.00,0.00,0.00,476,183,459,181,422,165,478,183,,,,,,,0.0,0.0,0.0,0.0,0.0,0.0,663,183,457,173,486,181,722,243,0.0,0.0,0.0
True,False,0.0,0.0,492066,0,0,0,0,0,2,0.0,0.0,0,Niall,0.0,537,False,has joined Wycombe Wanderers on loan for the rest of the season.,2025-09-02T13:34:00.250364Z,40,492066.jpg,0.0,False,Huggins,0.1,False,,u,17,56,0,1038,0,11608,60,0.0,0.0,Huggins,244.0,2021-08-20,2000-12-18,False,p492066,0,0,0,0,0,0,0,0,0,0,0,0,0,0.0,0.0,0.0,0.0,0,0,0,0,0,0.00,0.00,0.00,0.00,482,185,465,183,428,167,484,185,,,,,,,0.0,0.0,0.0,0.0,0.0,0.0,671,187,463,175,492,183,458,173,0.0,0.0,0.0
True,True,,,514613,0,0,-1,1,0,2,-0.5,-0.5,0,Zak,0.0,538,False,,,39,514613.jpg,0.0,False,Johnson,0.2,False,,a,17,56,0,8553,296,10497,93,0.0,0.0,Johnson,241.0,2021-10-12,2004-07-30,False,p514613,0,0,0,0,0,0,0,0,0,0,0,0,0,0.0,0.0,0.0,0.0,0,0,0,0,0,0.00,0.00,0.00,0.00,419,157,397,152,357,133,421,157,,,,,,,0.0,0.0,0.0,0.0,0.0,0.0,727,232,398,145,429,155,336,121,0.0,0.0,0.0
True,True,100.0,100.0,167512,0,0,0,0,0,2,-0.5,-0.5,0,Luke,0.0,539,False,,2025-07-21T10:00:05.068622Z,40,167512.jpg,0.0,False,O'Nien,0.0,False,,a,17,56,0,732,67,1246,9,0.0,0.0,O'Nien,241.0,2018-07-30,1994-11-21,False,p167512,0,0,0,0,0,0,0,0,0,0,0,0,0,0.0,0.0,0.0,0.0,0,0,0,0,0,0.00,0.00,0.00,0.00,448,172,429,168,391,151,450,172,,,,,4.0,,0.0,0.0,0.0,0.0,0.0,0.0,625,162,428,161,458,170,650,220,0.0,0.0,0.0
True,True,,,465702,0,0,-1,1,0,2,-0.5,-0.5,0,Timothée,0.0,540,False,,,39,465702.jpg,0.0,False,Pembélé,0.4,False,,a,17,56,0,31115,631,12187,284,0.0,0.0,Pembele,73.0,2023-09-01,2002-09-09,False,p465702,0,0,0,0,0,0,0,0,0,0,0,0,0,0.0,0.0,0.0,0.0,0,0,0,0,0,0.00,0.00,0.00,0.00,414,153,392,148,352,129,416,153,,,,,,,0.0,0.0,0.0,0.0,0.0,0.0,722,228,393,141,424,151,266,97,0.0,0.0,0.0
True,True,0.0,0.0,434399,0,0,0,0,0,2,0.0,0.0,0,Reinildo,1.2,541,False,Suspended until 25 Oct,2025-09-21T22:30:06.385468Z,40,434399.jpg,2.8,False,Mandava,6.4,False,,s,17,56,14,410366,76,435856,10178,0.3,3.5,Reinildo,146.0,2025-07-08,1994-01-21,False,p434399,392,0,0,2,4,0,0,0,1,1,0,0,66,74.2,18.3,6.0,9.9,25,13,11,36,5,0.02,0.04,0.06,4.78,114,51,223,68,277,89,191,65,,,,,,,0.0,0.0,0.01,0.01,1.1,0.92,644,173,227,83,165,63,58,22,1.15,0.46,8.27
True,False,0.0,0.0,519634,0,0,0,0,0,2,0.0,0.0,0,Jenson,0.0,542,False,has joined Wolfsburg on loan for the rest of the season.,2025-09-02T13:40:22.421351Z,40,519634.jpg,1.0,False,Seelt,0.2,False,,u,17,56,2,3016,0,17839,107,0.0,0.5,Seelt,152.0,2023-07-01,2003-05-23,False,p519634,133,0,0,0,2,0,0,0,0,0,0,0,11,33.6,2.4,0.0,3.6,8,6,4,12,1,0.00,0.01,0.01,1.33,230,88,333,118,439,175,323,111,,,,,,,0.0,0.0,0.01,0.01,0.9,1.35,684,197,474,183,328,115,394,146,0.68,0.0,8.12
True,True,,,535818,0,0,-2,2,0,3,0.5,0.5,0,Simon,1.0,543,False,,,53,535818.jpg,2.8,False,Adingra,0.8,False,,a,17,56,11,69386,138,152036,1024,0.2,2.1,Adingra,54.0,2025-07-10,2002-01-01,False,p535818,230,0,1,2,2,0,0,0,1,0,0,0,30,20.4,59.7,6.0,8.6,4,7,3,14,3,0.14,0.20,0.34,1.75,288,132,77,57,288,154,215,107,,,,,,,0.05,0.0,0.08,0.13,0.68,0.78,226,141,264,127,174,73,190,64,1.17,0.78,5.48
True,True,0.0,0.0,547027,0,0,0,0,0,3,0.0,0.0,0,Habib,1.8,544,False,Groin Injury - Expected back 03 Dec,2025-09-21T22:30:06.402407Z,55,547027.jpg,3.0,False,Diarra,0.1,False,,i,17,56,12,5957,7,11280,236,0.3,2.2,Diarra,189.0,2025-07-01,2004-01-03,False,p547027,345,0,1,2,2,0,0,0,1,0,0,0,23,10.6,31.0,45.0,8.0,6,8,1,15,4,0.50,0.08,0.58,3.87,330,156,157,106,89,56,229,115,,,,,,,0.13,0.0,0.02,0.15,1.01,0.52,166,103,196,84,158,65,516,182,1.04,0.52,3.91
True,False,0.0,0.0,124165,0,0,-1,1,0,3,0.0,0.0,0,Patrick,0.0,545,False,has joined Birmingham City on loan for the rest of the season.,2025-09-02T13:33:32.438579Z,54,124165.jpg,1.0,False,Roberts,0.0,False,,u,17,56,1,462,0,3567,19,0.0,0.2,Roberts,241.0,2022-01-21,1997-02-05,False,p124165,27,0,0,0,1,0,0,0,0,0,0,0,4,1.8,7.3,5.0,1.4,0,1,0,1,0,0.03,0.02,0.05,0.66,389,183,301,163,296,160,367,177,4.0,,,,2.0,,0.1,0.0,0.07,0.17,2.2,3.33,172,107,700,303,378,185,662,280,0.0,0.0,3.33
True,False,0.0,0.0,626844,0,0,-1,1,0,3,0.0,0.0,0,Milan,0.0,546,False,has joined Cracovia on loan for the rest of the season.,2025-09-08T09:11:30.805435Z,49,626844.jpg,0.0,False,Aleksić,0.0,False,,u,17,56,0,295,0,2771,11,0.0,0.0,Aleksić,190.0,2024-08-30,2005-08-30,False,p626844,0,0,0,0,0,0,0,0,0,0,0,0,0,0.0,0.0,0.0,0.0,0,0,0,0,0,0.00,0.00,0.00,0.00,681,289,677,291,657,285,682,290,,,,,,,0.0,0.0,0.0,0.0,0.0,0.0,368,232,672,286,685,293,651,274,0.0,0.0,0.0
True,True,100.0,100.0,484420,0,0,-1,1,1,3,3.5,3.5,3,Enzo,4.0,547,False,,2025-09-13T21:30:08.349570Z,49,484420.jpg,3.6,False,Le Fée,0.4,False,,a,17,56,18,49412,327,43462,325,0.8,3.7,E.Le Fée,73.0,2025-07-01,2000-02-03,False,p484420,285,1,0,1,3,0,0,0,0,0,0,2,64,79.2,41.4,21.0,14.2,7,16,12,35,3,0.83,0.22,1.05,3.64,108,35,116,78,184,108,125,68,2.0,,2.0,,,,0.26,0.0,0.07,0.33,1.15,0.95,354,220,48,18,110,44,258,87,0.95,0.32,11.05
True,True,0.0,0.0,461199,0,0,-1,1,0,3,0.0,0.0,0,Romaine,0.0,548,False,Hamstring injury - Expected back 18 Oct,2025-08-10T23:30:07.214806Z,49,461199.jpg,0.0,False,Mundle,0.0,False,,i,17,56,0,123,1,657,5,0.0,0.0,Mundle,241.0,2024-02-01,2003-04-24,False,p461199,0,0,0,0,0,0,0,0,0,0,0,0,0,0.0,0.0,0.0,0.0,0,0,0,0,0,0.00,0.00,0.00,0.00,674,284,669,285,649,280,675,285,3.0,,3.0,,,,0.0,0.0,0.0,0.0,0.0,0.0,348,217,666,282,679,289,723,316,0.0,0.0,0.0
True,True,,,223336,0,0,-1,1,0,3,-0.3,-0.3,0,Dan,0.2,549,False,,,49,223336.jpg,1.0,False,Neil,0.0,False,,a,17,56,1,481,7,2167,9,0.0,0.2,Neil,241.0,2018-11-01,2001-12-13,False,p223336,1,0,0,0,0,0,0,0,0,0,0,0,4,1.0,0.0,0.0,0.1,1,0,0,1,0,0.00,0.00,0.00,0.10,396,187,660,278,640,273,403,191,,,,,,,0.0,0.0,0.0,0.0,9.0,0.0,331,205,363,174,358,171,622,256,0.0,0.0,90.0
True,True,,,215460,0,0,-1,1,0,3,-0.5,-0.5,0,Ian,0.0,550,False,,,49,215460.jpg,0.0,False,Poveda-Ocampo,0.0,False,,a,17,56,0,219,6,1474,6,0.0,0.0,Poveda,48.0,2024-07-24,2000-02-09,False,p215460,0,0,0,0,0,0,0,0,0,0,0,0,0,0.0,0.0,0.0,0.0,0,0,0,0,0,0.00,0.00,0.00,0.00,663,277,657,277,636,272,664,278,,,,,,,0.0,0.0,0.0,0.0,0.0,0.0,327,204,654,274,668,282,649,273,0.0,0.0,0.0
True,True,,,554197,0,0,-2,2,0,3,0.3,0.3,1,Chris,0.8,551,False,,,48,554197.jpg,1.0,False,Rigg,0.0,False,,a,17,56,4,1115,52,3729,22,0.2,0.8,Rigg,241.0,2022-12-31,2007-06-18,False,p554197,96,0,0,0,0,0,0,0,0,0,0,0,12,1.4,12.1,4.0,1.8,1,3,2,6,2,0.12,0.04,0.16,0.85,391,184,263,152,305,161,360,172,,,,,,,0.11,0.0,0.04,0.15,0.8,0.0,382,240,285,139,354,167,583,225,1.88,0.0,5.62
True,True,,,577669,0,0,0,0,0,3,1.5,1.5,2,Noah,2.0,552,False,,,50,577669.jpg,2.2,False,Sadiki,0.0,False,,a,17,56,13,2452,33,2998,30,0.4,2.6,Sadiki,50.0,2025-07-04,2004-12-17,False,p577669,523,0,0,3,4,0,0,0,2,0,0,0,59,45.8,61.0,10.0,11.8,15,12,8,35,6,0.05,0.30,0.35,5.85,181,74,75,56,250,137,159,83,,,,,,,0.01,0.0,0.05,0.06,1.01,0.69,300,186,170,73,224,104,575,218,1.03,0.52,6.02
True,True,,,549912,0,0,0,0,0,3,2.3,2.3,3,Chemsdine,2.8,553,False,,,50,549912.jpg,3.2,False,Talbi,0.3,False,,a,17,56,19,34893,76,31527,219,0.6,3.8,Talbi,145.0,2025-07-09,2005-05-09,False,p549912,465,0,1,4,2,0,0,0,0,0,0,0,51,37.8,74.2,33.0,14.5,7,17,5,29,6,0.62,0.28,0.90,5.15,215,93,56,43,132,81,118,65,,,,,,,0.12,0.0,0.05,0.17,1.0,0.39,296,183,107,44,135,57,329,110,1.16,0.77,5.61
True,True,,,477851,0,0,-1,1,0,3,-0.5,-0.5,0,Abdoullah,0.0,554,False,,,44,477851.jpg,0.0,False,Ba,0.2,False,,a,17,56,0,10713,91,17410,142,0.0,0.0,Ba,73.0,2022-08-31,2003-07-31,False,p477851,0,0,0,0,0,0,0,0,0,0,0,0,0,0.0,0.0,0.0,0.0,0,0,0,0,0,0.00,0.00,0.00,0.00,543,196,528,198,497,187,545,197,,,,,,,0.0,0.0,0.0,0.0,0.0,0.0,552,305,529,190,552,206,356,120,0.0,0.0,0.0
True,False,0.0,0.0,171422,0,0,0,0,0,3,0.0,0.0,0,Alan,0.0,555,False,has joined Middlesbrough on loan for the rest of the season.,2025-09-02T13:31:41.354124Z,45,171422.jpg,0.0,False,Browne,0.1,False,,u,17,56,0,1291,0,7486,47,0.0,0.0,Browne,104.0,2024-07-11,1995-04-15,False,p171422,0,0,0,0,0,0,0,0,0,0,0,0,0,0.0,0.0,0.0,0.0,0,0,0,0,0,0.00,0.00,0.00,0.00,584,220,572,222,544,211,586,221,,,,,,,0.0,0.0,0.0,0.0,0.0,0.0,403,244,572,215,593,230,572,215,0.0,0.0,0.0
True,False,0.0,0.0,458297,0,0,0,0,0,3,0.0,0.0,0,Pierre,0.0,556,False,Has joined AS Saint-Etienne permanently.,2025-08-14T14:03:00.702056Z,45,458297.jpg,0.0,False,Ekwah Elimby,0.0,False,,u,17,56,0,0,0,1467,8,0.0,0.0,Ekwah,73.0,2023-01-23,2002-01-15,False,p458297,0,0,0,0,0,0,0,0,0,0,0,0,0,0.0,0.0,0.0,0.0,0,0,0,0,0,0.00,0.00,0.00,0.00,597,228,589,230,563,220,599,229,,,,,,,0.0,0.0,0.0,0.0,0.0,0.0,432,253,586,224,606,238,703,304,0.0,0.0,0.0
True,True,,,547410,0,0,-1,1,0,3,-0.5,-0.5,0,Harrison,0.0,557,False,,,44,547410.jpg,0.0,False,Jones,0.1,False,,a,17,56,0,2393,40,4034,34,0.0,0.0,H.Jones,241.0,2024-01-01,2004-12-25,False,p547410,0,0,0,0,0,0,0,0,0,0,0,0,0,0.0,0.0,0.0,0.0,0,0,0,0,0,0.00,0.00,0.00,0.00,563,208,549,210,519,199,565,209,,,,,,,0.0,0.0,0.0,0.0,0.0,0.0,579,318,550,203,572,218,552,203,0.0,0.0,0.0
True,True,,,493837,0,0,-1,1,0,3,-0.5,-0.5,0,Jay,0.0,558,False,,,44,493837.jpg,0.0,False,Matete,0.2,False,,a,17,56,0,12106,116,16857,122,0.0,0.0,Matete,241.0,2022-01-31,2001-02-11,False,p493837,0,0,0,0,0,0,0,0,0,0,0,0,0,0.0,0.0,0.0,0.0,0,0,0,0,0,0.00,0.00,0.00,0.00,547,199,532,201,502,190,549,200,,,,,,,0.0,0.0,0.0,0.0,0.0,0.0,560,309,534,194,556,209,341,113,0.0,0.0,0.0
True,False,0.0,0.0,500696,0,0,-1,1,0,3,0.0,0.0,0,Nectarios,0.0,559,False,has joined Minnesota United permanently.,2025-09-22T21:19:57.157510Z,44,500696.jpg,0.0,False,Triantis,0.1,False,,u,17,56,0,2951,0,5250,96,0.0,0.0,Triantis,13.0,2023-07-01,2003-05-11,False,p500696,0,0,0,0,0,0,0,0,0,0,0,0,0,0.0,0.0,0.0,0.0,0,0,0,0,0,0.00,0.00,0.00,0.00,552,202,537,204,507,193,554,203,,,,,,,0.0,0.0,0.0,0.0,0.0,0.0,565,312,539,197,561,212,549,201,0.0,0.0,0.0
True,True,,,437505,0,0,0,0,1,4,4.7,4.7,2,Wilson,5.2,560,False,,,55,437505.jpg,4.5,False,Isidor,2.6,False,,a,17,56,27,347815,7915,81196,2176,0.9,4.9,Isidor,73.0,2025-02-01,2000-08-27,False,p437505,315,3,0,2,3,0,0,0,0,0,0,6,101,107.4,2.3,118.0,22.7,4,5,4,13,3,1.19,0.03,1.22,4.35,50,7,337,36,15,8,51,11,,,,,3.0,,0.34,0.0,0.01,0.35,1.24,0.86,153,36,25,2,62,7,110,16,0.86,0.57,3.71
True,True,,,564406,0,0,0,0,0,4,0.3,0.3,0,Eliezer,0.8,561,False,,,55,564406.jpg,3.2,False,Mayenda Dossou,1.1,False,,a,17,56,13,243272,80,211452,1664,0.1,2.4,Mayenda,200.0,2023-07-28,2005-05-08,False,p564406,211,1,0,2,1,0,0,0,0,0,0,2,46,46.4,13.1,45.0,10.3,2,3,1,6,3,0.39,0.00,0.39,1.88,177,15,254,24,90,24,181,20,,,,,1.0,,0.17,0.0,0.0,0.17,0.8,0.43,168,41,293,26,137,14,175,27,1.28,0.85,2.56
True,True,,,611975,0,0,-1,1,0,4,-0.5,-0.5,0,Ahmed,0.0,562,False,,,44,611975.jpg,0.0,False,Abdullahi,0.4,False,,a,17,56,0,15979,186,36680,309,0.0,0.0,Abdullahi,157.0,2024-08-31,2004-06-19,False,p611975,0,0,0,0,0,0,0,0,0,0,0,0,0,0.0,0.0,0.0,0.0,0,0,0,0,0,0.00,0.00,0.00,0.00,576,58,562,58,533,56,578,59,,,,,,,0.0,0.0,0.0,0.0,0.0,0.0,594,81,563,56,585,60,265,43,0.0,0.0,0.0
True,False,0.0,0.0,551153,0,0,-1,1,0,4,0.0,0.0,0,Luís Hemir,0.0,563,False,has joined Moreirense on loan for the rest of the season.,2025-09-22T21:17:57.534387Z,44,551153.jpg,0.0,False,Silva Semedo,0.1,False,,u,17,56,0,5979,0,13168,216,0.0,0.0,Luís Hemir,173.0,2023-07-01,2003-08-11,False,p551153,0,0,0,0,0,0,0,0,0,0,0,0,0,0.0,0.0,0.0,0.0,0,0,0,0,0,0.00,0.00,0.00,0.00,564,53,550,53,521,51,566,54,,,,,,,0.0,0.0,0.0,0.0,0.0,0.0,582,76,551,51,573,55,402,59,0.0,0.0,0.0
True,False,0.0,0.0,440955,0,0,-1,1,0,4,0.0,0.0,0,Nazarii,0.0,564,False,has joined Arka on loan for the rest of the season.,2025-09-05T08:56:38.449926Z,44,440955.jpg,0.0,False,Rusyn,0.1,False,,u,17,56,0,3530,0,15086,97,0.0,0.0,Rusyn,225.0,2023-09-01,1998-10-25,False,p440955,0,0,0,0,0,0,0,0,0,0,0,0,0,0.0,0.0,0.0,0.0,0,0,0,0,0,0.00,0.00,0.00,0.00,539,47,524,47,491,45,541,48,,,,,,,0.0,0.0,0.0,0.0,0.0,0.0,543,70,524,45,548,49,435,62,0.0,0.0,0.0
True,True,,,84450,0,0,0,0,1,3,4.7,4.7,8,Granit,5.2,668,False,,,50,84450.jpg,4.7,False,Xhaka,2.9,False,,a,17,56,28,162880,2392,156684,1282,1.0,5.6,Xhaka,207.0,2025-07-30,1992-09-27,False,p84450,530,0,3,3,4,0,0,0,2,0,0,0,119,119.6,108.0,14.0,24.1,34,27,12,73,6,0.12,0.60,0.72,6.33,36,14,23,20,228,128,44,29,1.0,,1.0,,,,0.02,0.0,0.1,0.12,1.07,0.68,244,150,22,9,56,21,104,37,1.02,0.51,12.4
True,True,,,498016,0,0,0,0,1,1,6.3,6.3,7,Robin,6.8,670,True,,,45,498016.jpg,6.0,False,Roefs,2.7,False,,a,17,56,36,310688,3374,88769,805,1.5,8.0,Roefs,152.0,2025-08-01,2003-01-17,False,p498016,530,0,0,3,4,0,1,0,1,0,19,4,132,131.0,0.0,0.0,13.0,7,56,0,0,6,0.00,0.01,0.01,6.33,25,3,601,73,576,68,143,3,,,,,,,0.0,3.23,0.0,0.0,1.07,0.68,450,29,5,1,17,2,108,14,1.02,0.51,0.0
True,True,100.0,100.0,105717,0,0,0,0,0,2,-0.3,-0.3,0,Arthur,0.2,678,False,,2025-08-11T13:51:46.232630Z,40,105717.jpg,0.5,False,Masuaku,0.6,False,,a,17,56,1,14787,73,27462,162,0.0,0.2,Masuaku,50.0,2025-08-10,1993-11-07,False,p105717,68,0,0,0,0,0,0,0,1,0,0,0,6,2.0,0.1,0.0,0.2,4,1,2,6,1,0.07,0.01,0.08,0.72,383,140,372,136,383,148,396,141,,,,,,,0.09,0.0,0.01,0.1,0.95,0.0,617,159,344,116,408,138,225,82,1.32,0.0,7.94
True,True,,,201895,0,0,0,0,1,2,6.7,6.7,12,Omar,7.2,683,False,,,40,201895.jpg,5.7,False,Alderete,2.5,False,,a,17,56,34,234833,4754,67977,583,1.8,8.5,Alderete,168.0,2025-08-12,1996-12-26,False,p201895,477,1,1,2,4,0,0,0,0,0,0,1,115,133.8,22.0,42.0,19.8,47,21,10,57,5,0.58,0.18,0.76,6.00,21,7,195,54,96,12,69,17,,,,,,,0.11,0.0,0.03,0.14,1.13,0.75,629,165,4,3,26,12,116,44,0.94,0.38,10.75
True,True,,,200834,0,0,0,0,1,2,5.5,5.5,6,Nordi,6.0,694,False,,,40,200834.jpg,6.0,False,Mukiele,1.5,False,,a,17,56,24,183864,3083,36895,455,1.5,6.0,Mukiele,73.0,2025-08-17,1997-11-01,False,p200834,350,0,0,2,2,0,0,0,0,0,0,2,90,86.8,42.1,18.0,14.7,40,8,11,51,4,0.14,0.23,0.37,4.77,83,38,113,27,204,50,113,36,,,,,,,0.04,0.0,0.06,0.1,1.23,0.51,628,164,9,4,16,7,150,58,1.03,0.51,13.11
True,True,,,247955,0,0,0,0,0,2,0.5,0.5,1,Lutsharel,1.0,724,False,,,45,247955.jpg,1.0,False,Geertruida,0.0,False,,a,17,56,3,1343,13,568,16,0.2,0.7,Geertruida,152.0,2025-09-01,2000-07-18,False,p247955,36,0,0,0,0,0,0,0,0,0,0,0,11,7.0,0.0,0.0,0.7,2,2,0,2,0,0.00,0.02,0.02,1.25,347,130,581,229,554,221,381,134,,,,,,,0.0,0.0,0.05,0.05,3.12,0.0,420,90,247,90,344,126,680,231,0.0,0.0,5.0
True,True,,,441264,0,0,0,0,0,4,-0.2,-0.2,0,Brian,0.3,730,False,,,55,441264.jpg,1.0,False,Brobbey,0.1,False,,a,17,56,1,9056,73,3836,110,0.1,0.2,Brobbey,152.0,2025-09-01,2002-02-01,False,p441264,21,0,0,0,0,0,0,0,0,0,0,0,4,1.0,0.1,0.0,0.1,1,1,0,2,0,0.00,0.00,0.00,0.93,398,44,380,44,718,75,404,45,,,,,,,0.0,0.0,0.0,0.0,3.99,0.0,154,37,340,36,385,40,556,72,0.0,0.0,8.57
True,True,,,110504,0,0,0,0,0,3,-0.2,-0.2,1,Bertrand,0.3,735,False,,,55,110504.jpg,1.0,False,Traoré,0.0,False,,a,17,56,1,974,34,455,21,0.1,0.2,Traoré,35.0,2025-09-01,1995-09-06,False,p110504,21,0,0,0,0,0,0,0,0,0,0,0,6,0.0,0.0,0.0,0.0,1,1,0,2,0,0.05,0.00,0.05,0.62,716,312,716,314,711,313,717,313,,,,,,,0.21,0.0,0.0,0.21,2.66,0.0,136,87,339,167,384,188,688,296,0.0,0.0,8.57
True,True,,,184254,0,0,1,-1,0,1,3.5,3.0,0,Guglielmo,3.0,565,False,,,51,184254.jpg,6.0,False,Vicario,12.4,False,,a,18,6,30,1082211,4858,325440,3116,0.6,5.9,Vicario,106.0,2023-07-01,1996-10-07,False,p184254,450,0,0,3,3,0,0,0,0,0,19,5,137,150.0,0.1,0.0,15.0,5,50,0,0,5,0.00,0.01,0.01,6.00,9,1,376,6,687,81,112,1,,,,,,,0.0,3.8,0.0,0.0,1.2,0.6,235,6,92,7,18,3,33,5,1.0,0.6,0.0
True,True,,,214572,0,0,0,0,0,1,0.5,0.0,0,Brandon,0.0,566,False,,,40,214572.jpg,0.0,False,Austin,0.2,False,,a,18,6,0,2796,24,9313,50,0.0,0.0,Austin,241.0,2017-07-22,1999-01-08,False,p214572,0,0,0,0,0,0,0,0,0,0,0,0,0,0.0,0.0,0.0,0.0,0,0,0,0,0,0.00,0.00,0.00,0.00,452,45,434,28,396,21,454,45,,,,,,,0.0,0.0,0.0,0.0,0.0,0.0,633,56,432,44,462,45,332,50,0.0,0.0,0.0
True,True,,,485055,0,0,-1,1,0,1,0.5,0.0,0,Antonín,0.0,567,False,,,39,485055.jpg,0.0,False,Kinský,1.5,False,,a,18,6,0,16018,2259,71842,477,0.0,0.0,Kinsky,57.0,2025-01-05,2003-03-13,False,p485055,0,0,0,0,0,0,0,0,0,0,0,0,0,0.0,0.0,0.0,0.0,0,0,0,0,0,0.00,0.00,0.00,0.00,416,28,394,9,354,2,418,28,,,,,,,0.0,0.0,0.0,0.0,0.0,0.0,724,85,395,27,426,28,155,22,0.0,0.0,0.0
True,True,,,441164,0,0,1,-1,0,2,3.3,2.8,0,Pedro,2.8,568,False,,,56,441164.jpg,4.4,False,Porro Sauceda,23.3,False,,a,18,6,22,1016254,3860,877786,7978,0.5,3.9,Pedro Porro,200.0,2023-07-01,1999-09-13,False,p441164,428,0,0,3,3,0,0,0,1,0,0,0,100,97.4,140.3,19.0,25.8,24,19,10,34,5,0.11,0.84,0.95,5.97,71,32,9,1,202,49,33,5,1.0,,2.0,,,,0.02,0.0,0.18,0.2,1.26,0.63,129,13,111,43,66,31,16,6,1.05,0.63,7.15
True,True,,,221632,0,0,1,-1,1,2,4.5,4.0,0,Cristian,4.0,569,False,,,51,221632.jpg,5.8,False,Romero,7.4,False,,a,18,6,29,578974,4302,221464,1835,0.8,5.7,Romero,10.0,2022-08-30,1998-04-27,False,p221632,450,0,1,3,3,0,0,0,2,0,0,3,117,126.0,26.5,43.0,19.5,31,22,12,43,5,0.07,0.19,0.26,6.00,28,9,175,46,94,11,71,18,,,,,,,0.01,0.0,0.04,0.05,1.2,0.6,236,34,53,20,21,9,54,19,1.0,0.6,8.6
True,True,,,135720,0,0,-2,2,0,2,0.7,0.2,0,Kevin,0.2,570,False,,,43,135720.jpg,1.0,False,Danso,0.2,False,,a,18,6,2,8104,210,16030,99,0.0,0.5,Danso,14.0,2025-07-01,1998-09-19,False,p135720,11,0,0,0,0,0,0,0,0,0,0,0,7,6.2,0.8,0.0,0.7,2,0,0,2,0,0.00,0.00,0.00,0.00,351,132,355,128,466,194,379,133,,,,,,,0.0,0.0,0.0,0.0,0.0,0.0,601,155,348,119,332,118,393,145,0.0,0.0,16.36
True,True,75.0,75.0,115556,0,0,-1,1,0,2,0.4,0.0,0,Ben,0.0,571,False,Knee injury - 75% chance of playing,2025-09-24T06:00:06.226008Z,44,115556.jpg,0.0,False,Davies,0.1,False,,d,18,6,0,1842,3,6184,71,0.0,0.0,Davies,244.0,2014-07-23,1993-04-24,False,p115556,0,0,0,0,0,0,0,0,0,0,0,0,0,0.0,0.0,0.0,0.0,0,0,0,0,0,0.00,0.00,0.00,0.00,526,216,511,215,477,202,528,216,,,,,,,0.0,0.0,0.0,0.0,0.0,0.0,516,120,509,208,535,213,496,183,0.0,0.0,0.0
True,True,0.0,0.0,493125,0,0,0,0,0,2,0.0,0.0,0,Radu,0.0,572,False,Knee injury - Unknown return date,2025-07-21T10:00:05.088977Z,45,493125.jpg,0.0,False,Drăgușin,0.0,False,,i,18,6,0,220,3,374,2,0.0,0.0,Dragusin,177.0,2024-01-11,2002-02-03,False,p493125,0,0,0,0,0,0,0,0,0,0,0,0,0,0.0,0.0,0.0,0.0,0,0,0,0,0,0.00,0.00,0.00,0.00,605,231,598,231,573,223,607,231,,,,,,,0.0,0.0,0.0,0.0,0.0,0.0,445,97,594,226,614,228,720,242,0.0,0.0,0.0
True,True,,,232859,0,0,0,0,0,2,2.3,1.8,0,Djed,1.8,573,False,,,45,232859.jpg,3.8,False,Spence,2.3,False,,a,18,6,19,228802,472,117722,1232,0.4,4.2,Spence,241.0,2022-07-19,2000-08-09,False,p232859,341,0,0,3,1,0,0,0,2,0,0,0,68,41.8,31.8,26.0,9.9,11,14,3,14,4,0.18,0.12,0.30,4.68,197,79,153,37,160,37,193,67,,,,,,,0.05,0.0,0.03,0.08,1.24,0.26,416,87,185,71,95,41,122,47,1.06,0.79,3.7
True,True,100.0,100.0,487053,0,0,-1,1,0,2,1.3,0.8,0,Destiny,0.8,574,False,,2025-08-10T23:30:07.244451Z,44,487053.jpg,1.0,False,Udogie,0.5,False,,a,18,6,3,28601,323,58963,190,0.2,0.7,Udogie,106.0,2022-08-16,2002-11-28,False,p487053,128,0,0,0,2,0,0,0,0,0,0,0,16,21.4,29.2,28.0,7.9,3,11,3,6,1,0.02,0.15,0.17,1.35,283,111,160,39,151,31,231,78,,,,,,,0.01,0.0,0.11,0.12,0.95,1.41,554,146,279,97,339,123,234,85,0.7,0.0,4.22
True,True,,,491279,0,0,2,-2,1,2,4.5,4.0,0,Micky,4.0,575,False,,,47,491279.jpg,5.6,False,van de Ven,34.4,False,,a,18,6,28,1566356,9776,598592,3241,0.9,6.0,Van de Ven,152.0,2023-08-08,2001-04-19,False,p491279,439,1,0,3,3,0,0,0,1,0,0,2,108,106.8,17.1,39.0,16.3,22,18,5,27,5,0.68,0.03,0.71,6.00,51,21,231,72,111,19,103,34,,,,,,,0.14,0.0,0.01,0.15,1.23,0.62,385,67,47,19,30,16,7,1,1.03,0.62,5.54
True,False,0.0,0.0,548308,0,0,0,0,0,2,0.0,0.0,0,Ashley,0.0,576,False,Has joined Stoke City on loan for the rest of the season.,2025-07-25T14:55:41.438809Z,40,548308.jpg,0.0,False,Phillips,0.0,False,,u,18,6,0,0,0,1574,12,0.0,0.0,Phillips,241.0,2023-08-05,2005-06-26,False,p548308,0,0,0,0,0,0,0,0,0,0,0,0,0,0.0,0.0,0.0,0.0,0,0,0,0,0,0.00,0.00,0.00,0.00,497,196,480,194,444,179,499,196,,,,,,,0.0,0.0,0.0,0.0,0.0,0.0,690,202,479,187,507,194,669,226,0.0,0.0,0.0
True,True,50.0,50.0,553299,0,0,0,0,0,2,0.2,0.0,0,Takai,0.0,577,False,Foot injury - 50% chance of playing,2025-08-10T23:30:07.262578Z,40,553299.jpg,0.0,False,Kōta,0.1,False,,d,18,6,0,402,4,6167,24,0.0,0.0,Takai,108.0,2025-07-08,2004-09-04,False,p553299,0,0,0,0,0,0,0,0,0,0,0,0,0,0.0,0.0,0.0,0.0,0,0,0,0,0,0.00,0.00,0.00,0.00,500,197,483,195,447,180,502,197,,,,,,,0.0,0.0,0.0,0.0,0.0,0.0,693,203,482,188,510,195,539,194,0.0,0.0,0.0
True,False,0.0,0.0,610799,0,0,-1,1,0,2,0.0,0.0,0,Luka,0.0,578,False,has joined Hamburger SV on loan for the rest of the season.,2025-09-02T13:17:42.706711Z,39,610799.jpg,0.0,False,Vušković,0.5,False,,u,18,6,0,7334,0,68282,403,0.0,0.0,Vuskovic,97.0,2025-06-01,2007-02-24,False,p610799,0,0,0,0,0,0,0,0,0,0,0,0,0,0.0,0.0,0.0,0.0,0,0,0,0,0,0.00,0.00,0.00,0.00,431,168,410,164,370,145,433,168,,,,,,,0.0,0.0,0.0,0.0,0.0,0.0,740,244,411,157,441,166,237,87,0.0,0.0,0.0
True,False,0.0,0.0,85971,0,0,0,0,0,3,0.0,0.0,0,Son,0.0,579,False,Has joined Los Angeles FC permanently.,2025-08-11T01:22:33.649224Z,85,85971.jpg,0.0,False,Heung-min,0.1,False,,u,18,6,0,0,0,23879,30,0.0,0.0,Son,114.0,2015-08-28,1992-07-08,False,p85971,0,0,0,0,0,0,0,0,0,0,0,0,0,0.0,0.0,0.0,0.0,0,0,0,0,0,0.00,0.00,0.00,0.00,741,328,741,328,741,328,741,328,,,,,,,0.0,0.0,0.0,0.0,0.0,0.0,10,5,740,328,740,328,413,136,0.0,0.0,0.0
True,True,,,242898,0,0,0,0,0,3,1.3,0.8,0,Brennan,0.8,580,False,,,70,242898.jpg,4.0,False,Johnson,5.9,False,,a,18,6,20,1063566,979,827309,6410,0.1,2.9,Johnson,244.0,2023-09-01,2001-05-23,False,p242898,237,2,0,2,1,0,0,0,1,0,0,2,67,87.0,44.8,50.0,18.3,4,6,5,15,3,0.90,0.15,1.05,3.93,82,25,107,75,79,47,82,46,,,,,,,0.34,0.0,0.06,0.4,1.49,0.38,35,21,306,150,93,36,63,17,1.14,0.76,5.7
True,True,0.0,0.0,172780,0,0,-1,1,0,3,0.0,0.0,0,James,0.0,581,False,Anterior cruciate ligament - Unknown return date,2025-08-08T13:57:59.638052Z,69,172780.jpg,0.0,False,Maddison,0.1,False,,i,18,6,0,562,2,20668,33,0.0,0.0,Maddison,241.0,2023-06-28,1996-11-23,False,p172780,0,0,0,0,0,0,0,0,0,0,0,0,0,0.0,0.0,0.0,0.0,0,0,0,0,0,0.00,0.00,0.00,0.00,736,325,736,325,736,325,736,325,4.0,,1.0,,,,0.0,0.0,0.0,0.0,0.0,0.0,43,27,732,324,735,325,421,139,0.0,0.0,0.0
True,True,,,460842,0,0,2,-2,1,3,3.5,3.0,0,Mohammed,3.0,582,False,,,67,460842.jpg,5.0,False,Kudus,32.4,False,,a,18,6,25,2004583,10076,1157244,8070,0.4,3.7,Kudus,81.0,2025-07-10,2000-08-02,False,p460842,439,0,4,3,3,0,0,0,1,0,0,1,80,106.8,178.9,77.0,36.2,0,19,10,29,5,0.64,1.02,1.66,6.00,52,17,3,3,41,24,10,7,2.0,,,,,,0.13,0.0,0.21,0.34,1.23,0.62,50,33,99,42,49,16,8,4,1.03,0.62,5.95
True,True,0.0,0.0,445044,0,0,-1,1,0,3,0.0,0.0,0,Dejan,0.0,583,False,Knee injury - Unknown return date,2025-07-21T10:00:05.109205Z,64,445044.jpg,0.0,False,Kulusevski,0.0,False,,i,18,6,0,306,6,1281,7,0.0,0.0,Kulusevski,206.0,2023-07-01,2000-04-25,False,p445044,0,0,0,0,0,0,0,0,0,0,0,0,0,0.0,0.0,0.0,0.0,0,0,0,0,0,0.00,0.00,0.00,0.00,733,324,733,324,733,324,733,324,,,,,,,0.0,0.0,0.0,0.0,0.0,0.0,68,47,729,323,732,324,683,291,0.0,0.0,0.0
True,True,,,511499,0,0,-2,2,0,3,1.5,1.0,0,Mathys,1.0,584,False,,,63,511499.jpg,1.7,False,Tel,0.1,False,,a,18,6,5,5245,82,12199,62,0.2,0.8,Tel,73.0,2025-07-01,2005-04-27,False,p511499,97,0,0,1,0,0,0,0,0,0,0,0,9,5.4,3.4,9.0,1.8,0,3,3,6,1,0.07,0.00,0.07,0.60,358,169,327,174,261,142,363,175,5.0,,4.0,,4.0,,0.06,0.0,0.0,0.06,0.56,0.0,79,55,273,134,280,133,476,159,0.93,0.93,5.57
True,True,,,202993,0,0,-1,1,0,3,1.5,1.0,0,Rodrigo,1.0,585,False,,,54,202993.jpg,2.0,False,Bentancur,0.1,False,,a,18,6,8,5958,59,12597,83,0.2,1.5,Bentancur,230.0,2022-01-31,1997-06-25,False,p202993,259,0,0,1,3,0,0,0,0,0,0,0,52,34.2,45.3,10.0,9.0,5,21,5,31,3,0.00,0.33,0.33,4.08,226,100,102,70,251,138,204,104,,,,,,,0.0,0.0,0.11,0.11,1.42,1.04,179,112,266,129,243,113,414,137,1.04,0.35,10.77
True,True,,,570526,0,0,-1,1,1,3,4.5,4.0,0,Lucas,4.0,586,False,,,54,570526.jpg,4.0,False,Bergvall,0.7,False,,a,18,6,20,82106,1117,23681,382,0.7,3.7,Bergvall,206.0,2024-07-01,2006-02-02,False,p570526,286,1,1,2,2,0,0,0,0,0,0,0,69,86.4,34.2,81.0,20.2,6,13,8,27,3,0.30,0.14,0.44,3.16,86,26,140,93,36,20,66,39,,,,,,,0.09,0.0,0.04,0.13,0.99,0.63,202,126,54,22,87,32,205,69,0.94,0.63,8.5
True,True,0.0,0.0,227127,0,0,-3,3,0,3,0.0,0.0,0,Yves,0.0,587,False,Knock - Unknown return date,2025-08-22T13:47:04.343594Z,52,227127.jpg,0.0,False,Bissouma,0.0,False,,i,18,6,0,871,8,12152,28,0.0,0.0,Bissouma,132.0,2022-06-17,1996-08-30,False,p227127,0,0,0,0,0,0,0,0,0,0,0,0,0,0.0,0.0,0.0,0.0,0,0,0,0,0,0.00,0.00,0.00,0.00,701,303,702,305,688,301,702,304,,,,,,,0.0,0.0,0.0,0.0,0.0,0.0,231,145,692,299,704,306,576,219,0.0,0.0,0.0
True,True,,,550839,0,0,-2,2,0,3,1.5,1.0,0,Wilson,1.0,588,False,,,53,550839.jpg,1.2,False,Odobert,0.0,False,,a,18,6,6,1226,23,2860,28,0.2,1.1,Odobert,73.0,2024-08-16,2004-11-28,False,p550839,140,0,0,0,2,0,0,0,0,0,0,0,18,8.8,23.2,41.0,7.2,1,8,1,10,1,0.41,0.14,0.55,1.46,336,160,189,122,100,61,246,123,,,,,,,0.26,0.0,0.09,0.35,0.94,1.29,228,143,265,128,318,156,613,249,0.64,0.0,6.43
True,False,0.0,0.0,235674,0,0,-1,1,0,3,0.0,0.0,0,Manor,0.0,589,False,has joined Villarreal CF on loan for the rest of the season.,2025-09-02T13:17:42.731308Z,54,235674.jpg,0.0,False,Solomon,0.0,False,,u,18,6,0,115,0,1303,5,0.0,0.0,Solomon,105.0,2023-07-11,1999-07-24,False,p235674,0,0,0,0,0,0,0,0,0,0,0,0,0,0.0,0.0,0.0,0.0,0,0,0,0,0,0.00,0.00,0.00,0.00,709,307,710,309,702,308,710,308,,,,,,,0.0,0.0,0.0,0.0,0.0,0.0,185,114,704,305,712,310,702,303,0.0,0.0,0.0
True,False,0.0,0.0,436234,0,0,-1,1,0,3,0.0,0.0,0,Bryan,0.0,590,False,has joined Girona permanently.,2025-09-22T09:26:56.310666Z,49,436234.jpg,0.0,False,Gil Salvatierra,0.0,False,,u,18,6,0,675,0,3229,50,0.0,0.0,Bryan,200.0,2021-07-26,2001-02-11,False,p436234,0,0,0,0,0,0,0,0,0,0,0,0,0,0.0,0.0,0.0,0.0,0,0,0,0,0,0.00,0.00,0.00,0.00,670,281,665,282,645,277,671,282,,,,,,,0.0,0.0,0.0,0.0,0.0,0.0,343,213,661,278,675,286,601,240,0.0,0.0,0.0
True,True,,,547701,0,0,-1,1,0,3,0.7,0.2,0,Archie,0.2,591,False,,,49,547701.jpg,2.0,False,Gray,0.1,False,,a,18,6,4,3628,42,9467,74,0.0,0.8,Gray,241.0,2024-07-02,2006-03-12,False,p547701,71,0,0,1,0,0,0,0,0,0,0,0,17,6.0,13.2,2.0,2.2,2,5,1,8,1,0.00,0.05,0.05,0.89,353,167,253,147,332,176,355,170,,,,,,,0.0,0.0,0.06,0.06,1.13,0.0,362,226,366,176,239,110,453,150,1.27,1.27,10.14
True,False,0.0,0.0,499721,0,0,0,0,0,3,0.0,0.0,0,Mikey,0.0,592,False,Has joined Rangers on loan for the rest of the season.,2025-08-11T01:19:38.328172Z,50,499721.jpg,0.0,False,Moore,0.0,False,,u,18,6,0,0,0,608,2,0.0,0.0,Moore,241.0,2024-05-01,2007-08-11,False,p499721,0,0,0,0,0,0,0,0,0,0,0,0,0,0.0,0.0,0.0,0.0,0,0,0,0,0,0.00,0.00,0.00,0.00,695,300,696,302,680,297,696,301,,,,,,,0.0,0.0,0.0,0.0,0.0,0.0,290,178,686,296,698,303,724,317,0.0,0.0,0.0
True,True,75.0,75.0,482442,0,0,0,0,0,3,2.2,1.9,0,Pape Matar,2.5,593,False,Thigh injury - 75% chance of playing,2025-09-24T22:30:08.387253Z,50,482442.jpg,4.8,False,Sarr,2.5,False,,d,18,6,19,254359,222,269729,4621,0.5,3.8,P.M.Sarr,189.0,2021-08-27,2002-09-14,False,p482442,345,1,1,3,1,0,0,0,0,0,0,0,74,81.2,25.5,68.0,17.5,11,17,4,32,4,0.31,0.26,0.57,4.68,103,33,179,117,50,29,88,48,,,,,,,0.08,0.0,0.07,0.15,1.22,0.26,284,173,123,52,52,18,114,42,1.04,0.78,8.35
True,False,0.0,0.0,623095,0,0,0,0,0,3,0.0,0.0,0,Yang,0.0,594,False,Has joined Portsmouth on loan for the rest of the season.,2025-08-11T01:24:33.782871Z,45,623095.jpg,0.0,False,Min-hyeok,0.0,False,,u,18,6,0,0,0,2378,4,0.0,0.0,Min-hyeok,114.0,2025-01-01,2006-04-16,False,p623095,0,0,0,0,0,0,0,0,0,0,0,0,0,0.0,0.0,0.0,0.0,0,0,0,0,0,0.00,0.00,0.00,0.00,645,266,639,268,613,258,646,267,,,,,,,0.0,0.0,0.0,0.0,0.0,0.0,500,296,635,262,653,274,668,284,0.0,0.0,0.0
True,True,,,499726,0,0,-1,1,0,3,0.5,0.0,0,Callum,0.0,595,False,,,44,499726.jpg,0.0,False,Olusesi,0.2,False,,a,18,6,0,10833,135,13285,134,0.0,0.0,Olusesi,241.0,2024-11-06,2007-03-11,False,p499726,0,0,0,0,0,0,0,0,0,0,0,0,0,0.0,0.0,0.0,0.0,0,0,0,0,0,0.00,0.00,0.00,0.00,550,201,535,203,505,192,552,202,,,,,,,0.0,0.0,0.0,0.0,0.0,0.0,563,311,537,196,559,211,350,118,0.0,0.0,0.0
True,True,0.0,0.0,154566,0,0,-3,3,0,4,0.0,0.0,0,Dominic,0.0,596,False,Ankle injury - Expected back 19 Oct,2025-09-12T16:30:09.183639Z,72,154566.jpg,1.0,False,Solanke-Mitchell,1.2,False,,i,18,6,2,28034,24,412652,969,0.0,0.3,Solanke,241.0,2024-08-10,1997-09-14,False,p154566,31,0,0,0,0,0,0,0,0,0,0,0,10,6.0,0.3,25.0,3.1,2,0,1,3,0,0.20,0.00,0.20,0.22,354,29,370,40,172,32,338,33,,,,,2.0,,0.58,0.0,0.0,0.58,0.64,0.0,30,13,735,80,399,45,168,26,0.0,0.0,8.71
True,True,,,212319,0,0,3,-3,1,4,3.5,3.0,0,Richarlison,3.0,597,False,,,68,212319.jpg,5.8,False,de Andrade,17.6,False,,a,18,6,29,2217785,14135,811404,9021,0.4,4.3,Richarlison,30.0,2022-07-01,1997-05-10,False,p212319,347,3,1,2,3,0,0,0,1,0,0,6,125,141.4,48.3,190.0,38.0,9,8,3,20,4,1.64,0.18,1.82,5.17,16,4,91,8,2,2,7,2,,,,,3.0,,0.43,0.0,0.05,0.48,1.34,0.78,48,17,100,12,25,4,21,6,1.04,0.52,5.19
True,False,0.0,0.0,552427,0,0,0,0,0,4,0.0,0.0,0,Will,0.0,598,False,Has joined Oxford United on loan for the rest of the season.,2025-08-11T01:18:54.659436Z,45,552427.jpg,0.0,False,Lankshear,0.0,False,,u,18,6,0,0,0,4295,11,0.0,0.0,Lankshear,241.0,2022-12-08,2005-04-20,False,p552427,0,0,0,0,0,0,0,0,0,0,0,0,0,0.0,0.0,0.0,0.0,0,0,0,0,0,0.00,0.00,0.00,0.00,619,59,613,59,588,57,621,60,,,,,,,0.0,0.0,0.0,0.0,0.0,0.0,468,60,610,57,630,61,624,77,0.0,0.0,0.0
True,True,,,490145,0,0,-1,1,0,4,0.5,0.0,0,Dane,0.0,599,False,,,44,490145.jpg,0.0,False,Scarlett,0.7,False,,a,18,6,0,28935,429,55064,453,0.0,0.0,Scarlett,241.0,2020-08-21,2004-03-24,False,p490145,0,0,0,0,0,0,0,0,0,0,0,0,0,0.0,0.0,0.0,0.0,0,0,0,0,0,0.00,0.00,0.00,0.00,544,48,529,48,499,46,546,49,,,,,,,0.0,0.0,0.0,0.0,0.0,0.0,556,71,531,46,553,50,207,35,0.0,0.0,0.0
True,True,,,154296,0,0,0,0,0,3,2.5,2.0,0,João Maria,2.0,673,False,,,55,154296.jpg,4.0,False,Lobo Alves Palhares Costa Palhinha Gonçalves,0.9,False,,a,18,6,20,89419,598,56599,501,0.4,3.6,J.Palhinha,173.0,2025-08-03,1995-07-09,False,p154296,333,1,0,2,3,0,0,0,0,0,0,3,76,92.8,13.8,39.0,14.6,8,9,19,36,4,0.36,0.06,0.42,4.75,74,23,249,146,113,68,116,63,,,,,,,0.1,0.0,0.02,0.12,1.28,0.81,140,88,173,74,88,33,187,63,1.08,0.54,9.73
True,True,,,493362,0,0,1,-1,0,3,2.8,2.3,0,Xavi,2.3,717,False,,,71,493362.jpg,3.5,False,Simons,3.9,False,,a,18,6,7,596333,4679,165130,2826,0.3,1.0,Xavi,152.0,2025-08-29,2003-04-21,False,p493362,99,0,1,1,0,0,0,0,0,0,0,0,27,21.6,32.0,25.0,7.9,0,3,1,4,1,0.28,0.14,0.42,1.02,282,128,151,102,171,99,234,116,,,,,,,0.25,0.0,0.13,0.38,0.93,0.0,32,18,131,55,116,48,90,29,0.91,0.91,3.64
True,True,0.0,0.0,247693,0,0,0,0,0,4,0.0,0.0,0,Randal,0.0,726,False,Dead leg - Expected back 04 Oct,2025-09-24T06:00:06.307596Z,70,247693.jpg,0.0,False,Kolo Muani,0.2,False,,i,18,6,0,34776,22,24647,988,0.0,0.0,Kolo Muani,73.0,2025-09-01,1998-12-05,False,p247693,0,0,0,0,0,0,0,0,0,0,0,0,0,0.0,0.0,0.0,0.0,0,0,0,0,0,0.00,0.00,0.00,0.00,738,81,738,81,738,81,738,81,,,,,,,0.0,0.0,0.0,0.0,0.0,0.0,37,15,734,79,737,81,362,55,0.0,0.0,0.0
True,True,100.0,100.0,223434,0,0,0,0,0,2,-0.5,0.0,0,Igor Julio,0.0,149,False,,2025-08-10T18:00:05.419085Z,45,223434.jpg,0.0,False,dos Santos de Paulo,0.1,False,,a,19,21,0,1960,33,2957,33,0.0,0.0,Igor,30.0,2025-09-01,1998-02-07,False,p223434,0,0,0,0,0,0,0,0,0,0,0,0,0,0.0,0.0,0.0,0.0,0,0,0,0,0,0.00,0.00,0.00,0.00,588,228,578,227,551,219,590,228,,,,,,,0.0,0.0,0.0,0.0,0.0,0.0,413,84,576,223,597,225,563,204,0.0,0.0,0.0
True,True,,,84182,0,0,-2,2,0,1,-0.3,0.2,0,Alphonse,0.2,600,False,,,43,84182.jpg,1.0,False,Areola,2.3,False,,a,19,21,1,22183,271,255858,960,0.0,0.2,Areola,73.0,2022-07-01,1993-02-27,False,p84182,90,0,0,0,2,0,0,0,0,0,1,0,4,13.2,0.0,0.0,1.3,2,7,0,0,1,0.00,0.00,0.00,2.31,318,25,500,56,464,49,368,25,,,,,,,0.0,1.0,0.0,0.0,2.31,2.0,599,36,347,24,331,25,121,16,1.0,0.0,0.0
True,False,0.0,0.0,82143,0,0,0,0,0,1,0.0,0.0,0,Wes,0.0,601,False,has joined Aris Limassol permanently.,2025-09-11T13:43:36.667461Z,40,82143.jpg,0.0,False,Foderingham,0.4,False,,u,19,21,0,3874,0,23892,236,0.0,0.0,Foderingham,241.0,2024-07-01,1991-01-14,False,p82143,0,0,0,0,0,0,0,0,0,0,0,0,0,0.0,0.0,0.0,0.0,0,0,0,0,0,0.00,0.00,0.00,0.00,438,35,419,18,380,11,440,35,,,,,,,0.0,0.0,0.0,0.0,0.0,0.0,614,46,418,34,448,35,269,36,0.0,0.0,0.0
True,True,,,483364,0,0,0,0,0,1,-0.5,0.0,0,Krisztián,0.0,602,False,,,40,483364.jpg,0.0,False,Hegyi,0.2,False,,a,19,21,0,2047,11,6448,55,0.0,0.0,Hegyi,98.0,2022-08-24,2002-09-24,False,p483364,0,0,0,0,0,0,0,0,0,0,0,0,0,0.0,0.0,0.0,0.0,0,0,0,0,0,0.00,0.00,0.00,0.00,478,61,461,44,424,37,480,61,,,,,,,0.0,0.0,0.0,0.0,0.0,0.0,667,72,459,60,488,61,339,51,0.0,0.0,0.0
True,True,,,613804,0,0,-1,1,0,2,3.0,3.5,0,El Hadji Malick,3.5,603,False,,,44,613804.jpg,3.6,False,Diouf,3.8,False,,a,19,21,18,85616,861,426255,2546,0.8,4.1,Diouf,189.0,2025-07-15,2004-12-28,False,p613804,450,0,3,1,13,0,0,0,1,0,0,1,50,125.6,102.9,37.0,26.6,25,19,5,30,5,0.17,0.65,0.82,7.75,29,10,30,5,118,20,26,4,,,,,,,0.03,0.0,0.13,0.16,1.55,2.6,595,154,70,26,109,45,93,36,1.0,0.2,6.0
True,False,0.0,0.0,109533,0,0,-1,1,0,2,0.0,0.0,0,Emerson,0.0,604,False,has joined Marseille permanently.,2025-09-02T13:30:06.113081Z,44,109533.jpg,0.0,False,Palmieri dos Santos,0.1,False,,u,19,21,0,1719,0,17201,58,0.0,0.0,Emerson,106.0,2022-08-23,1994-08-03,False,p109533,0,0,0,0,0,0,0,0,0,0,0,0,0,0.0,0.0,0.0,0.0,0,0,0,0,0,0.00,0.00,0.00,0.00,523,213,508,212,474,199,525,213,3.0,,3.0,,,,0.0,0.0,0.0,0.0,0.0,0.0,512,116,506,205,532,210,497,184,0.0,0.0,0.0
True,True,,,214048,0,0,-1,1,0,2,1.7,2.2,0,Maximilian,2.2,605,False,,,44,214048.jpg,1.8,False,Kilman,0.2,False,,a,19,21,9,6153,27,20055,68,0.5,2.0,Kilman,241.0,2024-07-05,1997-05-23,False,p214048,450,0,0,1,13,0,0,0,2,0,0,0,20,99.8,18.1,14.0,13.1,36,17,6,42,5,0.39,0.03,0.42,7.75,63,26,226,70,223,62,141,47,,,,,,,0.08,0.0,0.01,0.09,1.55,2.6,525,128,133,52,260,93,382,140,1.0,0.2,8.4
True,True,,,233963,0,0,-1,1,0,2,2.5,3.0,0,Konstantinos,3.0,606,False,,,44,233963.jpg,4.0,False,Mavropanos,0.1,False,,a,19,21,12,3211,43,3706,26,0.7,2.7,Mavropanos,83.0,2023-08-22,1997-12-11,False,p233963,270,0,0,1,5,0,0,0,0,0,0,0,37,68.6,1.6,39.0,10.9,27,9,1,28,3,0.28,0.03,0.31,4.33,124,56,347,124,108,16,170,58,,,,,,,0.09,0.0,0.01,0.1,1.44,1.67,536,135,89,36,77,34,542,197,1.0,0.33,9.33
True,False,0.0,0.0,210494,0,0,-1,1,0,2,0.0,0.0,0,Nayef,0.0,607,False,has joined Marseille permanently.,2025-09-02T12:20:05.254985Z,44,210494.jpg,1.5,False,Aguerd,0.1,False,,u,19,21,3,1288,0,10510,58,0.0,0.7,N.Aguerd,145.0,2022-06-21,1996-03-30,False,p210494,180,0,0,0,8,0,0,0,0,0,0,0,-1,39.0,3.9,8.0,5.1,14,8,1,15,2,0.10,0.03,0.13,3.42,207,83,322,111,263,86,290,96,,,,,,,0.05,0.0,0.02,0.07,1.71,4.0,524,127,514,212,287,99,550,200,1.0,0.0,7.5
True,True,,,536109,0,0,-1,1,0,2,-0.5,0.0,0,Ollie,0.0,608,False,,,44,536109.jpg,0.0,False,Scarles,0.0,False,,a,19,21,0,462,1,1899,12,0.0,0.0,Scarles,241.0,2022-10-01,2005-12-12,False,p536109,0,0,0,0,0,0,0,0,0,0,0,0,0,0.0,0.0,0.0,0.0,0,0,0,0,0,0.00,0.00,0.00,0.00,559,224,545,223,515,213,561,224,,,,,,,0.0,0.0,0.0,0.0,0.0,0.0,575,151,546,219,568,221,611,211,0.0,0.0,0.0
True,True,,,462116,0,0,-1,1,0,2,-0.5,0.0,0,Jean-Clair,0.0,609,False,,,44,462116.jpg,0.5,False,Todibo,0.1,False,,a,19,21,1,2485,21,8190,50,0.0,0.2,Todibo,73.0,2025-07-01,1999-12-30,False,p462116,126,0,0,0,5,0,0,0,0,0,0,0,0,25.2,3.4,0.0,2.9,8,2,3,11,2,0.00,0.01,0.01,2.26,269,104,326,113,495,210,342,122,,,,,,,0.0,0.0,0.01,0.01,1.61,3.57,548,142,527,217,410,140,479,179,1.43,0.0,7.86
True,True,0.0,0.0,214590,0,0,-2,2,0,2,0.0,0.0,0,Aaron,0.0,610,False,Abdominal injury - Unknown return date,2025-09-18T14:00:08.212742Z,43,214590.jpg,0.5,False,Wan-Bissaka,8.1,False,,i,19,21,1,57431,51,1705328,13126,0.0,0.2,Wan-Bissaka,50.0,2024-08-13,1997-11-26,False,p214590,180,0,0,0,8,0,0,0,0,0,0,0,1,34.8,44.5,8.0,8.8,7,8,1,8,2,0.00,0.13,0.13,3.42,224,85,108,23,262,85,206,70,,,,,,,0.0,0.0,0.06,0.06,1.71,4.0,602,156,500,202,409,139,50,18,1.0,0.0,4.0
True,False,0.0,0.0,518438,0,0,0,0,0,2,0.0,0.0,0,Kaelan,0.0,611,False,Has joined Swansea City on loan for the rest of the season.,2025-08-11T01:20:17.436361Z,40,518438.jpg,0.0,False,Casey,0.1,False,,u,19,21,0,0,0,9236,41,0.0,0.0,Casey,241.0,2022-11-01,2004-10-28,False,p518438,0,0,0,0,0,0,0,0,0,0,0,0,0,0.0,0.0,0.0,0.0,0,0,0,0,0,0.00,0.00,0.00,0.00,491,191,474,189,437,173,493,191,,,,,,,0.0,0.0,0.0,0.0,0.0,0.0,682,195,472,181,501,189,478,178,0.0,0.0,0.0
True,True,,,224024,0,0,-1,1,0,3,2.7,3.2,0,Lucas,3.2,612,False,,,59,224024.jpg,4.8,False,Tolentino Coelho de Lima,3.2,False,,a,19,21,24,467147,1120,274111,4039,0.5,4.1,L.Paquetá,30.0,2022-08-29,1997-08-27,False,p224024,427,2,0,1,13,0,0,0,1,0,0,2,84,133.6,109.0,75.0,31.9,7,24,10,41,5,1.46,0.31,1.77,7.24,22,9,22,19,44,26,18,13,,,1.0,,1.0,,0.31,0.0,0.07,0.38,1.53,2.74,104,71,84,35,53,19,99,34,1.05,0.21,8.64
True,True,0.0,0.0,215439,0,0,-3,3,0,3,0.0,0.0,0,Tomáš,0.2,613,False,Suspended until 20 Oct,2025-09-13T21:30:08.395458Z,57,215439.jpg,1.0,False,Souček,0.3,False,,s,19,21,4,2858,2,73894,292,0.0,0.7,Souček,57.0,2020-07-28,1995-02-27,False,p215439,231,0,0,1,10,0,0,0,0,1,0,0,24,38.0,3.7,58.0,10.1,16,7,4,27,3,0.17,0.00,0.17,3.66,213,92,324,173,65,40,189,98,,,,,,,0.07,0.0,0.0,0.07,1.43,3.9,122,80,375,181,390,192,328,109,1.17,0.39,10.52
True,True,,,101178,0,0,-2,2,0,3,1.3,1.8,0,James,1.8,614,False,,,58,101178.jpg,2.2,False,Ward-Prowse,0.2,False,,a,19,21,11,7608,68,27501,150,0.3,1.9,Ward-Prowse,241.0,2023-08-14,1994-11-01,False,p101178,414,0,0,1,11,0,0,0,0,0,0,0,82,56.6,176.3,6.0,23.9,9,9,4,22,5,0.13,0.91,1.04,7.27,149,55,5,5,289,155,45,30,2.0,,2.0,,3.0,,0.03,0.0,0.2,0.23,1.58,2.39,112,76,198,86,227,106,334,112,1.09,0.22,4.78
True,True,100.0,100.0,450070,0,0,0,0,0,3,2.3,2.8,0,Crysencio,2.8,615,False,,2025-07-21T10:00:05.129084Z,55,450070.jpg,3.7,False,Summerville,0.1,False,,a,19,21,11,8794,94,4216,72,0.5,2.0,Summerville,152.0,2024-08-03,2001-10-30,False,p450070,145,0,2,0,4,0,0,0,0,0,0,0,38,33.4,25.0,10.0,6.8,3,7,2,12,2,0.00,0.23,0.23,2.85,231,103,184,119,253,139,254,128,,,,,,,0.0,0.0,0.14,0.14,1.77,2.48,156,96,110,46,105,41,537,195,1.24,0.0,7.45
True,False,0.0,0.0,213999,0,0,-1,1,0,3,0.0,0.0,0,Edson,0.0,616,False,Has joined Fenerbahçe on loan for the rest of the season.,2025-08-26T13:45:35.073930Z,49,213999.jpg,0.0,False,Álvarez Velázquez,0.1,False,,u,19,21,0,1147,0,14335,31,0.0,0.0,Álvarez,139.0,2023-08-10,1997-10-24,False,p213999,0,0,0,0,0,0,0,0,0,0,0,0,0,0.0,0.0,0.0,0.0,0,0,0,0,0,0.00,0.00,0.00,0.00,662,276,655,276,634,271,663,277,,,,,,,0.0,0.0,0.0,0.0,0.0,0.0,324,203,653,273,667,281,536,194,0.0,0.0,0.0
True,False,0.0,0.0,149519,0,0,-1,1,0,3,0.0,0.0,0,Maxwel,0.0,617,False,has joined Genoa on loan for the rest of the season.,2025-09-02T12:21:17.687537Z,49,149519.jpg,0.0,False,Cornet,0.0,False,,u,19,21,0,246,0,2659,8,0.0,0.0,Cornet,54.0,2022-08-07,1996-09-27,False,p149519,0,0,0,0,0,0,0,0,0,0,0,0,0,0.0,0.0,0.0,0.0,0,0,0,0,0,0.00,0.00,0.00,0.00,656,271,650,272,626,264,657,272,,,,,,,0.0,0.0,0.0,0.0,0.0,0.0,308,190,646,267,662,277,653,275,0.0,0.0,0.0
True,True,,,197024,0,0,-1,1,0,3,-0.5,0.0,0,Guido,0.0,618,False,,,49,197024.jpg,2.0,False,Rodríguez,0.0,False,,a,19,21,2,947,14,3169,15,0.0,0.4,G.Rodriguez,10.0,2024-08-06,1994-04-12,False,p197024,70,0,0,0,1,0,0,0,0,0,0,0,11,2.2,2.3,2.0,0.7,0,4,0,4,1,0.03,0.03,0.06,0.60,380,180,336,176,328,173,383,185,,,,,,,0.04,0.0,0.04,0.08,0.77,1.29,317,198,650,271,235,108,579,222,1.29,0.0,5.14
True,True,100.0,100.0,577114,0,0,-1,1,0,3,0.0,0.5,0,Luis Guilherme,0.5,619,False,,2025-08-21T14:30:06.529194Z,49,577114.jpg,1.0,False,Lira dos Santos,0.0,False,,a,19,21,2,279,3,2195,5,0.1,0.4,L.Guilherme,30.0,2024-06-14,2006-02-09,False,p577114,41,0,0,0,1,0,0,0,0,0,0,0,3,1.4,0.0,4.0,0.3,1,2,0,3,0,0.07,0.00,0.07,0.79,392,185,674,288,307,162,394,188,,,,,,,0.15,0.0,0.0,0.15,1.73,2.2,365,229,324,157,364,175,659,279,0.0,0.0,6.59
True,True,100.0,100.0,490885,0,0,0,0,0,3,-0.5,0.0,0,George,0.0,620,False,,2025-08-14T16:00:06.537170Z,45,490885.jpg,0.0,False,Earthy,0.1,False,,a,19,21,0,1813,47,4730,26,0.0,0.0,Earthy,241.0,2023-07-14,2004-09-05,False,p490885,0,0,0,0,0,0,0,0,0,0,0,0,0,0.0,0.0,0.0,0.0,0,0,0,0,0,0.00,0.00,0.00,0.00,603,234,596,236,571,226,605,235,,,,,,,0.0,0.0,0.0,0.0,0.0,0.0,443,260,592,230,612,244,544,198,0.0,0.0,0.0
True,True,,,229384,0,0,-1,1,0,3,0.0,0.5,0,Andy,0.5,621,False,,,44,229384.jpg,1.0,False,Irving,0.3,False,,a,19,21,3,18308,499,17046,205,0.1,0.7,Irving,243.0,2023-08-31,2000-05-13,False,p229384,24,0,0,0,1,0,0,0,0,0,0,0,14,14.8,17.2,0.0,3.2,1,2,3,6,0,0.00,0.06,0.06,0.45,307,142,229,141,483,182,331,163,4.0,,,,,,0.0,0.0,0.22,0.22,1.69,3.75,529,300,312,152,337,157,303,100,0.0,0.0,22.5
True,False,0.0,0.0,518442,0,0,-1,1,0,3,0.0,0.0,0,Lewis,0.0,622,False,has joined Stevenage on loan for the rest of the season.,2025-09-02T12:14:36.944075Z,44,518442.jpg,0.0,False,Orford,0.1,False,,u,19,21,0,1052,0,8788,70,0.0,0.0,Orford,241.0,2022-11-01,2006-02-18,False,p518442,0,0,0,0,0,0,0,0,0,0,0,0,0,0.0,0.0,0.0,0.0,0,0,0,0,0,0.00,0.00,0.00,0.00,554,203,540,205,510,194,556,204,,,,,,,0.0,0.0,0.0,0.0,0.0,0.0,570,313,541,198,563,213,501,172,0.0,0.0,0.0
True,True,,,490142,0,0,-1,1,0,3,-0.5,0.0,0,Freddie,0.0,623,False,,,44,490142.jpg,1.0,False,Potts,0.7,False,,a,19,21,1,46993,260,49391,498,0.0,0.2,Potts,241.0,2021-12-08,2003-09-12,False,p490142,45,0,0,0,2,0,0,0,0,0,0,0,2,6.2,2.2,2.0,1.0,1,2,1,4,0,0.00,0.00,0.00,1.12,352,166,338,177,322,169,374,182,,,,,,,0.0,0.0,0.0,0.0,2.24,4.0,555,306,530,191,340,158,200,66,0.0,0.0,8.0
True,True,,,178186,0,0,-3,3,0,4,4.5,5.0,0,Jarrod,5.0,624,False,,,77,178186.jpg,4.8,False,Bowen,6.3,False,,a,19,21,24,182229,3130,1241892,4827,0.6,3.1,Bowen,241.0,2020-01-31,1996-12-20,False,p178186,450,2,0,1,13,0,0,0,0,0,0,6,112,123.8,83.9,135.0,34.3,7,16,6,29,5,0.67,0.45,1.12,7.75,31,5,44,1,8,4,13,4,,,4.0,,2.0,,0.13,0.0,0.09,0.22,1.55,2.6,19,7,29,3,55,6,59,11,1.0,0.2,5.8
True,True,100.0,100.0,91889,0,0,-3,3,0,4,0.3,0.8,0,Niclas,0.8,625,False,,2025-09-11T17:30:07.116298Z,57,91889.jpg,1.5,False,Füllkrug,1.0,False,,a,19,21,6,34825,236,325399,928,0.1,1.1,Füllkrug,80.0,2024-08-05,1993-02-09,False,p91889,229,0,0,1,7,0,0,0,0,0,0,0,9,8.0,36.9,69.0,11.3,1,2,1,4,3,0.29,0.13,0.42,3.39,342,25,131,12,48,17,165,18,,,,,,,0.11,0.0,0.05,0.16,1.33,2.75,121,32,294,27,299,29,181,29,1.18,0.39,1.57
True,True,,,565431,0,0,-1,1,0,4,-0.5,0.0,0,Callum,0.0,626,False,,,44,565431.jpg,0.0,False,Marshall,0.7,False,,a,19,21,0,34683,483,50066,481,0.0,0.0,Marshall,242.0,2023-09-26,2004-11-28,False,p565431,0,0,0,0,0,0,0,0,0,0,0,0,0,0.0,0.0,0.0,0.0,0,0,0,0,0,0.00,0.00,0.00,0.00,567,54,553,54,524,52,569,55,,,,,,,0.0,0.0,0.0,0.0,0.0,0.0,585,77,554,52,576,56,201,34,0.0,0.0,0.0
True,True,,,158534,0,0,-1,1,0,2,1.5,2.0,0,Kyle,2.0,659,False,,,44,158534.jpg,2.2,False,Walker-Peters,0.3,False,,a,19,21,9,10941,89,20607,136,0.5,2.0,Walker-Peters,241.0,2025-07-20,1997-04-13,False,p158534,290,0,0,1,5,0,0,0,0,0,0,0,48,45.8,22.5,32.0,10.0,8,15,6,14,3,0.14,0.04,0.18,4.64,180,73,192,52,136,25,190,64,,,,,,,0.04,0.0,0.01,0.05,1.44,1.55,518,121,158,61,220,81,293,108,0.93,0.31,4.34
True,True,,,75115,0,0,-1,1,0,4,1.7,2.2,0,Callum,2.2,671,False,,,59,75115.jpg,2.2,False,Wilson,0.4,False,,a,19,21,11,26569,191,40907,368,0.4,1.9,Wilson,241.0,2025-08-02,1992-02-27,False,p75115,170,1,0,0,5,0,0,0,0,0,0,2,42,50.8,13.5,82.0,14.3,2,4,0,6,1,1.09,0.04,1.13,3.66,168,14,252,23,35,14,123,15,,,,,,,0.58,0.0,0.02,0.6,1.94,2.65,94,28,150,16,228,20,257,41,0.53,0.0,3.18
True,True,,,467189,0,0,0,0,0,1,1.5,2.0,0,Mads,2.0,679,False,,,45,467189.jpg,2.2,False,Hermansen,0.3,False,,a,19,21,9,11319,56,19997,100,0.4,2.0,Hermansen,58.0,2025-08-09,2000-07-11,False,p467189,360,0,0,1,11,0,0,0,0,0,9,0,27,84.8,0.0,0.0,8.5,7,27,0,0,4,0.00,0.01,0.01,5.44,90,13,593,72,567,66,217,14,,,,,,,0.0,2.25,0.0,0.0,1.36,2.75,436,27,161,14,221,20,312,46,1.0,0.25,0.0
True,True,,,551226,0,0,0,0,0,3,1.3,1.8,0,Mateus Gonçalo,1.8,708,False,,,55,551226.jpg,2.3,False,Espanha Fernandes,0.0,False,,a,19,21,7,2883,26,1405,22,0.3,1.3,M.Fernandes,173.0,2025-08-29,2004-07-10,False,p551226,218,0,0,1,4,0,0,0,0,0,0,0,36,26.0,59.5,8.0,9.3,4,10,5,19,3,0.00,0.26,0.26,3.51,265,119,78,58,268,147,200,101,,,,,,,0.0,0.0,0.11,0.11,1.45,1.65,167,104,197,85,214,97,644,268,1.24,0.41,7.84
True,True,,,564940,0,0,0,0,0,3,0.2,0.7,0,Soungoutou,0.7,718,False,,,50,564940.jpg,1.0,False,Magassa,0.0,False,,a,19,21,2,252,6,156,5,0.1,0.4,S.Magassa,73.0,2025-08-30,2003-10-08,False,p564940,41,0,0,0,1,0,0,0,0,0,0,0,8,9.6,1.7,0.0,1.1,1,1,2,4,0,0.00,0.00,0.00,0.79,331,157,345,181,681,298,372,180,,,,,,,0.0,0.0,0.0,0.0,1.73,2.2,297,184,308,151,370,178,716,313,0.0,0.0,8.78
True,True,,,37096,0,0,0,0,0,1,-0.5,0.0,0,Lukasz,0.0,738,False,,,45,37096.jpg,0.0,False,Fabianski,0.0,False,,a,19,21,0,1566,24,442,9,0.0,0.0,Fabianski,172.0,2025-09-10,1985-04-18,False,p37096,0,0,0,0,0,0,0,0,0,0,0,0,0,0.0,0.0,0.0,0.0,0,0,0,0,0,0.00,0.00,0.00,0.00,580,80,566,65,537,58,582,80,,,,,,,0.0,0.0,0.0,0.0,0.0,0.0,388,19,567,79,589,80,654,80,0.0,0.0,0.0
True,True,,,101982,0,0,0,0,0,1,0.8,0.8,0,Sam,0.8,627,False,,,45,101982.jpg,3.0,False,Johnstone,0.1,False,,a,20,39,3,2825,31,5603,43,0.2,0.7,Johnstone,241.0,2024-08-30,1993-03-25,False,p101982,90,0,0,0,1,0,0,0,0,0,3,0,17,31.2,0.0,0.0,3.1,5,13,0,0,1,0.00,0.00,0.00,1.55,239,21,569,68,540,61,335,21,,,,,,,0.0,3.0,0.0,0.0,1.55,1.0,394,22,282,21,142,15,436,65,1.0,0.0,0.0
True,True,,,149065,0,0,0,0,0,1,0.5,0.5,0,José,0.5,628,False,,,45,149065.jpg,1.2,False,Malheiro de Sá,1.5,False,,a,20,39,5,25689,115,76774,587,0.1,1.1,José Sá,173.0,2021-07-15,1993-01-17,False,p149065,360,0,0,0,11,0,0,0,0,0,5,0,7,44.0,10.0,0.0,5.5,3,37,0,0,4,0.00,0.03,0.03,6.17,185,20,282,1,541,62,283,19,,,,,,,0.0,1.25,0.01,0.01,1.54,2.75,398,23,315,22,310,24,154,21,1.0,0.0,0.0
True,True,,,79602,0,0,0,0,0,1,0.0,0.0,0,Daniel,0.0,629,False,,,40,79602.jpg,0.0,False,Bentley,0.7,False,,a,20,39,0,8327,54,18673,143,0.0,0.0,Bentley,241.0,2023-01-25,1993-07-13,False,p79602,0,0,0,0,0,0,0,0,0,0,0,0,0,0.0,0.0,0.0,0.0,0,0,0,0,0,0.00,0.00,0.00,0.00,436,33,417,16,378,9,438,33,,,,,,,0.0,0.0,0.0,0.0,0.0,0.0,612,44,416,32,446,33,212,28,0.0,0.0,0.0
True,True,,,516939,0,0,0,0,0,2,2.0,2.0,0,Emmanuel,2.0,631,False,,,45,516939.jpg,2.4,False,Agbadou,0.3,False,,a,20,39,12,20412,92,37766,194,0.4,2.7,Agbadou,54.0,2025-01-09,1997-06-17,False,p516939,450,0,0,0,12,0,0,0,0,0,0,0,40,141.0,38.6,39.0,21.9,39,25,13,52,5,0.38,0.26,0.64,7.72,17,5,124,30,110,18,53,8,,,5.0,,,,0.08,0.0,0.05,0.13,1.54,2.4,455,101,162,64,202,77,313,112,1.0,0.0,10.4
True,True,,,87835,0,0,-1,1,0,2,0.0,0.0,0,Matt,0.0,632,False,,,44,87835.jpg,0.0,False,Doherty,0.1,False,,a,20,39,0,2820,22,9792,60,0.0,0.0,Doherty,104.0,2023-07-20,1992-01-16,False,p87835,180,0,0,0,5,0,0,0,2,0,0,0,4,29.0,7.7,0.0,3.7,8,8,6,14,2,0.00,0.03,0.03,3.76,252,96,295,98,472,197,321,110,,,,,,,0.0,0.0,0.02,0.02,1.88,2.5,509,113,505,204,531,209,419,159,1.0,0.0,7.0
True,True,100.0,100.0,490721,0,0,-1,1,0,2,1.5,1.5,0,Hugo,1.5,633,False,,2025-08-31T01:30:08.567399Z,44,490721.jpg,1.4,False,Bueno López,0.1,False,,a,20,39,7,2744,20,4824,23,0.3,1.6,H.Bueno,200.0,2021-01-29,2002-09-18,False,p490721,272,0,0,0,5,0,0,0,1,0,0,0,32,81.6,132.6,33.0,24.8,12,14,13,25,2,0.06,0.53,0.59,4.27,99,46,13,2,129,24,40,6,,,,,,,0.02,0.0,0.18,0.2,1.41,1.65,557,147,207,78,303,106,528,192,0.66,0.0,8.27
True,True,,,501837,0,0,-1,1,0,2,0.8,0.8,0,Yerson,0.8,634,False,,,44,501837.jpg,1.5,False,Mosquera Valdelamar,0.1,False,,a,20,39,3,1206,8,3010,27,0.2,0.7,Mosquera,48.0,2021-06-17,2001-05-02,False,p501837,136,0,0,0,4,0,0,0,0,0,0,0,9,19.2,0.5,21.0,4.1,6,9,3,9,2,0.05,0.00,0.05,1.83,291,113,362,132,182,43,308,105,,,,,,,0.03,0.0,0.0,0.03,1.21,2.65,566,149,280,98,290,102,571,206,1.32,0.0,5.96
True,True,,,483081,0,0,0,0,0,2,2.2,2.2,0,Rodrigo,2.2,635,False,,,45,483081.jpg,2.5,False,Martins Gomes,0.1,False,,a,20,39,10,6936,48,5921,56,0.5,2.2,R.Gomes,173.0,2024-07-01,2003-07-07,False,p483081,165,1,0,0,5,0,0,0,0,0,0,0,20,51.8,19.8,64.0,13.6,7,7,6,13,2,0.66,0.14,0.80,2.22,163,70,209,62,54,6,136,45,,,,,,,0.36,0.0,0.08,0.44,1.21,2.73,438,95,136,55,193,73,475,177,1.09,0.0,7.09
True,True,,,231480,0,0,-1,1,0,2,0.8,0.8,0,Santiago,0.8,636,False,,,44,231480.jpg,2.0,False,Ignacio Bueno,0.0,False,,a,20,39,4,578,4,2337,13,0.2,0.9,S.Bueno,230.0,2023-08-31,1998-11-09,False,p231480,124,0,0,0,3,0,0,0,0,0,0,0,10,33.8,19.4,2.0,5.5,10,4,4,14,1,0.00,0.05,0.05,2.39,229,87,211,63,321,114,281,93,,,,,,,0.0,0.0,0.04,0.04,1.73,2.18,533,133,278,96,232,85,584,208,0.73,0.0,10.16
True,True,,,510362,0,0,-1,1,0,2,1.5,1.5,0,Toti,1.5,637,False,,,44,510362.jpg,0.8,False,Gomes,0.1,False,,a,20,39,4,3083,16,8635,36,0.3,0.9,Toti,173.0,2022-01-14,1999-01-16,False,p510362,389,0,0,0,12,0,0,0,0,1,0,0,16,74.6,26.5,27.0,12.8,20,22,7,27,5,0.04,0.03,0.07,7.15,113,50,173,44,157,35,147,50,,,,,,,0.01,0.0,0.01,0.02,1.65,2.78,568,150,208,79,401,132,440,167,1.16,0.0,6.25
True,True,100.0,100.0,441271,0,0,0,0,0,2,0.0,0.0,0,Ki-Jana,0.0,638,False,,2025-08-23T23:00:08.490117Z,40,441271.jpg,1.0,False,Hoever,1.2,False,,a,20,39,2,22085,52,133159,518,0.0,0.5,Hoever,152.0,2020-09-19,2002-01-18,False,p441271,106,0,0,0,4,0,0,0,0,0,0,0,1,22.8,34.2,2.0,5.9,6,2,2,8,2,0.00,0.24,0.24,2.85,280,110,139,35,320,113,272,90,,,,,,,0.0,0.0,0.2,0.2,2.42,3.4,647,176,443,168,326,113,169,63,1.7,0.0,6.79
True,False,0.0,0.0,560248,0,0,0,0,0,2,0.0,0.0,0,Bastien,0.0,639,False,On loan to FC Alverca,2025-07-23T18:49:36.204721Z,40,560248.jpg,0.0,False,Meupiyou Menadjou,0.0,False,,u,20,39,0,0,0,605,3,0.0,0.0,Meupiyou,73.0,2024-08-29,2006-03-19,False,p560248,0,0,0,0,0,0,0,0,0,0,0,0,0,0.0,0.0,0.0,0.0,0,0,0,0,0,0.00,0.00,0.00,0.00,501,198,484,196,448,181,503,198,,,,,,,0.0,0.0,0.0,0.0,0.0,0.0,694,204,483,189,511,196,698,235,0.0,0.0,0.0
True,False,0.0,0.0,641221,0,0,0,0,0,2,0.0,0.0,0,Pedro,0.0,640,False,has joined Porto on loan for the rest of the season.,2025-09-02T13:11:07.466362Z,40,641221.jpg,0.0,False,Cardoso de Lima,0.6,False,,u,20,39,0,7922,0,58216,428,0.0,0.0,Pedro Lima,30.0,2024-07-02,2006-07-01,False,p641221,0,0,0,0,0,0,0,0,0,0,0,0,0,0.0,0.0,0.0,0.0,0,0,0,0,0,0.00,0.00,0.00,0.00,516,210,499,208,463,193,518,210,,,,,,,0.0,0.0,0.0,0.0,0.0,0.0,710,217,498,201,525,207,219,81,0.0,0.0,0.0
True,True,,,517179,0,0,-1,1,0,2,0.0,0.0,0,Alfie,0.0,641,False,,,39,517179.jpg,0.0,False,Pond,1.2,False,,a,20,39,0,21318,2476,52541,413,0.0,0.0,Pond,,,,False,p517179,0,0,0,0,0,0,0,0,0,0,0,0,0,0.0,0.0,0.0,0.0,0,0,0,0,0,0.00,0.00,0.00,0.00,420,158,398,153,358,134,422,158,,,,,,,0.0,0.0,0.0,0.0,0.0,0.0,728,233,399,146,430,156,170,64,0.0,0.0,0.0
True,True,,,184754,0,0,-1,1,0,3,2.2,2.2,0,Hwang,2.2,642,False,,,59,184754.jpg,2.8,False,Hee-chan,0.2,False,,a,20,39,11,21594,115,21663,203,0.4,1.9,Hee Chan,114.0,2022-07-01,1996-01-26,False,p184754,171,1,0,0,4,0,0,0,0,0,0,0,36,38.8,11.7,45.0,9.5,2,1,1,4,2,0.56,0.03,0.59,3.57,209,88,265,153,91,57,198,99,,,,,1.0,,0.29,0.0,0.02,0.31,1.88,2.11,99,67,151,64,179,76,384,127,1.05,0.0,2.11
True,True,100.0,100.0,509291,0,0,-1,1,0,3,1.0,1.0,0,André,1.0,643,False,,2025-09-24T06:30:08.481734Z,54,509291.jpg,1.8,False,Trindade da Costa Neto,0.1,False,,a,20,39,9,3533,12,6546,40,0.2,1.7,André,30.0,2024-08-30,2001-07-16,False,p509291,262,0,0,0,7,0,0,0,1,0,0,0,50,30.6,12.5,2.0,4.5,8,23,8,39,3,0.02,0.05,0.07,5.89,242,109,257,149,335,179,303,152,,,,,,,0.01,0.0,0.02,0.03,2.02,2.4,198,122,267,130,274,130,523,185,1.03,0.0,13.4
True,True,,,231057,0,0,-2,2,0,3,0.8,0.8,0,Jean-Ricner,0.8,644,False,,,53,231057.jpg,1.2,False,Bellegarde,0.1,False,,a,20,39,6,1890,9,6045,19,0.2,1.1,Bellegarde,92.0,2023-09-01,1998-06-27,False,p231057,212,0,0,0,7,0,0,0,0,0,0,0,23,18.2,53.6,20.0,9.1,3,5,4,12,3,0.13,0.19,0.32,3.74,295,136,84,59,195,114,202,103,4.0,,4.0,,,,0.06,0.0,0.08,0.14,1.59,2.97,216,135,290,143,317,155,564,209,1.27,0.0,5.09
True,True,,,643135,0,0,-1,1,0,3,1.2,1.2,0,Fer,1.2,645,False,,,54,643135.jpg,1.5,False,López González,0.0,False,,a,20,39,6,560,6,2603,17,0.2,1.1,Fer López,200.0,2025-06-20,2004-05-24,False,p643135,102,0,1,0,4,0,0,0,1,0,0,0,23,27.0,50.7,25.0,10.2,0,3,1,4,1,0.11,0.50,0.61,1.01,261,117,88,61,166,96,184,95,,,,,,,0.1,0.0,0.44,0.54,0.89,3.53,207,128,239,108,298,143,615,250,0.88,0.0,3.53
True,True,,,448089,0,0,-1,1,0,3,2.2,2.2,0,João Victor,2.2,646,False,,,54,448089.jpg,2.4,False,Gomes da Silva,0.1,False,,a,20,39,12,3452,45,6735,43,0.4,2.2,Gomes,30.0,2023-01-30,2001-02-12,False,p448089,450,0,0,0,12,0,0,0,2,0,0,0,80,71.4,62.6,21.0,15.6,16,27,14,57,5,0.24,0.29,0.53,7.72,119,39,73,54,187,111,107,59,,,,,,,0.05,0.0,0.06,0.11,1.54,2.4,193,120,145,60,205,92,481,162,1.0,0.0,11.4
True,False,0.0,0.0,181284,0,0,0,0,0,3,0.0,0.0,0,Gonçalo Manuel,0.0,647,False,Has joined Real Sociedad permanently.,2025-08-11T01:21:19.226169Z,55,181284.jpg,0.0,False,Ganchinho Guedes,0.0,False,,u,20,39,0,0,0,725,1,0.0,0.0,Guedes,173.0,2022-08-08,1996-11-29,False,p181284,0,0,0,0,0,0,0,0,0,0,0,0,0,0.0,0.0,0.0,0.0,0,0,0,0,0,0.00,0.00,0.00,0.00,718,313,719,315,715,314,719,314,,,,,,,0.0,0.0,0.0,0.0,0.0,0.0,144,89,712,311,719,315,727,319,0.0,0.0,0.0
True,True,,,433312,0,0,-1,1,0,3,1.5,1.5,0,Marshall,1.5,648,False,,,54,433312.jpg,2.0,False,Munetsi,0.0,False,,a,20,39,10,4569,17,5697,26,0.3,1.9,Munetsi,239.0,2025-02-03,1996-06-22,False,p433312,339,0,1,0,8,0,0,0,1,0,0,0,36,40.0,36.7,53.0,12.8,3,7,6,16,3,0.52,0.09,0.61,5.96,203,84,132,88,72,44,148,78,,,,,,,0.14,0.0,0.02,0.16,1.58,2.12,189,117,218,98,244,114,578,221,0.8,0.0,4.25
True,False,0.0,0.0,476502,0,0,0,0,0,3,0.0,0.0,0,Boubacar,0.0,649,False,Has joined FC Metz on loan for the rest of the season.,2025-07-25T14:53:52.740212Z,50,476502.jpg,0.0,False,Traoré,0.0,False,,u,20,39,0,0,0,144,0,0.0,0.0,B.Traore,132.0,2023-07-01,2001-08-20,False,p476502,0,0,0,0,0,0,0,0,0,0,0,0,0,0.0,0.0,0.0,0.0,0,0,0,0,0,0.00,0.00,0.00,0.00,690,296,691,298,675,293,691,297,,,,,,,0.0,0.0,0.0,0.0,0.0,0.0,281,172,682,293,694,300,737,325,0.0,0.0,0.0
True,True,,,497606,0,0,-1,1,0,3,0.0,0.0,0,Tawanda,0.0,650,False,,,44,497606.jpg,0.0,False,Chirewa,0.3,False,,a,20,39,0,16534,126,20292,201,0.0,0.0,Chirewa,239.0,2023-12-01,2003-10-12,False,p497606,0,0,0,0,0,0,0,0,0,0,0,0,0,0.0,0.0,0.0,0.0,0,0,0,0,0,0.00,0.00,0.00,0.00,548,200,533,202,503,191,550,201,,,,,,,0.0,0.0,0.0,0.0,0.0,0.0,561,310,535,195,557,210,304,101,0.0,0.0,0.0
True,True,,,596054,0,0,-1,1,0,3,0.0,0.0,0,Tom,0.0,651,False,,,44,596054.jpg,0.0,False,Edozie,0.4,False,,a,20,39,0,26127,167,26068,297,0.0,0.0,Edozie,,,,False,p596054,0,0,0,0,0,0,0,0,0,0,0,0,0,0.0,0.0,0.0,0.0,0,0,0,0,0,0.00,0.00,0.00,0.00,574,214,560,216,531,205,576,215,,,,,,,0.0,0.0,0.0,0.0,0.0,0.0,592,325,561,209,583,224,263,90,0.0,0.0,0.0
True,True,,,593001,0,0,-1,1,0,3,0.0,0.0,0,Enso,0.0,652,False,,,44,593001.jpg,0.0,False,González Medina,1.7,False,,a,20,39,0,100576,806,97430,1044,0.0,0.0,Gonzalez,168.0,2023-08-31,2005-01-20,False,p593001,0,0,0,0,0,0,0,0,0,0,0,0,0,0.0,0.0,0.0,0.0,0,0,0,0,0,0.00,0.00,0.00,0.00,572,213,558,215,529,204,574,214,,,,,,,0.0,0.0,0.0,0.0,0.0,0.0,590,324,559,208,581,223,142,50,0.0,0.0,0.0
True,False,0.0,0.0,240299,0,0,0,0,0,3,0.0,0.0,0,Joe,0.0,653,False,Signed by CD Tondela,2025-07-23T18:50:21.231185Z,45,240299.jpg,0.0,False,Hodge,0.0,False,,u,20,39,0,0,0,4138,28,0.0,0.0,Hodge,,,,False,p240299,0,0,0,0,0,0,0,0,0,0,0,0,0,0.0,0.0,0.0,0.0,0,0,0,0,0,0.00,0.00,0.00,0.00,590,222,580,224,553,213,592,223,,,,,,,0.0,0.0,0.0,0.0,0.0,0.0,418,246,578,217,599,232,596,236,0.0,0.0,0.0
True,True,100.0,100.0,247412,0,0,-1,1,0,4,0.2,0.2,0,Jørgen,0.2,654,False,,2025-08-29T14:00:08.176762Z,64,247412.jpg,1.7,False,Strand Larsen,1.4,False,,a,20,39,5,103216,850,452151,1058,0.0,0.8,Strand Larsen,161.0,2025-07-01,2000-02-06,False,p247412,203,0,0,0,5,0,0,0,0,0,0,0,14,14.2,7.7,78.0,9.7,4,2,1,7,2,0.52,0.14,0.66,3.48,312,22,296,32,40,15,197,21,,,,,,,0.23,0.0,0.06,0.29,1.54,2.22,67,21,379,42,281,27,156,24,0.89,0.0,3.1
True,False,0.0,0.0,449988,0,0,-1,1,0,4,0.0,0.0,0,Fábio,0.0,655,False,has joined Borussia Dortmund permanently.,2025-09-02T13:11:07.488555Z,49,449988.jpg,0.0,False,Soares Silva,0.3,False,,u,20,39,0,7178,0,46283,231,0.0,0.0,Fábio Silva,173.0,2020-09-05,2002-07-19,False,p449988,0,0,0,0,0,0,0,0,0,0,0,0,0,0.0,0.0,0.0,0.0,0,0,0,0,0,0.00,0.00,0.00,0.00,673,68,668,68,648,65,674,68,,,,,,,0.0,0.0,0.0,0.0,0.0,0.0,347,56,665,65,678,69,330,53,0.0,0.0,0.0
True,False,0.0,0.0,429414,0,0,-1,1,0,4,0.0,0.0,0,Saša,0.2,656,False,has joined LASK on loan for the rest of the season.,2025-09-08T09:11:55.060395Z,49,429414.jpg,1.0,False,Kalajdžić,0.1,False,,u,20,39,1,1691,0,8165,51,0.0,0.2,Kalajdžić,14.0,2022-08-31,1997-07-07,False,p429414,14,0,0,0,0,0,0,0,0,0,0,0,1,1.0,4.3,2.0,0.7,1,1,0,2,0,0.00,0.01,0.01,0.10,397,43,319,34,330,41,384,39,,,,,,,0.0,0.0,0.06,0.06,0.64,0.0,341,55,364,39,360,35,529,71,0.0,0.0,12.86
True,True,0.0,0.0,589507,0,0,0,0,0,4,0.0,0.0,0,Leon,0.0,657,False,Knee injury - Unknown return date,2025-07-21T10:00:05.148649Z,45,589507.jpg,0.0,False,Chiwome,0.0,False,,i,20,39,0,2067,4,3842,26,0.0,0.0,Chiwome,,,,False,p589507,0,0,0,0,0,0,0,0,0,0,0,0,0,0.0,0.0,0.0,0.0,0,0,0,0,0,0.00,0.00,0.00,0.00,636,64,630,64,604,61,637,64,,,,,,,0.0,0.0,0.0,0.0,0.0,0.0,486,65,626,61,646,65,614,76,0.0,0.0,0.0
True,True,,,531363,0,0,-1,1,0,4,0.0,0.0,0,Nathan,0.0,658,False,,,44,531363.jpg,0.0,False,Fraser,2.3,False,,a,20,39,0,134572,1953,166540,1703,0.0,0.0,Fraser,,,,False,p531363,0,0,0,0,0,0,0,0,0,0,0,0,0,0.0,0.0,0.0,0.0,0,0,0,0,0,0.00,0.00,0.00,0.00,556,50,542,50,512,48,558,51,,,,,,,0.0,0.0,0.0,0.0,0.0,0.0,572,73,543,48,565,52,123,18,0.0,0.0,0.0
True,True,,,230376,0,0,-3,3,0,3,1.0,1.0,0,Jhon,1.0,663,False,,,52,230376.jpg,1.2,False,Arias,0.2,False,,a,20,39,6,5726,56,53539,209,0.2,1.2,J.Arias,48.0,2025-07-24,1997-09-21,False,p230376,177,0,0,0,5,0,0,0,0,0,0,0,25,30.2,48.5,36.0,11.4,3,6,10,19,2,0.21,0.11,0.32,3.02,244,111,89,62,123,76,161,84,1.0,,,,,,0.11,0.0,0.06,0.17,1.54,2.54,232,146,260,123,315,153,333,111,1.02,0.0,9.66
True,True,,,497949,0,0,0,0,0,2,1.0,1.0,0,David,1.0,682,False,,,45,497949.jpg,2.0,False,Møller Wolfe,0.1,False,,a,20,39,6,2075,11,4154,34,0.2,1.3,Møller Wolfe,161.0,2025-08-02,2002-04-23,False,p497949,131,0,1,0,4,0,0,0,0,0,0,0,16,30.6,16.1,4.0,5.1,4,4,2,6,2,0.00,0.12,0.12,3.04,241,92,236,76,303,105,291,97,,,,,,,0.0,0.0,0.08,0.08,2.09,2.75,449,99,249,91,233,86,521,190,1.37,0.0,4.12
True,True,,,523705,0,0,0,0,0,2,0.8,0.8,0,Jackson,0.8,695,False,,,45,523705.jpg,1.0,False,Tchatchoua,0.0,False,,a,20,39,4,1433,7,899,17,0.2,0.9,Tchatchoua,38.0,2025-08-19,2001-09-14,False,p523705,220,0,0,0,6,0,0,0,0,0,0,0,13,41.8,55.1,14.0,11.0,8,12,5,13,2,0.00,0.04,0.04,3.06,198,80,82,19,225,64,167,56,,,,,,,0.0,0.0,0.02,0.02,1.25,2.45,456,102,283,100,345,127,664,225,0.82,0.0,5.32
True,True,,,431248,0,0,0,0,0,2,2.0,2.0,0,Ladislav,2.0,709,False,,,45,431248.jpg,4.0,False,Krejcí,0.0,False,,a,20,39,8,3019,72,742,10,0.4,1.8,Krejčí,57.0,2025-08-28,1999-04-20,False,p431248,180,1,0,0,4,0,0,0,1,0,0,0,16,57.6,29.2,17.0,10.4,6,7,6,12,2,0.68,0.20,0.88,2.03,146,62,161,40,209,55,178,61,,,,,,,0.34,0.0,0.1,0.44,1.02,2.0,423,92,160,63,81,36,632,216,1.0,0.0,6.0
True,True,,,488213,0,0,0,0,0,4,1.3,1.3,0,Tolu,1.3,720,False,,,55,488213.jpg,2.0,False,Arokodare,0.1,False,,a,20,39,4,10953,124,3641,90,0.2,0.7,Tolu,157.0,2025-09-01,2000-11-23,False,p488213,155,0,0,0,4,0,0,0,0,0,0,0,15,9.4,14.8,51.0,7.5,5,2,1,8,2,0.22,0.03,0.25,1.83,335,23,244,21,75,21,240,26,,,,,,,0.13,0.0,0.02,0.15,1.06,2.32,161,39,225,21,245,21,519,70,1.16,0.0,4.65
